award_id,award_number,award_title,proposal_id,project_id,sponsor_organization_id,award_status,original_start_date,current_end_date,adjusted_budget,cumulative_funding_amount,source_system,needs_veras_title,title_source_path,title_source_type
AA4673,AA4673,"Creating a new bioeconomy for dairies to increase nutrient recycling, enhance productivity of crops, and stimulate prosperity in rural America",V19173,PROJECT-V19173,SPONSOR-NIFA,Active,2020-09-01,2026-08-31,1762311.00,10000000.00,Banner Grant Listing Report,N,,proposal_title_fallback
AA5884,AA5884,,V19263,PROJECT-V19263,SPONSOR-OHISTA2,Active,2021-09-01,2025-08-31,129978.00,129978.00,Banner Grant Listing Report,Y,,
AA6006,AA6006,Advancing Tribal Food System-based Economic Development in Northern Idaho,V210392,PROJECT-V210392,SPONSOR-NIFA,Active,2022-03-01,2026-02-28,277504.33,650000.00,Banner Grant Listing Report,N,,proposal_title_fallback
AA6570,AA6570,,V220841,PROJECT-V220841,SPONSOR-UARS5,Active,2022-07-01,2023-06-30,100217.56,100217.56,Banner Grant Listing Report,Y,,
AA7050,AA7050,,V230252,PROJECT-V230252,SPONSOR-UARS5,Active,2023-01-01,2023-12-31,80000.00,80000.00,Banner Grant Listing Report,Y,,
AA7436,AA7436,,V230569,PROJECT-V230569,SPONSOR-UARS5,Active,2023-07-01,2024-06-30,100024.20,100024.20,Banner Grant Listing Report,Y,,
AA7686,AA7686,,V240120,PROJECT-V240120,SPONSOR-UARS5,Active,2024-01-01,2024-12-31,120000.00,120000.00,Banner Grant Listing Report,Y,,
AA7723,AA7723,,V230865,PROJECT-V230865,SPONSOR-NIFA,Active,2023-10-01,2025-09-30,55744.00,55744.00,Banner Grant Listing Report,Y,,
AA8033,AA8033,,V240077,PROJECT-V240077,SPONSOR-IDABAR,Active,2024-07-01,2026-06-30,8500.00,8500.00,Banner Grant Listing Report,Y,,
AA8110,AA8110,,V240801,PROJECT-V240801,SPONSOR-UARS5,Active,2024-07-01,2025-06-30,205000.00,205000.00,Banner Grant Listing Report,Y,,
AA8514,AA8514,,V240778,PROJECT-V240778,SPONSOR-NIFA,Active,2024-10-01,2026-09-30,54255.00,54255.00,Banner Grant Listing Report,Y,,
AA8730,AA8730,,V250468,PROJECT-V250468,SPONSOR-UARS5,Active,2025-07-01,2026-06-30,150000.00,150000.00,Banner Grant Listing Report,Y,,
AB6338,AB6338,,V220498,PROJECT-V220498,SPONSOR-UARS5,Active,2022-06-01,2023-05-31,161838.72,377182.18,Banner Grant Listing Report,Y,,
AB7292,AB7292,,V230458,PROJECT-V230458,SPONSOR-UARS5,Active,2023-06-01,2024-05-31,200823.70,369931.10,Banner Grant Listing Report,Y,,
AB7877,AB7877,,V240441,PROJECT-V240441,SPONSOR-UARS5,Active,2024-06-01,2025-05-31,166818.30,323665.73,Banner Grant Listing Report,Y,,
AB8726,AB8726,,V250406,PROJECT-V250406,SPONSOR-UARS5,Active,2025-06-01,2026-05-31,139918.03,263245.13,Banner Grant Listing Report,Y,,
AD3137,AD3137,,18571,PROJECT-18571,SPONSOR-MINUNI,Active,2018-09-01,2023-08-31,344211.00,830112.00,Banner Grant Listing Report,Y,,
AD3671,AD3671,,19143,PROJECT-19143,SPONSOR-NIFA,Active,2019-06-01,2023-05-31,290923.00,499758.00,Banner Grant Listing Report,Y,,
AD3760,AD3760,,19078,PROJECT-19078,SPONSOR-NIFA,Active,2019-05-15,2025-05-14,312085.00,499993.00,Banner Grant Listing Report,Y,,
AD4117,AD4117,,10197-R,PROJECT-10197-R,SPONSOR-BALSTA,Active,2019-05-15,2025-05-14,167230.85,209947.00,Banner Grant Listing Report,Y,,
AD5306,AD5306,,V200435,PROJECT-V200435,SPONSOR-NIFA,Active,2021-05-01,2026-04-30,420870.77,499985.00,Banner Grant Listing Report,Y,,
AD5359,AD5359,,V19496,PROJECT-V19496,SPONSOR-WASSTA12,Active,2020-09-01,2023-07-31,62987.00,62987.00,Banner Grant Listing Report,Y,,
AD6482,AD6482,,V220726,PROJECT-V220726,SPONSOR-WESVIR,Active,2022-09-01,2026-03-31,46220.00,46220.00,Banner Grant Listing Report,Y,,
AD6508,AD6508,,V220041,PROJECT-V220041,SPONSOR-WESVIR,Active,2022-04-01,2026-03-31,67958.00,67958.00,Banner Grant Listing Report,Y,,
AD6564,AD6564,,V210983,PROJECT-V210983,SPONSOR-MONSTA1,Active,2022-07-01,2025-12-31,61359.30,88666.00,Banner Grant Listing Report,Y,,
AD6600,AD6600,,V220818,PROJECT-V220818,SPONSOR-UERS1,Active,2022-09-29,2025-12-31,110000.00,110000.00,Banner Grant Listing Report,Y,,
AD6600C,AD6600C,,V220818,PROJECT-V220818,SPONSOR-UERS1,Active,2022-09-29,2025-12-31,16500.00,16500.00,Banner Grant Listing Report,Y,,
AD6895,AD6895,,V220935,PROJECT-V220935,SPONSOR-GEOUNI1,Active,2022-09-30,2026-08-31,13166.00,13166.00,Banner Grant Listing Report,Y,,
AD6919,AD6919,,V220754,PROJECT-V220754,SPONSOR-NIFA,Active,2023-03-15,2027-03-14,300000.00,300000.00,Banner Grant Listing Report,Y,,
AD7326,AD7326,,V220735,PROJECT-V220735,SPONSOR-NIFA,Active,2023-09-01,2028-08-31,188899.00,749999.00,Banner Grant Listing Report,Y,,
AD7400,AD7400,,V230113,PROJECT-V230113,SPONSOR-COLAGR1,Active,2023-05-01,2025-12-31,60772.00,60772.00,Banner Grant Listing Report,Y,,
AD7516,AD7516,,V220945,PROJECT-V220945,SPONSOR-WASSTA12,Active,2023-04-01,2024-09-30,16206.00,16206.00,Banner Grant Listing Report,Y,,
AD7639,AD7639,,V231111,PROJECT-V231111,SPONSOR-NATCAT,Active,2024-01-01,2025-10-15,48030.00,48030.00,Banner Grant Listing Report,Y,,
AD7684,AD7684,,V230127,PROJECT-V230127,SPONSOR-KANSTA,Active,2022-07-01,2026-06-30,37150.00,50150.00,Banner Grant Listing Report,Y,,
AD7782,AD7782,,V220704,PROJECT-V220704,SPONSOR-WESVIR,Active,2023-05-01,2026-04-30,39932.00,39932.00,Banner Grant Listing Report,Y,,
AD7928,AD7928,,V230714,PROJECT-V230714,SPONSOR-USDRMA,Active,2024-06-06,2025-09-30,44252.63,44252.63,Banner Grant Listing Report,Y,,
AD7966,AD7966,,V230949,PROJECT-V230949,SPONSOR-NIFA,Active,2024-06-01,2026-05-31,130991.00,239997.00,Banner Grant Listing Report,Y,,
AD8089,AD8089,,V230774,PROJECT-V230774,SPONSOR-VIRTEC,Active,2024-07-01,2027-06-30,8423.00,8423.00,Banner Grant Listing Report,Y,,
AD8135,AD8135,,V230765,PROJECT-V230765,SPONSOR-NIFA,Active,2024-08-01,2028-07-31,336420.00,649990.00,Banner Grant Listing Report,Y,,
AD8207,AD8207,,V250651,PROJECT-V250651,SPONSOR-UARS5,Active,2024-07-01,2027-06-30,175534.00,175534.00,Banner Grant Listing Report,Y,,
AD8207C,AD8207C,,V250651,PROJECT-V250651,SPONSOR-UARS5,Active,2024-07-01,2027-06-30,17777.00,24399.65,Banner Grant Listing Report,Y,,
AD8209,AD8209,,V230607,PROJECT-V230607,SPONSOR-NIFA,Active,2024-01-01,2027-09-30,411012.00,800000.00,Banner Grant Listing Report,Y,,
AD8225,AD8225,,V230591,PROJECT-V230591,SPONSOR-NIFA,Active,2024-09-01,2029-08-31,267904.00,749997.00,Banner Grant Listing Report,Y,,
AD8579,AD8579,,V240990,PROJECT-V240990,SPONSOR-WAOFMA,Active,2025-04-09,2026-03-31,32128.57,32128.57,Banner Grant Listing Report,Y,,
AD8646,AD8646,,V230875,PROJECT-V230875,SPONSOR-MONSTA1,Active,2024-05-01,2027-04-30,18089.00,18089.00,Banner Grant Listing Report,Y,,
AD8973,AD8973,,V250758,PROJECT-V250758,SPONSOR-IDABEE,Active,2025-12-01,2026-05-15,40068.00,40068.00,Banner Grant Listing Report,Y,,
AE5629,AE5629,,V210039,PROJECT-V210039,SPONSOR-NIFA,Active,2021-09-01,2024-06-30,144425.00,298425.00,Banner Grant Listing Report,Y,,
AE6915,AE6915,,V220436,PROJECT-V220436,SPONSOR-PENSTA,Active,2023-07-01,2025-07-21,127370.00,127370.00,Banner Grant Listing Report,Y,,
AE8605,AE8605,,V231073,PROJECT-V231073,SPONSOR-IDANUR,Active,2024-11-08,2027-06-30,135000.00,135000.00,Banner Grant Listing Report,Y,,
AF8164,AF8164,,V231049,PROJECT-V231049,SPONSOR-NIFA,Active,2024-08-01,2025-08-31,181644.50,193644.50,Banner Grant Listing Report,Y,,
AF8307,AF8307,,V240527,PROJECT-V240527,SPONSOR-NIFA,Active,2024-09-01,2026-08-31,521447.00,617167.00,Banner Grant Listing Report,Y,,
AF8344,AF8344,,V240641,PROJECT-V240641,SPONSOR-NIFA,Active,2024-09-15,2026-09-14,472446.07,626136.59,Banner Grant Listing Report,Y,,
AF8849,AF8849,,V250552,PROJECT-V250552,SPONSOR-ATTFOU,Active,2025-09-15,2026-06-30,20000.00,20000.00,Banner Grant Listing Report,Y,,
AF9025,AF9025,,V250485,PROJECT-V250485,SPONSOR-NIFA,Active,2025-09-15,2026-09-14,517978.00,613978.00,Banner Grant Listing Report,Y,,
AG0120,AG0120,,V250430,PROJECT-V250430,SPONSOR-IDAFIS,Active,2010-07-01,2026-06-30,718740.79,1461323.85,Banner Grant Listing Report,Y,,
AG3204,AG3204,,17185-R,PROJECT-17185-R,SPONSOR-DHHS1,Active,2018-09-05,2025-06-30,1057246.66,2388958.00,Banner Grant Listing Report,Y,,
AG4222,AG4222,,V220464,PROJECT-V220464,SPONSOR-IDACOM5,Active,2019-11-22,2023-12-31,498248.00,498248.00,Banner Grant Listing Report,Y,,
AG4500,AG4500,,V19370,PROJECT-V19370,SPONSOR-NIFA,Active,2020-05-01,2026-04-30,187426.00,495000.00,Banner Grant Listing Report,Y,,
AG4728,AG4728,,V19330,PROJECT-V19330,SPONSOR-XVERUNI,Active,2020-06-01,2023-05-31,40061.00,40061.00,Banner Grant Listing Report,Y,,
AG4863,AG4863,,V201041,PROJECT-V201041,SPONSOR-UARS5,Active,2020-09-01,2025-08-31,176440.00,176440.00,Banner Grant Listing Report,Y,,
AG5088,AG5088,,V200393,PROJECT-V200393,SPONSOR-NIFA,Active,2021-01-01,2023-12-31,200000.00,200000.00,Banner Grant Listing Report,Y,,
AG5089,AG5089,,V200314,PROJECT-V200314,SPONSOR-NIFA,Active,2021-01-01,2024-12-31,240626.00,500000.00,Banner Grant Listing Report,Y,,
AG5221,AG5221,,V210272,PROJECT-V210272,SPONSOR-IDASTA34,Active,2021-03-25,2023-06-30,6310.00,6310.00,Banner Grant Listing Report,Y,,
AG5222,AG5222,,V210278,PROJECT-V210278,SPONSOR-IDASTA34,Active,2021-01-07,2023-12-31,9000.00,9000.00,Banner Grant Listing Report,Y,,
AG5277,AG5277,,V201264,PROJECT-V201264,SPONSOR-WTFC,Active,2021-03-08,2024-03-08,108889.00,108889.00,Banner Grant Listing Report,Y,,
AG5285,AG5285,,V200689,PROJECT-V200689,SPONSOR-USDRUS,Active,2021-03-16,2026-03-16,328169.00,328169.00,Banner Grant Listing Report,Y,,
AG5285C,AG5285C,,V200689,PROJECT-V200689,SPONSOR-USDRUS,Active,2021-03-16,2026-03-16,0.00,49285.01,Banner Grant Listing Report,Y,,
AG5362,AG5362,,V210342,PROJECT-V210342,SPONSOR-NATCAT,Active,2021-05-01,2022-11-01,8998.12,9000.00,Banner Grant Listing Report,Y,,
AG5891,AG5891,,V201086,PROJECT-V201086,SPONSOR-WASSTA12,Active,2021-04-01,2024-11-30,23360.00,23360.00,Banner Grant Listing Report,Y,,
AG5936,AG5936,,V210415,PROJECT-V210415,SPONSOR-NIFA,Active,2022-03-01,2025-02-28,286923.27,300000.00,Banner Grant Listing Report,Y,,
AG5993,AG5993,,V211118,PROJECT-V211118,SPONSOR-IDADAI,Active,2022-01-01,2022-12-31,11786.94,12000.00,Banner Grant Listing Report,Y,,
AG5995,AG5995,,V210871,PROJECT-V210871,SPONSOR-IDADAI,Active,2022-01-01,2022-12-31,11813.36,12000.00,Banner Grant Listing Report,Y,,
AG6029,AG6029,,V210985,PROJECT-V210985,SPONSOR-IDASTA34,Active,2022-02-25,2024-05-31,6480.00,6480.00,Banner Grant Listing Report,Y,,
AG6042,AG6042,,V211172,PROJECT-V211172,SPONSOR-BONENV,Active,2022-03-01,2023-09-01,14660.00,14660.00,Banner Grant Listing Report,Y,,
AG6044,AG6044,,V210436,PROJECT-V210436,SPONSOR-XVERUNI,Active,2022-01-01,2026-12-31,144990.00,144990.00,Banner Grant Listing Report,Y,,
AG6056,AG6056,,V210979,PROJECT-V210979,SPONSOR-IDASTA34,Active,2022-01-01,2024-12-31,9000.00,9000.00,Banner Grant Listing Report,Y,,
AG6066,AG6066,,V210473,PROJECT-V210473,SPONSOR-IOWSTA,Active,2021-09-01,2024-05-31,11360.00,11360.00,Banner Grant Listing Report,Y,,
AG6521,AG6521,,V220414,PROJECT-V220414,SPONSOR-USDANRCS,Active,2022-09-07,2026-03-31,65000.00,65000.00,Banner Grant Listing Report,Y,,
AG6521C,AG6521C,,V220414,PROJECT-V220414,SPONSOR-USDANRCS,Active,2022-09-07,2026-03-31,45400.00,45400.00,Banner Grant Listing Report,Y,,
AG6553,AG6553,,V220384,PROJECT-V220384,SPONSOR-NATCAT,Active,2022-08-01,2023-08-31,41104.00,41104.00,Banner Grant Listing Report,Y,,
AG6557,AG6557,,V220820,PROJECT-V220820,SPONSOR-UARS5,Active,2022-09-05,2027-05-30,120900.00,120900.00,Banner Grant Listing Report,Y,,
AG6557C,AG6557C,,V220820,PROJECT-V220820,SPONSOR-UARS5,Active,2022-09-05,2027-05-30,18060.00,18060.00,Banner Grant Listing Report,Y,,
AG6561,AG6561,,V220668,PROJECT-V220668,SPONSOR-GOOFOO,Active,2022-09-29,2024-09-29,140000.00,250000.00,Banner Grant Listing Report,Y,,
AG6736,AG6736,,V220894,PROJECT-V220894,SPONSOR-UCAL2,Active,2022-08-15,2023-08-31,76546.00,76546.00,Banner Grant Listing Report,Y,,
AG6808,AG6808,,V220965,PROJECT-V220965,SPONSOR-IDADAI,Active,2023-01-01,2024-02-29,15000.00,15000.00,Banner Grant Listing Report,Y,,
AG6845,AG6845,,V220591,PROJECT-V220591,SPONSOR-IOWSTA,Active,2022-09-15,2024-09-14,5851.00,5851.00,Banner Grant Listing Report,Y,,
AG6846,AG6846,,V220241,PROJECT-V220241,SPONSOR-BSU,Active,2022-10-01,2025-09-30,367825.00,367825.00,Banner Grant Listing Report,Y,,
AG6846C,AG6846C,,V220241,PROJECT-V220241,SPONSOR-BSU,Active,2022-10-01,2025-09-30,65723.00,91983.00,Banner Grant Listing Report,Y,,
AG6859,AG6859,,V220907,PROJECT-V220907,SPONSOR-IDACAT5,Active,2023-01-01,2025-12-31,5000.00,5000.00,Banner Grant Listing Report,Y,,
AG6863,AG6863,,V220564,PROJECT-V220564,SPONSOR-BSU,Active,2022-12-15,2024-11-30,74987.00,149798.00,Banner Grant Listing Report,Y,,
AG6869,AG6869,,V220908,PROJECT-V220908,SPONSOR-IDACAT5,Active,2023-02-20,2025-06-30,5216.00,5216.00,Banner Grant Listing Report,Y,,
AG6973,AG6973,,V220913,PROJECT-V220913,SPONSOR-NATCAT,Active,2023-05-01,2024-07-01,47829.00,47829.00,Banner Grant Listing Report,Y,,
AG7023,AG7023,,V220582,PROJECT-V220582,SPONSOR-NIFA,Active,2023-05-01,2027-04-30,622906.00,771596.00,Banner Grant Listing Report,Y,,
AG7185,AG7185,,V220705,PROJECT-V220705,SPONSOR-MISUNI,Active,2023-07-01,2026-06-30,169722.00,169722.00,Banner Grant Listing Report,Y,,
AG7321,AG7321,,V220590,PROJECT-V220590,SPONSOR-WASSTA12,Active,2023-05-01,2026-04-30,163033.00,163033.00,Banner Grant Listing Report,Y,,
AG7332,AG7332,,V220415,PROJECT-V220415,SPONSOR-MONSTA1,Active,2023-09-01,2026-08-31,275625.00,349875.00,Banner Grant Listing Report,Y,,
AG7394,AG7394,,V230743,PROJECT-V230743,SPONSOR-UARS5,Active,2023-07-01,2026-04-30,176854.00,176854.00,Banner Grant Listing Report,Y,,
AG7394C,AG7394C,,V230743,PROJECT-V230743,SPONSOR-UARS5,Active,2023-07-01,2026-04-30,17684.00,17684.00,Banner Grant Listing Report,Y,,
AG7457,AG7457,,V220292,PROJECT-V220292,SPONSOR-USBLM,Active,2023-05-11,2026-04-30,89921.68,89921.68,Banner Grant Listing Report,Y,,
AG7485,AG7485,,V220607,PROJECT-V220607,SPONSOR-TEXAM,Active,2023-07-01,2027-06-30,198219.00,198219.00,Banner Grant Listing Report,Y,,
AG7551,AG7551,,V230303,PROJECT-V230303,SPONSOR-NIFA,Active,2023-09-15,2026-09-14,479098.00,479098.00,Banner Grant Listing Report,Y,,
AG7551C,AG7551C,,V230303,PROJECT-V230303,SPONSOR-NIFA,Active,2023-09-15,2026-09-14,59944.00,119775.00,Banner Grant Listing Report,Y,,
AG7551P,AG7551P,,V230303,PROJECT-V230303,SPONSOR-NIFA,Active,2023-09-15,2026-09-14,880.00,880.00,Banner Grant Listing Report,Y,,
AG7676,AG7676,,V230941,PROJECT-V230941,SPONSOR-IDADAI,Active,2024-01-01,2025-01-31,15000.00,15000.00,Banner Grant Listing Report,Y,,
AG7687,AG7687,,V231040,PROJECT-V231040,SPONSOR-NATCAT,Active,2024-01-24,2025-06-01,34000.00,34000.00,Banner Grant Listing Report,Y,,
AG7775,AG7775,,V230642,PROJECT-V230642,SPONSOR-BSU,Active,2023-12-15,2025-06-10,109252.00,109252.00,Banner Grant Listing Report,Y,,
AG7853,AG7853,,V230879,PROJECT-V230879,SPONSOR-IDACAT5,Active,2024-05-01,2026-12-31,9000.00,9000.00,Banner Grant Listing Report,Y,,
AG8065,AG8065,,V240420,PROJECT-V240420,SPONSOR-AMEMEA,Active,2024-07-01,2026-07-31,25000.00,25000.00,Banner Grant Listing Report,Y,,
AG8183,AG8183,,V230420,PROJECT-V230420,SPONSOR-MONSTA1,Active,2024-08-01,2027-07-31,349999.00,349999.00,Banner Grant Listing Report,Y,,
AG8220,AG8220,,V230794,PROJECT-V230794,SPONSOR-VIRTEC,Active,2024-09-01,2028-08-31,348769.40,366800.00,Banner Grant Listing Report,Y,,
AG8281,AG8281,,V250706,PROJECT-V250706,SPONSOR-UARS5,Active,2024-08-15,2028-08-14,69500.00,69500.00,Banner Grant Listing Report,Y,,
AG8281C,AG8281C,,V250706,PROJECT-V250706,SPONSOR-UARS5,Active,2024-08-15,2028-08-14,9661.00,9661.00,Banner Grant Listing Report,Y,,
AG8395,AG8395,,V240697,PROJECT-V240697,SPONSOR-BETTEC,Active,2024-10-14,2025-07-31,55019.00,55019.00,Banner Grant Listing Report,Y,,
AG8484,AG8484,,V240935,PROJECT-V240935,SPONSOR-IDADAI,Active,2025-01-01,2026-02-28,15000.00,15000.00,Banner Grant Listing Report,Y,,
AG8496,AG8496,,V241063,PROJECT-V241063,SPONSOR-NATCAT,Active,2025-04-01,2026-11-01,45000.00,45000.00,Banner Grant Listing Report,Y,,
AG8559,AG8559,,V230659,PROJECT-V230659,SPONSOR-UTASTA,Active,2024-07-01,2026-06-30,80378.00,80378.00,Banner Grant Listing Report,Y,,
AG8780,AG8780,,V240908,PROJECT-V240908,SPONSOR-WASSTA12,Active,2025-03-01,2026-09-30,74025.00,74025.00,Banner Grant Listing Report,Y,,
AG8802,AG8802,,V240865,PROJECT-V240865,SPONSOR-MONSTA1,Active,2025-04-01,2028-03-31,349949.00,349949.00,Banner Grant Listing Report,Y,,
AG8850,AG8850,,V250247,PROJECT-V250247,SPONSOR-UARS5,Active,2025-09-01,2027-08-31,178400.00,178400.00,Banner Grant Listing Report,Y,,
AG8850C,AG8850C,,V250247,PROJECT-V250247,SPONSOR-UARS5,Active,2025-09-01,2027-08-31,22478.40,22478.40,Banner Grant Listing Report,Y,,
AG8960,AG8960,,V250556,PROJECT-V250556,SPONSOR-NATALF1,Active,2025-12-01,2027-11-30,79960.00,79960.00,Banner Grant Listing Report,Y,,
AG8980,AG8980,,V250845,PROJECT-V250845,SPONSOR-NATCAT,Active,2025-10-01,2026-06-30,21000.00,21000.00,Banner Grant Listing Report,Y,,
AG8997,AG8997,,V250638,PROJECT-V250638,SPONSOR-UTASTA,Active,2025-08-01,2027-09-30,108119.00,108119.00,Banner Grant Listing Report,Y,,
AG9046,AG9046,,V250868,PROJECT-V250868,SPONSOR-IDADAI,Active,2026-01-01,2026-12-31,15000.00,15000.00,Banner Grant Listing Report,Y,,
AG9047,AG9047,,V250865,PROJECT-V250865,SPONSOR-NATCAT,Active,2026-01-01,2027-12-31,30000.00,30000.00,Banner Grant Listing Report,Y,,
AG9054,AG9054,,V250509,PROJECT-V250509,SPONSOR-NATCAT,Active,2025-11-01,2026-11-30,40000.00,40000.00,Banner Grant Listing Report,Y,,
AH5041,AH5041,,V200274,PROJECT-V200274,SPONSOR-NIFA,Active,2021-01-01,2023-12-31,200000.00,200000.00,Banner Grant Listing Report,Y,,
AH5965,AH5965,,V210468,PROJECT-V210468,SPONSOR-NIFA,Active,2022-01-01,2026-12-31,583089.00,602800.00,Banner Grant Listing Report,Y,,
AH6466,AH6466,,V210846,PROJECT-V210846,SPONSOR-DHHS1,Active,2022-08-08,2026-07-31,1351403.00,2184819.00,Banner Grant Listing Report,Y,,
AH7028,AH7028,,V230057,PROJECT-V230057,SPONSOR-NSF,Active,2023-05-01,2028-04-30,200000.00,200000.00,Banner Grant Listing Report,Y,,
AH7028P,AH7028P,,V230057,PROJECT-V230057,SPONSOR-NSF,Active,2023-05-01,2028-04-30,174834.39,174834.39,Banner Grant Listing Report,Y,,
AH7454,AH7454,,V230618,PROJECT-V230618,SPONSOR-PHEINC1,Active,2023-07-01,2025-06-30,97404.00,97404.00,Banner Grant Listing Report,Y,,
AH8978,AH8978,,V250910,PROJECT-V250910,SPONSOR-HENMJA,Active,2025-09-01,2026-08-31,209102.00,209102.00,Banner Grant Listing Report,Y,,
AH8979,AH8979,,V241013,PROJECT-V241013,SPONSOR-HENMJA,Active,2025-09-01,2026-08-31,229916.00,229916.00,Banner Grant Listing Report,Y,,
AI7455,AI7455,,V230540,PROJECT-V230540,SPONSOR-FEDCOM,Active,2023-09-01,2024-06-30,143508.00,143508.00,Banner Grant Listing Report,Y,,
AI7772,AI7772,,V240251,PROJECT-V240251,SPONSOR-MISSTA1,Active,2024-02-01,2024-04-30,6000.00,6000.00,Banner Grant Listing Report,Y,,
AI8442,AI8442,,V230678,PROJECT-V230678,SPONSOR-NIFA,Active,2024-09-01,2025-07-21,572856.00,649994.00,Banner Grant Listing Report,Y,,
AJ8580,AJ8580,,V250127,PROJECT-V250127,SPONSOR-KOOTRI,Active,2025-03-01,2027-05-31,44367.00,44367.00,Banner Grant Listing Report,Y,,
AK1922,AK1922,,BKK618,PROJECT-BKK618,SPONSOR-UTASTA,Active,2017-08-21,2022-02-28,64732.00,64836.00,Banner Grant Listing Report,Y,,
AK2643,AK2643,,18628-PR,PROJECT-18628-PR,SPONSOR-UTASTA,Active,2018-08-20,2023-12-31,21614.24,60000.00,Banner Grant Listing Report,Y,,
AK3735,AK3735,,18045B,PROJECT-18045B,SPONSOR-NIFA,Active,2019-05-15,2024-05-14,324942.00,324942.00,Banner Grant Listing Report,Y,,
AK4072,AK4072,,18701,PROJECT-18701,SPONSOR-UOFME,Active,2019-07-01,2023-06-30,75265.00,75265.00,Banner Grant Listing Report,Y,,
AK8271,AK8271,,V240546,PROJECT-V240546,SPONSOR-USDANRCS,Active,2024-10-01,2027-09-30,100000.00,100000.00,Banner Grant Listing Report,Y,,
AL2663,AL2663,,18780B,PROJECT-18780B,SPONSOR-USDFOR,Active,2018-06-22,2022-12-31,58674.00,58674.00,Banner Grant Listing Report,Y,,
AL3914,AL3914,,19310,PROJECT-19310,SPONSOR-NIFA,Active,2018-10-01,2023-09-30,116773.56,392863.00,Banner Grant Listing Report,Y,,
AL4463,AL4463,,V19429,PROJECT-V19429,SPONSOR-NIFA,Active,2019-10-01,2024-09-30,115019.95,397104.00,Banner Grant Listing Report,Y,,
AL4887,AL4887,,V200693,PROJECT-V200693,SPONSOR-INTSOC7,Active,2020-10-01,2023-01-14,10000.00,10000.00,Banner Grant Listing Report,Y,,
AL5010,AL5010,,V200723,PROJECT-V200723,SPONSOR-AMEPSY,Active,2020-09-01,2021-08-31,6000.00,6000.00,Banner Grant Listing Report,Y,,
AL5200,AL5200,,V201052,PROJECT-V201052,SPONSOR-NIFA,Active,2020-10-01,2025-09-30,115523.06,397104.00,Banner Grant Listing Report,Y,,
AL5760,AL5760,,V210351,PROJECT-V210351,SPONSOR-IDHW7,Active,2021-10-01,2022-09-30,211479.11,994348.08,Banner Grant Listing Report,Y,,
AL5782,AL5782,,V210591,PROJECT-V210591,SPONSOR-ASPRHO,Active,2022-01-01,2025-12-31,25000.00,25000.00,Banner Grant Listing Report,Y,,
AL5972,AL5972,,V210813,PROJECT-V210813,SPONSOR-NIFA,Active,2021-10-01,2026-09-30,149871.21,397104.00,Banner Grant Listing Report,Y,,
AL6018,AL6018,,V210479,PROJECT-V210479,SPONSOR-NIFA,Active,2021-12-01,2026-11-30,500000.00,500000.00,Banner Grant Listing Report,Y,,
AL6021,AL6021,,V201121,PROJECT-V201121,SPONSOR-YALUNI1,Active,2021-04-01,2022-12-31,0.00,8600.00,Banner Grant Listing Report,Y,,
AL6065,AL6065,,V210316,PROJECT-V210316,SPONSOR-SOUDAK,Active,2022-01-01,2026-12-31,34999.00,34999.00,Banner Grant Listing Report,Y,,
AL6392,AL6392,,V220446,PROJECT-V220446,SPONSOR-IDHW7,Active,2022-12-16,2025-09-30,48516.00,48516.00,Banner Grant Listing Report,Y,,
AL6609,AL6609,,V220327,PROJECT-V220327,SPONSOR-IDHW7,Active,2022-10-01,2026-09-30,251356.06,1132348.08,Banner Grant Listing Report,Y,,
AL6673,AL6673,,V220798,PROJECT-V220798,SPONSOR-KENUNIKEN,Active,2022-08-01,2023-07-31,13500.00,13500.00,Banner Grant Listing Report,Y,,
AL6713,AL6713,,V210196,PROJECT-V210196,SPONSOR-ORESTA3,Active,2021-09-01,2026-07-31,458144.00,458144.00,Banner Grant Listing Report,Y,,
AL6741,AL6741,,V220174,PROJECT-V220174,SPONSOR-NEVREG,Active,2022-10-27,2023-06-30,66000.00,66000.00,Banner Grant Listing Report,Y,,
AL6756,AL6756,,V220978,PROJECT-V220978,SPONSOR-NIFA,Active,2022-10-01,2027-09-30,395975.00,395975.00,Banner Grant Listing Report,Y,,
AL6894,AL6894,,V220874,PROJECT-V220874,SPONSOR-UNIDEN,Active,2022-12-01,2025-07-31,49908.00,49908.00,Banner Grant Listing Report,Y,,
AL7048,AL7048,,V210275,PROJECT-V210275,SPONSOR-NIFA,Active,2023-08-01,2028-07-31,1089307.48,1115500.00,Banner Grant Listing Report,Y,,
AL7437,AL7437,,V230387,PROJECT-V230387,SPONSOR-IDHW7,Active,2023-10-01,2026-09-30,260977.72,1132348.08,Banner Grant Listing Report,Y,,
AL7564,AL7564,,V230544,PROJECT-V230544,SPONSOR-COTINC1,Active,2024-01-01,2024-05-31,5400.00,5400.00,Banner Grant Listing Report,Y,,
AL7601,AL7601,,V230400,PROJECT-V230400,SPONSOR-NIFA,Active,2023-12-01,2028-11-30,247500.00,247500.00,Banner Grant Listing Report,Y,,
AL7721,AL7721,,V230101,PROJECT-V230101,SPONSOR-WASSTA12,Active,2024-01-01,2025-11-30,61391.00,61391.00,Banner Grant Listing Report,Y,,
AL7726,AL7726,,V230850,PROJECT-V230850,SPONSOR-NIFA,Active,2023-10-01,2028-09-30,395975.00,395975.00,Banner Grant Listing Report,Y,,
AL7749,AL7749,COBRE in Nutrition and Women's Health,V221004,PROJECT-V221004,SPONSOR-DHHS1,Active,2024-03-11,2026-05-01,1368411.55,4568921.00,Banner Grant Listing Report,N,AL7749/V221004/Award Instrument/V221004_5P20GM152304_02_Noa_7.9.25.pdf,award_pdf
AL7749C,AL7749C,COBRE in Nutrition and Women's Health,V221004,PROJECT-V221004,SPONSOR-DHHS1,Active,2024-03-11,2026-01-31,70588.00,203268.00,Banner Grant Listing Report,N,,proposal_title_fallback
AL8188,AL8188,,V230671,PROJECT-V230671,SPONSOR-DHHS1,Active,2024-07-19,2026-06-30,324215.00,324215.00,Banner Grant Listing Report,Y,,
AL8251,AL8251,,V230017,PROJECT-V230017,SPONSOR-DHHS1,Active,2024-09-01,2025-08-31,162142.00,239399.00,Banner Grant Listing Report,Y,,
AL8257,AL8257,,V250212,PROJECT-V250212,SPONSOR-IDHW7,Active,2024-10-01,2026-09-30,610408.41,1578506.55,Banner Grant Listing Report,Y,,
AL8267,AL8267,,V240730,PROJECT-V240730,SPONSOR-IDHW7,Active,2024-10-17,2025-05-16,35957.48,35957.48,Banner Grant Listing Report,Y,,
AL8306,AL8306,,V240411,PROJECT-V240411,SPONSOR-SASUNI,Active,2024-04-01,2027-03-31,9665.00,9665.00,Banner Grant Listing Report,Y,,
AL8382,AL8382,,V240668,PROJECT-V240668,SPONSOR-NIFA,Active,2024-10-01,2029-09-30,395991.00,395991.00,Banner Grant Listing Report,Y,,
AL8803,AL8803,,V240371,PROJECT-V240371,SPONSOR-NSF,Active,2025-08-01,2030-08-31,1462768.00,1462768.00,Banner Grant Listing Report,Y,,
AL9051,AL9051,,V250737,PROJECT-V250737,SPONSOR-NIFA,Active,2025-10-01,2030-09-30,98998.00,98998.00,Banner Grant Listing Report,Y,,
AM6000,AM6000,,V210792,PROJECT-V210792,SPONSOR-NIFA,Active,2021-10-01,2023-09-30,52242.00,52242.00,Banner Grant Listing Report,Y,,
AM7777,AM7777,,V230856,PROJECT-V230856,SPONSOR-NIFA,Active,2023-10-01,2025-09-30,51840.00,51840.00,Banner Grant Listing Report,Y,,
AM8515,AM8515,,V240777,PROJECT-V240777,SPONSOR-NIFA,Active,2024-10-01,2026-09-30,51840.00,51840.00,Banner Grant Listing Report,Y,,
AM9075,AM9075,,V250740,PROJECT-V250740,SPONSOR-NIFA,Active,2025-10-01,2027-09-30,25920.00,25920.00,Banner Grant Listing Report,Y,,
AN1975,AN1975,,V200658,PROJECT-V200658,SPONSOR-NIFA,Active,2017-09-01,2022-08-31,391958.00,708545.00,Banner Grant Listing Report,Y,,
AN2573,AN2573,,17570,PROJECT-17570,SPONSOR-DHHS1,Active,2018-06-01,2024-05-31,1679287.00,1903861.00,Banner Grant Listing Report,Y,,
AN3188,AN3188,,18691,PROJECT-18691,SPONSOR-IEOOC,Active,2018-11-21,2022-06-30,122165.34,122170.00,Banner Grant Listing Report,Y,,
AN3721,AN3721,,19252,PROJECT-19252,SPONSOR-USDFOR,Active,2019-07-01,2023-09-30,59735.00,59735.00,Banner Grant Listing Report,Y,,
AN3802,AN3802,,V210800,PROJECT-V210800,SPONSOR-USBLM,Active,2019-07-01,2023-07-01,648625.00,713000.00,Banner Grant Listing Report,Y,,
AN3970,AN3970,,V210309,PROJECT-V210309,SPONSOR-UARS5,Active,2019-05-01,2024-04-30,33843.00,67095.00,Banner Grant Listing Report,Y,,
AN3970C,AN3970C,,V200677,PROJECT-V200677,SPONSOR-UARS5,Active,2019-05-01,2024-04-30,9189.49,7230.29,Banner Grant Listing Report,Y,,
AN4359,AN4359,,V19223,PROJECT-V19223,SPONSOR-MONDEP4,Active,2020-04-01,2022-10-31,27520.00,27520.00,Banner Grant Listing Report,Y,,
AN4407,AN4407,,V19057,PROJECT-V19057,SPONSOR-WASSTA12,Active,2019-09-01,2025-06-30,175558.00,175558.00,Banner Grant Listing Report,Y,,
AN4407C,AN4407C,,V19057,PROJECT-V19057,SPONSOR-WASSTA12,Active,2019-09-01,2025-06-30,0.00,175558.00,Banner Grant Listing Report,Y,,
AN4411,AN4411,,V200118,PROJECT-V200118,SPONSOR-UARS5,Active,2020-04-01,2024-10-30,32370.76,47651.20,Banner Grant Listing Report,Y,,
AN4411C,AN4411C,,V200118,PROJECT-V200118,SPONSOR-UARS5,Active,2020-04-01,2024-10-30,6965.39,6965.39,Banner Grant Listing Report,Y,,
AN4446,AN4446,,V19629,PROJECT-V19629,SPONSOR-USDFOR,Active,2020-05-20,2024-05-31,41414.00,41414.00,Banner Grant Listing Report,Y,,
AN4446C,AN4446C,,V19629,PROJECT-V19629,SPONSOR-USDFOR,Active,2020-05-20,2024-05-31,0.00,41414.00,Banner Grant Listing Report,Y,,
AN4511,AN4511,,V200572,PROJECT-V200572,SPONSOR-USDFOR,Active,2020-05-20,2023-05-31,49994.62,50000.00,Banner Grant Listing Report,Y,,
AN4511C,AN4511C,,V200572,PROJECT-V200572,SPONSOR-USDFOR,Active,2020-05-20,2023-05-31,0.00,50000.00,Banner Grant Listing Report,Y,,
AN4586C,AN4586C,,V210258,PROJECT-V210258,SPONSOR-UARS5,Active,2020-05-01,2023-10-31,8354.88,8354.88,Banner Grant Listing Report,Y,,
AN4732,AN4732,,V200711,PROJECT-V200711,SPONSOR-USAPHIS,Active,2020-08-01,2022-07-31,146527.48,203987.00,Banner Grant Listing Report,Y,,
AN4810,AN4810,,V200284,PROJECT-V200284,SPONSOR-UARS5,Active,2020-08-01,2024-10-31,99948.00,99948.00,Banner Grant Listing Report,Y,,
AN4829,AN4829,,V200409,PROJECT-V200409,SPONSOR-NIFA,Active,2020-09-01,2026-08-31,1404295.00,5756299.00,Banner Grant Listing Report,Y,,
AN4847C,AN4847C,,V210461,PROJECT-V210461,SPONSOR-UARS5,Active,2020-05-01,2023-04-30,0.00,5788.00,Banner Grant Listing Report,Y,,
AN4865,AN4865,,V200582,PROJECT-V200582,SPONSOR-NIFA,Active,2020-09-01,2024-08-31,208604.00,497522.00,Banner Grant Listing Report,Y,,
AN4944,AN4944,,V200755,PROJECT-V200755,SPONSOR-NIFA,Active,2020-09-01,2025-08-31,224054.96,324470.00,Banner Grant Listing Report,Y,,
AN5033,AN5033,,V200339,PROJECT-V200339,SPONSOR-IDAAGR,Active,2020-12-22,2023-09-29,56086.00,138839.00,Banner Grant Listing Report,Y,,
AN5111,AN5111,,V200388,PROJECT-V200388,SPONSOR-IDABEA1,Active,2020-10-01,2023-06-30,85007.00,85007.00,Banner Grant Listing Report,Y,,
AN5143,AN5143,,V200375,PROJECT-V200375,SPONSOR-IEOOC,Active,2020-11-04,2023-06-30,91137.50,116418.00,Banner Grant Listing Report,Y,,
AN5206,AN5206,,V200848,PROJECT-V200848,SPONSOR-NIFA,Active,2021-03-01,2025-02-28,213948.00,499500.00,Banner Grant Listing Report,Y,,
AN5466,AN5466,,V210038,PROJECT-V210038,SPONSOR-IDAWHE,Active,2021-07-01,2022-06-30,5340.00,9991.00,Banner Grant Listing Report,Y,,
AN5492,AN5492,,V210883,PROJECT-V210883,SPONSOR-MONSTA1,Active,2022-10-01,2025-12-31,184995.00,349697.00,Banner Grant Listing Report,Y,,
AN5501,AN5501,,V201150,PROJECT-V201150,SPONSOR-MONSTA1,Active,2021-04-01,2024-03-31,105175.25,349919.00,Banner Grant Listing Report,Y,,
AN5533,AN5533,,V210635,PROJECT-V210635,SPONSOR-IDAPOT5,Active,2021-07-01,2022-07-31,13750.00,55000.00,Banner Grant Listing Report,Y,,
AN5561,AN5561,,V201138,PROJECT-V201138,SPONSOR-USDFOR,Active,2021-06-23,2026-05-31,86067.00,86067.00,Banner Grant Listing Report,Y,,
AN5561C,AN5561C,,V201138,PROJECT-V201138,SPONSOR-USDFOR,Active,2021-06-23,2026-05-31,43033.50,86067.00,Banner Grant Listing Report,Y,,
AN5599,AN5599,,V200601,PROJECT-V200601,SPONSOR-NIFA,Active,2021-08-01,2026-07-31,281969.00,499969.00,Banner Grant Listing Report,Y,,
AN5653,AN5653,,V210240,PROJECT-V210240,SPONSOR-USAPHIS,Active,2021-08-01,2023-07-31,405028.76,709634.00,Banner Grant Listing Report,Y,,
AN5676,AN5676,,V210244,PROJECT-V210244,SPONSOR-NIFA,Active,2021-09-01,2024-08-31,92372.00,199770.00,Banner Grant Listing Report,Y,,
AN5676C,AN5676C,,V210244,PROJECT-V210244,SPONSOR-NIFA,Active,2021-09-01,2024-08-31,0.00,37630.00,Banner Grant Listing Report,Y,,
AN5684,AN5684,,V210215,PROJECT-V210215,SPONSOR-USAPHIS,Active,2021-08-13,2023-07-31,153829.00,203987.00,Banner Grant Listing Report,Y,,
AN5691,AN5691,,V220522,PROJECT-V220522,SPONSOR-UARS5,Active,2021-06-01,2026-05-31,98838.00,98838.00,Banner Grant Listing Report,Y,,
AN5691C,AN5691C,,V220522,PROJECT-V220522,SPONSOR-UARS5,Active,2021-06-01,2026-05-31,9918.10,9918.10,Banner Grant Listing Report,Y,,
AN5695,AN5695,,V210804,PROJECT-V210804,SPONSOR-USDFOR,Active,2021-08-18,2025-12-31,25733.74,25733.74,Banner Grant Listing Report,Y,,
AN5695C,AN5695C,,V210804,PROJECT-V210804,SPONSOR-USDFOR,Active,2021-08-18,2025-12-31,6993.86,6993.86,Banner Grant Listing Report,Y,,
AN5743,AN5743,,V230538,PROJECT-V230538,SPONSOR-UARS5,Active,2021-09-01,2025-10-31,105237.00,105237.00,Banner Grant Listing Report,Y,,
AN5743C,AN5743C,,V230538,PROJECT-V230538,SPONSOR-UARS5,Active,2021-09-01,2025-10-31,5724.90,11969.00,Banner Grant Listing Report,Y,,
AN5787,AN5787,,V210223,PROJECT-V210223,SPONSOR-NIFA,Active,2021-09-01,2025-08-31,376707.01,807690.00,Banner Grant Listing Report,Y,,
AN5898,AN5898,,V240603,PROJECT-V240603,SPONSOR-USBLM,Active,2021-09-24,2025-09-30,84000.00,84000.00,Banner Grant Listing Report,Y,,
AN5915,AN5915,,V210504,PROJECT-V210504,SPONSOR-NIFA,Active,2022-03-01,2025-02-28,245330.00,245330.00,Banner Grant Listing Report,Y,,
AN5922,AN5922,,V210852,PROJECT-V210852,SPONSOR-UCAL2,Active,2021-08-01,2023-07-31,65000.00,65000.00,Banner Grant Listing Report,Y,,
AN5945,AN5945,,V210149,PROJECT-V210149,SPONSOR-MONSTA1,Active,2021-08-01,2023-12-31,29966.00,29966.00,Banner Grant Listing Report,Y,,
AN6022,AN6022,,V210602,PROJECT-V210602,SPONSOR-NSF,Active,2022-01-15,2027-09-30,869435.00,869435.00,Banner Grant Listing Report,Y,,
AN6023,AN6023,,V220031,PROJECT-V220031,SPONSOR-USDFOR,Active,2022-02-14,2026-09-30,129423.48,129423.48,Banner Grant Listing Report,Y,,
AN6031,AN6031,,V210224,PROJECT-V210224,SPONSOR-MICSTA,Active,2021-09-24,2025-01-28,588210.00,588210.00,Banner Grant Listing Report,Y,,
AN6048,AN6048,,V210293,PROJECT-V210293,SPONSOR-IDABEA1,Active,2021-10-01,2024-09-29,67320.00,133466.00,Banner Grant Listing Report,Y,,
AN6057,AN6057,,V220181,PROJECT-V220181,SPONSOR-MININD1,Active,2022-02-01,2022-12-31,41207.00,41207.00,Banner Grant Listing Report,Y,,
AN6147,AN6147,,V210282,PROJECT-V210282,SPONSOR-IDAAGR,Active,2022-04-13,2024-06-30,129478.00,129478.00,Banner Grant Listing Report,Y,,
AN6159,AN6159,,V210303,PROJECT-V210303,SPONSOR-IEOOC,Active,2022-01-01,2024-09-30,60031.00,140000.00,Banner Grant Listing Report,Y,,
AN6163,AN6163,,V210292,PROJECT-V210292,SPONSOR-IDAHOP,Active,2021-10-01,2024-09-29,43700.00,43700.00,Banner Grant Listing Report,Y,,
AN6197,AN6197,,V220173,PROJECT-V220173,SPONSOR-IEOOC,Active,2022-07-01,2023-06-30,12722.00,12722.00,Banner Grant Listing Report,Y,,
AN6223,AN6223,,V211212,PROJECT-V211212,SPONSOR-SNARIV45,Active,2022-04-01,2023-03-31,12107.00,12107.00,Banner Grant Listing Report,Y,,
AN6229,AN6229,,V200868,PROJECT-V200868,SPONSOR-HRC,Active,2021-02-01,2024-01-31,50200.00,52000.00,Banner Grant Listing Report,Y,,
AN6266,AN6266,,V211124,PROJECT-V211124,SPONSOR-IDAPOT5,Active,2022-07-01,2023-07-31,20000.00,20000.00,Banner Grant Listing Report,Y,,
AN6310,AN6310,,V220052,PROJECT-V220052,SPONSOR-IDAWHE,Active,2022-07-01,2023-06-30,16681.00,19998.00,Banner Grant Listing Report,Y,,
AN6334,AN6334,,V220486,PROJECT-V220486,SPONSOR-VALUSA,Active,2022-06-15,2023-06-14,16000.00,16000.00,Banner Grant Listing Report,Y,,
AN6350,AN6350,,V220268,PROJECT-V220268,SPONSOR-USAPHIS,Active,2022-08-01,2023-07-31,91696.00,105159.00,Banner Grant Listing Report,Y,,
AN6362,AN6362,,V220310,PROJECT-V220310,SPONSOR-USAPHIS,Active,2022-08-01,2024-07-31,377002.00,641696.00,Banner Grant Listing Report,Y,,
AN6417,AN6417,,V210311,PROJECT-V210311,SPONSOR-WASSTA12,Active,2021-04-01,2024-06-30,21000.00,21000.00,Banner Grant Listing Report,Y,,
AN6418,AN6418,,V220165,PROJECT-V220165,SPONSOR-IEOOC,Active,2022-07-01,2023-06-30,6977.58,7000.00,Banner Grant Listing Report,Y,,
AN6429,AN6429,,V210737,PROJECT-V210737,SPONSOR-USAPHIS,Active,2022-08-01,2024-06-30,102841.00,102841.00,Banner Grant Listing Report,Y,,
AN6433,AN6433,,V220304,PROJECT-V220304,SPONSOR-MUSBIO,Active,2022-09-01,2024-08-31,35247.40,35247.40,Banner Grant Listing Report,Y,,
AN6480,AN6480,,V220447,PROJECT-V220447,SPONSOR-NIFA,Active,2022-09-01,2026-08-31,125434.00,299965.00,Banner Grant Listing Report,Y,,
AN6485,AN6485,,V220517,PROJECT-V220517,SPONSOR-NATALF1,Active,2022-10-01,2024-09-30,30264.00,58304.00,Banner Grant Listing Report,Y,,
AN6518,AN6518,,V220586,PROJECT-V220586,SPONSOR-UARS5,Active,2022-09-01,2025-08-31,150000.00,150000.00,Banner Grant Listing Report,Y,,
AN6537,AN6537,,V240505,PROJECT-V240505,SPONSOR-UARS5,Active,2022-09-01,2025-10-01,52301.00,104601.00,Banner Grant Listing Report,Y,,
AN6537C,AN6537C,,V240505,PROJECT-V240505,SPONSOR-UARS5,Active,2022-09-01,2025-10-01,6560.69,12781.00,Banner Grant Listing Report,Y,,
AN6542,AN6542,,V220118,PROJECT-V220118,SPONSOR-UARS5,Active,2022-05-01,2025-10-31,91437.00,91437.00,Banner Grant Listing Report,Y,,
AN6545,AN6545,,V220120,PROJECT-V220120,SPONSOR-UARS5,Active,2022-05-01,2025-10-31,199470.00,199470.00,Banner Grant Listing Report,Y,,
AN6572,AN6572,,V220839,PROJECT-V220839,SPONSOR-UARS5,Active,2022-06-01,2025-08-31,29190.00,29190.00,Banner Grant Listing Report,Y,,
AN6573,AN6573,,V220823,PROJECT-V220823,SPONSOR-MONCOM,Active,2022-06-15,2022-12-31,3064.00,3064.00,Banner Grant Listing Report,Y,,
AN6576,AN6576,,V220323,PROJECT-V220323,SPONSOR-NIFA,Active,2022-09-15,2026-09-14,1376951.00,6796151.00,Banner Grant Listing Report,Y,,
AN6605,AN6605,,V220678,PROJECT-V220678,SPONSOR-IDALAN,Active,2022-07-01,2024-09-30,40500.00,40500.00,Banner Grant Listing Report,Y,,
AN6704,AN6704,,V220911,PROJECT-V220911,SPONSOR-SYNSEE,Active,2022-11-01,2023-08-31,15089.00,15089.00,Banner Grant Listing Report,Y,,
AN6715,AN6715,,V220244,PROJECT-V220244,SPONSOR-IDAAGR,Active,2022-11-02,2025-06-30,95944.00,95944.00,Banner Grant Listing Report,Y,,
AN6717,AN6717,,V220273,PROJECT-V220273,SPONSOR-IDAAGR,Active,2022-11-02,2024-12-31,73040.00,144617.00,Banner Grant Listing Report,Y,,
AN6733,AN6733,,V220432,PROJECT-V220432,SPONSOR-IDAAGR,Active,2022-11-14,2025-06-30,120694.00,125000.00,Banner Grant Listing Report,Y,,
AN6773,AN6773,,V250444,PROJECT-V250444,SPONSOR-UCAL2,Active,2022-09-01,2026-08-31,166167.00,187292.00,Banner Grant Listing Report,Y,,
AN6780,AN6780,,V220971,PROJECT-V220971,SPONSOR-UCAL2,Active,2022-08-01,2026-03-31,98333.00,98333.00,Banner Grant Listing Report,Y,,
AN6822,AN6822,,V220258,PROJECT-V220258,SPONSOR-IDAGRA2,Active,2022-10-28,2025-06-30,150000.00,150000.00,Banner Grant Listing Report,Y,,
AN6886,AN6886,,V220276,PROJECT-V220276,SPONSOR-IEOOC,Active,2022-12-06,2024-09-29,99230.00,99230.00,Banner Grant Listing Report,Y,,
AN6987,AN6987,,V221088,PROJECT-V221088,SPONSOR-SNARIV45,Active,2023-04-01,2024-03-31,10404.00,10404.00,Banner Grant Listing Report,Y,,
AN7005,AN7005,,V211213,PROJECT-V211213,SPONSOR-SNARIV45,Active,2023-04-01,2024-03-31,8545.00,8545.00,Banner Grant Listing Report,Y,,
AN7006,AN7006,,V221082,PROJECT-V221082,SPONSOR-SNARIV45,Active,2023-04-01,2024-03-31,12607.00,12607.00,Banner Grant Listing Report,Y,,
AN7007,AN7007,,V221115,PROJECT-V221115,SPONSOR-SNARIV45,Active,2023-04-01,2024-03-31,15000.00,15000.00,Banner Grant Listing Report,Y,,
AN7008,AN7008,,V221116,PROJECT-V221116,SPONSOR-SNARIV45,Active,2023-04-01,2024-03-31,2150.00,3670.00,Banner Grant Listing Report,Y,,
AN7055,AN7055,,V230002,PROJECT-V230002,SPONSOR-IDAWHE,Active,2023-07-01,2024-06-30,11900.00,23082.00,Banner Grant Listing Report,Y,,
AN7103,AN7103,,V230082,PROJECT-V230082,SPONSOR-IDABEA1,Active,2023-07-01,2024-06-30,6618.00,6618.00,Banner Grant Listing Report,Y,,
AN7111,AN7111,,V230254,PROJECT-V230254,SPONSOR-USAPHIS,Active,2023-08-01,2025-07-31,103744.65,124474.00,Banner Grant Listing Report,Y,,
AN7115,AN7115,,V230256,PROJECT-V230256,SPONSOR-USAPHIS,Active,2023-08-01,2025-07-31,341989.00,468057.00,Banner Grant Listing Report,Y,,
AN7121,AN7121,,V230261,PROJECT-V230261,SPONSOR-USAPHIS,Active,2023-08-01,2025-07-31,128143.00,172969.00,Banner Grant Listing Report,Y,,
AN7124,AN7124,,V221066,PROJECT-V221066,SPONSOR-ARIUNI,Active,2023-04-14,2026-03-31,914151.00,914151.00,Banner Grant Listing Report,Y,,
AN7141,AN7141,,V221067,PROJECT-V221067,SPONSOR-IDAPOT5,Active,2023-07-01,2024-07-31,27200.00,30000.00,Banner Grant Listing Report,Y,,
AN7143,AN7143,,V221070,PROJECT-V221070,SPONSOR-IDAPOT5,Active,2023-07-01,2024-07-31,8000.00,8000.00,Banner Grant Listing Report,Y,,
AN7164,AN7164,,V221044,PROJECT-V221044,SPONSOR-IDAPOT5,Active,2023-07-01,2024-07-31,35000.00,35000.00,Banner Grant Listing Report,Y,,
AN7175,AN7175,,V221034,PROJECT-V221034,SPONSOR-IDAPOT5,Active,2023-07-01,2024-07-31,15000.00,15000.00,Banner Grant Listing Report,Y,,
AN7176,AN7176,,V230434,PROJECT-V230434,SPONSOR-IDAPOT5,Active,2023-07-01,2024-07-31,32400.00,37400.00,Banner Grant Listing Report,Y,,
AN7197,AN7197,,V221002,PROJECT-V221002,SPONSOR-MONSTA1,Active,2023-04-01,2025-03-31,29943.00,29943.00,Banner Grant Listing Report,Y,,
AN7278,AN7278,,V220983,PROJECT-V220983,SPONSOR-HOWHUG2,Active,2023-09-01,2026-08-31,173000.00,173000.00,Banner Grant Listing Report,Y,,
AN7302,AN7302,,V230147,PROJECT-V230147,SPONSOR-IEOOC,Active,2023-07-01,2024-06-30,6000.00,6000.00,Banner Grant Listing Report,Y,,
AN7304,AN7304,,V230143,PROJECT-V230143,SPONSOR-IEOOC,Active,2023-07-01,2024-06-30,13281.00,13281.00,Banner Grant Listing Report,Y,,
AN7305,AN7305,,V230148,PROJECT-V230148,SPONSOR-IEOOC,Active,2023-07-01,2024-06-30,8400.00,8400.00,Banner Grant Listing Report,Y,,
AN7377,AN7377,,V220854,PROJECT-V220854,SPONSOR-WASSTA12,Active,2023-07-01,2027-06-30,123449.00,197980.00,Banner Grant Listing Report,Y,,
AN7402,AN7402,,V230404,PROJECT-V230404,SPONSOR-UARS5,Active,2023-08-14,2024-06-30,20000.00,20000.00,Banner Grant Listing Report,Y,,
AN7407,AN7407,,V230395,PROJECT-V230395,SPONSOR-IDAAGR,Active,2023-08-01,2025-09-30,101942.00,101942.00,Banner Grant Listing Report,Y,,
AN7434,AN7434,,V230712,PROJECT-V230712,SPONSOR-USAPHIS,Active,2023-09-08,2025-09-07,300000.00,300000.00,Banner Grant Listing Report,Y,,
AN7443,AN7443,,V221132,PROJECT-V221132,SPONSOR-UARS5,Active,2023-05-01,2026-10-31,129927.00,129927.00,Banner Grant Listing Report,Y,,
AN7451,AN7451,,V250472,PROJECT-V250472,SPONSOR-USBLM,Active,2023-09-20,2028-09-19,359000.00,359000.00,Banner Grant Listing Report,Y,,
AN7493,AN7493,,V230201,PROJECT-V230201,SPONSOR-IDAAGR,Active,2023-11-09,2025-09-29,91520.28,145027.00,Banner Grant Listing Report,Y,,
AN7496,AN7496,,V230213,PROJECT-V230213,SPONSOR-IDAAGR,Active,2023-11-09,2025-09-29,92223.00,92223.00,Banner Grant Listing Report,Y,,
AN7497,AN7497,,V230205,PROJECT-V230205,SPONSOR-IDAAGR,Active,2023-11-08,2026-06-30,83106.00,124598.00,Banner Grant Listing Report,Y,,
AN7499,AN7499,,V230208,PROJECT-V230208,SPONSOR-IDAAGR,Active,2023-11-08,2025-09-29,100000.00,100000.00,Banner Grant Listing Report,Y,,
AN7580,AN7580,,V240398,PROJECT-V240398,SPONSOR-UARS5,Active,2024-09-01,2025-08-31,109279.56,109279.56,Banner Grant Listing Report,Y,,
AN7618,AN7618,,V230236,PROJECT-V230236,SPONSOR-COLSTA1,Active,2023-11-01,2025-10-31,123447.00,206401.00,Banner Grant Listing Report,Y,,
AN7702,AN7702,,V230212,PROJECT-V230212,SPONSOR-IEOOC,Active,2023-11-02,2025-09-29,73558.00,73558.00,Banner Grant Listing Report,Y,,
AN7722,AN7722,,V230034,PROJECT-V230034,SPONSOR-ORESTA3,Active,2023-05-01,2026-10-31,55150.00,55150.00,Banner Grant Listing Report,Y,,
AN7748,AN7748,,V231108,PROJECT-V231108,SPONSOR-SNARIV45,Active,2024-04-01,2026-03-31,32000.00,32000.00,Banner Grant Listing Report,Y,,
AN7763,AN7763,,V231106,PROJECT-V231106,SPONSOR-SNARIV45,Active,2024-04-01,2025-03-31,10505.00,10505.00,Banner Grant Listing Report,Y,,
AN7773,AN7773,,V230210,PROJECT-V230210,SPONSOR-IDAEAS,Active,2023-11-30,2025-09-29,35000.00,35000.00,Banner Grant Listing Report,Y,,
AN7789,AN7789,,V230960,PROJECT-V230960,SPONSOR-EXTFOU,Active,2024-01-15,2025-01-14,18905.00,18905.00,Banner Grant Listing Report,Y,,
AN7848,AN7848,,V231105,PROJECT-V231105,SPONSOR-SNARIV45,Active,2024-04-01,2025-03-31,12545.00,12545.00,Banner Grant Listing Report,Y,,
AN7849,AN7849,,V231101,PROJECT-V231101,SPONSOR-SNARIV45,Active,2024-04-01,2025-03-31,2150.00,3800.00,Banner Grant Listing Report,Y,,
AN7886,AN7886,,V231029,PROJECT-V231029,SPONSOR-IDAPOT5,Active,2024-07-01,2025-07-31,22000.00,25000.00,Banner Grant Listing Report,Y,,
AN7903,AN7903,,V231021,PROJECT-V231021,SPONSOR-IDAPOT5,Active,2024-07-01,2025-07-31,31673.00,36873.00,Banner Grant Listing Report,Y,,
AN7908,AN7908,,V231032,PROJECT-V231032,SPONSOR-IDAPOT5,Active,2024-07-01,2025-07-31,21856.00,23256.00,Banner Grant Listing Report,Y,,
AN7910,AN7910,,V231028,PROJECT-V231028,SPONSOR-IDAPOT5,Active,2024-07-01,2025-07-31,8000.00,8000.00,Banner Grant Listing Report,Y,,
AN7912,AN7912,,V231017,PROJECT-V231017,SPONSOR-IDAPOT5,Active,2024-07-01,2025-07-31,15000.00,15000.00,Banner Grant Listing Report,Y,,
AN7913,AN7913,,V231035,PROJECT-V231035,SPONSOR-IDAPOT5,Active,2024-07-01,2025-07-31,35000.00,35000.00,Banner Grant Listing Report,Y,,
AN7918,AN7918,,V230980,PROJECT-V230980,SPONSOR-IDAPOT5,Active,2024-07-01,2025-07-31,20000.00,20000.00,Banner Grant Listing Report,Y,,
AN7944,AN7944,,V240149,PROJECT-V240149,SPONSOR-IEOOC,Active,2024-07-01,2025-06-30,13319.00,13319.00,Banner Grant Listing Report,Y,,
AN7945,AN7945,,V240166,PROJECT-V240166,SPONSOR-IEOOC,Active,2024-07-01,2025-06-30,16000.00,16000.00,Banner Grant Listing Report,Y,,
AN7947,AN7947,,V230982,PROJECT-V230982,SPONSOR-IDAPOT5,Active,2024-07-01,2025-07-31,21517.00,21517.00,Banner Grant Listing Report,Y,,
AN7973,AN7973,,V240280,PROJECT-V240280,SPONSOR-USAPHIS,Active,2024-08-01,2026-07-31,348790.00,486244.00,Banner Grant Listing Report,Y,,
AN7988,AN7988,,V240281,PROJECT-V240281,SPONSOR-USAPHIS,Active,2024-08-01,2026-07-31,234152.00,280739.00,Banner Grant Listing Report,Y,,
AN7990,AN7990,,V231027,PROJECT-V231027,SPONSOR-IDAPOT5,Active,2024-07-01,2025-07-31,17993.00,17993.00,Banner Grant Listing Report,Y,,
AN7991,AN7991,,V231095,PROJECT-V231095,SPONSOR-IDAWHE,Active,2024-07-01,2025-06-30,28895.00,28895.00,Banner Grant Listing Report,Y,,
AN8012,AN8012,,V240031,PROJECT-V240031,SPONSOR-IDABEA1,Active,2024-07-01,2025-06-30,6620.00,6620.00,Banner Grant Listing Report,Y,,
AN8015,AN8015,,V240038,PROJECT-V240038,SPONSOR-IDABEA1,Active,2024-07-01,2025-06-30,9000.00,9000.00,Banner Grant Listing Report,Y,,
AN8017,AN8017,,V240139,PROJECT-V240139,SPONSOR-IDABEA1,Active,2024-07-01,2025-06-30,9000.00,9000.00,Banner Grant Listing Report,Y,,
AN8035,AN8035,,V240239,PROJECT-V240239,SPONSOR-USAPHIS,Active,2024-08-01,2026-07-31,113950.42,137036.00,Banner Grant Listing Report,Y,,
AN8038,AN8038,,V230871,PROJECT-V230871,SPONSOR-USDFOR,Active,2024-07-17,2027-06-30,35672.00,35672.00,Banner Grant Listing Report,Y,,
AN8038C,AN8038C,,V230871,PROJECT-V230871,SPONSOR-USDFOR,Active,2024-07-17,2027-06-30,35672.00,35672.00,Banner Grant Listing Report,Y,,
AN8049,AN8049,,V240438,PROJECT-V240438,SPONSOR-USDFOR,Active,2024-07-03,2028-09-30,487527.56,487527.56,Banner Grant Listing Report,Y,,
AN8060,AN8060,,V240567,PROJECT-V240567,SPONSOR-UCAL2,Active,2023-08-01,2026-03-31,18888.70,18888.70,Banner Grant Listing Report,Y,,
AN8086,AN8086,,V230854,PROJECT-V230854,SPONSOR-USDFOR,Active,2024-07-24,2027-06-30,41736.00,41736.00,Banner Grant Listing Report,Y,,
AN8086C,AN8086C,,V230854,PROJECT-V230854,SPONSOR-USDFOR,Active,2024-07-24,2027-06-30,11530.00,11530.00,Banner Grant Listing Report,Y,,
AN8106,AN8106,,V230893,PROJECT-V230893,SPONSOR-WASOIL,Active,2024-05-01,2025-08-31,21953.00,29575.00,Banner Grant Listing Report,Y,,
AN8115,AN8115,,V240261,PROJECT-V240261,SPONSOR-UCAL2,Active,2023-08-01,2026-03-31,116665.50,116665.50,Banner Grant Listing Report,Y,,
AN8196,AN8196,,V231018,PROJECT-V231018,SPONSOR-MONSTA1,Active,2024-05-01,2026-04-30,30000.00,30000.00,Banner Grant Listing Report,Y,,
AN8199,AN8199,,V240615,PROJECT-V240615,SPONSOR-USADRY,Active,2024-07-01,2025-09-30,5953.00,5953.00,Banner Grant Listing Report,Y,,
AN8205,AN8205,,V250415,PROJECT-V250415,SPONSOR-UARS5,Active,2024-08-01,2026-10-31,69921.00,69921.00,Banner Grant Listing Report,Y,,
AN8205C,AN8205C,,V250415,PROJECT-V250415,SPONSOR-UARS5,Active,2024-08-01,2026-10-31,10670.95,10670.95,Banner Grant Listing Report,Y,,
AN8242,AN8242,,V240586,PROJECT-V240586,SPONSOR-MUSBIO,Active,2024-09-01,2026-08-31,127338.00,127338.00,Banner Grant Listing Report,Y,,
AN8274,AN8274,,V240412,PROJECT-V240412,SPONSOR-USAPHIS,Active,2024-09-30,2025-09-29,8353.00,8353.00,Banner Grant Listing Report,Y,,
AN8303,AN8303,,V231120,PROJECT-V231120,SPONSOR-IDAAGR,Active,2024-10-23,2027-06-30,115000.00,115000.00,Banner Grant Listing Report,Y,,
AN8317,AN8317,,V240105,PROJECT-V240105,SPONSOR-NIFA,Active,2024-09-01,2026-08-31,250493.25,471476.00,Banner Grant Listing Report,Y,,
AN8383,AN8383,,V240089,PROJECT-V240089,SPONSOR-WASSTA12,Active,2024-09-01,2026-08-31,192341.00,192341.00,Banner Grant Listing Report,Y,,
AN8497,AN8497,,V250065,PROJECT-V250065,SPONSOR-UCAL2,Active,2024-08-01,2026-03-31,129443.15,129443.15,Banner Grant Listing Report,Y,,
AN8513,AN8513,,V241020,PROJECT-V241020,SPONSOR-PANOVE,Active,2025-01-01,2025-12-31,4300.00,4300.00,Banner Grant Listing Report,Y,,
AN8543,AN8543,,V241031,PROJECT-V241031,SPONSOR-SNARIV45,Active,2025-04-01,2026-03-31,10500.00,10500.00,Banner Grant Listing Report,Y,,
AN8595,AN8595,,V241081,PROJECT-V241081,SPONSOR-IDAWHE,Active,2025-07-01,2026-06-30,32370.00,32370.00,Banner Grant Listing Report,Y,,
AN8600,AN8600,,V240538,PROJECT-V240538,SPONSOR-WASSTA12,Active,2024-07-01,2026-05-31,20020.00,20020.00,Banner Grant Listing Report,Y,,
AN8606,AN8606,,V240081,PROJECT-V240081,SPONSOR-IDABEA1,Active,2024-11-12,2027-06-30,60000.00,60000.00,Banner Grant Listing Report,Y,,
AN8608,AN8608,,V240084,PROJECT-V240084,SPONSOR-IDABEA1,Active,2024-11-13,2027-06-30,85316.00,85316.00,Banner Grant Listing Report,Y,,
AN8616,AN8616,,V240514,PROJECT-V240514,SPONSOR-HRC,Active,2025-04-01,2026-03-31,44749.00,44749.00,Banner Grant Listing Report,Y,,
AN8638,AN8638,,V240996,PROJECT-V240996,SPONSOR-IDAPOT5,Active,2025-07-01,2026-07-31,18000.00,18000.00,Banner Grant Listing Report,Y,,
AN8641,AN8641,,V240951,PROJECT-V240951,SPONSOR-IDAPOT5,Active,2025-07-01,2026-07-31,21517.00,21517.00,Banner Grant Listing Report,Y,,
AN8653,AN8653,,V240984,PROJECT-V240984,SPONSOR-IDAPOT5,Active,2025-07-01,2026-07-31,35000.00,35000.00,Banner Grant Listing Report,Y,,
AN8654,AN8654,,V241002,PROJECT-V241002,SPONSOR-IDAPOT5,Active,2025-07-01,2026-07-31,10000.00,10000.00,Banner Grant Listing Report,Y,,
AN8655,AN8655,,V240982,PROJECT-V240982,SPONSOR-IDAPOT5,Active,2025-07-01,2026-07-31,21856.00,23256.00,Banner Grant Listing Report,Y,,
AN8659,AN8659,,V241009,PROJECT-V241009,SPONSOR-IDAPOT5,Active,2025-07-01,2026-07-31,31373.00,36873.00,Banner Grant Listing Report,Y,,
AN8660,AN8660,,V241004,PROJECT-V241004,SPONSOR-IDAPOT5,Active,2025-07-01,2026-07-31,22000.00,25000.00,Banner Grant Listing Report,Y,,
AN8668,AN8668,,V240969,PROJECT-V240969,SPONSOR-IDAPOT5,Active,2025-07-01,2026-07-31,9402.00,9402.00,Banner Grant Listing Report,Y,,
AN8692,AN8692,,V241076,PROJECT-V241076,SPONSOR-IDAWHE,Active,2025-07-01,2026-06-30,21937.00,29937.00,Banner Grant Listing Report,Y,,
AN8699,AN8699,,V250041,PROJECT-V250041,SPONSOR-IDABEA1,Active,2025-07-01,2026-06-30,9596.00,9596.00,Banner Grant Listing Report,Y,,
AN8700,AN8700,,V250138,PROJECT-V250138,SPONSOR-IDABEA1,Active,2025-07-01,2026-06-30,6641.00,6641.00,Banner Grant Listing Report,Y,,
AN8701,AN8701,,V250143,PROJECT-V250143,SPONSOR-IDABEA1,Active,2025-07-01,2026-06-30,11840.00,11840.00,Banner Grant Listing Report,Y,,
AN8715,AN8715,,V250133,PROJECT-V250133,SPONSOR-USAPHIS,Active,2025-08-01,2026-07-31,263285.00,309366.00,Banner Grant Listing Report,Y,,
AN8718,AN8718,,V250132,PROJECT-V250132,SPONSOR-USAPHIS,Active,2025-08-01,2026-07-31,523050.00,743000.00,Banner Grant Listing Report,Y,,
AN8722,AN8722,,V250144,PROJECT-V250144,SPONSOR-IEOOC,Active,2025-07-01,2026-06-30,14040.00,14040.00,Banner Grant Listing Report,Y,,
AN8739,AN8739,,V250142,PROJECT-V250142,SPONSOR-IEOOC,Active,2025-07-01,2026-06-30,11747.00,11747.00,Banner Grant Listing Report,Y,,
AN8742,AN8742,,V250446,PROJECT-V250446,SPONSOR-WESVIR,Active,2025-07-01,2026-06-30,2560.00,2560.00,Banner Grant Listing Report,Y,,
AN8769,AN8769,,V250256,PROJECT-V250256,SPONSOR-MILCHE,Active,2025-03-24,2025-12-31,18000.00,18000.00,Banner Grant Listing Report,Y,,
AN8777,AN8777,,V241092,PROJECT-V241092,SPONSOR-IDABAR,Active,2025-07-01,2026-06-30,5340.00,8142.00,Banner Grant Listing Report,Y,,
AN8830,AN8830,,V250452,PROJECT-V250452,SPONSOR-UARS5,Active,2025-09-01,2026-08-30,122353.00,122353.00,Banner Grant Listing Report,Y,,
AN8851,AN8851,,V250412,PROJECT-V250412,SPONSOR-UARS5,Active,2025-07-15,2026-09-30,49000.00,49000.00,Banner Grant Listing Report,Y,,
AN8851C,AN8851C,,V250412,PROJECT-V250412,SPONSOR-UARS5,Active,2025-07-15,2026-09-30,7350.00,7350.00,Banner Grant Listing Report,Y,,
AN8871,AN8871,,V250222,PROJECT-V250222,SPONSOR-UARS5,Active,2025-08-15,2026-08-14,18670.00,18670.00,Banner Grant Listing Report,Y,,
AN8871C,AN8871C,,V250222,PROJECT-V250222,SPONSOR-UARS5,Active,2025-08-15,2026-08-14,2595.13,2595.13,Banner Grant Listing Report,Y,,
AN8875,AN8875,,V250715,PROJECT-V250715,SPONSOR-USAPHIS,Active,2025-09-01,2026-08-31,57000.00,57000.00,Banner Grant Listing Report,Y,,
AN8983,AN8983,,V250188,PROJECT-V250188,SPONSOR-IDAAGR,Active,2025-12-02,2028-06-30,130000.00,130000.00,Banner Grant Listing Report,Y,,
AN8994,AN8994,,V250867,PROJECT-V250867,SPONSOR-UCAL2,Active,2025-09-01,2026-07-31,112221.10,112221.10,Banner Grant Listing Report,Y,,
AN9073,AN9073,,V250203,PROJECT-V250203,SPONSOR-IDABEA1,Active,2025-12-31,2028-06-30,80000.00,80000.00,Banner Grant Listing Report,Y,,
AO6703,AO6703,,V230633,PROJECT-V230633,SPONSOR-UARS5,Active,2022-10-01,2023-09-30,104862.96,104862.96,Banner Grant Listing Report,Y,,
AO8471,AO8471,,V250375,PROJECT-V250375,SPONSOR-UARS5,Active,2024-10-01,2025-09-30,160305.85,160305.85,Banner Grant Listing Report,Y,,
AO8914,AO8914,,V250722,PROJECT-V250722,SPONSOR-UARS5,Active,2025-09-01,2026-08-31,131074.00,131074.00,Banner Grant Listing Report,Y,,
AP2642,AP2642,,V200276,PROJECT-V200276,SPONSOR-USBLM,Active,2020-06-09,2022-06-30,47924.28,48000.00,Banner Grant Listing Report,Y,,
AP2920C,AP2920C,,19024,PROJECT-19024,SPONSOR-UARS5,Active,2018-07-01,2023-06-30,0.00,14999.42,Banner Grant Listing Report,Y,,
AP3172,AP3172,,18686,PROJECT-18686,SPONSOR-IDAAGR,Active,2018-11-30,2022-06-30,135914.00,135914.00,Banner Grant Listing Report,Y,,
AP4210,AP4210,,19412,PROJECT-19412,SPONSOR-UTASTA,Active,2019-07-01,2024-05-30,113032.23,120695.50,Banner Grant Listing Report,Y,,
AP4245,AP4245,,19636,PROJECT-19636,SPONSOR-IDACHE,Active,2019-12-05,2022-06-30,145672.91,163254.00,Banner Grant Listing Report,Y,,
AP4289,AP4289,,19622,PROJECT-19622,SPONSOR-COLSTA1,Active,2019-09-01,2023-08-31,107612.00,107612.00,Banner Grant Listing Report,Y,,
AP4387,AP4387,,19642,PROJECT-19642,SPONSOR-IDABEA1,Active,2020-01-02,2022-06-30,56366.00,99921.00,Banner Grant Listing Report,Y,,
AP5142,AP5142,,V200347,PROJECT-V200347,SPONSOR-IAC,Active,2020-11-04,2023-06-30,150000.00,150000.00,Banner Grant Listing Report,Y,,
AP5223,AP5223,,V200324,PROJECT-V200324,SPONSOR-IDANUR,Active,2020-12-20,2023-06-30,134716.00,134716.00,Banner Grant Listing Report,Y,,
AP5252,AP5252,,V210016,PROJECT-V210016,SPONSOR-IDABAR,Active,2021-07-01,2023-06-30,14843.92,15297.34,Banner Grant Listing Report,Y,,
AP5366,AP5366,,V210500,PROJECT-V210500,SPONSOR-MONCOM,Active,2021-04-15,2021-12-31,9378.00,9378.00,Banner Grant Listing Report,Y,,
AP5460,AP5460,,V210042,PROJECT-V210042,SPONSOR-IDAWHE,Active,2021-07-01,2022-06-30,25693.58,26523.00,Banner Grant Listing Report,Y,,
AP5469,AP5469,,V210079,PROJECT-V210079,SPONSOR-IDAWHE,Active,2021-07-01,2022-06-30,34109.00,72785.00,Banner Grant Listing Report,Y,,
AP5483,AP5483,,V210041,PROJECT-V210041,SPONSOR-IDAWHE,Active,2021-07-01,2022-06-30,156502.00,156502.00,Banner Grant Listing Report,Y,,
AP5541C,AP5541C,,V210255,PROJECT-V210255,SPONSOR-UARS5,Active,2021-08-01,2024-07-31,1871.60,1871.60,Banner Grant Listing Report,Y,,
AP5704,AP5704,,V210586,PROJECT-V210586,SPONSOR-MCCFOO1,Active,2021-09-01,2023-12-31,89384.00,89384.00,Banner Grant Listing Report,Y,,
AP5706,AP5706,,V210742,PROJECT-V210742,SPONSOR-USDANRCS,Active,2021-09-10,2023-09-30,35000.00,35000.00,Banner Grant Listing Report,Y,,
AP5706C,AP5706C,,V210742,PROJECT-V210742,SPONSOR-USDANRCS,Active,2021-09-10,2023-09-30,0.00,27089.00,Banner Grant Listing Report,Y,,
AP5714,AP5714,,V201259,PROJECT-V201259,SPONSOR-USADRY,Active,2021-07-01,2022-12-31,25340.00,25340.00,Banner Grant Listing Report,Y,,
AP5734,AP5734,,V210199,PROJECT-V210199,SPONSOR-NIFA,Active,2021-09-01,2026-08-31,326959.01,600000.00,Banner Grant Listing Report,Y,,
AP5741,AP5741,,V240707,PROJECT-V240707,SPONSOR-UARS5,Active,2021-07-01,2026-06-30,155510.00,155510.00,Banner Grant Listing Report,Y,,
AP5741C,AP5741C,,V240707,PROJECT-V240707,SPONSOR-UARS5,Active,2021-07-01,2026-06-30,0.00,15566.29,Banner Grant Listing Report,Y,,
AP5758,AP5758,,V220834,PROJECT-V220834,SPONSOR-UARS5,Active,2021-09-01,2024-08-31,97241.00,97241.00,Banner Grant Listing Report,Y,,
AP5758C,AP5758C,,V220834,PROJECT-V220834,SPONSOR-UARS5,Active,2021-09-01,2024-08-31,12540.00,12540.00,Banner Grant Listing Report,Y,,
AP5785,AP5785,,V210841,PROJECT-V210841,SPONSOR-MONCOM,Active,2021-09-01,2022-07-31,2234.87,2404.80,Banner Grant Listing Report,Y,,
AP5818,AP5818,,V210251,PROJECT-V210251,SPONSOR-AMEMAL,Active,2021-07-01,2022-06-30,4500.00,4500.00,Banner Grant Listing Report,Y,,
AP5883,AP5883,,V210361,PROJECT-V210361,SPONSOR-NIFA,Active,2021-12-01,2026-11-30,418424.00,800000.00,Banner Grant Listing Report,Y,,
AP5903,AP5903,,V210511,PROJECT-V210511,SPONSOR-NIFA,Active,2022-01-01,2026-12-31,346067.95,681158.00,Banner Grant Listing Report,Y,,
AP5923,AP5923,,V210289,PROJECT-V210289,SPONSOR-NIFA,Active,2021-09-01,2026-04-15,302757.39,939069.00,Banner Grant Listing Report,Y,,
AP6100,AP6100,,V210498,PROJECT-V210498,SPONSOR-NIFA,Active,2022-04-01,2025-03-31,299432.00,299432.00,Banner Grant Listing Report,Y,,
AP6133,AP6133,,V210323,PROJECT-V210323,SPONSOR-UCAL2,Active,2022-01-01,2026-12-31,434283.00,434283.00,Banner Grant Listing Report,Y,,
AP6146,AP6146,,V210297,PROJECT-V210297,SPONSOR-IDAAGR,Active,2022-04-13,2024-09-29,135000.00,135000.00,Banner Grant Listing Report,Y,,
AP6153,AP6153,,V210296,PROJECT-V210296,SPONSOR-IAC,Active,2021-10-01,2023-09-30,175000.00,175000.00,Banner Grant Listing Report,Y,,
AP6162,AP6162,,V220348,PROJECT-V220348,SPONSOR-NUCINC,Active,2022-04-21,2023-12-31,10119.00,10119.00,Banner Grant Listing Report,Y,,
AP6191,AP6191,,V210371,PROJECT-V210371,SPONSOR-WASSTA12,Active,2021-09-01,2023-08-31,660112.00,660112.00,Banner Grant Listing Report,Y,,
AP6194,AP6194,,V200369,PROJECT-V200369,SPONSOR-BSU,Active,2022-01-20,2024-06-30,71120.00,71120.00,Banner Grant Listing Report,Y,,
AP6207,AP6207,,V211178,PROJECT-V211178,SPONSOR-SNARIV45,Active,2022-04-01,2023-03-31,9161.50,9161.50,Banner Grant Listing Report,Y,,
AP6270,AP6270,,V211169,PROJECT-V211169,SPONSOR-IDAPOT5,Active,2022-07-01,2023-07-31,30496.00,52446.00,Banner Grant Listing Report,Y,,
AP6274,AP6274,,V211121,PROJECT-V211121,SPONSOR-IDAPOT5,Active,2022-07-01,2024-07-31,39000.00,45000.00,Banner Grant Listing Report,Y,,
AP6281,AP6281,,V220071,PROJECT-V220071,SPONSOR-IDABAR,Active,2022-07-01,2023-06-30,20955.84,25000.00,Banner Grant Listing Report,Y,,
AP6288,AP6288,,V220037,PROJECT-V220037,SPONSOR-IDAWHE,Active,2022-07-01,2023-06-30,5001.00,7481.00,Banner Grant Listing Report,Y,,
AP6291,AP6291,,V220040,PROJECT-V220040,SPONSOR-IDAWHE,Active,2022-07-01,2023-06-30,19448.00,19448.00,Banner Grant Listing Report,Y,,
AP6292,AP6292,,V220068,PROJECT-V220068,SPONSOR-IDAWHE,Active,2022-07-01,2023-06-30,44651.00,44651.00,Banner Grant Listing Report,Y,,
AP6294,AP6294,,V220001,PROJECT-V220001,SPONSOR-IDAWHE,Active,2022-07-01,2023-06-30,155960.00,155960.00,Banner Grant Listing Report,Y,,
AP6296,AP6296,,V220045,PROJECT-V220045,SPONSOR-IDAWHE,Active,2022-07-01,2023-06-30,38452.00,83814.00,Banner Grant Listing Report,Y,,
AP6299,AP6299,,V220046,PROJECT-V220046,SPONSOR-IDAWHE,Active,2022-07-01,2023-06-30,14360.00,14360.00,Banner Grant Listing Report,Y,,
AP6313,AP6313,,V220042,PROJECT-V220042,SPONSOR-IDAWHE,Active,2022-07-01,2023-06-30,156556.00,156556.00,Banner Grant Listing Report,Y,,
AP6314,AP6314,,V211207,PROJECT-V211207,SPONSOR-IDAWHE,Active,2022-07-01,2023-06-30,27651.00,33247.00,Banner Grant Listing Report,Y,,
AP6320,AP6320,,V220077,PROJECT-V220077,SPONSOR-IDAWHE,Active,2022-07-01,2023-06-30,24665.00,24665.00,Banner Grant Listing Report,Y,,
AP6327,AP6327,,V220140,PROJECT-V220140,SPONSOR-USDFOR,Active,2022-06-15,2027-05-31,110420.00,110420.00,Banner Grant Listing Report,Y,,
AP6327C,AP6327C,,V220140,PROJECT-V220140,SPONSOR-USDFOR,Active,2022-06-15,2027-05-31,86792.00,110420.00,Banner Grant Listing Report,Y,,
AP6336,AP6336,,V220394,PROJECT-V220394,SPONSOR-CORAGR,Active,2022-04-04,2022-09-05,7856.50,7856.50,Banner Grant Listing Report,Y,,
AP6337,AP6337,,V220053,PROJECT-V220053,SPONSOR-IDAWHE,Active,2022-07-01,2023-06-30,138272.00,138272.00,Banner Grant Listing Report,Y,,
AP6341,AP6341,,V210283,PROJECT-V210283,SPONSOR-IDANUR,Active,2021-10-01,2024-09-29,91351.00,91351.00,Banner Grant Listing Report,Y,,
AP6346,AP6346,,V220064,PROJECT-V220064,SPONSOR-IDABAR,Active,2022-07-01,2023-06-30,13932.00,20000.00,Banner Grant Listing Report,Y,,
AP6349,AP6349,,V211205,PROJECT-V211205,SPONSOR-IDABAR,Active,2022-07-01,2023-06-30,15000.00,15000.00,Banner Grant Listing Report,Y,,
AP6378,AP6378,,V250481,PROJECT-V250481,SPONSOR-UARS5,Active,2022-05-01,2026-07-30,300414.00,300414.00,Banner Grant Listing Report,Y,,
AP6391,AP6391,,V220846,PROJECT-V220846,SPONSOR-BAYCRO,Active,2022-08-15,2023-08-31,2453.00,2453.00,Banner Grant Listing Report,Y,,
AP6396,AP6396,,V220039,PROJECT-V220039,SPONSOR-IDABAR,Active,2022-07-01,2023-06-30,5000.00,15000.00,Banner Grant Listing Report,Y,,
AP6413,AP6413,,V211168,PROJECT-V211168,SPONSOR-USADRY,Active,2022-07-01,2023-12-31,26886.00,26886.00,Banner Grant Listing Report,Y,,
AP6420,AP6420,,V220161,PROJECT-V220161,SPONSOR-IEOOC,Active,2022-07-01,2023-06-30,8083.91,10940.00,Banner Grant Listing Report,Y,,
AP6424,AP6424,,V220491,PROJECT-V220491,SPONSOR-CORAGR,Active,2022-04-04,2022-12-31,7721.20,7721.20,Banner Grant Listing Report,Y,,
AP6476,AP6476,,V220325,PROJECT-V220325,SPONSOR-UARS5,Active,2022-09-01,2026-08-31,189419.00,189419.00,Banner Grant Listing Report,Y,,
AP6476C,AP6476C,,V220325,PROJECT-V220325,SPONSOR-UARS5,Active,2022-09-01,2026-08-31,23866.28,23866.28,Banner Grant Listing Report,Y,,
AP6477,AP6477,,V220330,PROJECT-V220330,SPONSOR-UARS5,Active,2022-09-01,2025-12-31,139721.50,209106.00,Banner Grant Listing Report,Y,,
AP6477C,AP6477C,,V220330,PROJECT-V220330,SPONSOR-UARS5,Active,2022-09-01,2025-12-31,14361.58,25189.79,Banner Grant Listing Report,Y,,
AP6499C,AP6499C,,V230183,PROJECT-V230183,SPONSOR-UARS5,Active,2022-07-24,2024-07-23,6758.00,6758.00,Banner Grant Listing Report,Y,,
AP6500,AP6500,,V220413,PROJECT-V220413,SPONSOR-USDANRCS,Active,2022-08-18,2026-09-30,48506.00,48506.00,Banner Grant Listing Report,Y,,
AP6500C,AP6500C,,V220413,PROJECT-V220413,SPONSOR-USDANRCS,Active,2022-08-18,2026-09-30,28945.66,30868.00,Banner Grant Listing Report,Y,,
AP6546,AP6546,,V240430,PROJECT-V240430,SPONSOR-UARS5,Active,2022-09-01,2027-05-31,427226.00,969930.00,Banner Grant Listing Report,Y,,
AP6546C,AP6546C,,V240430,PROJECT-V240430,SPONSOR-UARS5,Active,2022-09-01,2027-05-31,61920.49,156687.00,Banner Grant Listing Report,Y,,
AP6559,AP6559,,V250717,PROJECT-V250717,SPONSOR-UARS5,Active,2022-09-01,2026-10-01,165080.00,165080.00,Banner Grant Listing Report,Y,,
AP6559C,AP6559C,,V250717,PROJECT-V250717,SPONSOR-UARS5,Active,2022-09-01,2026-10-01,11475.82,23441.00,Banner Grant Listing Report,Y,,
AP6575,AP6575,,V211166,PROJECT-V211166,SPONSOR-USADRY,Active,2022-07-01,2023-06-30,8251.00,8251.00,Banner Grant Listing Report,Y,,
AP6590,AP6590,,V210728,PROJECT-V210728,SPONSOR-COLSTA1,Active,2022-03-15,2026-03-14,10814.00,10814.00,Banner Grant Listing Report,Y,,
AP6591,AP6591,,V211208,PROJECT-V211208,SPONSOR-IDABAR,Active,2022-07-01,2023-06-30,29000.00,32000.00,Banner Grant Listing Report,Y,,
AP6620,AP6620,,V220868,PROJECT-V220868,SPONSOR-UARS5,Active,2022-09-01,2026-08-31,86000.00,86000.00,Banner Grant Listing Report,Y,,
AP6620C,AP6620C,,V220868,PROJECT-V220868,SPONSOR-UARS5,Active,2022-09-01,2026-08-31,12900.00,12900.00,Banner Grant Listing Report,Y,,
AP6721,AP6721,,V220785,PROJECT-V220785,SPONSOR-POTUSA,Active,2022-07-01,2023-06-30,32000.00,32000.00,Banner Grant Listing Report,Y,,
AP6730,AP6730,,V220224,PROJECT-V220224,SPONSOR-AMEMAL,Active,2022-07-01,2023-06-30,4500.00,4500.00,Banner Grant Listing Report,Y,,
AP6731,AP6731,,V220944,PROJECT-V220944,SPONSOR-USADRY,Active,2022-07-01,2023-12-31,32000.00,32000.00,Banner Grant Listing Report,Y,,
AP6757,AP6757,,V221069,PROJECT-V221069,SPONSOR-WEESCI,Active,2022-12-01,2024-11-30,3854.00,3854.00,Banner Grant Listing Report,Y,,
AP6796,AP6796,,V220287,PROJECT-V220287,SPONSOR-IDABEA1,Active,2022-10-27,2025-06-30,81785.00,101583.00,Banner Grant Listing Report,Y,,
AP6860,AP6860,,V220253,PROJECT-V220253,SPONSOR-IDANUR,Active,2022-11-09,2025-06-30,135701.00,135701.00,Banner Grant Listing Report,Y,,
AP6877,AP6877,,V210751,PROJECT-V210751,SPONSOR-GENLLC,Active,2022-06-01,2026-05-31,77500.00,77500.00,Banner Grant Listing Report,Y,,
AP6892,AP6892,,V220998,PROJECT-V220998,SPONSOR-NATALF1,Active,2023-03-01,2025-09-30,24771.00,48549.00,Banner Grant Listing Report,Y,,
AP6916,AP6916,,V230015,PROJECT-V230015,SPONSOR-UARS5,Active,2023-03-31,2027-03-30,37286.00,37286.00,Banner Grant Listing Report,Y,,
AP6916C,AP6916C,,V230015,PROJECT-V230015,SPONSOR-UARS5,Active,2023-03-31,2027-03-30,0.00,5182.00,Banner Grant Listing Report,Y,,
AP6932,AP6932,,V220157,PROJECT-V220157,SPONSOR-USBLM,Active,2023-03-15,2026-03-14,49300.60,49300.60,Banner Grant Listing Report,Y,,
AP6988,AP6988,,V221076,PROJECT-V221076,SPONSOR-SNARIV45,Active,2023-04-01,2024-03-31,19880.00,19880.00,Banner Grant Listing Report,Y,,
AP7002,AP7002,,V211177,PROJECT-V211177,SPONSOR-SNARIV45,Active,2023-04-01,2024-03-31,5963.00,5963.00,Banner Grant Listing Report,Y,,
AP7003,AP7003,,V211178,PROJECT-V211178,SPONSOR-SNARIV45,Active,2023-04-01,2024-03-31,5964.00,5964.00,Banner Grant Listing Report,Y,,
AP7004,AP7004,,V220111,PROJECT-V220111,SPONSOR-SNARIV45,Active,2023-04-01,2024-03-31,9597.00,9597.00,Banner Grant Listing Report,Y,,
AP7067,AP7067,,V221121,PROJECT-V221121,SPONSOR-IDAWHE,Active,2023-07-01,2024-06-30,44323.00,93850.00,Banner Grant Listing Report,Y,,
AP7072,AP7072,,V221095,PROJECT-V221095,SPONSOR-IDAWHE,Active,2023-07-01,2024-06-30,124521.00,124521.00,Banner Grant Listing Report,Y,,
AP7073,AP7073,,V221042,PROJECT-V221042,SPONSOR-IDAWHE,Active,2023-07-01,2024-06-30,45624.00,45624.00,Banner Grant Listing Report,Y,,
AP7074,AP7074,,V221097,PROJECT-V221097,SPONSOR-IDAWHE,Active,2023-07-01,2024-06-30,33487.00,33487.00,Banner Grant Listing Report,Y,,
AP7076,AP7076,,V221099,PROJECT-V221099,SPONSOR-IDAWHE,Active,2023-07-01,2024-06-30,29415.00,29415.00,Banner Grant Listing Report,Y,,
AP7077,AP7077,,V221096,PROJECT-V221096,SPONSOR-IDAWHE,Active,2023-07-01,2024-06-30,33090.00,33090.00,Banner Grant Listing Report,Y,,
AP7079,AP7079,,V221118,PROJECT-V221118,SPONSOR-IDAWHE,Active,2023-07-01,2024-06-30,7965.00,12114.00,Banner Grant Listing Report,Y,,
AP7107,AP7107,,V230115,PROJECT-V230115,SPONSOR-IDAOIL,Active,2023-07-01,2024-06-30,22094.00,22094.00,Banner Grant Listing Report,Y,,
AP7133,AP7133,,V221061,PROJECT-V221061,SPONSOR-IDAPOT5,Active,2023-07-01,2024-07-31,15000.00,30000.00,Banner Grant Listing Report,Y,,
AP7146,AP7146,,V221062,PROJECT-V221062,SPONSOR-IDAPOT5,Active,2023-07-01,2024-07-31,37227.00,41447.00,Banner Grant Listing Report,Y,,
AP7148,AP7148,,V221058,PROJECT-V221058,SPONSOR-IDAPOT5,Active,2023-07-01,2024-07-31,9807.00,14968.00,Banner Grant Listing Report,Y,,
AP7155,AP7155,,V221071,PROJECT-V221071,SPONSOR-IDAPOT5,Active,2023-07-01,2024-07-31,14330.00,19450.00,Banner Grant Listing Report,Y,,
AP7157,AP7157,,V221036,PROJECT-V221036,SPONSOR-IDAPOT5,Active,2023-07-01,2024-07-31,35135.00,42470.00,Banner Grant Listing Report,Y,,
AP7159,AP7159,,V221040,PROJECT-V221040,SPONSOR-IDAPOT5,Active,2023-07-01,2024-07-31,34274.00,41309.00,Banner Grant Listing Report,Y,,
AP7161,AP7161,,V221074,PROJECT-V221074,SPONSOR-IDAPOT5,Active,2023-07-01,2024-07-31,36142.00,61506.00,Banner Grant Listing Report,Y,,
AP7168,AP7168,,V230307,PROJECT-V230307,SPONSOR-SYNSEE,Active,2023-04-04,2024-04-03,5449.00,10085.40,Banner Grant Listing Report,Y,,
AP7189,AP7189,,V220986,PROJECT-V220986,SPONSOR-MONSTA1,Active,2023-04-01,2025-03-31,30000.00,30000.00,Banner Grant Listing Report,Y,,
AP7198,AP7198,,V221122,PROJECT-V221122,SPONSOR-IDABAR,Active,2023-07-01,2024-06-30,17484.00,25704.00,Banner Grant Listing Report,Y,,
AP7211,AP7211,,V230029,PROJECT-V230029,SPONSOR-IDABAR,Active,2023-07-01,2024-06-30,25316.00,25316.00,Banner Grant Listing Report,Y,,
AP7216,AP7216,,V221127,PROJECT-V221127,SPONSOR-IDABAR,Active,2023-07-01,2024-06-30,22490.00,22490.00,Banner Grant Listing Report,Y,,
AP7217,AP7217,,V221128,PROJECT-V221128,SPONSOR-IDABAR,Active,2023-07-01,2025-06-30,25004.00,25004.00,Banner Grant Listing Report,Y,,
AP7258,AP7258,,V230512,PROJECT-V230512,SPONSOR-IDAOIL,Active,2023-07-01,2024-06-30,10000.00,10000.00,Banner Grant Listing Report,Y,,
AP7303,AP7303,,V230121,PROJECT-V230121,SPONSOR-IEOOC,Active,2023-07-01,2024-06-30,11322.00,11322.00,Banner Grant Listing Report,Y,,
AP7315,AP7315,,V230584,PROJECT-V230584,SPONSOR-POTUSA,Active,2023-07-01,2024-06-30,32700.00,32700.00,Banner Grant Listing Report,Y,,
AP7317,AP7317,,V230500,PROJECT-V230500,SPONSOR-MCCFOO1,Active,2023-09-01,2025-08-31,60804.00,85169.00,Banner Grant Listing Report,Y,,
AP7343,AP7343,,V230582,PROJECT-V230582,SPONSOR-CORAGR,Active,2023-04-01,2023-12-31,6000.00,6000.00,Banner Grant Listing Report,Y,,
AP7383,AP7383,,V230220,PROJECT-V230220,SPONSOR-AMEMAL,Active,2023-07-01,2024-06-30,4500.00,4500.00,Banner Grant Listing Report,Y,,
AP7390,AP7390,,V221075,PROJECT-V221075,SPONSOR-IDAPOT5,Active,2023-07-01,2024-07-31,34182.00,63494.00,Banner Grant Listing Report,Y,,
AP7422,AP7422,,V240722,PROJECT-V240722,SPONSOR-UARS5,Active,2023-08-01,2026-07-31,5300.00,5300.00,Banner Grant Listing Report,Y,,
AP7422C,AP7422C,,V240722,PROJECT-V240722,SPONSOR-UARS5,Active,2023-08-01,2026-07-31,567.40,668.00,Banner Grant Listing Report,Y,,
AP7424,AP7424,,V230164,PROJECT-V230164,SPONSOR-UARS5,Active,2023-07-01,2025-06-30,22914.00,38288.00,Banner Grant Listing Report,Y,,
AP7424C,AP7424C,,V230164,PROJECT-V230164,SPONSOR-UARS5,Active,2023-07-01,2025-06-30,3184.16,5322.00,Banner Grant Listing Report,Y,,
AP7428,AP7428,,V220417,PROJECT-V220417,SPONSOR-ORESTA3,Active,2023-04-27,2025-10-14,549975.00,549975.00,Banner Grant Listing Report,Y,,
AP7449,AP7449,,V221012,PROJECT-V221012,SPONSOR-USADRY,Active,2023-07-01,2024-06-30,53360.25,53360.25,Banner Grant Listing Report,Y,,
AP7484,AP7484,,V230847,PROJECT-V230847,SPONSOR-BAYCRO,Active,2023-08-15,2024-12-31,2930.00,2930.00,Banner Grant Listing Report,Y,,
AP7502,AP7502,,V220893,PROJECT-V220893,SPONSOR-MONSTA1,Active,2023-09-01,2026-08-31,75000.00,75000.00,Banner Grant Listing Report,Y,,
AP7559,AP7559,,V221007,PROJECT-V221007,SPONSOR-USADRY,Active,2023-07-01,2025-06-30,11223.00,11223.00,Banner Grant Listing Report,Y,,
AP7565,AP7565,,V230415,PROJECT-V230415,SPONSOR-NEBUNI,Active,2023-09-01,2025-05-31,59834.00,59834.00,Banner Grant Listing Report,Y,,
AP7612,AP7612,,V230581,PROJECT-V230581,SPONSOR-STASMI,Active,2024-01-01,2024-12-31,20089.00,20089.00,Banner Grant Listing Report,Y,,
AP7616,AP7616,,V230399,PROJECT-V230399,SPONSOR-WASSTA12,Active,2023-09-01,2025-08-31,816320.00,816316.00,Banner Grant Listing Report,Y,,
AP7674,AP7674,,V230187,PROJECT-V230187,SPONSOR-IDAOIL,Active,2023-11-01,2026-06-30,183084.00,183084.00,Banner Grant Listing Report,Y,,
AP7688,AP7688,,V230767,PROJECT-V230767,SPONSOR-WEESCI,Active,2024-01-01,2025-12-31,47080.00,47080.00,Banner Grant Listing Report,Y,,
AP7762,AP7762,,V231037,PROJECT-V231037,SPONSOR-SNARIV45,Active,2024-04-01,2026-03-31,19634.00,19634.00,Banner Grant Listing Report,Y,,
AP7766,AP7766,,V231036,PROJECT-V231036,SPONSOR-SNARIV45,Active,2024-04-01,2026-03-31,22504.00,22504.00,Banner Grant Listing Report,Y,,
AP7854,AP7854,,V231013,PROJECT-V231013,SPONSOR-IDAPOT5,Active,2024-07-01,2025-07-31,21909.00,21909.00,Banner Grant Listing Report,Y,,
AP7857,AP7857,,V230995,PROJECT-V230995,SPONSOR-IDAPOT5,Active,2024-07-01,2025-12-31,26690.00,34005.00,Banner Grant Listing Report,Y,,
AP7875,AP7875,,V230661,PROJECT-V230661,SPONSOR-NIFA,Active,2024-06-01,2027-05-31,298928.00,298928.00,Banner Grant Listing Report,Y,,
AP7892,AP7892,,V231016,PROJECT-V231016,SPONSOR-IDAPOT5,Active,2024-07-01,2025-07-31,34178.00,63490.00,Banner Grant Listing Report,Y,,
AP7902,AP7902,,V240465,PROJECT-V240465,SPONSOR-IDAPOT5,Active,2024-07-01,2025-07-31,34025.00,34025.00,Banner Grant Listing Report,Y,,
AP7905,AP7905,,V231024,PROJECT-V231024,SPONSOR-IDAPOT5,Active,2024-07-01,2025-07-31,15000.00,30000.00,Banner Grant Listing Report,Y,,
AP7914,AP7914,,V231026,PROJECT-V231026,SPONSOR-IDAPOT5,Active,2024-07-01,2025-07-31,37530.00,41750.00,Banner Grant Listing Report,Y,,
AP7916,AP7916,,V230989,PROJECT-V230989,SPONSOR-IDAPOT5,Active,2024-07-01,2025-12-31,30045.00,37360.00,Banner Grant Listing Report,Y,,
AP7921,AP7921,,V240374,PROJECT-V240374,SPONSOR-IDAPOT5,Active,2024-07-01,2025-07-31,17351.00,22487.00,Banner Grant Listing Report,Y,,
AP7923,AP7923,,V231025,PROJECT-V231025,SPONSOR-IDAPOT5,Active,2024-07-01,2025-07-31,9807.00,14968.00,Banner Grant Listing Report,Y,,
AP7932,AP7932,,V231061,PROJECT-V231061,SPONSOR-IDAWHE,Active,2024-07-01,2025-06-30,22473.00,22473.00,Banner Grant Listing Report,Y,,
AP7933,AP7933,,V230687,PROJECT-V230687,SPONSOR-NIFA,Active,2024-07-01,2026-06-30,249349.00,300000.00,Banner Grant Listing Report,Y,,
AP7937,AP7937,,V231112,PROJECT-V231112,SPONSOR-IDAWHE,Active,2024-07-01,2025-06-30,18717.00,26701.00,Banner Grant Listing Report,Y,,
AP7940,AP7940,,V240006,PROJECT-V240006,SPONSOR-IDAWHE,Active,2024-07-01,2025-06-30,161667.00,161667.00,Banner Grant Listing Report,Y,,
AP7941,AP7941,,V240033,PROJECT-V240033,SPONSOR-IDAWHE,Active,2024-07-01,2025-06-30,176101.00,176101.00,Banner Grant Listing Report,Y,,
AP7942,AP7942,,V230109,PROJECT-V230109,SPONSOR-NORCAR,Active,2023-04-15,2025-12-31,10000.00,10000.00,Banner Grant Listing Report,Y,,
AP7946,AP7946,,V240062,PROJECT-V240062,SPONSOR-IEOOC,Active,2024-07-01,2025-06-30,10936.00,10936.00,Banner Grant Listing Report,Y,,
AP7948,AP7948,,V231009,PROJECT-V231009,SPONSOR-IDAPOT5,Active,2024-07-01,2025-07-31,36143.00,61508.00,Banner Grant Listing Report,Y,,
AP7950,AP7950,,V240012,PROJECT-V240012,SPONSOR-IDABAR,Active,2024-07-01,2025-06-30,12542.00,12542.00,Banner Grant Listing Report,Y,,
AP7951,AP7951,,V240013,PROJECT-V240013,SPONSOR-IDABAR,Active,2024-07-01,2025-06-30,10600.00,10600.00,Banner Grant Listing Report,Y,,
AP7953,AP7953,,V231059,PROJECT-V231059,SPONSOR-IDABAR,Active,2024-07-01,2025-06-30,25591.00,25591.00,Banner Grant Listing Report,Y,,
AP7954,AP7954,,V231062,PROJECT-V231062,SPONSOR-IDABAR,Active,2024-07-01,2025-06-30,24600.00,24600.00,Banner Grant Listing Report,Y,,
AP7955,AP7955,,V240001,PROJECT-V240001,SPONSOR-IDAWHE,Active,2024-07-01,2025-06-30,21978.00,29978.00,Banner Grant Listing Report,Y,,
AP7958,AP7958,,V231064,PROJECT-V231064,SPONSOR-IDAWHE,Active,2024-07-01,2025-06-30,132188.00,132188.00,Banner Grant Listing Report,Y,,
AP7959,AP7959,,V240048,PROJECT-V240048,SPONSOR-IDAWHE,Active,2024-07-01,2025-06-30,33595.00,33595.00,Banner Grant Listing Report,Y,,
AP7960,AP7960,,V240034,PROJECT-V240034,SPONSOR-IDAWHE,Active,2024-07-01,2025-06-30,7965.00,12249.00,Banner Grant Listing Report,Y,,
AP7962,AP7962,,V240045,PROJECT-V240045,SPONSOR-IDAWHE,Active,2024-07-01,2025-06-30,24422.00,24422.00,Banner Grant Listing Report,Y,,
AP8005,AP8005,,V240043,PROJECT-V240043,SPONSOR-IDAWHE,Active,2024-07-01,2025-06-30,29809.00,29809.00,Banner Grant Listing Report,Y,,
AP8016,AP8016,,V240025,PROJECT-V240025,SPONSOR-IDAWHE,Active,2024-07-01,2025-06-30,44689.00,44689.00,Banner Grant Listing Report,Y,,
AP8018,AP8018,,V231121,PROJECT-V231121,SPONSOR-IDAWHE,Active,2024-07-01,2025-12-31,19629.00,19629.00,Banner Grant Listing Report,Y,,
AP8021,AP8021,,V231119,PROJECT-V231119,SPONSOR-IDABAR,Active,2024-07-01,2025-06-30,4500.00,4500.00,Banner Grant Listing Report,Y,,
AP8022,AP8022,,V231118,PROJECT-V231118,SPONSOR-IDABAR,Active,2024-07-01,2025-06-30,13650.00,13650.00,Banner Grant Listing Report,Y,,
AP8023,AP8023,,V240042,PROJECT-V240042,SPONSOR-IDAWHE,Active,2024-07-01,2025-06-30,46330.00,96975.00,Banner Grant Listing Report,Y,,
AP8026,AP8026,,V240046,PROJECT-V240046,SPONSOR-IDABAR,Active,2024-07-01,2025-06-30,14905.00,14905.00,Banner Grant Listing Report,Y,,
AP8027,AP8027,,V240047,PROJECT-V240047,SPONSOR-IDABAR,Active,2024-07-01,2025-06-30,1500.00,1500.00,Banner Grant Listing Report,Y,,
AP8028,AP8028,,V240065,PROJECT-V240065,SPONSOR-IDABAR,Active,2024-07-01,2025-06-30,14408.00,20500.00,Banner Grant Listing Report,Y,,
AP8031,AP8031,,V240075,PROJECT-V240075,SPONSOR-IDABAR,Active,2024-07-01,2025-06-30,10087.00,10087.00,Banner Grant Listing Report,Y,,
AP8032,AP8032,,V240092,PROJECT-V240092,SPONSOR-IDABAR,Active,2024-07-01,2025-06-30,9879.00,9879.00,Banner Grant Listing Report,Y,,
AP8061,AP8061,,V240076,PROJECT-V240076,SPONSOR-IDAOIL,Active,2024-04-01,2026-04-30,26071.38,45816.38,Banner Grant Listing Report,Y,,
AP8079,AP8079,,V230913,PROJECT-V230913,SPONSOR-IDAWHE,Active,2024-07-01,2025-06-30,15500.00,15500.00,Banner Grant Listing Report,Y,,
AP8079C,AP8079C,,V230913,PROJECT-V230913,SPONSOR-IDAWHE,Active,2024-07-01,2025-06-30,9406.24,9406.24,Banner Grant Listing Report,Y,,
AP8103,AP8103,,V230889,PROJECT-V230889,SPONSOR-WASOIL,Active,2024-05-01,2025-09-30,8589.00,19893.00,Banner Grant Listing Report,Y,,
AP8114,AP8114,,V240570,PROJECT-V240570,SPONSOR-UCAL2,Active,2023-08-01,2026-03-31,33333.00,33333.00,Banner Grant Listing Report,Y,,
AP8134,AP8134,,V240479,PROJECT-V240479,SPONSOR-IDAWHE,Active,2024-07-07,2025-06-30,16476.00,16476.00,Banner Grant Listing Report,Y,,
AP8138,AP8138,,V230365,PROJECT-V230365,SPONSOR-NIFA,Active,2024-09-01,2026-08-31,269375.28,299296.00,Banner Grant Listing Report,Y,,
AP8139,AP8139,,V231014,PROJECT-V231014,SPONSOR-USBLM,Active,2024-07-19,2027-07-18,48355.09,48355.09,Banner Grant Listing Report,Y,,
AP8165,AP8165,,V240689,PROJECT-V240689,SPONSOR-CORAGR,Active,2024-07-31,2025-06-30,8450.00,8450.00,Banner Grant Listing Report,Y,,
AP8172,AP8172,,V240550,PROJECT-V240550,SPONSOR-POTUSA,Active,2024-07-15,2025-06-30,36000.00,36000.00,Banner Grant Listing Report,Y,,
AP8177,AP8177,,V240685,PROJECT-V240685,SPONSOR-USDFOR,Active,2024-09-05,2029-08-31,55792.62,55792.62,Banner Grant Listing Report,Y,,
AP8177C,AP8177C,,V240685,PROJECT-V240685,SPONSOR-USDFOR,Active,2024-09-05,2029-08-31,15388.25,15388.25,Banner Grant Listing Report,Y,,
AP8189,AP8189,,V240656,PROJECT-V240656,SPONSOR-UARS5,Active,2024-09-01,2027-08-31,83518.00,83518.00,Banner Grant Listing Report,Y,,
AP8189C,AP8189C,,V240656,PROJECT-V240656,SPONSOR-UARS5,Active,2024-09-01,2027-08-31,10524.00,10524.00,Banner Grant Listing Report,Y,,
AP8192,AP8192,,V230986,PROJECT-V230986,SPONSOR-USADRY,Active,2024-07-01,2025-12-31,73176.00,73176.00,Banner Grant Listing Report,Y,,
AP8193,AP8193,,V240519,PROJECT-V240519,SPONSOR-USNPS,Active,2024-08-02,2027-06-30,99951.05,99951.05,Banner Grant Listing Report,Y,,
AP8212,AP8212,,V240525,PROJECT-V240525,SPONSOR-UARS5,Active,2024-09-01,2026-08-31,33185.00,33185.00,Banner Grant Listing Report,Y,,
AP8212C,AP8212C,,V240525,PROJECT-V240525,SPONSOR-UARS5,Active,2024-09-01,2026-08-31,4613.00,4613.00,Banner Grant Listing Report,Y,,
AP8223,AP8223,,V240701,PROJECT-V240701,SPONSOR-UARS5,Active,2024-07-01,2026-09-15,31000.00,31000.00,Banner Grant Listing Report,Y,,
AP8223C,AP8223C,,V240701,PROJECT-V240701,SPONSOR-UARS5,Active,2024-07-01,2026-09-15,4309.00,4309.00,Banner Grant Listing Report,Y,,
AP8230,AP8230,,V240614,PROJECT-V240614,SPONSOR-USADRY,Active,2024-07-01,2025-06-30,4479.00,4479.00,Banner Grant Listing Report,Y,,
AP8231,AP8231,,V240683,PROJECT-V240683,SPONSOR-MCCFOO1,Active,2024-09-01,2026-07-31,54619.00,72102.00,Banner Grant Listing Report,Y,,
AP8262,AP8262,,V240802,PROJECT-V240802,SPONSOR-BAYCRO,Active,2024-09-01,2025-12-31,2299.80,2299.80,Banner Grant Listing Report,Y,,
AP8314,AP8314,,V240026,PROJECT-V240026,SPONSOR-IDAAGR,Active,2024-10-23,2027-06-30,100000.00,100000.00,Banner Grant Listing Report,Y,,
AP8331,AP8331,,V240581,PROJECT-V240581,SPONSOR-UCAL2,Active,2022-08-01,2026-03-31,33333.00,33333.00,Banner Grant Listing Report,Y,,
AP8397,AP8397,,V240044,PROJECT-V240044,SPONSOR-IDAWHE,Active,2024-07-01,2025-06-30,2500.00,2500.00,Banner Grant Listing Report,Y,,
AP8499,AP8499,,V230811,PROJECT-V230811,SPONSOR-IDAAGR,Active,2024-12-09,2025-12-31,15842.00,15842.00,Banner Grant Listing Report,Y,,
AP8542,AP8542,,V240986,PROJECT-V240986,SPONSOR-SNARIV45,Active,2025-04-01,2027-03-31,9942.00,9942.00,Banner Grant Listing Report,Y,,
AP8587,AP8587,,V240962,PROJECT-V240962,SPONSOR-IDAMIN2,Active,2025-03-01,2026-02-28,10878.00,10878.00,Banner Grant Listing Report,Y,,
AP8591,AP8591,,V241069,PROJECT-V241069,SPONSOR-IDAWHE,Active,2025-07-01,2026-06-30,2500.00,2500.00,Banner Grant Listing Report,Y,,
AP8594,AP8594,,V250002,PROJECT-V250002,SPONSOR-IDAWHE,Active,2025-07-01,2026-06-30,185000.00,185000.00,Banner Grant Listing Report,Y,,
AP8609,AP8609,,V241029,PROJECT-V241029,SPONSOR-IDABAR,Active,2025-07-01,2026-06-30,26245.00,26245.00,Banner Grant Listing Report,Y,,
AP8626,AP8626,,V241071,PROJECT-V241071,SPONSOR-IDABAR,Active,2025-07-01,2026-06-30,1500.00,1500.00,Banner Grant Listing Report,Y,,
AP8627,AP8627,,V241078,PROJECT-V241078,SPONSOR-IDABAR,Active,2025-07-01,2026-06-30,18628.00,27325.00,Banner Grant Listing Report,Y,,
AP8629,AP8629,,V241085,PROJECT-V241085,SPONSOR-IDABAR,Active,2025-07-01,2026-06-30,10000.00,10000.00,Banner Grant Listing Report,Y,,
AP8630,AP8630,,V241090,PROJECT-V241090,SPONSOR-IDABAR,Active,2025-07-01,2026-06-30,15445.00,15445.00,Banner Grant Listing Report,Y,,
AP8631,AP8631,,V241091,PROJECT-V241091,SPONSOR-IDABAR,Active,2025-07-01,2026-06-30,4500.00,4500.00,Banner Grant Listing Report,Y,,
AP8635,AP8635,,V240987,PROJECT-V240987,SPONSOR-IDAPOT5,Active,2025-07-01,2026-07-31,12228.00,12228.00,Banner Grant Listing Report,Y,,
AP8637,AP8637,,V240992,PROJECT-V240992,SPONSOR-IDAPOT5,Active,2025-07-01,2026-07-31,10005.00,10005.00,Banner Grant Listing Report,Y,,
AP8649,AP8649,,V240913,PROJECT-V240913,SPONSOR-IDAPOT5,Active,2025-07-01,2026-07-31,27685.00,35504.00,Banner Grant Listing Report,Y,,
AP8651,AP8651,,V240958,PROJECT-V240958,SPONSOR-IDAPOT5,Active,2025-07-01,2026-07-31,36143.00,76510.00,Banner Grant Listing Report,Y,,
AP8652,AP8652,,V240959,PROJECT-V240959,SPONSOR-IDAPOT5,Active,2025-07-01,2026-07-31,33755.00,63490.00,Banner Grant Listing Report,Y,,
AP8656,AP8656,,V240973,PROJECT-V240973,SPONSOR-IDAPOT5,Active,2025-07-01,2026-07-31,15000.00,30000.00,Banner Grant Listing Report,Y,,
AP8683,AP8683,,V241061,PROJECT-V241061,SPONSOR-IDAWHE,Active,2025-07-01,2026-06-30,162595.00,162595.00,Banner Grant Listing Report,Y,,
AP8685,AP8685,,V240980,PROJECT-V240980,SPONSOR-IDAWHE,Active,2025-07-01,2026-06-30,141301.00,141301.00,Banner Grant Listing Report,Y,,
AP8686,AP8686,,V241070,PROJECT-V241070,SPONSOR-IDAWHE,Active,2025-07-01,2026-06-30,26714.00,26714.00,Banner Grant Listing Report,Y,,
AP8688,AP8688,,V241072,PROJECT-V241072,SPONSOR-IDAWHE,Active,2025-07-01,2026-06-30,18590.00,22930.00,Banner Grant Listing Report,Y,,
AP8690,AP8690,,V241074,PROJECT-V241074,SPONSOR-IDAWHE,Active,2025-07-01,2026-06-30,46223.00,46223.00,Banner Grant Listing Report,Y,,
AP8695,AP8695,,V241082,PROJECT-V241082,SPONSOR-IDAWHE,Active,2025-07-01,2026-06-30,32893.00,32893.00,Banner Grant Listing Report,Y,,
AP8696,AP8696,,V241062,PROJECT-V241062,SPONSOR-IDAWHE,Active,2025-07-01,2026-06-30,48188.00,101212.00,Banner Grant Listing Report,Y,,
AP8736,AP8736,,V240575,PROJECT-V240575,SPONSOR-NIFA,Active,2025-07-15,2027-07-14,31497.00,31497.00,Banner Grant Listing Report,Y,,
AP8752,AP8752,,V240937,PROJECT-V240937,SPONSOR-NSF,Active,2025-08-15,2028-07-31,695380.00,695380.00,Banner Grant Listing Report,Y,,
AP8775,AP8775,,V241030,PROJECT-V241030,SPONSOR-IDABAR,Active,2025-07-01,2026-06-30,25745.00,25745.00,Banner Grant Listing Report,Y,,
AP8776,AP8776,,V241049,PROJECT-V241049,SPONSOR-IDABAR,Active,2025-07-01,2026-06-30,28417.00,28417.00,Banner Grant Listing Report,Y,,
AP8779,AP8779,,V241083,PROJECT-V241083,SPONSOR-IDABAR,Active,2025-07-01,2026-06-30,26714.00,26714.00,Banner Grant Listing Report,Y,,
AP8810,AP8810,,V250559,PROJECT-V250559,SPONSOR-UARS5,Active,2025-09-01,2026-08-31,61578.00,74800.00,Banner Grant Listing Report,Y,,
AP8825,AP8825,,V250149,PROJECT-V250149,SPONSOR-UARS5,Active,2025-08-01,2027-07-31,125920.00,308792.00,Banner Grant Listing Report,Y,,
AP8835,AP8835,,V240974,PROJECT-V240974,SPONSOR-USADRY,Active,2025-07-01,2026-06-30,74879.00,74879.00,Banner Grant Listing Report,Y,,
AP8873,AP8873,,V250349,PROJECT-V250349,SPONSOR-MCCFOO1,Active,2025-07-31,2026-09-30,55567.00,75275.00,Banner Grant Listing Report,Y,,
AP8877,AP8877,,V250198,PROJECT-V250198,SPONSOR-UARS5,Active,2025-09-01,2027-08-31,27790.00,27790.00,Banner Grant Listing Report,Y,,
AP8877C,AP8877C,,V250198,PROJECT-V250198,SPONSOR-UARS5,Active,2025-09-01,2027-08-31,3862.81,3862.81,Banner Grant Listing Report,Y,,
AP8907,AP8907,,V231039,PROJECT-V231039,SPONSOR-NIFA,Active,2025-09-15,2028-09-14,119669.00,325000.00,Banner Grant Listing Report,Y,,
AP8938,AP8938,,V250727,PROJECT-V250727,SPONSOR-WASOIL,Active,2025-07-01,2026-06-30,30083.00,30083.00,Banner Grant Listing Report,Y,,
AP8940,AP8940,,V250729,PROJECT-V250729,SPONSOR-WASOIL,Active,2025-07-01,2026-06-30,8676.48,19979.00,Banner Grant Listing Report,Y,,
AP8996,AP8996,,V250448,PROJECT-V250448,SPONSOR-POTUSA,Active,2025-11-26,2026-06-30,34500.00,34500.00,Banner Grant Listing Report,Y,,
AP8998,AP8998,,V240259,PROJECT-V240259,SPONSOR-NIFA,Active,2025-09-15,2028-09-14,197142.00,751002.00,Banner Grant Listing Report,Y,,
AP9009,AP9009,,V250249,PROJECT-V250249,SPONSOR-WASSTA12,Active,2025-07-01,2026-06-30,2055.00,7715.00,Banner Grant Listing Report,Y,,
AP9044,AP9044,,V250943,PROJECT-V250943,SPONSOR-UARS5,Active,2025-09-01,2026-08-31,38792.00,38792.00,Banner Grant Listing Report,Y,,
AP9044C,AP9044C,,V250943,PROJECT-V250943,SPONSOR-UARS5,Active,2025-09-01,2026-08-31,5391.81,5391.81,Banner Grant Listing Report,Y,,
AP9048,AP9048,,V250493,PROJECT-V250493,SPONSOR-WASSTA12,Active,2025-09-30,2026-09-29,416171.00,423910.00,Banner Grant Listing Report,Y,,
AQ2907,AQ2907,,18667,PROJECT-18667,SPONSOR-NORCAR,Active,2018-08-01,2023-08-31,200033.00,548000.00,Banner Grant Listing Report,Y,,
AQ4023,AQ4023,,V19034,PROJECT-V19034,SPONSOR-NIFA,Active,2019-09-01,2024-08-31,286473.00,651833.00,Banner Grant Listing Report,Y,,
AQ5133,AQ5133,,V201012,PROJECT-V201012,SPONSOR-KANSTA,Active,2021-01-01,2021-09-30,26264.57,50000.00,Banner Grant Listing Report,Y,,
AQ5141,AQ5141,,V201281,PROJECT-V201281,SPONSOR-KANSTA,Active,2020-10-01,2021-09-30,118.94,3750.00,Banner Grant Listing Report,Y,,
AQ5580,AQ5580,,V210545,PROJECT-V210545,SPONSOR-IDHW7,Active,2021-07-15,2022-09-30,2000000.00,2000000.00,Banner Grant Listing Report,Y,,
AQ5600,AQ5600,,V210034,PROJECT-V210034,SPONSOR-IDALAB1,Active,2021-09-01,2022-08-31,358985.00,358985.00,Banner Grant Listing Report,Y,,
AQ5600P,AQ5600P,,V210034,PROJECT-V210034,SPONSOR-IDALAB1,Active,2021-09-01,2022-08-31,66512.00,66512.00,Banner Grant Listing Report,Y,,
AQ6134,AQ6134,,V210124,PROJECT-V210124,SPONSOR-NIFA,Active,2021-08-25,2026-04-15,653500.00,1314719.00,Banner Grant Listing Report,Y,,
AQ6389,AQ6389,,V220035,PROJECT-V220035,SPONSOR-IDALAB1,Active,2022-09-01,2023-08-31,465407.00,465407.00,Banner Grant Listing Report,Y,,
AQ6389B,AQ6389B,,V220035,PROJECT-V220035,SPONSOR-IDALAB1,Active,2022-09-01,2023-08-31,81637.00,81637.00,Banner Grant Listing Report,Y,,
AQ6389P,AQ6389P,,V220035,PROJECT-V220035,SPONSOR-IDALAB1,Active,2022-09-01,2023-08-31,37838.00,37838.00,Banner Grant Listing Report,Y,,
AQ6534,AQ6534,,V220608,PROJECT-V220608,SPONSOR-IDHW7,Active,2022-09-01,2023-09-30,689975.54,689975.54,Banner Grant Listing Report,Y,,
AQ6535,AQ6535,,V220601,PROJECT-V220601,SPONSOR-IDHW7,Active,2022-09-01,2023-09-30,1338180.48,1338180.48,Banner Grant Listing Report,Y,,
AQ6615,AQ6615,,V200818,PROJECT-V200818,SPONSOR-WASSTA12,Active,2022-09-01,2024-07-30,199993.00,199993.00,Banner Grant Listing Report,Y,,
AQ6624,AQ6624,,V220856,PROJECT-V220856,SPONSOR-ISDE1,Active,2022-09-30,2023-06-16,50400.00,50400.00,Banner Grant Listing Report,Y,,
AQ6812,AQ6812,,V220926,PROJECT-V220926,SPONSOR-NAT4H3,Active,2022-12-01,2023-12-01,15000.00,15000.00,Banner Grant Listing Report,Y,,
AQ7357,AQ7357,,V230064,PROJECT-V230064,SPONSOR-IDALAB1,Active,2023-09-01,2024-08-31,469976.00,469976.00,Banner Grant Listing Report,Y,,
AQ7357B,AQ7357B,,V230064,PROJECT-V230064,SPONSOR-IDALAB1,Active,2023-09-01,2024-08-31,77377.00,77377.00,Banner Grant Listing Report,Y,,
AQ7357P,AQ7357P,,V230064,PROJECT-V230064,SPONSOR-IDALAB1,Active,2023-09-01,2024-08-31,113959.46,113959.46,Banner Grant Listing Report,Y,,
AQ7420,AQ7420,,V230752,PROJECT-V230752,SPONSOR-ISDE1,Active,2023-09-17,2024-06-14,50400.00,50400.00,Banner Grant Listing Report,Y,,
AQ7629,AQ7629,,V230834,PROJECT-V230834,SPONSOR-KANSTA,Active,2024-01-01,2024-08-31,11000.00,11000.00,Banner Grant Listing Report,Y,,
AQ7716,AQ7716,,V230605,PROJECT-V230605,SPONSOR-IDAWOR,Active,2024-07-01,2027-06-30,761209.81,761209.81,Banner Grant Listing Report,Y,,
AQ7716C,AQ7716C,,V230605,PROJECT-V230605,SPONSOR-IDAWOR,Active,2024-07-01,2027-06-30,85000.00,338343.60,Banner Grant Listing Report,Y,,
AQ7716P,AQ7716P,,V230605,PROJECT-V230605,SPONSOR-IDAWOR,Active,2024-07-01,2027-06-30,500.00,500.00,Banner Grant Listing Report,Y,,
AQ7727,AQ7727,,V230914,PROJECT-V230914,SPONSOR-PURUNI,Active,2024-03-01,2024-08-17,180900.00,180900.00,Banner Grant Listing Report,Y,,
AQ7820,AQ7820,,V240208,PROJECT-V240208,SPONSOR-JANNUS,Active,2024-04-24,2024-09-30,20000.00,20000.00,Banner Grant Listing Report,Y,,
AQ7841,AQ7841,,V240279,PROJECT-V240279,SPONSOR-NAT4H3,Active,2024-03-25,2025-12-31,63000.00,63000.00,Banner Grant Listing Report,Y,,
AQ7842,AQ7842,,V240204,PROJECT-V240204,SPONSOR-JANNUS,Active,2024-04-29,2024-09-30,3750.00,3750.00,Banner Grant Listing Report,Y,,
AQ8097,AQ8097,,V240572,PROJECT-V240572,SPONSOR-JANNUS,Active,2024-07-24,2025-12-31,80400.00,80400.00,Banner Grant Listing Report,Y,,
AQ8202,AQ8202,,V240197,PROJECT-V240197,SPONSOR-IDALAB1,Active,2024-09-01,2025-04-28,52575.00,52575.00,Banner Grant Listing Report,Y,,
AQ8202B,AQ8202B,,V240197,PROJECT-V240197,SPONSOR-IDALAB1,Active,2024-09-01,2025-04-28,16828.00,16828.00,Banner Grant Listing Report,Y,,
AQ8215,AQ8215,,V240425,PROJECT-V240425,SPONSOR-IDALAB1,Active,2024-09-01,2025-08-31,472217.00,472217.00,Banner Grant Listing Report,Y,,
AQ8215B,AQ8215B,,V240425,PROJECT-V240425,SPONSOR-IDALAB1,Active,2024-09-01,2025-08-31,62205.00,62205.00,Banner Grant Listing Report,Y,,
AQ8215P,AQ8215P,,V240425,PROJECT-V240425,SPONSOR-IDALAB1,Active,2024-09-01,2025-08-31,126856.50,126856.50,Banner Grant Listing Report,Y,,
AQ8709,AQ8709,,V240838,PROJECT-V240838,SPONSOR-NCSTUN,Active,2025-08-01,2028-02-14,216667.00,216667.00,Banner Grant Listing Report,Y,,
AQ8714,AQ8714,,V250408,PROJECT-V250408,SPONSOR-NAT4H4,Active,2025-06-23,2026-05-20,5000.00,5000.00,Banner Grant Listing Report,Y,,
AQ8821,AQ8821,,V250417,PROJECT-V250417,SPONSOR-IDALAB1,Active,2025-09-01,2026-08-31,590956.00,590956.00,Banner Grant Listing Report,Y,,
AQ8821P,AQ8821P,,V250417,PROJECT-V250417,SPONSOR-IDALAB1,Active,2025-09-01,2026-08-31,81831.47,81831.47,Banner Grant Listing Report,Y,,
AR1692,AR1692,,V240413,PROJECT-V240413,SPONSOR-IDHWDEQ3,Active,2017-03-20,2025-06-30,88131.05,88131.05,Banner Grant Listing Report,Y,,
AR1970,AR1970,,BRK758,PROJECT-BRK758,SPONSOR-NIFA,Active,2017-09-01,2022-08-31,371627.00,371627.00,Banner Grant Listing Report,Y,,
AR3320,AR3320,,19317,PROJECT-19317,SPONSOR-INDLAN,Active,2019-01-01,2022-09-30,40000.00,80000.00,Banner Grant Listing Report,Y,,
AR4031,AR4031,,V210675,PROJECT-V210675,SPONSOR-NIFA,Active,2019-09-01,2023-08-31,456860.00,646168.00,Banner Grant Listing Report,Y,,
AR4031C,AR4031C,,V210675,PROJECT-V210675,SPONSOR-NIFA,Active,2019-09-01,2023-08-31,58014.00,114215.00,Banner Grant Listing Report,Y,,
AR4031P,AR4031P,,V210675,PROJECT-V210675,SPONSOR-NIFA,Active,2019-09-01,2023-08-31,8567.64,8567.67,Banner Grant Listing Report,Y,,
AR5031,AR5031,,V240305,PROJECT-V240305,SPONSOR-KOOCOU4,Active,2020-10-01,2026-09-30,182242.43,785151.00,Banner Grant Listing Report,Y,,
AR5348,AR5348,,V210150,PROJECT-V210150,SPONSOR-INDLAN,Active,2021-03-01,2023-09-01,15000.00,30000.00,Banner Grant Listing Report,Y,,
AR5564,AR5564,,17422-R,PROJECT-17422-R,SPONSOR-ISDE7,Active,2021-07-01,2022-06-30,106879.00,106879.00,Banner Grant Listing Report,Y,,
AR5584,AR5584,,V210653,PROJECT-V210653,SPONSOR-IDHW7,Active,2021-06-01,2022-09-30,1000000.00,1000000.00,Banner Grant Listing Report,Y,,
AR5616,AR5616,,V210627,PROJECT-V210627,SPONSOR-IDHW7,Active,2021-07-15,2022-09-30,100000.00,100000.00,Banner Grant Listing Report,Y,,
AR5658,AR5658,,V210628,PROJECT-V210628,SPONSOR-IDHW7,Active,2021-06-01,2022-09-30,76805.68,80000.00,Banner Grant Listing Report,Y,,
AR5766,AR5766,,V210777,PROJECT-V210777,SPONSOR-IDHW7,Active,2021-09-01,2022-09-30,60000.00,60000.00,Banner Grant Listing Report,Y,,
AR5897,AR5897,,V210526,PROJECT-V210526,SPONSOR-IDALAN,Active,2021-09-01,2024-08-31,56400.00,56400.00,Banner Grant Listing Report,Y,,
AR5968,AR5968,,V210954,PROJECT-V210954,SPONSOR-AMEFAR3,Active,2021-09-15,2023-08-31,1890.00,1890.00,Banner Grant Listing Report,Y,,
AR6458,AR6458,,V211174,PROJECT-V211174,SPONSOR-NIFA,Active,2022-09-01,2026-08-31,407487.00,407487.00,Banner Grant Listing Report,Y,,
AR6461,AR6461,,V211133,PROJECT-V211133,SPONSOR-NIFA,Active,2022-09-01,2025-08-31,304325.00,304325.00,Banner Grant Listing Report,Y,,
AR6524,AR6524,,V220635,PROJECT-V220635,SPONSOR-IDHW7,Active,2022-09-01,2023-09-30,544973.58,544973.58,Banner Grant Listing Report,Y,,
AR6525,AR6525,,V220636,PROJECT-V220636,SPONSOR-IDHW7,Active,2022-09-01,2023-09-30,55170.17,55170.17,Banner Grant Listing Report,Y,,
AR6527,AR6527,,V220602,PROJECT-V220602,SPONSOR-IDHW7,Active,2022-09-01,2023-09-30,540820.24,540820.24,Banner Grant Listing Report,Y,,
AR6530,AR6530,,V220603,PROJECT-V220603,SPONSOR-IDHW7,Active,2022-09-01,2023-09-30,524908.94,524908.94,Banner Grant Listing Report,Y,,
AR6541,AR6541,,V220624,PROJECT-V220624,SPONSOR-IDHW7,Active,2022-09-01,2023-09-30,39020.30,39020.30,Banner Grant Listing Report,Y,,
AR6554,AR6554,,V220604,PROJECT-V220604,SPONSOR-IDHW7,Active,2022-09-01,2023-09-30,54841.38,54841.38,Banner Grant Listing Report,Y,,
AR6716,AR6716,,V220400,PROJECT-V220400,SPONSOR-AGRMAR,Active,2022-09-30,2026-09-29,250000.00,250000.00,Banner Grant Listing Report,Y,,
AR6716C,AR6716C,,V220400,PROJECT-V220400,SPONSOR-USDA,Active,2022-09-30,2026-09-29,0.00,29758.00,Banner Grant Listing Report,Y,,
AR6716P,AR6716P,,V220400,PROJECT-V220400,SPONSOR-USDA,Active,2022-09-30,2026-09-29,0.00,,Banner Grant Listing Report,Y,,
AR6838,AR6838,,V220880,PROJECT-V220880,SPONSOR-UNIWAY20,Active,2023-01-01,2023-12-31,11000.00,11000.00,Banner Grant Listing Report,Y,,
AR7267,AR7267,,V230466,PROJECT-V230466,SPONSOR-IDASTE2,Active,2023-05-05,2024-05-15,3900.00,3900.00,Banner Grant Listing Report,Y,,
AR7346,AR7346,,V230526,PROJECT-V230526,SPONSOR-JANNUS,Active,2023-08-06,2024-09-30,79999.08,79999.08,Banner Grant Listing Report,Y,,
AR7346C,AR7346C,,V230526,PROJECT-V230526,SPONSOR-JANNUS,Active,2023-08-06,2024-09-30,639.19,639.19,Banner Grant Listing Report,Y,,
AR7347,AR7347,,V230504,PROJECT-V230504,SPONSOR-JANNUS,Active,2023-08-06,2024-09-30,79999.32,79999.32,Banner Grant Listing Report,Y,,
AR7347C,AR7347C,,V230504,PROJECT-V230504,SPONSOR-JANNUS,Active,2023-08-06,2024-09-30,2089.91,2089.91,Banner Grant Listing Report,Y,,
AR7408,AR7408,,V221000,PROJECT-V221000,SPONSOR-COLSTA1,Active,2023-07-01,2026-08-31,1471157.00,1471157.00,Banner Grant Listing Report,Y,,
AR7408P,AR7408P,,V221000,PROJECT-V221000,SPONSOR-COLSTA1,Active,2023-07-01,2028-06-30,1208.35,1208.35,Banner Grant Listing Report,Y,,
AR7556,AR7556,,V220805,PROJECT-V220805,SPONSOR-NIFA,Active,2023-09-01,2025-07-21,436318.00,649997.00,Banner Grant Listing Report,Y,,
AR7556P,AR7556P,,V220805,PROJECT-V220805,SPONSOR-NIFA,Active,2023-09-01,2025-07-21,2995.38,2995.38,Banner Grant Listing Report,Y,,
AR7571,AR7571,,V230345,PROJECT-V230345,SPONSOR-PALCON,Active,2023-04-24,2027-02-14,6750.00,6750.00,Banner Grant Listing Report,Y,,
AR7571C,AR7571C,,V230345,PROJECT-V230345,SPONSOR-PALCON,Active,2023-04-24,2027-02-14,1688.00,1688.00,Banner Grant Listing Report,Y,,
AR7693,AR7693,,V240967,PROJECT-V240967,SPONSOR-BSU,Active,2024-01-15,2025-09-30,126304.00,126304.00,Banner Grant Listing Report,Y,,
AR8268,AR8268,,V230953,PROJECT-V230953,SPONSOR-ORESTA3,Active,2024-04-01,2026-09-30,14860.00,14860.00,Banner Grant Listing Report,Y,,
AR8399,AR8399,,V240415,PROJECT-V240415,SPONSOR-IDHWDEQ3,Active,2025-01-01,2025-06-30,50000.00,50000.00,Banner Grant Listing Report,Y,,
AR8439,AR8439,,V240830,PROJECT-V240830,SPONSOR-IDALAN,Active,2024-09-01,2029-08-31,118000.00,118000.00,Banner Grant Listing Report,Y,,
AR8574,AR8574,,V241033,PROJECT-V241033,SPONSOR-IDABUS8,Active,2025-02-14,2025-08-31,5000.00,5000.00,Banner Grant Listing Report,Y,,
AR8842,AR8842,,V250255,PROJECT-V250255,SPONSOR-KOOCOU4,Active,2025-10-01,2026-09-30,165272.67,165272.67,Banner Grant Listing Report,Y,,
AS2203,AS2203,,BSK944,PROJECT-BSK944,SPONSOR-SYNCRO,Active,2017-10-23,2024-07-31,20000.00,20000.00,Banner Grant Listing Report,Y,,
AS4597,AS4597,,V240637,PROJECT-V240637,SPONSOR-IDHW7,Active,2020-08-05,2025-07-31,403184.63,403184.63,Banner Grant Listing Report,Y,,
AS4981,AS4981,,V240632,PROJECT-V240632,SPONSOR-ADACOU,Active,2020-10-01,2025-09-30,427290.00,1857368.86,Banner Grant Listing Report,Y,,
AS5339,AS5339,,V200846,PROJECT-V200846,SPONSOR-NIFA,Active,2021-04-15,2026-04-14,168390.16,292876.00,Banner Grant Listing Report,Y,,
AS5583,AS5583,,V210631,PROJECT-V210631,SPONSOR-IDHW7,Active,2021-06-01,2022-09-30,80000.00,80000.00,Banner Grant Listing Report,Y,,
AS5588,AS5588,,V210663,PROJECT-V210663,SPONSOR-IDHW7,Active,2021-06-01,2022-09-30,80000.00,80000.00,Banner Grant Listing Report,Y,,
AS5625,AS5625,,V210684,PROJECT-V210684,SPONSOR-IDHW7,Active,2021-06-01,2022-09-30,1000000.00,1000000.00,Banner Grant Listing Report,Y,,
AS5765,AS5765,,V210781,PROJECT-V210781,SPONSOR-IDHW7,Active,2021-09-01,2022-09-30,700966.97,750000.00,Banner Grant Listing Report,Y,,
AS6150,AS6150,,V210957,PROJECT-V210957,SPONSOR-NAT4H3,Active,2022-01-01,2023-10-31,43400.00,43400.00,Banner Grant Listing Report,Y,,
AS6354,AS6354,,V210332,PROJECT-V210332,SPONSOR-IDAAGR,Active,2022-07-01,2025-06-30,90775.00,90775.00,Banner Grant Listing Report,Y,,
AS6354P,AS6354P,,V210332,PROJECT-V210332,SPONSOR-IDAAGR,Active,2022-07-01,2023-06-30,175.20,175.20,Banner Grant Listing Report,Y,,
AS6533,AS6533,,V220632,PROJECT-V220632,SPONSOR-IDHW7,Active,2022-09-01,2023-09-30,679550.05,679550.05,Banner Grant Listing Report,Y,,
AS6536,AS6536,,V220627,PROJECT-V220627,SPONSOR-IDHW7,Active,2022-09-01,2023-09-30,677997.77,677997.77,Banner Grant Listing Report,Y,,
AS6627,AS6627,,V220707,PROJECT-V220707,SPONSOR-NAT4H3,Active,2022-09-30,2023-04-30,1500.00,1500.00,Banner Grant Listing Report,Y,,
AS7001,AS7001,,V210583,PROJECT-V210583,SPONSOR-SNARIV45,Active,2023-04-01,2024-03-31,750.00,750.00,Banner Grant Listing Report,Y,,
AS7200,AS7200,,V230192,PROJECT-V230192,SPONSOR-EXTFOU,Active,2023-06-01,2024-11-30,99999.59,99999.59,Banner Grant Listing Report,Y,,
AS7345,AS7345,,V230525,PROJECT-V230525,SPONSOR-JANNUS,Active,2023-08-06,2024-09-30,74991.05,74991.05,Banner Grant Listing Report,Y,,
AS7345C,AS7345C,,V230525,PROJECT-V230525,SPONSOR-JANNUS,Active,2023-08-06,2024-09-30,19795.00,19795.00,Banner Grant Listing Report,Y,,
AS7519,AS7519,,V230713,PROJECT-V230713,SPONSOR-NAT4H3,Active,2023-08-14,2024-05-31,1500.00,1500.00,Banner Grant Listing Report,Y,,
AS7661,AS7661,,V231030,PROJECT-V231030,SPONSOR-IDHW7,Active,2023-11-14,2024-09-30,5000.00,5000.00,Banner Grant Listing Report,Y,,
AS7767,AS7767,,V240164,PROJECT-V240164,SPONSOR-SNARIV45,Active,2024-04-01,2027-03-31,2250.00,2250.00,Banner Grant Listing Report,Y,,
AS7786,AS7786,,V230956,PROJECT-V230956,SPONSOR-WASSTA12,Active,2024-04-01,2025-09-30,74991.00,74991.00,Banner Grant Listing Report,Y,,
AS7821,AS7821,,V240163,PROJECT-V240163,SPONSOR-NAT4H3,Active,2024-04-01,2024-09-01,2400.00,2400.00,Banner Grant Listing Report,Y,,
AS7891,AS7891,,V240823,PROJECT-V240823,SPONSOR-IDHW7,Active,2024-06-30,2025-05-16,32069.65,32069.68,Banner Grant Listing Report,Y,,
AS7993,AS7993,,V240335,PROJECT-V240335,SPONSOR-EXTFOU,Active,2024-04-01,2025-03-31,29999.00,29999.00,Banner Grant Listing Report,Y,,
AS8396,AS8396,,V240827,PROJECT-V240827,SPONSOR-EXTFOU,Active,2024-09-01,2025-02-08,124999.77,124999.77,Banner Grant Listing Report,Y,,
AS8610,AS8610,,V250341,PROJECT-V250341,SPONSOR-EXTFOU,Active,2025-03-01,2025-08-31,100695.72,100695.72,Banner Grant Listing Report,Y,,
AS8753,AS8753,,V250311,PROJECT-V250311,SPONSOR-EXTFOU,Active,2025-05-01,2026-04-30,102478.00,102478.00,Banner Grant Listing Report,Y,,
AS8759,AS8759,,V240876,PROJECT-V240876,SPONSOR-MONSTA1,Active,2025-04-01,2028-03-31,99839.00,99839.00,Banner Grant Listing Report,Y,,
AS8890,AS8890,,V250469,PROJECT-V250469,SPONSOR-PRADIA1,Active,2025-09-26,2026-09-26,5000.00,5000.00,Banner Grant Listing Report,Y,,
AS8945,AS8945,,V250308,PROJECT-V250308,SPONSOR-IDHW7,Active,2025-09-15,2027-09-29,75000.00,75000.00,Banner Grant Listing Report,Y,,
AS8945C,AS8945C,,V250308,PROJECT-V250308,SPONSOR-IDHW7,Active,2025-09-15,2027-09-29,5790.77,14432.00,Banner Grant Listing Report,Y,,
AS8982,AS8982,,V250642,PROJECT-V250642,SPONSOR-ADACOU,Active,2025-10-01,2026-09-30,426199.00,438985.00,Banner Grant Listing Report,Y,,
AS9024,AS9024,,V250860,PROJECT-V250860,SPONSOR-IDABOT,Active,2025-10-01,2026-10-01,1500.00,1500.00,Banner Grant Listing Report,Y,,
AS9091,AS9091,,V260029,PROJECT-V260029,SPONSOR-EXTFOU,Active,2026-01-01,2026-06-30,19390.46,19390.46,Banner Grant Listing Report,Y,,
AT4228,AT4228,,19315,PROJECT-19315,SPONSOR-WASSTA12,Active,2019-10-01,2022-09-30,11655.00,11655.00,Banner Grant Listing Report,Y,,
AT4858,AT4858,,V240427,PROJECT-V240427,SPONSOR-TWIFAL1,Active,2020-10-01,2026-09-30,293381.16,1109615.00,Banner Grant Listing Report,Y,,
AT4953,AT4953,,V240370,PROJECT-V240370,SPONSOR-BLACOU,Active,2020-10-01,2025-09-30,158358.00,524418.14,Banner Grant Listing Report,Y,,
AT4954,AT4954,,V240734,PROJECT-V240734,SPONSOR-GOOCOU4,Active,2020-10-01,2026-09-30,143763.54,602434.00,Banner Grant Listing Report,Y,,
AT5278,AT5278,,V201105,PROJECT-V201105,SPONSOR-CITTWI,Active,2021-01-01,2022-06-30,43999.00,43999.00,Banner Grant Listing Report,Y,,
AT5335,AT5335,,V200993,PROJECT-V200993,SPONSOR-MONSTA1,Active,2021-01-01,2024-12-31,86668.00,107250.00,Banner Grant Listing Report,Y,,
AT5335P,AT5335P,,V200993,PROJECT-V200993,SPONSOR-MONSTA1,Active,2021-01-01,2024-12-31,1000.00,1000.00,Banner Grant Listing Report,Y,,
AT5586,AT5586,,V210678,PROJECT-V210678,SPONSOR-IDHW7,Active,2021-06-01,2022-09-30,1000000.00,1000000.00,Banner Grant Listing Report,Y,,
AT5587,AT5587,,V210643,PROJECT-V210643,SPONSOR-IDHW7,Active,2021-06-01,2022-09-30,33476.94,80000.00,Banner Grant Listing Report,Y,,
AT5589,AT5589,,V210689,PROJECT-V210689,SPONSOR-IDHW7,Active,2021-06-01,2022-09-30,100000.00,100000.00,Banner Grant Listing Report,Y,,
AT5626,AT5626,,V210625,PROJECT-V210625,SPONSOR-IDHW7,Active,2021-06-01,2022-09-30,66729.47,80000.00,Banner Grant Listing Report,Y,,
AT6118,AT6118,,V211020,PROJECT-V211020,SPONSOR-MONSTA1,Active,2022-04-01,2025-03-31,99990.00,99990.00,Banner Grant Listing Report,Y,,
AT6456,AT6456,,V211129,PROJECT-V211129,SPONSOR-NIFA,Active,2022-09-01,2026-08-31,407487.00,407487.00,Banner Grant Listing Report,Y,,
AT6523,AT6523,,V220613,PROJECT-V220613,SPONSOR-IDHW7,Active,2022-09-01,2023-09-30,55194.48,55194.48,Banner Grant Listing Report,Y,,
AT6526,AT6526,,V220634,PROJECT-V220634,SPONSOR-IDHW7,Active,2022-09-01,2023-09-30,244437.13,244437.13,Banner Grant Listing Report,Y,,
AT6876,AT6876,,V230104,PROJECT-V230104,SPONSOR-IDASTE2,Active,2023-01-11,2023-11-15,3100.00,3100.00,Banner Grant Listing Report,Y,,
AT7456,AT7456,,V230076,PROJECT-V230076,SPONSOR-NIFA,Active,2023-09-01,2027-08-31,750000.00,750000.00,Banner Grant Listing Report,Y,,
AT7882,AT7882,,V240356,PROJECT-V240356,SPONSOR-USDFOR,Active,2024-06-09,2029-03-15,5000.00,5000.00,Banner Grant Listing Report,Y,,
AT7882C,AT7882C,,V240356,PROJECT-V240356,SPONSOR-USDFOR,Active,2024-06-09,2029-03-15,5829.18,5829.18,Banner Grant Listing Report,Y,,
AT7882P,AT7882P,,V240356,PROJECT-V240356,SPONSOR-USDFOR,Active,2024-06-09,2029-03-15,1800.00,1800.00,Banner Grant Listing Report,Y,,
AT8179,AT8179,,V240377,PROJECT-V240377,SPONSOR-NAT4H3,Active,2024-06-01,2026-12-31,15000.00,15000.00,Banner Grant Listing Report,Y,,
AT8602,AT8602,,V241054,PROJECT-V241054,SPONSOR-EXTFOU,Active,2025-01-01,2025-12-31,35300.00,35300.00,Banner Grant Listing Report,Y,,
AT8921,AT8921,,V250227,PROJECT-V250227,SPONSOR-BLACOU,Active,2025-10-01,2026-09-30,136842.06,136842.06,Banner Grant Listing Report,Y,,
AT8963,AT8963,,V250644,PROJECT-V250644,SPONSOR-TWIFAL1,Active,2025-10-01,2026-09-30,243099.00,243099.00,Banner Grant Listing Report,Y,,
AT8965,AT8965,,V250645,PROJECT-V250645,SPONSOR-GOOCOU4,Active,2025-10-01,2026-09-30,137691.00,137691.00,Banner Grant Listing Report,Y,,
AU1921,AU1921,,V200292,PROJECT-V200292,SPONSOR-NIFA,Active,2017-07-01,2022-08-14,448232.00,448232.00,Banner Grant Listing Report,Y,,
AU4509,AU4509,,V240491,PROJECT-V240491,SPONSOR-CUSCO,Active,2019-10-01,2026-09-30,95316.83,239725.81,Banner Grant Listing Report,Y,,
AU5581,AU5581,,V210626,PROJECT-V210626,SPONSOR-IDHW7,Active,2021-06-01,2022-09-30,78941.90,80000.00,Banner Grant Listing Report,Y,,
AU6386,AU6386,,V220026,PROJECT-V220026,SPONSOR-IDAAGR,Active,2022-06-17,2023-06-16,4700.00,4700.00,Banner Grant Listing Report,Y,,
AU6528,AU6528,,V220623,PROJECT-V220623,SPONSOR-IDHW7,Active,2022-09-01,2023-09-30,55200.00,55200.00,Banner Grant Listing Report,Y,,
AU6529,AU6529,,V220620,PROJECT-V220620,SPONSOR-IDHW7,Active,2022-09-01,2023-09-30,54768.80,54768.80,Banner Grant Listing Report,Y,,
AU6531,AU6531,,V220621,PROJECT-V220621,SPONSOR-IDHW7,Active,2022-09-01,2023-09-30,51194.58,51194.58,Banner Grant Listing Report,Y,,
AU6532,AU6532,,V220626,PROJECT-V220626,SPONSOR-IDHW7,Active,2022-09-01,2023-09-30,55200.00,55200.00,Banner Grant Listing Report,Y,,
AU6740,AU6740,,V220332,PROJECT-V220332,SPONSOR-UTASTA,Active,2022-09-30,2025-09-29,49528.31,49528.31,Banner Grant Listing Report,Y,,
AU7719,AU7719,,V230736,PROJECT-V230736,SPONSOR-MONSTA1,Active,2024-01-01,2026-12-31,120000.00,120000.00,Banner Grant Listing Report,Y,,
AU7720,AU7720,,V230689,PROJECT-V230689,SPONSOR-WASSTA12,Active,2023-09-15,2025-08-14,62999.00,62999.00,Banner Grant Listing Report,Y,,
AU8158,AU8158,,V240655,PROJECT-V240655,SPONSOR-JANNUS,Active,2024-08-23,2025-06-30,4000.00,4000.00,Banner Grant Listing Report,Y,,
AU8458,AU8458,,V240493,PROJECT-V240493,SPONSOR-WASSTA12,Active,2024-09-01,2026-07-31,99540.00,99540.00,Banner Grant Listing Report,Y,,
AU8485,AU8485,,V241021,PROJECT-V241021,SPONSOR-DIAALL,Active,2025-02-01,2025-12-31,10000.00,10000.00,Banner Grant Listing Report,Y,,
AU9070,AU9070,,V250643,PROJECT-V250643,SPONSOR-CUSCO,Active,2025-10-01,2026-09-30,50000.00,50000.00,Banner Grant Listing Report,Y,,
AV8634,AV8634,,V240953,PROJECT-V240953,SPONSOR-SACLDI,Active,2025-04-01,2026-12-31,54968.10,54968.10,Banner Grant Listing Report,Y,,
AW1933,AW1933,,17296,PROJECT-17296,SPONSOR-NIFA,Active,2017-08-01,2023-07-31,2602466.07,3414911.00,Banner Grant Listing Report,Y,,
AW2993,AW2993,,V220751,PROJECT-V220751,SPONSOR-UARS5,Active,2018-09-28,2023-09-27,508033.21,508033.21,Banner Grant Listing Report,Y,,
AW3359,AW3359,,19032,PROJECT-19032,SPONSOR-NSF,Active,2019-03-01,2024-02-28,651698.00,651698.00,Banner Grant Listing Report,Y,,
AW3488,AW3488,,19071,PROJECT-19071,SPONSOR-NIFA,Active,2019-03-01,2023-05-14,166856.48,171410.00,Banner Grant Listing Report,Y,,
AW3577,AW3577,,V230522,PROJECT-V230522,SPONSOR-USDFOR,Active,2019-06-14,2024-06-13,494764.71,494764.71,Banner Grant Listing Report,Y,,
AW3794,AW3794,,19572,PROJECT-19572,SPONSOR-USDANRCS,Active,2019-07-24,2024-06-30,153122.00,153122.00,Banner Grant Listing Report,Y,,
AW3794C,AW3794C,,19572,PROJECT-19572,SPONSOR-USDANRCS,Active,2019-07-24,2024-06-30,138770.13,136762.93,Banner Grant Listing Report,Y,,
AW3958,AW3958,,V19332,PROJECT-V19332,SPONSOR-UARS5,Active,2019-08-01,2023-08-31,135347.00,135347.00,Banner Grant Listing Report,Y,,
AW3958C,AW3958C,,V19332,PROJECT-V19332,SPONSOR-UARS5,Active,2019-08-01,2023-08-31,13535.00,13535.00,Banner Grant Listing Report,Y,,
AW4004,AW4004,,V210494,PROJECT-V210494,SPONSOR-UARS5,Active,2019-09-01,2024-08-31,192167.67,354825.00,Banner Grant Listing Report,Y,,
AW4004C,AW4004C,,V210494,PROJECT-V210494,SPONSOR-UARS5,Active,2019-09-01,2024-08-31,22630.86,35473.48,Banner Grant Listing Report,Y,,
AW4175,AW4175,,19201,PROJECT-19201,SPONSOR-NORCAR,Active,2019-09-01,2024-08-31,68982.00,106493.00,Banner Grant Listing Report,Y,,
AW4773,AW4773,,V19763,PROJECT-V19763,SPONSOR-EPA11,Active,2020-09-01,2024-08-31,999996.00,999996.00,Banner Grant Listing Report,Y,,
AW4787,AW4787,,V200852,PROJECT-V200852,SPONSOR-NATPOR,Active,2020-09-01,2022-01-01,13177.53,15285.00,Banner Grant Listing Report,Y,,
AW4855,AW4855,,V200113,PROJECT-V200113,SPONSOR-NIFA,Active,2020-09-01,2024-08-31,188211.00,499864.00,Banner Grant Listing Report,Y,,
AW4977,AW4977,,V200911,PROJECT-V200911,SPONSOR-RURDEV2,Active,2020-09-01,2023-12-31,240000.00,240000.00,Banner Grant Listing Report,Y,,
AW5271,AW5271,,V210060,PROJECT-V210060,SPONSOR-IDABAR,Active,2021-07-01,2022-06-30,3723.39,7937.00,Banner Grant Listing Report,Y,,
AW5538,AW5538,,V210101,PROJECT-V210101,SPONSOR-NIFA,Active,2021-06-15,2026-06-14,175000.00,175000.00,Banner Grant Listing Report,Y,,
AW5642,AW5642,,V210148,PROJECT-V210148,SPONSOR-NIFA,Active,2021-09-01,2025-08-31,239389.10,499992.00,Banner Grant Listing Report,Y,,
AW5739,AW5739,,V210621,PROJECT-V210621,SPONSOR-USDANRCS,Active,2021-09-10,2026-09-09,246618.00,246618.00,Banner Grant Listing Report,Y,,
AW5774,AW5774,,V210729,PROJECT-V210729,SPONSOR-USDANRCS,Active,2021-09-29,2024-08-30,169299.00,169299.00,Banner Grant Listing Report,Y,,
AW5809,AW5809,,V210318,PROJECT-V210318,SPONSOR-NSF,Active,2021-10-15,2026-09-30,9586184.00,18950955.00,Banner Grant Listing Report,Y,,
AW5847,AW5847,,V200798,PROJECT-V200798,SPONSOR-NSF,Active,2021-09-01,2026-08-31,541228.05,677575.00,Banner Grant Listing Report,Y,,
AW5865,AW5865,,V210722,PROJECT-V210722,SPONSOR-JPL,Active,2021-08-09,2023-12-31,77796.00,77796.00,Banner Grant Listing Report,Y,,
AW5866,AW5866,,V210723,PROJECT-V210723,SPONSOR-JPL,Active,2021-08-09,2023-12-31,75351.00,95875.00,Banner Grant Listing Report,Y,,
AW5869,AW5869,,V210589,PROJECT-V210589,SPONSOR-NIFA,Active,2021-10-01,2026-09-30,472793.00,749832.00,Banner Grant Listing Report,Y,,
AW6137,AW6137,,V210357,PROJECT-V210357,SPONSOR-NIFA,Active,2022-06-01,2024-11-30,122482.00,270060.00,Banner Grant Listing Report,Y,,
AW6543,AW6543,,V220747,PROJECT-V220747,SPONSOR-UARS5,Active,2022-09-01,2026-08-31,121325.00,121325.00,Banner Grant Listing Report,Y,,
AW6543C,AW6543C,,V220747,PROJECT-V220747,SPONSOR-UARS5,Active,2022-09-01,2026-08-31,12132.50,12132.50,Banner Grant Listing Report,Y,,
AW6614,AW6614,,V210869,PROJECT-V210869,SPONSOR-WASSTA12,Active,2022-04-15,2026-04-13,357807.00,357807.00,Banner Grant Listing Report,Y,,
AW6617,AW6617,,V220388,PROJECT-V220388,SPONSOR-NIFA,Active,2022-09-15,2026-09-14,274000.00,274000.00,Banner Grant Listing Report,Y,,
AW6754,AW6754,,V220670,PROJECT-V220670,SPONSOR-WASSTA12,Active,2022-08-31,2026-12-31,240000.00,240000.00,Banner Grant Listing Report,Y,,
AW6922,AW6922,,V221059,PROJECT-V221059,SPONSOR-IDACOM5,Active,2023-03-07,2024-10-31,348632.00,348632.00,Banner Grant Listing Report,Y,,
AW6928,AW6928,,V220936,PROJECT-V220936,SPONSOR-NSF,Active,2022-10-01,2025-02-28,148159.00,148159.00,Banner Grant Listing Report,Y,,
AW6931,AW6931,,V220592,PROJECT-V220592,SPONSOR-NIFA,Active,2023-01-01,2025-12-31,223489.00,300000.00,Banner Grant Listing Report,Y,,
AW6985,AW6985,,V230144,PROJECT-V230144,SPONSOR-IDASTE2,Active,2023-05-01,2023-08-30,45000.00,45000.00,Banner Grant Listing Report,Y,,
AW7061,AW7061,,V230011,PROJECT-V230011,SPONSOR-IDAWHE,Active,2023-07-01,2025-06-30,26403.00,30360.00,Banner Grant Listing Report,Y,,
AW7063,AW7063,,V230010,PROJECT-V230010,SPONSOR-IDAWHE,Active,2023-07-01,2025-06-30,32431.00,39819.00,Banner Grant Listing Report,Y,,
AW7163,AW7163,,V221072,PROJECT-V221072,SPONSOR-IDAPOT5,Active,2023-07-01,2024-07-31,10000.00,10000.00,Banner Grant Listing Report,Y,,
AW7286,AW7286,,V220813,PROJECT-V220813,SPONSOR-NIFA,Active,2023-06-15,2025-12-14,119755.00,119755.00,Banner Grant Listing Report,Y,,
AW7401,AW7401,,V230273,PROJECT-V230273,SPONSOR-ORETIL,Active,2023-09-07,2025-12-30,228698.00,228698.00,Banner Grant Listing Report,Y,,
AW7409,AW7409,,V250437,PROJECT-V250437,SPONSOR-UARS5,Active,2023-09-01,2028-08-31,256500.00,256500.00,Banner Grant Listing Report,Y,,
AW7409C,AW7409C,,V250437,PROJECT-V250437,SPONSOR-UARS5,Active,2023-09-01,2028-08-31,6602.46,20475.00,Banner Grant Listing Report,Y,,
AW7419,AW7419,,V230352,PROJECT-V230352,SPONSOR-FLOAM,Active,2023-07-01,2026-12-31,11500.00,11500.00,Banner Grant Listing Report,Y,,
AW7444,AW7444,,V230807,PROJECT-V230807,SPONSOR-UARS5,Active,2023-07-01,2028-05-31,96479.00,96479.00,Banner Grant Listing Report,Y,,
AW7444C,AW7444C,,V230807,PROJECT-V230807,SPONSOR-UARS5,Active,2023-07-01,2028-05-31,14472.00,14472.00,Banner Grant Listing Report,Y,,
AW7446,AW7446,,V230372,PROJECT-V230372,SPONSOR-UARS5,Active,2023-09-01,2024-12-31,30000.00,30000.00,Banner Grant Listing Report,Y,,
AW7446C,AW7446C,,V230372,PROJECT-V230372,SPONSOR-UARS5,Active,2023-09-01,2024-12-31,1500.00,3000.00,Banner Grant Listing Report,Y,,
AW7477,AW7477,,V220639,PROJECT-V220639,SPONSOR-NIFA,Active,2023-09-01,2026-08-31,748968.00,748968.00,Banner Grant Listing Report,Y,,
AW7574,AW7574,,V230910,PROJECT-V230910,SPONSOR-USDFOR,Active,2023-12-11,2025-12-15,10000.00,10000.00,Banner Grant Listing Report,Y,,
AW7574C,AW7574C,,V230910,PROJECT-V230910,SPONSOR-USDFOR,Active,2023-12-11,2025-12-15,375.00,375.00,Banner Grant Listing Report,Y,,
AW7611,AW7611,,V230119,PROJECT-V230119,SPONSOR-MURCHA,Active,2024-01-01,2026-12-31,550000.00,550000.00,Banner Grant Listing Report,Y,,
AW7620,AW7620,,V230778,PROJECT-V230778,SPONSOR-USDFOR,Active,2024-01-31,2026-12-31,225000.00,225000.00,Banner Grant Listing Report,Y,,
AW7620C,AW7620C,,V230778,PROJECT-V230778,SPONSOR-USDFOR,Active,2024-01-31,2026-12-31,9187.88,9187.88,Banner Grant Listing Report,Y,,
AW7740,AW7740,,V220373,PROJECT-V220373,SPONSOR-COLSTA1,Active,2023-08-01,2025-04-22,194767.00,380453.00,Banner Grant Listing Report,Y,,
AW7837,AW7837,,V230897,PROJECT-V230897,SPONSOR-MONSTA1,Active,2024-04-01,2026-12-31,99998.00,99998.00,Banner Grant Listing Report,Y,,
AW7899,AW7899,,V231066,PROJECT-V231066,SPONSOR-IDWR,Active,2024-05-24,2026-05-23,556160.00,556160.00,Banner Grant Listing Report,Y,,
AW8003,AW8003,,V240030,PROJECT-V240030,SPONSOR-IDAWHE,Active,2024-07-01,2025-06-30,28301.00,33550.00,Banner Grant Listing Report,Y,,
AW8040,AW8040,,V240461,PROJECT-V240461,SPONSOR-USDANRCS,Active,2024-07-05,2027-06-30,144933.00,144933.00,Banner Grant Listing Report,Y,,
AW8040C,AW8040C,,V240461,PROJECT-V240461,SPONSOR-USDANRCS,Active,2024-07-05,2027-06-30,131919.00,131919.00,Banner Grant Listing Report,Y,,
AW8148,AW8148,,V230928,PROJECT-V230928,SPONSOR-NSF,Active,2024-09-01,2026-08-31,149063.00,169888.00,Banner Grant Listing Report,Y,,
AW8181,AW8181,,V250608,PROJECT-V250608,SPONSOR-USDFOR,Active,2024-09-23,2026-10-01,287679.23,287679.23,Banner Grant Listing Report,Y,,
AW8181C,AW8181C,,V250608,PROJECT-V250608,SPONSOR-USDFOR,Active,2024-09-23,2026-10-01,4919.39,6270.32,Banner Grant Listing Report,Y,,
AW8186,AW8186,,V240565,PROJECT-V240565,SPONSOR-USDFOR,Active,2024-09-05,2027-12-30,458316.52,458316.52,Banner Grant Listing Report,Y,,
AW8186C,AW8186C,,V240565,PROJECT-V240565,SPONSOR-USDFOR,Active,2024-09-05,2027-12-30,18456.24,18456.24,Banner Grant Listing Report,Y,,
AW8327,AW8327,,V230602,PROJECT-V230602,SPONSOR-COEDAL7,Active,2024-02-01,2026-01-06,119781.00,209407.00,Banner Grant Listing Report,Y,,
AW8452,AW8452,,V240843,PROJECT-V240843,SPONSOR-NIFA,Active,2024-08-15,2026-07-31,166829.93,166829.93,Banner Grant Listing Report,Y,,
AW8545,AW8545,,V230644,PROJECT-V230644,SPONSOR-WASSTA12,Active,2025-07-01,2026-09-30,60000.00,60000.00,Banner Grant Listing Report,Y,,
AW8615,AW8615,,V240979,PROJECT-V240979,SPONSOR-USDFOR,Active,2025-03-27,2026-12-31,16000.00,16000.00,Banner Grant Listing Report,Y,,
AW8618,AW8618,,V240165,PROJECT-V240165,SPONSOR-PENSTA,Active,2024-10-01,2026-07-31,215723.00,215723.00,Banner Grant Listing Report,Y,,
AW8703,AW8703,,V240602,PROJECT-V240602,SPONSOR-NSF,Active,2025-10-01,2028-09-30,435885.00,453885.00,Banner Grant Listing Report,Y,,
AW8705,AW8705,,V250361,PROJECT-V250361,SPONSOR-GHDSER,Active,2025-07-02,2026-06-30,200000.00,200000.00,Banner Grant Listing Report,Y,,
AW8713,AW8713,,V250325,PROJECT-V250325,SPONSOR-USGS,Active,2025-07-01,2026-06-30,119395.95,119395.95,Banner Grant Listing Report,Y,,
AW8723,AW8723,,V250252,PROJECT-V250252,SPONSOR-NSF,Active,2025-08-01,2028-07-31,600000.00,600000.00,Banner Grant Listing Report,Y,,
AW8762,AW8762,,V250429,PROJECT-V250429,SPONSOR-PALCON,Active,2025-08-01,2027-02-14,44700.00,44700.00,Banner Grant Listing Report,Y,,
AW8801,AW8801,,V250394,PROJECT-V250394,SPONSOR-DAIMAN,Active,2025-08-01,2026-07-30,28002.00,28002.00,Banner Grant Listing Report,Y,,
AW8857,AW8857,,V250466,PROJECT-V250466,SPONSOR-USDFOR,Active,2025-09-15,2027-09-30,177095.00,177095.00,Banner Grant Listing Report,Y,,
AW8919,AW8919,,V250764,PROJECT-V250764,SPONSOR-ORETIL,Active,2025-10-01,2026-09-30,424647.00,424647.00,Banner Grant Listing Report,Y,,
AW8930,AW8930,,V250674,PROJECT-V250674,SPONSOR-USFS,Active,2025-09-22,2028-12-31,79500.00,79500.00,Banner Grant Listing Report,Y,,
AW8930C,AW8930C,,V250674,PROJECT-V250674,SPONSOR-USFS,Active,2025-09-22,2028-12-31,4837.74,6259.65,Banner Grant Listing Report,Y,,
AW9052,AW9052,,V240399,PROJECT-V240399,SPONSOR-WASSTA12,Active,2024-05-31,2027-05-30,125914.00,125914.00,Banner Grant Listing Report,Y,,
AY6890,AY6890,,V230084,PROJECT-V230084,SPONSOR-JRSIM,Active,2023-04-01,2023-12-31,20000.00,20000.00,Banner Grant Listing Report,Y,,
AZ8707,AZ8707,,V250336,PROJECT-V250336,SPONSOR-IDASTE2,Active,2025-07-01,2026-06-30,542000.00,650000.00,Banner Grant Listing Report,Y,,
AZ9013,AZ9013,,V250555,PROJECT-V250555,SPONSOR-INVEDU,Active,2025-12-15,2026-12-31,25000.00,25000.00,Banner Grant Listing Report,Y,,
AZ9057,AZ9057,,V260042,PROJECT-V260042,SPONSOR-IDAWOR,Active,2025-07-06,2026-10-14,155117.12,155117.12,Banner Grant Listing Report,Y,,
AZ9057C,AZ9057C,,V260042,PROJECT-V260042,SPONSOR-IDAWOR,Active,2025-07-06,2026-10-14,9300.69,25796.31,Banner Grant Listing Report,Y,,
BB0378,BB0378,,DCK800,PROJECT-DCK800,SPONSOR-MICRON,Active,2013-09-23,2021-03-31,16355.33,20000.00,Banner Grant Listing Report,Y,,
BB0505,BB0505,,V200634,PROJECT-V200634,SPONSOR-MULTIPLE,Active,2013-10-01,2023-12-31,151299.99,151299.99,Banner Grant Listing Report,Y,,
BL6333,BL6333,,V211139,PROJECT-V211139,SPONSOR-COULIB1,Active,2022-05-01,2023-10-31,17321.00,17321.00,Banner Grant Listing Report,Y,,
BL6619,BL6619,,V220211,PROJECT-V220211,SPONSOR-INSMUS,Active,2022-08-01,2027-01-31,249894.00,249894.00,Banner Grant Listing Report,Y,,
BL6659,BL6659,,V220307,PROJECT-V220307,SPONSOR-INSMUS,Active,2022-08-01,2026-07-31,135319.00,249958.00,Banner Grant Listing Report,Y,,
BL7376,BL7376,,V230291,PROJECT-V230291,SPONSOR-USAGRI,Active,2023-06-01,2024-05-31,2000.00,2000.00,Banner Grant Listing Report,Y,,
BL8544,BL8544,,V240504,PROJECT-V240504,SPONSOR-NEH,Active,2025-02-01,2025-04-02,74807.00,74807.00,Banner Grant Listing Report,Y,,
CA3840,CA3840,,V19126,PROJECT-V19126,SPONSOR-UARS5,Active,2019-08-19,2024-08-18,1157280.00,1157280.00,Banner Grant Listing Report,Y,,
CA3840C,CA3840C,,V19126,PROJECT-V19126,SPONSOR-UARS5,Active,2019-08-19,2024-08-18,115730.85,115730.85,Banner Grant Listing Report,Y,,
CA6344,CA6344,,V220472,PROJECT-V220472,SPONSOR-BIOMAR,Active,2022-06-15,2024-02-28,55492.86,55732.00,Banner Grant Listing Report,Y,,
CA6421,CA6421,,V230453,PROJECT-V230453,SPONSOR-USFWS,Active,2022-07-01,2025-09-30,102127.00,102127.00,Banner Grant Listing Report,Y,,
CA6422,CA6422,,V241044,PROJECT-V241044,SPONSOR-USDFAS,Active,2022-07-01,2026-12-31,405943.00,504168.00,Banner Grant Listing Report,Y,,
CA6885,CA6885,,V240932,PROJECT-V240932,SPONSOR-COLRIV,Active,2023-02-01,2025-03-31,1682579.81,1682579.81,Banner Grant Listing Report,Y,,
CA7052,CA7052,,V221048,PROJECT-V221048,SPONSOR-SOYAQU,Active,2023-08-01,2025-03-31,64186.00,99589.00,Banner Grant Listing Report,Y,,
CA7105,CA7105,,V200866,PROJECT-V200866,SPONSOR-UOFW1,Active,2023-03-01,2024-02-29,49117.00,49117.00,Banner Grant Listing Report,Y,,
CA7130,CA7130,,V230376,PROJECT-V230376,SPONSOR-SKRETT,Active,2023-05-20,2024-02-14,35549.69,35704.00,Banner Grant Listing Report,Y,,
CA7187,CA7187,,V230128,PROJECT-V230128,SPONSOR-NUSNUT,Active,2023-05-15,2024-06-11,69427.00,69427.00,Banner Grant Listing Report,Y,,
CA7399,CA7399,,V230732,PROJECT-V230732,SPONSOR-UARS5,Active,2023-09-26,2024-09-25,57961.00,57961.00,Banner Grant Listing Report,Y,,
CA7416,CA7416,,V250275,PROJECT-V250275,SPONSOR-UARS5,Active,2023-08-19,2027-08-18,1302114.00,1302114.00,Banner Grant Listing Report,Y,,
CA7416C,CA7416C,,V250275,PROJECT-V250275,SPONSOR-UARS5,Active,2023-08-19,2027-08-18,28899.93,133589.06,Banner Grant Listing Report,Y,,
CA7467,CA7467,,V230580,PROJECT-V230580,SPONSOR-THEAND,Active,2023-09-15,2024-06-30,64535.00,64535.00,Banner Grant Listing Report,Y,,
CA7487,CA7487,,V230413,PROJECT-V230413,SPONSOR-OHISOY,Active,2023-08-15,2025-03-31,70000.00,70000.00,Banner Grant Listing Report,Y,,
CA7542,CA7542,,V230378,PROJECT-V230378,SPONSOR-ENVFLI,Active,2023-05-15,2024-12-21,35895.00,35895.00,Banner Grant Listing Report,Y,,
CA7651,CA7651,,V220648,PROJECT-V220648,SPONSOR-UOFW1,Active,2024-01-01,2025-08-31,70335.00,70335.00,Banner Grant Listing Report,Y,,
CA7771,CA7771,,V231019,PROJECT-V231019,SPONSOR-SOYAQU,Active,2024-05-01,2026-04-15,70701.00,70701.00,Banner Grant Listing Report,Y,,
CA7826,CA7826,,V240121,PROJECT-V240121,SPONSOR-GRAPRO5,Active,2024-04-01,2024-12-30,45901.00,45901.00,Banner Grant Listing Report,Y,,
CA7856,CA7856,,V240423,PROJECT-V240423,SPONSOR-SOYAQU,Active,2024-07-01,2025-09-30,47386.00,47386.00,Banner Grant Listing Report,Y,,
CA7885,CA7885,,V230991,PROJECT-V230991,SPONSOR-SOYAQU,Active,2024-05-01,2026-12-31,157783.00,157783.00,Banner Grant Listing Report,Y,,
CA8173,CA8173,,V220648,PROJECT-V220648,SPONSOR-UOFW1,Active,2024-01-01,2024-12-31,545.00,545.00,Banner Grant Listing Report,Y,,
CA8244,CA8244,,V240544,PROJECT-V240544,SPONSOR-KENCOR2,Active,2024-09-15,2025-05-15,58763.00,112083.00,Banner Grant Listing Report,Y,,
CA8295,CA8295,,V200866,PROJECT-V200866,SPONSOR-UOFW1,Active,2024-04-01,2025-12-31,28241.00,28241.00,Banner Grant Listing Report,Y,,
CA8305,CA8305,,V240702,PROJECT-V240702,SPONSOR-UARS5,Active,2024-09-30,2025-09-29,61644.00,61644.00,Banner Grant Listing Report,Y,,
CA8558,CA8558,,V250365,PROJECT-V250365,SPONSOR-COLRIV,Active,2025-04-01,2027-03-31,1097999.90,1097999.90,Banner Grant Listing Report,Y,,
CA8724,CA8724,,V250350,PROJECT-V250350,SPONSOR-DPIGLO,Active,2025-07-01,2026-05-29,84866.00,84866.00,Banner Grant Listing Report,Y,,
CA8865,CA8865,,V250668,PROJECT-V250668,SPONSOR-UARS5,Active,2025-09-30,2026-09-29,61644.00,61644.00,Banner Grant Listing Report,Y,,
CA8916,CA8916,,V250425,PROJECT-V250425,SPONSOR-TYSFOO,Active,2025-10-01,2026-06-30,69170.00,69170.00,Banner Grant Listing Report,Y,,
CA9040,CA9040,,V250925,PROJECT-V250925,SPONSOR-ANTINS,Active,2026-01-01,2026-12-31,57139.00,57139.00,Banner Grant Listing Report,Y,,
CB2221,CB2221,,17045-R,PROJECT-17045-R,SPONSOR-NSF,Active,2018-05-15,2025-04-30,1117829.00,1117829.00,Banner Grant Listing Report,Y,,
CB2558,CB2558,,KGK088,PROJECT-KGK088,SPONSOR-DHHS1,Active,2018-05-16,2025-04-30,1174944.00,1897991.00,Banner Grant Listing Report,Y,,
CB2736,CB2736,,V240036,PROJECT-V240036,SPONSOR-NSF,Active,2020-07-01,2027-06-30,1036360.00,1036360.00,Banner Grant Listing Report,Y,,
CB4725,CB4725,,V19277,PROJECT-V19277,SPONSOR-DHHS1,Active,2020-08-01,2026-08-31,1645620.00,1782787.00,Banner Grant Listing Report,Y,,
CB4778,CB4778,,V210622,PROJECT-V210622,SPONSOR-NSF,Active,2020-09-01,2025-08-31,2824591.63,6430179.00,Banner Grant Listing Report,Y,,
CB4852,CB4852,,V19537,PROJECT-V19537,SPONSOR-NSF,Active,2020-08-01,2025-07-31,586223.00,586223.00,Banner Grant Listing Report,Y,,
CB5645,CB5645,,V200720,PROJECT-V200720,SPONSOR-MARUNI,Active,2021-04-20,2026-03-31,76324.99,79063.00,Banner Grant Listing Report,Y,,
CB5659,CB5659,,V240576,PROJECT-V240576,SPONSOR-NSF,Active,2021-09-01,2026-08-31,932566.00,932566.00,Banner Grant Listing Report,Y,,
CB5776,CB5776,,V201325,PROJECT-V201325,SPONSOR-NSF,Active,2021-10-01,2026-09-30,2350809.00,3974309.00,Banner Grant Listing Report,Y,,
CB5825,CB5825,,V201078,PROJECT-V201078,SPONSOR-NSF,Active,2021-10-01,2026-09-30,430511.00,499866.00,Banner Grant Listing Report,Y,,
CB6017,CB6017,,V200804,PROJECT-V200804,SPONSOR-WASSTA12,Active,2021-09-27,2025-08-26,276462.00,276462.00,Banner Grant Listing Report,Y,,
CB6051,CB6051,,V210624,PROJECT-V210624,SPONSOR-NSF,Active,2022-02-01,2026-01-31,140899.00,140899.00,Banner Grant Listing Report,Y,,
CB6102,CB6102,,V220021,PROJECT-V220021,SPONSOR-BATTELLE1,Active,2022-03-22,2024-09-30,170859.00,170859.00,Banner Grant Listing Report,Y,,
CB6597,CB6597,,V220794,PROJECT-V220794,SPONSOR-ILLUNI,Active,2022-08-16,2025-09-30,249645.00,249645.00,Banner Grant Listing Report,Y,,
CB7337,CB7337,,V211170,PROJECT-V211170,SPONSOR-DHHS1,Active,2023-07-03,2025-04-01,311962.00,524418.00,Banner Grant Listing Report,Y,,
CB7393,CB7393,,V221019,PROJECT-V221019,SPONSOR-NSF,Active,2023-10-01,2026-09-30,664468.00,664468.00,Banner Grant Listing Report,Y,,
CB7768,CB7768,,V230718,PROJECT-V230718,SPONSOR-NSF,Active,2024-04-01,2026-03-31,628415.00,628415.00,Banner Grant Listing Report,Y,,
CB7897,CB7897,,V230509,PROJECT-V230509,SPONSOR-DHHS1,Active,2024-06-01,2026-05-31,758290.00,1046956.00,Banner Grant Listing Report,Y,,
CB8047,CB8047,,V240201,PROJECT-V240201,SPONSOR-NSF,Active,2024-07-01,2027-06-30,277923.00,277923.00,Banner Grant Listing Report,Y,,
CB8219,CB8219,,V240135,PROJECT-V240135,SPONSOR-DHHS1,Active,2024-08-26,2026-06-30,390000.00,390000.00,Banner Grant Listing Report,Y,,
CB8319,CB8319,,V230938,PROJECT-V230938,SPONSOR-NSF,Active,2024-09-15,2029-08-31,3175631.00,4546903.00,Banner Grant Listing Report,Y,,
CB8356,CB8356,,V240891,PROJECT-V240891,SPONSOR-BATTELLE1,Active,2024-11-06,2025-09-30,58049.00,58049.00,Banner Grant Listing Report,Y,,
CB8380,CB8380,,V230977,PROJECT-V230977,SPONSOR-NSF,Active,2024-12-01,2027-11-30,515229.00,644970.00,Banner Grant Listing Report,Y,,
CB8500,CB8500,,V250156,PROJECT-V250156,SPONSOR-DHHS1,Active,2024-12-19,2026-11-30,243450.00,243450.00,Banner Grant Listing Report,Y,,
CB8601,CB8601,,V250272,PROJECT-V250272,SPONSOR-SYRUNI1,Active,2024-11-15,2026-03-31,56893.00,56893.00,Banner Grant Listing Report,Y,,
CB8785,CB8785,,V250134,PROJECT-V250134,SPONSOR-NSF,Active,2025-09-15,2028-08-31,224888.00,224888.00,Banner Grant Listing Report,Y,,
CB8787,CB8787,,V240955,PROJECT-V240955,SPONSOR-NSF,Active,2025-12-01,2028-11-30,845835.00,845835.00,Banner Grant Listing Report,Y,,
CB8829,CB8829,,V240674,PROJECT-V240674,SPONSOR-NSF,Active,2025-09-01,2028-08-31,1040107.00,1040107.00,Banner Grant Listing Report,Y,,
CB8841,CB8841,,V240662,PROJECT-V240662,SPONSOR-WASSTA12,Active,2025-06-24,2027-06-30,619357.00,619357.00,Banner Grant Listing Report,Y,,
CB8847,CB8847,,V240919,PROJECT-V240919,SPONSOR-NSF,Active,2025-09-15,2028-08-31,584845.00,584845.00,Banner Grant Listing Report,Y,,
CB8964,CB8964,,V250083,PROJECT-V250083,SPONSOR-HENMJA,Active,2025-10-01,2028-08-31,361352.00,361352.00,Banner Grant Listing Report,Y,,
CB8984,CB8984,,V250055,PROJECT-V250055,SPONSOR-HENMJA,Active,2025-10-13,2028-08-31,209927.00,209927.00,Banner Grant Listing Report,Y,,
CB8990,CB8990,,V250069,PROJECT-V250069,SPONSOR-HENMJA,Active,2025-09-01,2026-08-31,429643.00,429643.00,Banner Grant Listing Report,Y,,
CB9005,CB9005,,V250081,PROJECT-V250081,SPONSOR-HENMJA,Active,2025-09-15,2026-08-14,239148.00,239148.00,Banner Grant Listing Report,Y,,
CB9087,CB9087,,V250063,PROJECT-V250063,SPONSOR-HENMJA,Active,2026-02-10,2026-08-31,204773.00,204773.00,Banner Grant Listing Report,Y,,
CC7636,CC7636,,V230790,PROJECT-V230790,SPONSOR-NSF,Active,2024-03-01,2026-08-31,807158.02,1000000.00,Banner Grant Listing Report,Y,,
CC7638,CC7638,,V230063,PROJECT-V230063,SPONSOR-NSF,Active,2024-01-15,2030-04-30,1283195.51,5131692.00,Banner Grant Listing Report,Y,,
CC8118,CC8118,,V230905,PROJECT-V230905,SPONSOR-NSF,Active,2024-09-01,2028-08-31,963032.75,1508247.00,Banner Grant Listing Report,Y,,
CC8520,CC8520,,V240713,PROJECT-V240713,SPONSOR-UNCAME,Active,2025-01-01,2025-12-31,40100.00,40100.00,Banner Grant Listing Report,Y,,
CE2559,CE2559,,KBK550,PROJECT-KBK550,SPONSOR-NSF,Active,2018-08-01,2024-03-31,5258292.00,20000000.00,Banner Grant Listing Report,Y,,
CE7135,CE7135,,V220514,PROJECT-V220514,SPONSOR-NSF,Active,2023-08-01,2028-07-31,3200223.00,12405857.00,Banner Grant Listing Report,Y,,
CF8650,CF8650,,V250554,PROJECT-V250554,SPONSOR-WASDNR,Active,2025-07-01,2027-06-30,777093.00,777093.00,Banner Grant Listing Report,Y,,
CF8738,CF8738,,V250381,PROJECT-V250381,SPONSOR-WASDNR,Active,2025-07-22,2027-06-30,39999.00,39999.00,Banner Grant Listing Report,Y,,
CF8766,CF8766,,V250420,PROJECT-V250420,SPONSOR-WESFOR,Active,2025-07-01,2026-06-30,156225.00,156225.00,Banner Grant Listing Report,Y,,
CF8768,CF8768,,V250421,PROJECT-V250421,SPONSOR-WESFOR,Active,2025-07-01,2026-06-30,6000.00,6000.00,Banner Grant Listing Report,Y,,
CF8843,CF8843,,V250495,PROJECT-V250495,SPONSOR-USDFOR,Active,2025-09-10,2028-10-31,125000.00,125000.00,Banner Grant Listing Report,Y,,
CF8843C,CF8843C,,V250495,PROJECT-V250495,SPONSOR-USDFOR,Active,2025-09-10,2028-10-31,12473.79,12473.79,Banner Grant Listing Report,Y,,
CF8859,CF8859,,V250243,PROJECT-V250243,SPONSOR-USBLM,Active,2025-09-15,2027-09-30,469399.00,523941.00,Banner Grant Listing Report,Y,,
CF9042,CF9042,,V250939,PROJECT-V250939,SPONSOR-POTCOR,Active,2026-01-01,2026-12-31,52000.00,52000.00,Banner Grant Listing Report,Y,,
CF9074,CF9074,,V250805,PROJECT-V250805,SPONSOR-NORMAN,Active,2025-11-01,2026-10-31,119066.07,119066.07,Banner Grant Listing Report,Y,,
CG5138,CG5138,,V201310,PROJECT-V201310,SPONSOR-IDWR,Active,2021-02-16,2024-06-30,375000.00,375000.00,Banner Grant Listing Report,Y,,
CG5836,CG5836,,V200642,PROJECT-V200642,SPONSOR-NEVUNI3,Active,2021-02-01,2026-01-31,302000.00,302000.00,Banner Grant Listing Report,Y,,
CG5969,CG5969,,V211014,PROJECT-V211014,SPONSOR-ELEBATT,Active,2021-12-01,2023-12-31,16459.00,16459.00,Banner Grant Listing Report,Y,,
CG6646,CG6646,,V220829,PROJECT-V220829,SPONSOR-USGS,Active,2022-09-22,2025-09-21,300029.39,525000.00,Banner Grant Listing Report,Y,,
CG6646C,CG6646C,,V220829,PROJECT-V220829,SPONSOR-USGS,Active,2022-09-22,2025-09-21,0.00,96755.00,Banner Grant Listing Report,Y,,
CG6879,CG6879,,V230092,PROJECT-V230092,SPONSOR-IDALAN,Active,2023-04-01,2025-03-01,218840.00,218840.00,Banner Grant Listing Report,Y,,
CG6881,CG6881,,V220826,PROJECT-V220826,SPONSOR-USGS,Active,2022-12-30,2025-12-29,300000.00,300000.00,Banner Grant Listing Report,Y,,
CG6881C,CG6881C,,V220826,PROJECT-V220826,SPONSOR-USGS,Active,2022-08-01,2025-12-29,90000.00,90000.00,Banner Grant Listing Report,Y,,
CG6968,CG6968,,V220960,PROJECT-V220960,SPONSOR-IDHWDEQ3,Active,2023-07-01,2026-12-31,495889.00,495889.00,Banner Grant Listing Report,Y,,
CG7355,CG7355,,V221101,PROJECT-V221101,SPONSOR-USGS,Active,2023-07-01,2024-09-30,208931.00,467050.00,Banner Grant Listing Report,Y,,
CG7355C,CG7355C,,V221101,PROJECT-V221101,SPONSOR-USGS,Active,2023-07-01,2024-09-30,394959.00,467050.00,Banner Grant Listing Report,Y,,
CG7403C,CG7403C,,V220896,PROJECT-V220896,SPONSOR-USGS,Active,2023-07-01,2024-08-31,0.00,133876.00,Banner Grant Listing Report,Y,,
CG7508,CG7508,,V230373,PROJECT-V230373,SPONSOR-HOMSEC,Active,2023-09-27,2027-10-26,269560.00,269560.00,Banner Grant Listing Report,Y,,
CG7514,CG7514,,V230447,PROJECT-V230447,SPONSOR-USGS,Active,2023-09-01,2026-08-31,330000.00,330000.00,Banner Grant Listing Report,Y,,
CG7514C,CG7514C,,V230447,PROJECT-V230447,SPONSOR-USGS,Active,2023-09-01,2026-08-31,33059.00,33059.00,Banner Grant Listing Report,Y,,
CG7994,CG7994,,V231008,PROJECT-V231008,SPONSOR-USGS,Active,2024-06-01,2025-05-31,192755.00,408911.00,Banner Grant Listing Report,Y,,
CG7994C,CG7994C,,V231008,PROJECT-V231008,SPONSOR-USGS,Active,2024-06-01,2025-05-31,351909.00,408911.00,Banner Grant Listing Report,Y,,
CG8056,CG8056,,V240450,PROJECT-V240450,SPONSOR-USGS,Active,2024-07-01,2027-06-30,330000.00,330000.00,Banner Grant Listing Report,Y,,
CG8056C,CG8056C,,V240450,PROJECT-V240450,SPONSOR-USGS,Active,2024-07-01,2027-06-30,33000.00,33000.00,Banner Grant Listing Report,Y,,
CG8313,CG8313,,V240291,PROJECT-V240291,SPONSOR-USGS,Active,2024-09-09,2025-09-08,38031.00,38031.00,Banner Grant Listing Report,Y,,
CG8607,CG8607,,V241036,PROJECT-V241036,SPONSOR-ITD1,Active,2025-04-30,2027-10-30,199843.00,199843.00,Banner Grant Listing Report,Y,,
CG8675,CG8675,,V240957,PROJECT-V240957,SPONSOR-USGS,Active,2025-07-01,2026-06-30,58152.00,58152.00,Banner Grant Listing Report,Y,,
CG8791,CG8791,,V240956,PROJECT-V240956,SPONSOR-USGS,Active,2025-08-18,2026-08-17,250956.00,422789.00,Banner Grant Listing Report,Y,,
CG8791C,CG8791C,,V240956,PROJECT-V240956,SPONSOR-USGS,Active,2025-08-18,2026-08-17,387868.85,422789.00,Banner Grant Listing Report,Y,,
CG8815,CG8815,,V250323,PROJECT-V250323,SPONSOR-USGS,Active,2025-09-01,2026-08-31,53625.00,53625.00,Banner Grant Listing Report,Y,,
CG8863,CG8863,,V240946,PROJECT-V240946,SPONSOR-USGS,Active,2025-08-18,2026-08-17,142025.00,142025.00,Banner Grant Listing Report,Y,,
CG8863C,CG8863C,,V240946,PROJECT-V240946,SPONSOR-USGS,Active,2025-08-18,2026-08-17,142025.00,142025.00,Banner Grant Listing Report,Y,,
CG9063,CG9063,,V250478,PROJECT-V250478,SPONSOR-USGS,Active,2026-02-01,2029-01-31,330000.00,330000.00,Banner Grant Listing Report,Y,,
CG9063C,CG9063C,,V250478,PROJECT-V250478,SPONSOR-USGS,Active,2026-02-01,2029-01-31,33000.00,33000.00,Banner Grant Listing Report,Y,,
CW5722,CW5722,,V250263,PROJECT-V250263,SPONSOR-USGS,Active,2021-09-01,2027-01-28,96895.00,671703.85,Banner Grant Listing Report,Y,,
CW5722C,CW5722C,,V240401,PROJECT-V240401,SPONSOR-USGS,Active,2021-09-01,2027-01-28,82868.00,402988.41,Banner Grant Listing Report,Y,,
CW8521,CW8521,,V241099,PROJECT-V241099,SPONSOR-CITPOC,Active,2025-02-01,2027-08-31,100000.00,100000.00,Banner Grant Listing Report,Y,,
CW8765,CW8765,,V240874,PROJECT-V240874,SPONSOR-NIFA,Active,2025-08-15,2026-02-14,53800.86,53800.86,Banner Grant Listing Report,Y,,
CW8836,CW8836,,V250491,PROJECT-V250491,SPONSOR-IDASTA34,Active,2025-07-01,2026-06-30,388695.00,1000000.00,Banner Grant Listing Report,Y,,
CW9022,CW9022,,V250907,PROJECT-V250907,SPONSOR-IDWR,Active,2026-01-01,2027-06-30,99546.00,99546.00,Banner Grant Listing Report,Y,,
CW9055,CW9055,,V250946,PROJECT-V250946,SPONSOR-VASOWA,Active,2026-01-05,2026-04-29,47500.00,47500.00,Banner Grant Listing Report,Y,,
DA7192,DA7192,,V230268,PROJECT-V230268,SPONSOR-JANNUS,Active,2023-05-16,2023-09-15,5919.84,5919.84,Banner Grant Listing Report,Y,,
DC1457,DC1457,,ETK242,PROJECT-ETK242,SPONSOR-USOE1,Active,2016-10-01,2021-09-30,774769.00,774769.00,Banner Grant Listing Report,Y,,
DC3045,DC3045,,19064,PROJECT-19064,SPONSOR-USOE3,Active,2018-10-01,2024-10-31,998704.00,998704.00,Banner Grant Listing Report,Y,,
DC4179,DC4179,,V19514,PROJECT-V19514,SPONSOR-STESTO2,Active,2019-12-01,2025-09-30,4000.00,4000.00,Banner Grant Listing Report,Y,,
DC4514,DC4514,,V230206,PROJECT-V230206,SPONSOR-NSF,Active,2020-05-15,2026-04-30,1143852.00,1143852.00,Banner Grant Listing Report,Y,,
DC5517,DC5517,,V210578,PROJECT-V210578,SPONSOR-ISDE1,Active,2021-07-01,2022-06-30,373962.00,373962.00,Banner Grant Listing Report,Y,,
DC5650,DC5650,,V210428,PROJECT-V210428,SPONSOR-USOE1,Active,2021-08-03,2026-08-02,1314269.00,1314269.00,Banner Grant Listing Report,Y,,
DC6034,DC6034,,V210634,PROJECT-V210634,SPONSOR-SPEFOU,Active,2022-06-01,2025-08-31,74999.36,74999.36,Banner Grant Listing Report,Y,,
DC6126,DC6126,,V220266,PROJECT-V220266,SPONSOR-IDASTE2,Active,2022-04-06,2022-11-15,4690.09,5044.16,Banner Grant Listing Report,Y,,
DC6377,DC6377,,V220364,PROJECT-V220364,SPONSOR-ISDE1,Active,2022-07-01,2023-06-30,388637.00,388637.00,Banner Grant Listing Report,Y,,
DC6380,DC6380,,V220488,PROJECT-V220488,SPONSOR-IDADIV2,Active,2022-07-01,2023-06-30,300000.00,300000.00,Banner Grant Listing Report,Y,,
DC6406,DC6406,,V210880,PROJECT-V210880,SPONSOR-NSF,Active,2022-07-01,2026-06-30,1653528.00,2999999.00,Banner Grant Listing Report,Y,,
DC6813,DC6813,,V220917,PROJECT-V220917,SPONSOR-IDASTA34,Active,2023-01-01,2024-09-30,564414.00,564414.00,Banner Grant Listing Report,Y,,
DC6986,DC6986,,V221079,PROJECT-V221079,SPONSOR-IDASTE2,Active,2023-05-19,2023-08-30,29475.72,35751.11,Banner Grant Listing Report,Y,,
DC7194,DC7194,,V230389,PROJECT-V230389,SPONSOR-ISDE1,Active,2023-07-01,2024-06-30,518682.29,518682.29,Banner Grant Listing Report,Y,,
DC7322,DC7322,,V220848,PROJECT-V220848,SPONSOR-BSU,Active,2023-09-01,2027-08-31,360356.00,360356.00,Banner Grant Listing Report,Y,,
DC7421,DC7421,,V230462,PROJECT-V230462,SPONSOR-IDADIV2,Active,2023-07-01,2024-06-30,300000.00,300000.00,Banner Grant Listing Report,Y,,
DC7486,DC7486,,V230412,PROJECT-V230412,SPONSOR-USOE1,Active,2023-10-01,2026-09-30,687421.26,687421.26,Banner Grant Listing Report,Y,,
DC7507,DC7507,,V230748,PROJECT-V230748,SPONSOR-IDASTE2,Active,2023-10-25,2024-06-30,4520.00,4520.00,Banner Grant Listing Report,Y,,
DC7658,DC7658,,V220699,PROJECT-V220699,SPONSOR-NSF,Active,2023-12-01,2027-11-30,1179977.00,1179977.00,Banner Grant Listing Report,Y,,
DC7714,DC7714,,V230768,PROJECT-V230768,SPONSOR-IDAWOR,Active,2024-05-01,2027-04-30,999988.21,999988.21,Banner Grant Listing Report,Y,,
DC7714C,DC7714C,,V230768,PROJECT-V230768,SPONSOR-IDAWOR,Active,2024-05-01,2027-04-30,98304.57,212875.99,Banner Grant Listing Report,Y,,
DC7844,DC7844,,V240345,PROJECT-V240345,SPONSOR-ISDE1,Active,2024-05-15,2024-07-30,20000.00,20000.00,Banner Grant Listing Report,Y,,
DC7929,DC7929,,V240381,PROJECT-V240381,SPONSOR-ISDE1,Active,2024-07-01,2025-06-30,489965.00,489965.00,Banner Grant Listing Report,Y,,
DC8182,DC8182,,V240779,PROJECT-V240779,SPONSOR-IDASTA34,Active,2024-10-01,2025-03-28,135770.00,135770.00,Banner Grant Listing Report,Y,,
DC8275,DC8275,,V240429,PROJECT-V240429,SPONSOR-USOE1,Active,2024-10-01,2029-09-30,4230697.66,7805939.00,Banner Grant Listing Report,Y,,
DC8374,DC8374,,V240480,PROJECT-V240480,SPONSOR-IDADIV2,Active,2024-07-01,2025-06-30,300000.00,300000.00,Banner Grant Listing Report,Y,,
DC8625,DC8625,,V250333,PROJECT-V250333,SPONSOR-ISDE1,Active,2025-07-01,2026-06-30,490948.00,490948.00,Banner Grant Listing Report,Y,,
DC8925,DC8925,,V250326,PROJECT-V250326,SPONSOR-USOE1,Active,2025-10-01,2026-09-30,343880.00,343880.00,Banner Grant Listing Report,Y,,
DC9039,DC9039,,V250525,PROJECT-V250525,SPONSOR-IDADIV2,Active,2025-07-01,2026-06-30,235000.00,235000.00,Banner Grant Listing Report,Y,,
DD3083,DD3083,,19065,PROJECT-19065,SPONSOR-DHHS1,Active,2018-09-30,2024-09-29,1587590.86,2131984.00,Banner Grant Listing Report,Y,,
DH1776,DH1776,,17532,PROJECT-17532,SPONSOR-DHHS1,Active,2017-07-01,2023-06-30,2836181.00,2836181.00,Banner Grant Listing Report,Y,,
DH1776P,DH1776P,,17532,PROJECT-17532,SPONSOR-DHHS1,Active,2017-07-01,2023-06-30,2400.00,2400.00,Banner Grant Listing Report,Y,,
DH3036P,DH3036P,,19157,PROJECT-19157,SPONSOR-USOE1,Active,2018-10-01,2023-09-30,2130.00,2130.00,Banner Grant Listing Report,Y,,
DH3367,DH3367,,19395,PROJECT-19395,SPONSOR-AUSUNI1,Active,2019-03-01,2025-09-30,24000.00,24000.00,Banner Grant Listing Report,Y,,
DH4606P,DH4606P,,V200599,PROJECT-V200599,SPONSOR-IDHW7,Active,2020-07-01,2021-06-30,120.00,120.00,Banner Grant Listing Report,Y,,
DH5381,DH5381,,V210514,PROJECT-V210514,SPONSOR-IDHW7,Active,2021-07-01,2022-06-30,3088634.00,5746466.00,Banner Grant Listing Report,Y,,
DH5381P,DH5381P,,V210514,PROJECT-V210514,SPONSOR-IDHW7,Active,2021-07-01,2022-06-30,20.00,20.00,Banner Grant Listing Report,Y,,
DH5384,DH5384,,V210446,PROJECT-V210446,SPONSOR-ISDE1,Active,2021-07-01,2022-06-30,1404721.00,1404721.00,Banner Grant Listing Report,Y,,
DH5386P,DH5386P,,V210374,PROJECT-V210374,SPONSOR-DHHS1,Active,2020-10-01,2023-09-30,5850.00,5850.00,Banner Grant Listing Report,Y,,
DH5555,DH5555,,V211036,PROJECT-V211036,SPONSOR-IDHW7,Active,2021-07-01,2022-06-30,5543902.80,8292409.58,Banner Grant Listing Report,Y,,
DH5872,DH5872,,V210964,PROJECT-V210964,SPONSOR-AUSUNI1,Active,2021-09-01,2022-09-30,94000.00,94000.00,Banner Grant Listing Report,Y,,
DH5951,DH5951,,V210866,PROJECT-V210866,SPONSOR-ISDE1,Active,2021-12-14,2022-09-29,41634.44,56465.13,Banner Grant Listing Report,Y,,
DH5994,DH5994,,V211084,PROJECT-V211084,SPONSOR-AREAGE,Active,2021-11-01,2024-06-30,134261.58,134261.58,Banner Grant Listing Report,Y,,
DH6190,DH6190,,V220159,PROJECT-V220159,SPONSOR-DEPHEA,Active,2022-04-01,2025-09-30,113670.00,113670.00,Banner Grant Listing Report,Y,,
DH6235,DH6235,,V220240,PROJECT-V220240,SPONSOR-IOEM,Active,2022-03-30,2022-07-01,38395.56,36567.20,Banner Grant Listing Report,Y,,
DH6330,DH6330,,V250173,PROJECT-V250173,SPONSOR-DEPHEA,Active,2022-07-01,2026-06-30,2425415.00,2425415.00,Banner Grant Listing Report,Y,,
DH6332,DH6332,,V220449,PROJECT-V220449,SPONSOR-ISDE1,Active,2022-07-01,2023-06-30,1374729.71,1519206.00,Banner Grant Listing Report,Y,,
DH6342,DH6342,,V210617,PROJECT-V210617,SPONSOR-FEDCOM,Active,2022-07-01,2023-06-30,66147.73,88529.00,Banner Grant Listing Report,Y,,
DH6381,DH6381,,V220594,PROJECT-V220594,SPONSOR-IDHW7,Active,2022-07-01,2023-06-30,4640713.18,12209115.65,Banner Grant Listing Report,Y,,
DH6574,DH6574,,V220720,PROJECT-V220720,SPONSOR-DHHS1,Active,2021-10-01,2023-09-30,473053.00,473053.00,Banner Grant Listing Report,Y,,
DH6630,DH6630,,V220776,PROJECT-V220776,SPONSOR-ISDE1,Active,2022-09-30,2023-09-30,40000.00,40000.00,Banner Grant Listing Report,Y,,
DH6723,DH6723,,V220905,PROJECT-V220905,SPONSOR-THECEN,Active,2022-10-01,2023-05-31,7486.57,46000.00,Banner Grant Listing Report,Y,,
DH6785,DH6785,,V220930,PROJECT-V220930,SPONSOR-IDVR,Active,2022-12-19,2023-08-15,33540.43,33540.43,Banner Grant Listing Report,Y,,
DH7022,DH7022,,V240948,PROJECT-V240948,SPONSOR-IAEYC,Active,2023-04-01,2025-12-30,595982.78,595982.78,Banner Grant Listing Report,Y,,
DH7221,DH7221,,V230454,PROJECT-V230454,SPONSOR-FEDCOM,Active,2023-07-01,2024-06-30,89144.00,89144.00,Banner Grant Listing Report,Y,,
DH7232,DH7232,,V230405,PROJECT-V230405,SPONSOR-ISDE1,Active,2023-07-01,2024-06-30,1580731.00,1580731.00,Banner Grant Listing Report,Y,,
DH7276,DH7276,,V230401,PROJECT-V230401,SPONSOR-IDHW7,Active,2023-07-01,2024-06-30,3919363.48,6542775.09,Banner Grant Listing Report,Y,,
DH7300,DH7300,,V230566,PROJECT-V230566,SPONSOR-DHHS1,Active,2022-10-01,2024-09-30,483181.00,483181.00,Banner Grant Listing Report,Y,,
DH7300P,DH7300P,,V230566,PROJECT-V230566,SPONSOR-DHHS1,Active,2022-10-01,2024-09-30,980.00,980.00,Banner Grant Listing Report,Y,,
DH7320,DH7320,,V230021,PROJECT-V230021,SPONSOR-USOE1,Active,2023-10-01,2026-09-30,288327.00,288327.00,Banner Grant Listing Report,Y,,
DH7468,DH7468,,V230471,PROJECT-V230471,SPONSOR-IDADIV3,Active,2023-10-11,2024-10-10,35395.00,35395.00,Banner Grant Listing Report,Y,,
DH7474,DH7474,,V230751,PROJECT-V230751,SPONSOR-ISDE1,Active,2023-10-01,2024-06-30,62046.82,62046.82,Banner Grant Listing Report,Y,,
DH7600,DH7600,,V230863,PROJECT-V230863,SPONSOR-IDADIV3,Active,2024-01-08,2024-05-30,40000.00,40000.00,Banner Grant Listing Report,Y,,
DH7617,DH7617,,V231074,PROJECT-V231074,SPONSOR-ISDE1,Active,2023-10-01,2024-09-30,868880.00,868880.00,Banner Grant Listing Report,Y,,
DH7708,DH7708,,V240003,PROJECT-V240003,SPONSOR-IDASTA34,Active,2024-02-06,2024-05-31,14226.00,14226.00,Banner Grant Listing Report,Y,,
DH7884,DH7884,,V240454,PROJECT-V240454,SPONSOR-ISDE1,Active,2024-07-01,2025-06-30,1642386.00,1642386.00,Banner Grant Listing Report,Y,,
DH7977,DH7977,,V240436,PROJECT-V240436,SPONSOR-IDHW7,Active,2024-07-01,2025-06-30,4026915.67,6557971.30,Banner Grant Listing Report,Y,,
DH8014,DH8014,,V240488,PROJECT-V240488,SPONSOR-FEDCOM,Active,2024-07-01,2025-06-30,89473.00,89473.00,Banner Grant Listing Report,Y,,
DH8085,DH8085,,V240556,PROJECT-V240556,SPONSOR-ISDE1,Active,2024-07-14,2025-09-30,80181.29,80181.29,Banner Grant Listing Report,Y,,
DH8133,DH8133,,V240595,PROJECT-V240595,SPONSOR-DHHS1,Active,2023-10-01,2025-09-30,482125.00,482125.00,Banner Grant Listing Report,Y,,
DH8133P,DH8133P,,V240595,PROJECT-V240595,SPONSOR-DHHS1,Active,2023-10-01,2025-09-30,1463.30,1463.30,Banner Grant Listing Report,Y,,
DH8300,DH8300,,V250932,PROJECT-V250932,SPONSOR-AMEACA4,Active,2024-10-01,2026-09-30,20500.00,20500.00,Banner Grant Listing Report,Y,,
DH8460,DH8460,,V240731,PROJECT-V240731,SPONSOR-ISDE1,Active,2024-10-01,2025-09-30,1102465.00,1102465.00,Banner Grant Listing Report,Y,,
DH8620,DH8620,,V250242,PROJECT-V250242,SPONSOR-IDHW7,Active,2025-07-01,2026-06-30,6999993.86,6999993.86,Banner Grant Listing Report,Y,,
DH8639,DH8639,,V250400,PROJECT-V250400,SPONSOR-FEDCOM,Active,2025-07-01,2026-06-30,89607.00,89607.00,Banner Grant Listing Report,Y,,
DH8671,DH8671,,V250354,PROJECT-V250354,SPONSOR-ISDE1,Active,2025-07-01,2026-06-30,1653122.00,1653122.00,Banner Grant Listing Report,Y,,
DH8741,DH8741,,V250239,PROJECT-V250239,SPONSOR-STRFOU,Active,2025-07-01,2028-06-30,300000.00,300000.00,Banner Grant Listing Report,Y,,
DH8868,DH8868,,V250544,PROJECT-V250544,SPONSOR-DHHS1,Active,2024-10-01,2026-09-30,475848.00,475848.00,Banner Grant Listing Report,Y,,
DH8874,DH8874,,V250566,PROJECT-V250566,SPONSOR-ISDE1,Active,2025-10-01,2026-09-30,1284013.72,1284013.72,Banner Grant Listing Report,Y,,
DH8935,DH8935,,V250770,PROJECT-V250770,SPONSOR-ISDE1,Active,2025-10-28,2025-11-10,79516.74,79516.74,Banner Grant Listing Report,Y,,
DH8992,DH8992,,V250875,PROJECT-V250875,SPONSOR-ISDE1,Active,2025-10-28,2026-09-30,81000.00,81000.00,Banner Grant Listing Report,Y,,
DH9071,DH9071,,V250930,PROJECT-V250930,SPONSOR-IDASTA8,Active,2025-12-31,2026-12-30,299340.60,299340.60,Banner Grant Listing Report,Y,,
DL6122,DL6122,,V220034,PROJECT-V220034,SPONSOR-IDAHUM1,Active,2022-03-01,2023-05-31,3000.00,3000.00,Banner Grant Listing Report,Y,,
DL6122C,DL6122C,,V220034,PROJECT-V220034,SPONSOR-IDAHUM1,Active,2022-03-01,2023-05-31,0.00,3000.00,Banner Grant Listing Report,Y,,
DL6430,DL6430,,V220155,PROJECT-V220155,SPONSOR-NATACA1,Active,2022-09-01,2023-08-31,4973.00,4973.00,Banner Grant Listing Report,Y,,
DL6732,DL6732,,V220756,PROJECT-V220756,SPONSOR-NATCAM,Active,2022-11-22,2023-07-31,1250.00,1250.00,Banner Grant Listing Report,Y,,
DL6799,DL6799,,V220849,PROJECT-V220849,SPONSOR-SPASTR,Active,2022-08-01,2024-07-30,5000.00,5000.00,Banner Grant Listing Report,Y,,
DL6913,DL6913,,V221005,PROJECT-V221005,SPONSOR-ASCEDU,Active,2023-03-01,2026-02-28,499600.00,499600.00,Banner Grant Listing Report,Y,,
DL7458,DL7458,,V220883,PROJECT-V220883,SPONSOR-CPRDEV,Active,2023-07-01,2025-04-25,35803.00,35803.00,Banner Grant Listing Report,Y,,
DL7919,DL7919,,V240173,PROJECT-V240173,SPONSOR-ISDE1,Active,2024-07-01,2025-06-30,674223.25,674223.25,Banner Grant Listing Report,Y,,
DL7920,DL7920,,V240173,PROJECT-V240173,SPONSOR-ISDE1,Active,2024-07-01,2025-06-30,210153.85,210153.85,Banner Grant Listing Report,Y,,
DL8733,DL8733,,V250298,PROJECT-V250298,SPONSOR-ISDE1,Active,2025-07-01,2026-06-30,823779.72,823779.72,Banner Grant Listing Report,Y,,
DL8740,DL8740,,V250489,PROJECT-V250489,SPONSOR-ISDE1,Active,2025-07-01,2026-06-30,60308.64,60308.64,Banner Grant Listing Report,Y,,
DM4093,DM4093,,16729,PROJECT-16729,SPONSOR-ITD1,Active,2019-09-18,2021-09-17,59684.41,59685.00,Banner Grant Listing Report,Y,,
DM5139,DM5139,,V19726,PROJECT-V19726,SPONSOR-ITD1,Active,2021-03-01,2023-02-28,59947.48,59996.00,Banner Grant Listing Report,Y,,
DM5139C,DM5139C,,V19726,PROJECT-V19726,SPONSOR-ITD1,Active,2021-03-01,2023-02-28,4669.01,4753.27,Banner Grant Listing Report,Y,,
DM5579,DM5579,,V210676,PROJECT-V210676,SPONSOR-IDHW7,Active,2021-08-06,2022-06-29,33169.77,35588.27,Banner Grant Listing Report,Y,,
DM5986,DM5986,,V211008,PROJECT-V211008,SPONSOR-IDHW7,Active,2022-01-12,2025-12-31,167713.39,238588.39,Banner Grant Listing Report,Y,,
DM6040,DM6040,,V19726,PROJECT-V19726,SPONSOR-ITD1,Active,2022-06-27,2024-06-26,59996.00,59996.00,Banner Grant Listing Report,Y,,
DM6040C,DM6040C,,V19726,PROJECT-V19726,SPONSOR-ITD1,Active,2022-06-27,2024-06-26,4753.00,4753.00,Banner Grant Listing Report,Y,,
DM6068,DM6068,,V220175,PROJECT-V220175,SPONSOR-IDHW7,Active,2022-03-31,2025-12-31,210972.49,326274.30,Banner Grant Listing Report,Y,,
DM6070,DM6070,,V220003,PROJECT-V220003,SPONSOR-IDHW7,Active,2022-03-24,2022-12-31,76863.00,76863.00,Banner Grant Listing Report,Y,,
DM6621,DM6621,,V220079,PROJECT-V220079,SPONSOR-NATA,Active,2022-05-01,2024-04-30,994.00,994.00,Banner Grant Listing Report,Y,,
DM6787,DM6787,,V220924,PROJECT-V220924,SPONSOR-AMECOL1,Active,2022-11-01,2023-10-31,1000.00,1000.00,Banner Grant Listing Report,Y,,
DM6788,DM6788,,V220909,PROJECT-V220909,SPONSOR-AMECOL1,Active,2022-11-01,2023-10-31,1000.00,1000.00,Banner Grant Listing Report,Y,,
DM6910,DM6910,,V221123,PROJECT-V221123,SPONSOR-COMCOU4,Active,2023-01-23,2024-06-30,16007.59,16007.59,Banner Grant Listing Report,Y,,
DM7186,DM7186,,V230428,PROJECT-V230428,SPONSOR-NEVREG,Active,2023-05-01,2023-06-30,5436.00,5436.00,Banner Grant Listing Report,Y,,
DM7503,DM7503,,V230561,PROJECT-V230561,SPONSOR-NEVREG,Active,2023-07-01,2023-11-08,15474.00,15474.00,Banner Grant Listing Report,Y,,
DM7692,DM7692,,V230944,PROJECT-V230944,SPONSOR-AMECOL1,Active,2024-01-01,2024-06-30,1000.00,1000.00,Banner Grant Listing Report,Y,,
DM7705,DM7705,,V19726,PROJECT-V19726,SPONSOR-ITD1,Active,2024-02-06,2025-09-30,138990.00,138990.00,Banner Grant Listing Report,Y,,
DM7705C,DM7705C,,V19726,PROJECT-V19726,SPONSOR-ITD1,Active,2024-02-06,2025-09-30,0.00,11010.00,Banner Grant Listing Report,Y,,
DM8866,DM8866,,V230886,PROJECT-V230886,SPONSOR-ITD1,Active,2025-11-10,2027-09-30,150110.00,150110.00,Banner Grant Listing Report,Y,,
DM8866C,DM8866C,,V230886,PROJECT-V230886,SPONSOR-ITD1,Active,2025-11-10,2027-09-30,11890.00,11890.00,Banner Grant Listing Report,Y,,
DM8961,DM8961,,V240709,PROJECT-V240709,SPONSOR-BSU,Active,2025-09-01,2026-08-31,167288.00,167288.00,Banner Grant Listing Report,Y,,
DT1777,DT1777,,17301,PROJECT-17301,SPONSOR-USOE3,Active,2017-06-01,2022-09-30,2382600.00,2382600.00,Banner Grant Listing Report,Y,,
DT1780,DT1780,,EFK620,PROJECT-EFK620,SPONSOR-USOE3,Active,2017-09-01,2022-08-31,1461832.00,1461832.00,Banner Grant Listing Report,Y,,
DT1781,DT1781,,EFK732,PROJECT-EFK732,SPONSOR-USOE3,Active,2017-11-01,2022-10-31,1763141.90,1769451.00,Banner Grant Listing Report,Y,,
DT1782,DT1782,,EFK736,PROJECT-EFK736,SPONSOR-USOE3,Active,2017-09-01,2022-08-31,1532919.00,1532919.00,Banner Grant Listing Report,Y,,
DT1783,DT1783,,17303,PROJECT-17303,SPONSOR-USOE3,Active,2017-09-01,2022-08-31,1707298.00,1707298.00,Banner Grant Listing Report,Y,,
DT5698,DT5698,,V201192,PROJECT-V201192,SPONSOR-USOE1,Active,2021-09-01,2025-09-30,1616056.00,1616056.00,Banner Grant Listing Report,Y,,
DT5702,DT5702,,V210074,PROJECT-V210074,SPONSOR-USOE1,Active,2021-09-01,2026-08-31,1401821.00,1401821.00,Banner Grant Listing Report,Y,,
DT5997,DT5997,,V220032,PROJECT-V220032,SPONSOR-CENWAS,Active,2022-01-01,2025-12-31,430957.00,430957.00,Banner Grant Listing Report,Y,,
DT6287,DT6287,,V211188,PROJECT-V211188,SPONSOR-USOE1,Active,2022-06-01,2026-08-31,2020139.00,2020139.00,Banner Grant Listing Report,Y,,
DT6426,DT6426,,V211189,PROJECT-V211189,SPONSOR-USOE1,Active,2022-09-01,2026-08-31,1226116.00,1226116.00,Banner Grant Listing Report,Y,,
DT6427,DT6427,,V211185,PROJECT-V211185,SPONSOR-USOE1,Active,2022-09-01,2026-08-31,1437793.00,1437793.00,Banner Grant Listing Report,Y,,
DT6462,DT6462,,V220263,PROJECT-V220263,SPONSOR-USOE1,Active,2022-10-01,2027-09-30,1076120.00,1076120.00,Banner Grant Listing Report,Y,,
DT6469,DT6469,,V211184,PROJECT-V211184,SPONSOR-USOE1,Active,2022-09-01,2026-08-31,1287417.00,1287417.00,Banner Grant Listing Report,Y,,
DT6693,DT6693,,V19828,PROJECT-V19828,SPONSOR-USOE1,Active,2022-11-01,2026-10-31,1491392.00,1491392.00,Banner Grant Listing Report,Y,,
EA7630,EA7630,,V250917,PROJECT-V250917,SPONSOR-BATTELLE1,Active,2024-01-10,2026-09-30,198790.00,198790.00,Banner Grant Listing Report,Y,,
EA7769,EA7769,,V230789,PROJECT-V230789,SPONSOR-GENNEX1,Active,2024-02-12,2025-05-11,133869.95,133869.95,Banner Grant Listing Report,Y,,
EB5205,EB5205,,V200524,PROJECT-V200524,SPONSOR-NIFA,Active,2021-02-01,2026-01-31,199999.00,199999.00,Banner Grant Listing Report,Y,,
EB5830,EB5830,,V210268,PROJECT-V210268,SPONSOR-NIFA,Active,2021-08-01,2025-07-31,307044.00,487608.00,Banner Grant Listing Report,Y,,
EC7387,EC7387,,V230672,PROJECT-V230672,SPONSOR-SCHENG,Active,2023-08-14,2026-05-29,116554.00,116554.00,Banner Grant Listing Report,Y,,
EC7561,EC7561,,V240238,PROJECT-V240238,SPONSOR-USDFOR,Active,2023-12-01,2027-12-31,200000.00,200000.00,Banner Grant Listing Report,Y,,
EC7561C,EC7561C,,V230971,PROJECT-V230971,SPONSOR-USDFOR,Active,2023-12-01,2027-12-31,27336.92,50487.53,Banner Grant Listing Report,Y,,
EC7895,EC7895,,V230916,PROJECT-V230916,SPONSOR-IDASTA34,Active,2024-07-01,2025-06-30,119800.00,119800.00,Banner Grant Listing Report,Y,,
EC7898,EC7898,,V230377,PROJECT-V230377,SPONSOR-NORUNI2,Active,2023-10-01,2025-03-31,93510.00,93510.00,Banner Grant Listing Report,Y,,
EC7898C,EC7898C,,V230377,PROJECT-V230377,SPONSOR-NORUNI2,Active,2023-10-01,2025-03-31,21827.00,21827.00,Banner Grant Listing Report,Y,,
EC8055,EC8055,,V231050,PROJECT-V231050,SPONSOR-AMASUG,Active,2024-06-17,2026-05-15,160214.00,160214.00,Banner Grant Listing Report,Y,,
EC8315,EC8315,,V230851,PROJECT-V230851,SPONSOR-NSF,Active,2024-09-15,2027-08-31,299838.00,299838.00,Banner Grant Listing Report,Y,,
EC8450,EC8450,,V240330,PROJECT-V240330,SPONSOR-NSF,Active,2025-01-01,2026-12-31,213433.00,213433.00,Banner Grant Listing Report,Y,,
EC8672,EC8672,,V250182,PROJECT-V250182,SPONSOR-IDASTA34,Active,2025-07-01,2026-06-30,127900.00,127900.00,Banner Grant Listing Report,Y,,
EC8805,EC8805,,V240944,PROJECT-V240944,SPONSOR-IDAWOR,Active,2025-05-14,2028-05-13,249870.50,249870.50,Banner Grant Listing Report,Y,,
EC8805C,EC8805C,,V240944,PROJECT-V240944,SPONSOR-IDAWOR,Active,2025-05-14,2028-05-13,92116.38,92116.38,Banner Grant Listing Report,Y,,
ED5496,ED5496,,V250335,PROJECT-V250335,SPONSOR-SCHENG,Active,2021-07-01,2026-05-31,1431585.00,1431585.00,Banner Grant Listing Report,Y,,
ED5828,ED5828,,V201035,PROJECT-V201035,SPONSOR-WASSTA12,Active,2021-06-16,2026-07-01,159066.00,159066.00,Banner Grant Listing Report,Y,,
ED5832,ED5832,,V210590,PROJECT-V210590,SPONSOR-NATSEC2,Active,2021-09-14,2024-09-14,149880.00,149880.00,Banner Grant Listing Report,Y,,
ED6357,ED6357,,V210553,PROJECT-V210553,SPONSOR-NSF,Active,2022-05-15,2028-04-30,1794591.38,2591058.00,Banner Grant Listing Report,Y,,
ED7470,ED7470,,V220920,PROJECT-V220920,SPONSOR-NATREN,Active,2023-10-01,2026-09-30,480000.00,480000.00,Banner Grant Listing Report,Y,,
ED7470C,ED7470C,,V220920,PROJECT-V220920,SPONSOR-NATREN,Active,2023-10-01,2026-09-30,33489.16,71077.36,Banner Grant Listing Report,Y,,
ED7783,ED7783,,V220869,PROJECT-V220869,SPONSOR-URBANO,Active,2023-04-15,2025-04-15,39996.00,39996.00,Banner Grant Listing Report,Y,,
ED8799,ED8799,,V240578,PROJECT-V240578,SPONSOR-NSF,Active,2025-07-15,2027-06-30,199998.00,199998.00,Banner Grant Listing Report,Y,,
EE7755,EE7755,,V230857,PROJECT-V230857,SPONSOR-IDAWOR,Active,2023-12-01,2026-09-30,1021843.00,1039557.00,Banner Grant Listing Report,Y,,
EE7755C,EE7755C,,V230857,PROJECT-V230857,SPONSOR-IDAWOR,Active,2023-12-01,2026-09-30,209797.00,1039557.00,Banner Grant Listing Report,Y,,
EE8150,EE8150,,V240110,PROJECT-V240110,SPONSOR-NSF,Active,2024-08-15,2026-07-31,300000.00,300000.00,Banner Grant Listing Report,Y,,
EE8332,EE8332,,V240353,PROJECT-V240353,SPONSOR-NSF,Active,2025-01-01,2026-12-31,299938.00,299938.00,Banner Grant Listing Report,Y,,
EE8560,EE8560,,V240341,PROJECT-V240341,SPONSOR-IDAWOR,Active,2024-05-01,2026-09-30,1100000.00,1100000.00,Banner Grant Listing Report,Y,,
EE8560C,EE8560C,,V240341,PROJECT-V240341,SPONSOR-IDAWOR,Active,2024-05-01,2026-09-30,497821.91,1100000.00,Banner Grant Listing Report,Y,,
EE9015,EE9015,,V250038,PROJECT-V250038,SPONSOR-MICRON,Active,2026-01-01,2028-12-31,219000.00,219000.00,Banner Grant Listing Report,Y,,
EG5837,EG5837,,V201118,PROJECT-V201118,SPONSOR-DOE1,Active,2021-08-01,2033-08-31,25000.00,25000.00,Banner Grant Listing Report,Y,,
EG8378,EG8378,,V201103,PROJECT-V201103,SPONSOR-BSU,Active,2025-01-01,2025-12-31,235642.00,235642.00,Banner Grant Listing Report,Y,,
EG8386,EG8386,,V201102,PROJECT-V201102,SPONSOR-BSU,Active,2025-01-01,2025-12-31,237720.00,237720.00,Banner Grant Listing Report,Y,,
EG8386C,EG8386C,,V201102,PROJECT-V201102,SPONSOR-BSU,Active,2025-01-01,2025-12-31,38509.38,68670.00,Banner Grant Listing Report,Y,,
EG8575,EG8575,,V250044,PROJECT-V250044,SPONSOR-IDASTE2,Active,2025-01-01,2026-06-30,7500.00,7500.00,Banner Grant Listing Report,Y,,
EG8640,EG8640,,V250043,PROJECT-V250043,SPONSOR-IDASTE2,Active,2025-02-01,2025-09-12,4700.00,4700.00,Banner Grant Listing Report,Y,,
EG8816,EG8816,,V250416,PROJECT-V250416,SPONSOR-ISDE1,Active,2025-09-01,2026-08-31,360000.00,360000.00,Banner Grant Listing Report,Y,,
EG8817,EG8817,,V240432,PROJECT-V240432,SPONSOR-NSF,Active,2025-08-15,2027-07-31,200000.00,200000.00,Banner Grant Listing Report,Y,,
EH2996,EH2996,,18398,PROJECT-18398,SPONSOR-DOE1,Active,2018-10-01,2022-09-30,639959.21,640000.00,Banner Grant Listing Report,Y,,
EH5008,EH5008,,V200004,PROJECT-V200004,SPONSOR-NEVUNI3,Active,2020-10-01,2024-09-30,199415.00,199415.00,Banner Grant Listing Report,Y,,
EH6224,EH6224,,V210519,PROJECT-V210519,SPONSOR-NSF,Active,2022-05-01,2026-04-30,402341.00,402341.00,Banner Grant Listing Report,Y,,
EH6447,EH6447,,V210661,PROJECT-V210661,SPONSOR-NIFA,Active,2022-05-01,2026-04-30,299985.00,299985.00,Banner Grant Listing Report,Y,,
EH6632,EH6632,,V210940,PROJECT-V210940,SPONSOR-DOD1,Active,2022-09-30,2026-09-30,250000.00,250000.00,Banner Grant Listing Report,Y,,
EH7880,EH7880,,V230800,PROJECT-V230800,SPONSOR-NIFA,Active,2024-05-01,2026-07-31,222980.00,300000.00,Banner Grant Listing Report,Y,,
EH7901,EH7901,,V230903,PROJECT-V230903,SPONSOR-IDASTA34,Active,2024-07-01,2026-06-30,140000.00,140000.00,Banner Grant Listing Report,Y,,
EH8052,EH8052,,V230788,PROJECT-V230788,SPONSOR-NIFA,Active,2024-07-01,2027-12-31,505936.00,601213.00,Banner Grant Listing Report,Y,,
EH8472,EH8472,,V240776,PROJECT-V240776,SPONSOR-NEWMEX12,Active,2025-01-01,2025-12-31,30000.00,30000.00,Banner Grant Listing Report,Y,,
EH8839,EH8839,,V240852,PROJECT-V240852,SPONSOR-NSF,Active,2025-07-01,2028-06-30,419997.00,419997.00,Banner Grant Listing Report,Y,,
EH8975,EH8975,,V240706,PROJECT-V240706,SPONSOR-NIFA,Active,2025-12-01,2029-11-30,371576.00,606620.00,Banner Grant Listing Report,Y,,
EM6061,EM6061,,V210960,PROJECT-V210960,SPONSOR-VENWEL,Active,2022-02-01,2025-08-31,27012.00,27012.00,Banner Grant Listing Report,Y,,
EM6457,EM6457,,V220749,PROJECT-V220749,SPONSOR-MULTIPLE,Active,2022-08-15,2025-08-31,108495.22,110556.25,Banner Grant Listing Report,Y,,
EM7035,EM7035,,V230240,PROJECT-V230240,SPONSOR-EPRI,Active,2023-05-18,2025-04-30,131348.00,131348.00,Banner Grant Listing Report,Y,,
EM7228,EM7228,,V220910,PROJECT-V220910,SPONSOR-NIFA,Active,2023-06-01,2026-05-31,180000.00,180000.00,Banner Grant Listing Report,Y,,
EM7388,EM7388,,V230673,PROJECT-V230673,SPONSOR-BATTELLE1,Active,2023-09-21,2024-06-30,13769.00,13769.00,Banner Grant Listing Report,Y,,
EM7568,EM7568,,V230911,PROJECT-V230911,SPONSOR-BATTELLE1,Active,2023-12-09,2025-05-31,29690.00,29690.00,Banner Grant Listing Report,Y,,
EM7610,EM7610,,V220832,PROJECT-V220832,SPONSOR-BARD,Active,2023-12-01,2026-12-01,155000.00,155000.00,Banner Grant Listing Report,Y,,
EM7678,EM7678,,V230117,PROJECT-V230117,SPONSOR-NEVREG,Active,2024-01-19,2025-04-30,66000.00,66000.00,Banner Grant Listing Report,Y,,
EM7852,EM7852,,V240269,PROJECT-V240269,SPONSOR-BATTELLE1,Active,2024-05-15,2024-09-30,27834.94,27834.94,Banner Grant Listing Report,Y,,
EM8147,EM8147,,V240654,PROJECT-V240654,SPONSOR-BATTELLE1,Active,2024-08-16,2025-05-31,14402.00,14402.00,Banner Grant Listing Report,Y,,
EM8518,EM8518,,V240745,PROJECT-V240745,SPONSOR-DOD1,Active,2025-04-01,2026-06-01,143273.50,149413.00,Banner Grant Listing Report,Y,,
EM8584,EM8584,,V250226,PROJECT-V250226,SPONSOR-EPRI,Active,2025-04-18,2027-12-31,49992.00,49992.00,Banner Grant Listing Report,Y,,
EM8589,EM8589,,V250155,PROJECT-V250155,SPONSOR-EPRI,Active,2025-04-28,2027-04-30,144988.00,144988.00,Banner Grant Listing Report,Y,,
EM8621,EM8621,,V250080,PROJECT-V250080,SPONSOR-IDASTA34,Active,2025-07-01,2026-06-30,68189.00,68189.00,Banner Grant Listing Report,Y,,
EM8681,EM8681,,V240808,PROJECT-V240808,SPONSOR-NSF,Active,2025-04-01,2027-03-31,193395.00,193395.00,Banner Grant Listing Report,Y,,
EM8729,EM8729,,V250436,PROJECT-V250436,SPONSOR-MULTIPLE,Active,2025-08-01,2026-08-31,48000.00,48000.00,Banner Grant Listing Report,Y,,
EM8761,EM8761,,V250451,PROJECT-V250451,SPONSOR-MULTIPLE,Active,2025-08-15,2026-08-14,2500.00,2500.00,Banner Grant Listing Report,Y,,
EM8814,EM8814,,V250270,PROJECT-V250270,SPONSOR-MURCHA,Active,2025-06-30,2027-06-29,75000.00,75000.00,Banner Grant Listing Report,Y,,
EM8882,EM8882,,V250434,PROJECT-V250434,SPONSOR-BATTELLE1,Active,2025-09-08,2026-08-17,16029.00,16029.00,Banner Grant Listing Report,Y,,
EN5129,EN5129,,V200994,PROJECT-V200994,SPONSOR-MISUNI1,Active,2021-01-01,2025-02-28,135000.00,135000.00,Banner Grant Listing Report,Y,,
EN5244,EN5244,,V200455,PROJECT-V200455,SPONSOR-NEZTRI,Active,2021-01-01,2024-03-31,19997.19,20000.00,Banner Grant Listing Report,Y,,
EN7150,EN7150,,V221126,PROJECT-V221126,SPONSOR-ITD1,Active,2023-05-08,2026-05-11,84000.00,150000.00,Banner Grant Listing Report,Y,,
EN7237,EN7237,,V230004,PROJECT-V230004,SPONSOR-LANSLI,Active,2023-06-01,2026-03-31,38555.00,38555.00,Banner Grant Listing Report,Y,,
EN7576,EN7576,,V250370,PROJECT-V250370,SPONSOR-UOFW1,Active,2023-06-01,2026-05-31,170726.00,1269166.00,Banner Grant Listing Report,Y,,
EN7576C,EN7576C,,V240605,PROJECT-V240605,SPONSOR-UOFW1,Active,2023-06-01,2026-05-31,270690.78,701023.14,Banner Grant Listing Report,Y,,
EN7718,EN7718,,V230274,PROJECT-V230274,SPONSOR-MISUNI,Active,2024-01-01,2026-12-31,213817.00,213817.00,Banner Grant Listing Report,Y,,
EN8465,EN8465,,V230047,PROJECT-V230047,SPONSOR-IOWSTA,Active,2024-04-16,2026-03-31,55150.00,55150.00,Banner Grant Listing Report,Y,,
EN8554,EN8554,,V240057,PROJECT-V240057,SPONSOR-ITD1,Active,2025-04-07,2025-12-31,48860.58,48860.58,Banner Grant Listing Report,Y,,
EN8554C,EN8554C,,V240057,PROJECT-V240057,SPONSOR-ITD1,Active,2025-04-07,2025-12-31,0.00,1026.08,Banner Grant Listing Report,Y,,
EN8886,EN8886,,V240278,PROJECT-V240278,SPONSOR-TEXTTI,Active,2025-09-01,2026-08-31,30669.00,30669.00,Banner Grant Listing Report,Y,,
ES4527,ES4527,,V230647,PROJECT-V230647,SPONSOR-NASA,Active,2020-06-01,2026-05-31,2632534.44,4258989.00,Banner Grant Listing Report,Y,,
ES4527C,ES4527C,,V19406,PROJECT-V19406,SPONSOR-NASA,Active,2020-06-01,2026-05-31,500102.44,809166.30,Banner Grant Listing Report,Y,,
ES4527CS,ES4527CS,,V19406,PROJECT-V19406,SPONSOR-NASA,Active,2020-06-01,2026-05-31,390792.75,390792.63,Banner Grant Listing Report,Y,,
ES5043,ES5043,,V200187,PROJECT-V200187,SPONSOR-NASA,Active,2021-01-01,2025-12-31,539176.00,750000.00,Banner Grant Listing Report,Y,,
ES5043C,ES5043C,,V200187,PROJECT-V200187,SPONSOR-NASA,Active,2021-01-01,2025-12-31,0.00,110633.21,Banner Grant Listing Report,Y,,
ES6129,ES6129,,V210690,PROJECT-V210690,SPONSOR-NASA,Active,2022-05-01,2027-04-30,276574.50,800000.00,Banner Grant Listing Report,Y,,
ES6129C,ES6129C,,V210690,PROJECT-V210690,SPONSOR-NASA,Active,2022-05-01,2027-04-30,25318.67,25318.67,Banner Grant Listing Report,Y,,
ES6129CS,ES6129CS,,V210690,PROJECT-V210690,SPONSOR-NASA,Active,2022-05-01,2027-04-30,89206.14,109948.49,Banner Grant Listing Report,Y,,
ES6188,ES6188,,V240941,PROJECT-V240941,SPONSOR-MONSTA1,Active,2021-11-15,2025-06-30,222992.00,222992.00,Banner Grant Listing Report,Y,,
ES6425,ES6425,,V220061,PROJECT-V220061,SPONSOR-NASA,Active,2022-07-01,2026-08-14,100000.00,100000.00,Banner Grant Listing Report,Y,,
ES6664,ES6664,,V220179,PROJECT-V220179,SPONSOR-NASA,Active,2022-08-01,2026-07-31,737499.97,749999.98,Banner Grant Listing Report,Y,,
ES6664C,ES6664C,,V220179,PROJECT-V220179,SPONSOR-NASA,Active,2022-08-01,2026-07-31,12500.00,12500.00,Banner Grant Listing Report,Y,,
ES6671,ES6671,,V220233,PROJECT-V220233,SPONSOR-NASA,Active,2022-09-01,2024-08-31,96701.00,100000.00,Banner Grant Listing Report,Y,,
ES7263,ES7263,,V220974,PROJECT-V220974,SPONSOR-NASA,Active,2023-07-01,2026-06-30,496345.46,749995.02,Banner Grant Listing Report,Y,,
ES7263C,ES7263C,,V220974,PROJECT-V220974,SPONSOR-NASA,Active,2023-07-01,2026-06-30,101496.51,113756.13,Banner Grant Listing Report,Y,,
ES7511,ES7511,,V221056,PROJECT-V221056,SPONSOR-NASA,Active,2023-09-01,2026-08-31,96492.16,100000.00,Banner Grant Listing Report,Y,,
ES7597,ES7597,,V221057,PROJECT-V221057,SPONSOR-NASA,Active,2024-01-01,2025-12-31,96492.48,100000.00,Banner Grant Listing Report,Y,,
ES8200,ES8200,,V240127,PROJECT-V240127,SPONSOR-NASSHA,Active,2024-08-12,2025-08-11,96428.96,100000.00,Banner Grant Listing Report,Y,,
ES8359,ES8359,,V231086,PROJECT-V231086,SPONSOR-NASSHA,Active,2025-01-01,2027-12-31,651595.56,750000.00,Banner Grant Listing Report,Y,,
ES8359C,ES8359C,,V231086,PROJECT-V231086,SPONSOR-NASSHA,Active,2025-01-01,2027-12-31,159112.37,332569.56,Banner Grant Listing Report,Y,,
ES8588,ES8588,,V250269,PROJECT-V250269,SPONSOR-ISDE1,Active,2025-04-25,2025-10-15,80000.00,80000.00,Banner Grant Listing Report,Y,,
ES8642,ES8642,,V250577,PROJECT-V250577,SPONSOR-NASA,Active,2025-06-01,2029-05-31,704298.18,945000.00,Banner Grant Listing Report,Y,,
ES8642C,ES8642C,,V250577,PROJECT-V250577,SPONSOR-NASA,Active,2025-06-01,2029-05-31,152816.22,211671.00,Banner Grant Listing Report,Y,,
ES8642CS,ES8642CS,,V250577,PROJECT-V250577,SPONSOR-NASA,Active,2025-06-01,2029-05-31,91524.01,91524.01,Banner Grant Listing Report,Y,,
ES8953,ES8953,,V250039,PROJECT-V250039,SPONSOR-NASA,Active,2025-08-01,2028-07-31,725606.71,750000.00,Banner Grant Listing Report,Y,,
ES8953C,ES8953C,,V250039,PROJECT-V250039,SPONSOR-NASA,Active,2025-08-01,2028-07-31,190105.96,375000.00,Banner Grant Listing Report,Y,,
EV5614,EV5614,,V210198,PROJECT-V210198,SPONSOR-IDHW7,Active,2021-08-01,2024-06-01,1264619.26,1345708.26,Banner Grant Listing Report,Y,,
EV6198,EV6198,,V240643,PROJECT-V240643,SPONSOR-CITBOI,Active,2022-05-15,2025-05-31,274528.27,274528.27,Banner Grant Listing Report,Y,,
EY1285,EY1285,,16080,PROJECT-16080,SPONSOR-NSF,Active,2016-09-01,2025-08-31,616351.00,616351.00,Banner Grant Listing Report,Y,,
EY3630,EY3630,,19427,PROJECT-19427,SPONSOR-NSF,Active,2019-07-01,2026-06-30,382753.00,382753.00,Banner Grant Listing Report,Y,,
EY4666,EY4666,,V230278,PROJECT-V230278,SPONSOR-BURREC,Active,2020-07-11,2023-12-31,168071.12,168071.12,Banner Grant Listing Report,Y,,
EY5013,EY5013,,V210395,PROJECT-V210395,SPONSOR-DOE1,Active,2020-09-01,2026-08-31,399576.00,603903.00,Banner Grant Listing Report,Y,,
EY5641,EY5641,,V201060,PROJECT-V201060,SPONSOR-NSF,Active,2021-08-01,2026-07-31,539714.00,539714.00,Banner Grant Listing Report,Y,,
EY6878,EY6878,,V221049,PROJECT-V221049,SPONSOR-USGS,Active,2023-02-01,2026-01-31,249998.00,249998.00,Banner Grant Listing Report,Y,,
EY7261,EY7261,,V220383,PROJECT-V220383,SPONSOR-NSF,Active,2023-08-15,2026-07-31,208292.00,208292.00,Banner Grant Listing Report,Y,,
EY7404,EY7404,,V230354,PROJECT-V230354,SPONSOR-USGS,Active,2023-08-05,2026-06-30,137359.00,259359.00,Banner Grant Listing Report,Y,,
EY7473,EY7473,,V220561,PROJECT-V220561,SPONSOR-NSF,Active,2023-08-15,2026-07-31,443525.00,443525.00,Banner Grant Listing Report,Y,,
EY7615,EY7615,,V220954,PROJECT-V220954,SPONSOR-YURTRI,Active,2023-09-23,2026-12-31,42140.00,42140.00,Banner Grant Listing Report,Y,,
EY8063,EY8063,,V230411,PROJECT-V230411,SPONSOR-BURREC,Active,2024-03-05,2027-03-31,147848.00,147848.00,Banner Grant Listing Report,Y,,
EY8286,EY8286,,V240391,PROJECT-V240391,SPONSOR-BURREC,Active,2024-08-15,2028-06-30,214071.00,284560.00,Banner Grant Listing Report,Y,,
EY8291,EY8291,,V240185,PROJECT-V240185,SPONSOR-USBLM,Active,2024-09-15,2029-09-14,135271.00,250000.00,Banner Grant Listing Report,Y,,
EY8614,EY8614,,V240949,PROJECT-V240949,SPONSOR-BURREC,Active,2025-05-19,2027-11-30,225658.00,225658.00,Banner Grant Listing Report,Y,,
EY8665,EY8665,,V240738,PROJECT-V240738,SPONSOR-ODFW3,Active,2025-06-18,2027-08-31,100000.00,100000.00,Banner Grant Listing Report,Y,,
EY8687,EY8687,,V250288,PROJECT-V250288,SPONSOR-NOFOJO,Active,2025-06-30,2029-04-11,191476.00,191476.00,Banner Grant Listing Report,Y,,
EY8917,EY8917,,V250351,PROJECT-V250351,SPONSOR-BURREC,Active,2025-10-01,2027-09-30,31312.00,42031.00,Banner Grant Listing Report,Y,,
EY9031,EY9031,,V250004,PROJECT-V250004,SPONSOR-NSF,Active,2026-02-01,2029-01-31,167470.00,167470.00,Banner Grant Listing Report,Y,,
GS0544,GS0544,,V230490,PROJECT-V230490,SPONSOR-NSF,Active,2014-10-01,2025-05-02,1257442.00,1257442.00,Banner Grant Listing Report,Y,,
GS6501,GS6501,,V220757,PROJECT-V220757,SPONSOR-NSF,Active,2022-09-01,2027-08-31,753941.00,995167.00,Banner Grant Listing Report,Y,,
GS8585,GS8585,,V240895,PROJECT-V240895,SPONSOR-SEBIFO,Active,2025-01-01,2025-07-31,2000.00,2000.00,Banner Grant Listing Report,Y,,
GS8725,GS8725,,V240782,PROJECT-V240782,SPONSOR-NSF,Active,2025-07-15,2028-06-30,1399000.00,1431000.00,Banner Grant Listing Report,Y,,
KI5674,KI5674,,V210222,PROJECT-V210222,SPONSOR-NIFA,Active,2021-09-01,2025-07-31,250000.00,250000.00,Banner Grant Listing Report,Y,,
KI5674C,KI5674C,,V210222,PROJECT-V210222,SPONSOR-NIFA,Active,2021-09-01,2025-07-31,9715.00,16254.00,Banner Grant Listing Report,Y,,
KT6678,KT6678,,V220209,PROJECT-V220209,SPONSOR-NIFA,Active,2022-09-01,2026-08-31,250000.00,250000.00,Banner Grant Listing Report,Y,,
KT6678C,KT6678C,,V220209,PROJECT-V220209,SPONSOR-NIFA,Active,2022-09-01,2026-08-31,93749.00,96112.00,Banner Grant Listing Report,Y,,
KT7535,KT7535,,V230461,PROJECT-V230461,SPONSOR-NIFA,Active,2023-09-18,2026-09-17,276767.00,276767.00,Banner Grant Listing Report,Y,,
KT7535C,KT7535C,,V230461,PROJECT-V230461,SPONSOR-NIFA,Active,2023-09-18,2026-09-17,37500.00,85060.00,Banner Grant Listing Report,Y,,
KT8468,KT8468,,V240478,PROJECT-V240478,SPONSOR-NIFA,Active,2024-09-01,2027-08-31,260000.00,260000.00,Banner Grant Listing Report,Y,,
KT8468C,KT8468C,,V240478,PROJECT-V240478,SPONSOR-NIFA,Active,2024-09-01,2027-08-31,19019.00,34690.00,Banner Grant Listing Report,Y,,
LA2952,LA2952,,19103,PROJECT-19103,SPONSOR-USBLM,Active,2018-08-31,2028-08-30,2187.00,2187.00,Banner Grant Listing Report,Y,,
LA4959,LA4959,,V210205,PROJECT-V210205,SPONSOR-USDFOR,Active,2020-09-24,2025-07-31,16931.97,23295.10,Banner Grant Listing Report,Y,,
LA4959C,LA4959C,,V210205,PROJECT-V210205,SPONSOR-USDFOR,Active,2020-09-24,2025-07-31,0.00,7243.23,Banner Grant Listing Report,Y,,
LA6969,LA6969,,V220738,PROJECT-V220738,SPONSOR-USDFOR,Active,2022-09-01,2023-06-30,799.00,799.00,Banner Grant Listing Report,Y,,
LB8108,LB8108,,V240094,PROJECT-V240094,SPONSOR-IDACOM,Active,2024-07-01,2025-06-30,3715.00,3715.00,Banner Grant Listing Report,Y,,
LB8108P,LB8108P,,V240094,PROJECT-V240094,SPONSOR-IDACOM,Active,2024-07-01,2025-06-30,3715.00,3715.00,Banner Grant Listing Report,Y,,
LB8153,LB8153,,V240481,PROJECT-V240481,SPONSOR-WESSTA1,Active,2024-09-01,2025-08-31,4000.00,4000.00,Banner Grant Listing Report,Y,,
LB8153C,LB8153C,,V240481,PROJECT-V240481,SPONSOR-WESSTA1,Active,2024-09-01,2025-08-31,4000.00,4000.00,Banner Grant Listing Report,Y,,
LB8848,LB8848,,V250042,PROJECT-V250042,SPONSOR-IDACOM,Active,2025-07-01,2026-06-30,3084.00,3084.00,Banner Grant Listing Report,Y,,
LB8848C,LB8848C,,V250042,PROJECT-V250042,SPONSOR-IDACOM,Active,2025-07-01,2026-06-30,3084.00,3084.00,Banner Grant Listing Report,Y,,
LB8950,LB8950,,V250521,PROJECT-V250521,SPONSOR-WESSTA1,Active,2025-10-01,2026-09-30,2740.00,2740.00,Banner Grant Listing Report,Y,,
LB8950C,LB8950C,,V250521,PROJECT-V250521,SPONSOR-WESSTA1,Active,2025-10-01,2026-09-30,2740.00,2740.00,Banner Grant Listing Report,Y,,
LC7034,LC7034,,V230202,PROJECT-V230202,SPONSOR-BATTELLE1,Active,2023-04-13,2023-10-31,44273.00,44273.00,Banner Grant Listing Report,Y,,
LC7342,LC7342,,V230282,PROJECT-V230282,SPONSOR-IDHW7,Active,2023-07-25,2025-06-30,179411.00,179411.00,Banner Grant Listing Report,Y,,
LC8285,LC8285,,V240797,PROJECT-V240797,SPONSOR-IDHW7,Active,2024-10-21,2025-06-30,141805.00,141805.00,Banner Grant Listing Report,Y,,
LC8437,LC8437,,V240311,PROJECT-V240311,SPONSOR-NSF,Active,2025-01-01,2026-12-31,164597.00,164597.00,Banner Grant Listing Report,Y,,
LD8462,LD8462,,V240998,PROJECT-V240998,SPONSOR-IDAHUM1,Active,2024-12-12,2025-04-03,6000.00,6000.00,Banner Grant Listing Report,Y,,
LD8748,LD8748,,V250125,PROJECT-V250125,SPONSOR-NAHPAI,Active,2025-09-30,2026-09-30,7200.00,7200.00,Banner Grant Listing Report,Y,,
LE6974,LE6974,,V230242,PROJECT-V230242,SPONSOR-IDAHUM1,Active,2023-03-01,2024-03-31,8000.00,8000.00,Banner Grant Listing Report,Y,,
LE7691,LE7691,,V230496,PROJECT-V230496,SPONSOR-NEBUNI,Active,2024-01-01,2025-04-01,7428.00,7428.00,Banner Grant Listing Report,Y,,
LE8312,LE8312,,V240800,PROJECT-V240800,SPONSOR-NEH,Active,2025-01-01,2025-04-02,93550.00,93550.00,Banner Grant Listing Report,Y,,
LE8321,LE8321,,V240828,PROJECT-V240828,SPONSOR-IDAHUM1,Active,2024-11-01,2025-04-03,3045.00,3045.00,Banner Grant Listing Report,Y,,
LE8321C,LE8321C,,V240828,PROJECT-V240828,SPONSOR-IDAHUM1,Active,2024-11-01,2025-05-31,0.00,3045.00,Banner Grant Listing Report,Y,,
LE9043,LE9043,,V240994,PROJECT-V240994,SPONSOR-NEBUNI,Active,2026-01-01,2026-12-31,6825.00,6825.00,Banner Grant Listing Report,Y,,
LE9065,LE9065,,V250864,PROJECT-V250864,SPONSOR-IDAHUM1,Active,2026-02-01,2026-08-01,750.00,750.00,Banner Grant Listing Report,Y,,
LE9065C,LE9065C,,V250864,PROJECT-V250864,SPONSOR-IDAHUM1,Active,2026-02-01,2026-08-01,750.00,750.00,Banner Grant Listing Report,Y,,
LH7633,LH7633,,V230945,PROJECT-V230945,SPONSOR-HOLEDU,Active,2024-01-01,2026-05-01,4000.00,4000.00,Banner Grant Listing Report,Y,,
LI8962,LI8962,,V250646,PROJECT-V250646,SPONSOR-JAPFOU,Active,2025-10-30,2025-12-30,3882.00,3882.00,Banner Grant Listing Report,Y,,
LL7334,LL7334,,V230502,PROJECT-V230502,SPONSOR-EMBGER,Active,2023-09-01,2023-12-15,1973.80,1973.80,Banner Grant Listing Report,Y,,
LL8680,LL8680,,V250210,PROJECT-V250210,SPONSOR-JAPFOU,Active,2025-04-01,2026-03-31,1000.00,1000.00,Banner Grant Listing Report,Y,,
LL8731,LL8731,,V250260,PROJECT-V250260,SPONSOR-HIPCFU,Active,2025-07-01,2026-06-30,1337.44,1337.44,Banner Grant Listing Report,Y,,
LM7429C,LM7429C,,V230488,PROJECT-V230488,SPONSOR-WESSTA1,Active,2023-09-01,2024-08-31,3500.00,3500.00,Banner Grant Listing Report,Y,,
LS2245,LS2245,,AQK327,PROJECT-AQK327,SPONSOR-ITD1,Active,2018-02-27,2023-05-19,150000.00,150000.00,Banner Grant Listing Report,Y,,
LS3827,LS3827,,17116-RR,PROJECT-17116-RR,SPONSOR-NIFA,Active,2019-07-15,2024-07-14,234325.00,499999.00,Banner Grant Listing Report,Y,,
LS3827P,LS3827P,,17116-RR,PROJECT-17116-RR,SPONSOR-NIFA,Active,2019-07-15,2024-07-14,16463.25,16463.25,Banner Grant Listing Report,Y,,
LS4874,LS4874,,V240555,PROJECT-V240555,SPONSOR-USDFOR,Active,2020-09-15,2025-09-15,42494.63,42494.63,Banner Grant Listing Report,Y,,
LS4874C,LS4874C,,V200617,PROJECT-V200617,SPONSOR-USDFOR,Active,2020-09-15,2025-09-15,12490.48,12490.48,Banner Grant Listing Report,Y,,
LS5913,LS5913,,V210749,PROJECT-V210749,SPONSOR-IDAHUM1,Active,2021-11-01,2022-10-31,3500.00,3500.00,Banner Grant Listing Report,Y,,
LS5913C,LS5913C,,V210749,PROJECT-V210749,SPONSOR-IDAHUM1,Active,2021-11-01,2022-10-31,0.00,2050.00,Banner Grant Listing Report,Y,,
LS6331,LS6331,,V220092,PROJECT-V220092,SPONSOR-MONUNI1,Active,2022-08-15,2027-07-31,1755321.43,2090077.00,Banner Grant Listing Report,Y,,
LS6714,LS6714,,V220827,PROJECT-V220827,SPONSOR-CAVRES,Active,2022-05-19,2023-05-18,1500.00,1500.00,Banner Grant Listing Report,Y,,
LS7453,LS7453,,V19394,PROJECT-V19394,SPONSOR-USJUS,Active,2019-10-01,2025-09-30,74477.50,106034.00,Banner Grant Listing Report,Y,,
LS7555,LS7555,,V230952,PROJECT-V230952,SPONSOR-TARLST,Active,2023-11-07,2024-04-30,8899.08,8899.08,Banner Grant Listing Report,Y,,
LS7972,LS7972,,V240909,PROJECT-V240909,SPONSOR-ANDPER,Active,2024-06-17,2025-03-31,63854.00,63854.00,Banner Grant Listing Report,Y,,
LS8613,LS8613,,V250286,PROJECT-V250286,SPONSOR-CITECH,Active,2025-05-01,2028-09-28,55668.00,55668.00,Banner Grant Listing Report,Y,,
LS8899,LS8899,,V250648,PROJECT-V250648,SPONSOR-IDAHUM1,Active,2025-08-17,2026-05-22,6000.00,6000.00,Banner Grant Listing Report,Y,,
LS9050,LS9050,,V260028,PROJECT-V260028,SPONSOR-IDAHUM1,Active,2026-01-01,2026-06-30,6000.00,6000.00,Banner Grant Listing Report,Y,,
LS9069,LS9069,,V250985,PROJECT-V250985,SPONSOR-SULAFO,Active,2026-03-01,2026-05-31,2000.00,2000.00,Banner Grant Listing Report,Y,,
MI7739,MI7739,,V231084,PROJECT-V231084,SPONSOR-INSINT3,Active,2024-03-04,2025-04-30,4125.00,4125.00,Banner Grant Listing Report,Y,,
MS4805,MS4805,,V19891,PROJECT-V19891,SPONSOR-USOE1,Active,2020-09-01,2025-08-31,1966916.00,1966916.00,Banner Grant Listing Report,Y,,
MS4805C,MS4805C,,V19891,PROJECT-V19891,SPONSOR-USOE1,Active,2020-09-01,2025-08-31,58905.00,58905.00,Banner Grant Listing Report,Y,,
NC4912,NC4912,,V19466,PROJECT-V19466,SPONSOR-USBLM,Active,2020-09-30,2025-09-30,1700000.00,1700000.00,Banner Grant Listing Report,Y,,
NC5104,NC5104,,V200432,PROJECT-V200432,SPONSOR-USGS,Active,2020-11-12,2025-11-11,200000.00,200000.00,Banner Grant Listing Report,Y,,
NC5150,NC5150,,V201126,PROJECT-V201126,SPONSOR-USGS,Active,2021-02-16,2025-09-30,336561.05,336561.05,Banner Grant Listing Report,Y,,
NC5151,NC5151,,V201188,PROJECT-V201188,SPONSOR-USGS,Active,2021-02-15,2023-06-30,190541.51,190541.51,Banner Grant Listing Report,Y,,
NC5229,NC5229,,V201119,PROJECT-V201119,SPONSOR-USGS,Active,2021-02-19,2025-06-25,149182.64,149182.64,Banner Grant Listing Report,Y,,
NC5369,NC5369,,V230188,PROJECT-V230188,SPONSOR-USFWS,Active,2021-05-11,2025-12-31,215000.00,215000.00,Banner Grant Listing Report,Y,,
NC5902,NC5902,,V210886,PROJECT-V210886,SPONSOR-SPECON4,Active,2021-07-01,2022-12-01,74051.06,75000.00,Banner Grant Listing Report,Y,,
NC5917,NC5917,,V210816,PROJECT-V210816,SPONSOR-IDAFIS,Active,2022-01-01,2022-12-31,24052.49,26215.92,Banner Grant Listing Report,Y,,
NC5953,NC5953,,V210878,PROJECT-V210878,SPONSOR-IDAFIS,Active,2022-01-01,2022-12-31,51229.27,57328.00,Banner Grant Listing Report,Y,,
NC5964,NC5964,,V211000,PROJECT-V211000,SPONSOR-USGS,Active,2021-11-23,2025-06-30,94339.62,94339.62,Banner Grant Listing Report,Y,,
NC5971,NC5971,,V240112,PROJECT-V240112,SPONSOR-USGS,Active,2022-01-01,2025-12-31,97314.92,115330.92,Banner Grant Listing Report,Y,,
NC5996,NC5996,,V210911,PROJECT-V210911,SPONSOR-SANDIE11,Active,2021-07-01,2023-12-30,8170.00,8170.00,Banner Grant Listing Report,Y,,
NC6047,NC6047,,V250944,PROJECT-V250944,SPONSOR-ALADEP,Active,2022-03-07,2026-06-30,193426.00,294626.00,Banner Grant Listing Report,Y,,
NC6182,NC6182,,V240708,PROJECT-V240708,SPONSOR-USGS,Active,2022-04-15,2026-12-31,744129.51,744129.51,Banner Grant Listing Report,Y,,
NC6284,NC6284,,V250111,PROJECT-V250111,SPONSOR-USGS,Active,2022-05-18,2026-03-31,576662.04,576662.04,Banner Grant Listing Report,Y,,
NC6356,NC6356,,V210961,PROJECT-V210961,SPONSOR-IDAFIS,Active,2022-07-01,2023-06-30,60440.00,60440.00,Banner Grant Listing Report,Y,,
NC6411,NC6411,,V220523,PROJECT-V220523,SPONSOR-IDAFIS,Active,2022-08-01,2023-04-30,42690.61,51270.00,Banner Grant Listing Report,Y,,
NC6563,NC6563,,V220610,PROJECT-V220610,SPONSOR-IDAFIS,Active,2022-07-01,2023-06-30,12748.36,13355.00,Banner Grant Listing Report,Y,,
NC6779,NC6779,,V210816,PROJECT-V210816,SPONSOR-IDAFIS,Active,2023-01-01,2023-12-31,35163.00,35163.00,Banner Grant Listing Report,Y,,
NC6782,NC6782,,V210879,PROJECT-V210879,SPONSOR-IDAFIS,Active,2023-01-01,2023-12-31,57270.00,57270.00,Banner Grant Listing Report,Y,,
NC6815,NC6815,,V241042,PROJECT-V241042,SPONSOR-USGS,Active,2022-08-01,2028-04-30,400225.04,400255.04,Banner Grant Listing Report,Y,,
NC6976,NC6976,,V220117,PROJECT-V220117,SPONSOR-IDAFIS,Active,2023-05-01,2024-04-30,42112.00,42112.00,Banner Grant Listing Report,Y,,
NC6978,NC6978,,V220523,PROJECT-V220523,SPONSOR-IDAFIS,Active,2023-05-01,2024-04-30,55056.00,55056.00,Banner Grant Listing Report,Y,,
NC6979,NC6979,,V220654,PROJECT-V220654,SPONSOR-UNIBRT,Active,2023-04-01,2025-05-31,60609.00,60609.00,Banner Grant Listing Report,Y,,
NC7174,NC7174,,V230861,PROJECT-V230861,SPONSOR-USGS,Active,2022-05-11,2027-04-30,258213.04,258213.40,Banner Grant Listing Report,Y,,
NC7234,NC7234,,V230476,PROJECT-V230476,SPONSOR-IDAFIS,Active,2022-10-01,2024-12-31,40000.00,40000.00,Banner Grant Listing Report,Y,,
NC7236,NC7236,,V230123,PROJECT-V230123,SPONSOR-IDAFIS,Active,2023-07-01,2024-06-30,47396.00,47396.00,Banner Grant Listing Report,Y,,
NC7238,NC7238,,V220931,PROJECT-V220931,SPONSOR-IDAFIS,Active,2023-07-01,2024-06-30,28494.00,28494.00,Banner Grant Listing Report,Y,,
NC7239,NC7239,,V230297,PROJECT-V230297,SPONSOR-IDAFIS,Active,2023-07-01,2024-06-30,16266.00,16266.00,Banner Grant Listing Report,Y,,
NC7289,NC7289,,V230543,PROJECT-V230543,SPONSOR-IDAFIS,Active,2023-07-01,2024-06-30,98739.37,98739.37,Banner Grant Listing Report,Y,,
NC7323,NC7323,,V19706,PROJECT-V19706,SPONSOR-IDAFIS,Active,2023-07-01,2024-06-30,10400.00,10400.00,Banner Grant Listing Report,Y,,
NC7518,NC7518,,V220610,PROJECT-V220610,SPONSOR-IDAFIS,Active,2023-07-01,2024-06-30,13357.00,13357.00,Banner Grant Listing Report,Y,,
NC7569,NC7569,,V230627,PROJECT-V230627,SPONSOR-ARCRAP,Active,2023-07-31,2025-03-31,120708.31,168090.00,Banner Grant Listing Report,Y,,
NC7591,NC7591,,V220086,PROJECT-V220086,SPONSOR-IDAFIS,Active,2024-01-01,2024-12-31,36674.40,36674.40,Banner Grant Listing Report,Y,,
NC7594,NC7594,,V210878,PROJECT-V210878,SPONSOR-IDAFIS,Active,2024-01-01,2024-12-31,20407.00,20407.00,Banner Grant Listing Report,Y,,
NC7632,NC7632,,V230813,PROJECT-V230813,SPONSOR-IDAFIS,Active,2023-07-01,2024-06-30,1707.02,4154.25,Banner Grant Listing Report,Y,,
NC7677,NC7677,,V240113,PROJECT-V240113,SPONSOR-IDAFIS,Active,2024-03-01,2024-12-31,36454.00,36454.00,Banner Grant Listing Report,Y,,
NC7724,NC7724,,V240184,PROJECT-V240184,SPONSOR-IDAFIS,Active,2023-10-01,2025-09-30,73400.00,73400.00,Banner Grant Listing Report,Y,,
NC7776,NC7776,,V220117,PROJECT-V220117,SPONSOR-IDAFIS,Active,2024-05-01,2025-04-30,24008.00,24008.00,Banner Grant Listing Report,Y,,
NC7797,NC7797,,V220523,PROJECT-V220523,SPONSOR-IDAFIS,Active,2024-05-01,2024-12-31,21926.00,21926.00,Banner Grant Listing Report,Y,,
NC7833,NC7833,,V230947,PROJECT-V230947,SPONSOR-KOOTRI,Active,2024-05-12,2026-12-31,150950.02,150950.02,Banner Grant Listing Report,Y,,
NC7865,NC7865,,V240482,PROJECT-V240482,SPONSOR-SPECON4,Active,2023-07-01,2024-12-01,75000.00,75000.00,Banner Grant Listing Report,Y,,
NC8006,NC8006,,V230123,PROJECT-V230123,SPONSOR-IDAFIS,Active,2024-07-01,2025-06-30,45351.00,45351.00,Banner Grant Listing Report,Y,,
NC8013,NC8013,,V231115,PROJECT-V231115,SPONSOR-IDAFIS,Active,2024-07-01,2026-06-30,146184.40,146184.40,Banner Grant Listing Report,Y,,
NC8019,NC8019,,V220931,PROJECT-V220931,SPONSOR-IDAFIS,Active,2024-07-01,2025-06-30,21758.00,21758.00,Banner Grant Listing Report,Y,,
NC8020,NC8020,,V230297,PROJECT-V230297,SPONSOR-IDAFIS,Active,2024-07-01,2025-06-30,16896.00,16896.00,Banner Grant Listing Report,Y,,
NC8030,NC8030,,V230813,PROJECT-V230813,SPONSOR-IDAFIS,Active,2024-07-01,2025-06-30,16617.00,16617.00,Banner Grant Listing Report,Y,,
NC8044,NC8044,,V240560,PROJECT-V240560,SPONSOR-IDAFIS,Active,2024-07-01,2025-06-30,84257.00,84257.00,Banner Grant Listing Report,Y,,
NC8084,NC8084,,V240573,PROJECT-V240573,SPONSOR-IDAFIS,Active,2024-07-01,2025-06-30,22066.00,22066.00,Banner Grant Listing Report,Y,,
NC8116,NC8116,,V240566,PROJECT-V240566,SPONSOR-KOOTRI,Active,2024-08-11,2026-05-31,140484.00,140484.00,Banner Grant Listing Report,Y,,
NC8214,NC8214,,V240591,PROJECT-V240591,SPONSOR-IDAFIS,Active,2024-08-19,2025-02-28,28749.00,28749.00,Banner Grant Listing Report,Y,,
NC8243,NC8243,,V240535,PROJECT-V240535,SPONSOR-USGS,Active,2024-09-04,2027-09-01,329597.00,329597.00,Banner Grant Listing Report,Y,,
NC8358,NC8358,,V240975,PROJECT-V240975,SPONSOR-IDAFIS,Active,2025-01-01,2026-12-31,163141.00,163141.00,Banner Grant Listing Report,Y,,
NC8379,NC8379,,V230813,PROJECT-V230813,SPONSOR-IDAFIS,Active,2024-07-01,2025-06-30,34317.00,34317.00,Banner Grant Listing Report,Y,,
NC8463,NC8463,,V250176,PROJECT-V250176,SPONSOR-IDAFIS,Active,2025-01-01,2026-12-31,134058.00,134058.00,Banner Grant Listing Report,Y,,
NC8464,NC8464,,V240727,PROJECT-V240727,SPONSOR-IDAFIS,Active,2025-01-01,2026-12-31,126281.00,126281.00,Banner Grant Listing Report,Y,,
NC8498,NC8498,,V250137,PROJECT-V250137,SPONSOR-IDAFIS,Active,2024-07-01,2025-06-30,20980.00,20980.00,Banner Grant Listing Report,Y,,
NC8501,NC8501,,V250163,PROJECT-V250163,SPONSOR-IDAFIS,Active,2025-03-01,2026-12-31,58245.00,109911.00,Banner Grant Listing Report,Y,,
NC8509,NC8509,,V250140,PROJECT-V250140,SPONSOR-IDAFIS,Active,2024-07-01,2025-06-30,10000.00,10000.00,Banner Grant Listing Report,Y,,
NC8596,NC8596,,V240750,PROJECT-V240750,SPONSOR-USGS,Active,2025-04-30,2027-05-31,167138.70,167138.70,Banner Grant Listing Report,Y,,
NC8749,NC8749,,V250477,PROJECT-V250477,SPONSOR-IDAFIS,Active,2025-07-01,2026-06-30,21694.00,21694.00,Banner Grant Listing Report,Y,,
NC8750,NC8750,,V250463,PROJECT-V250463,SPONSOR-IDAFIS,Active,2025-07-01,2026-06-30,18046.09,18046.09,Banner Grant Listing Report,Y,,
NC8758,NC8758,,V250911,PROJECT-V250911,SPONSOR-COVACO,Active,2025-07-28,2026-12-31,392389.26,392389.26,Banner Grant Listing Report,Y,,
NC8774,NC8774,,V250347,PROJECT-V250347,SPONSOR-IDAFIS,Active,2025-07-01,2026-06-30,145465.00,145465.00,Banner Grant Listing Report,Y,,
NE8546,NE8546,,V240675,PROJECT-V240675,SPONSOR-NIFA,Active,2024-10-01,2026-09-30,424253.46,876138.00,Banner Grant Listing Report,Y,,
NE8546C,NE8546C,,V240675,PROJECT-V240675,SPONSOR-NIFA,Active,2024-10-01,2026-09-30,876138.00,876138.00,Banner Grant Listing Report,Y,,
NF2060,NF2060,,GNK545,PROJECT-GNK545,SPONSOR-USDFOR,Active,2017-06-13,2022-06-30,890491.02,890500.00,Banner Grant Listing Report,Y,,
NF4801,NF4801,,V220736,PROJECT-V220736,SPONSOR-USDFOR,Active,2020-08-26,2025-08-25,1290000.00,1290000.00,Banner Grant Listing Report,Y,,
NF4801C,NF4801C,,V220736,PROJECT-V220736,SPONSOR-USDFOR,Active,2020-08-26,2025-08-25,5534.00,5534.00,Banner Grant Listing Report,Y,,
NF5326,NF5326,,V200888,PROJECT-V200888,SPONSOR-NIFA,Active,2021-05-17,2024-06-14,105889.65,112520.00,Banner Grant Listing Report,Y,,
NF8098,NF8098,,V240542,PROJECT-V240542,SPONSOR-USDFOR,Active,2024-07-18,2029-07-15,198104.00,198104.00,Banner Grant Listing Report,Y,,
NF8098C,NF8098C,,V240542,PROJECT-V240542,SPONSOR-USDFOR,Active,2024-07-01,2029-07-15,26119.00,35557.00,Banner Grant Listing Report,Y,,
NF8246,NF8246,,V240559,PROJECT-V240559,SPONSOR-NCAFOU,Active,2024-10-01,2026-09-30,132000.00,150000.00,Banner Grant Listing Report,Y,,
NF8254,NF8254,,V240783,PROJECT-V240783,SPONSOR-NCAFOU,Active,2024-10-01,2026-09-30,19227.00,30000.00,Banner Grant Listing Report,Y,,
NF8289,NF8289,,V240547,PROJECT-V240547,SPONSOR-USDANRCS,Active,2024-10-08,2026-09-30,350000.00,350000.00,Banner Grant Listing Report,Y,,
NI6012,NI6012,,V210801,PROJECT-V210801,SPONSOR-NIFA,Active,2021-10-01,2023-09-30,482672.27,706699.00,Banner Grant Listing Report,Y,,
NI6012C,NI6012C,,V210801,PROJECT-V210801,SPONSOR-NIFA,Active,2021-10-01,2023-09-30,245899.00,706699.00,Banner Grant Listing Report,Y,,
NI7728,NI7728,,V230756,PROJECT-V230756,SPONSOR-NIFA,Active,2023-10-01,2025-09-30,533729.88,834998.00,Banner Grant Listing Report,Y,,
NI7728C,NI7728C,,V230756,PROJECT-V230756,SPONSOR-NIFA,Active,2023-10-01,2025-09-30,834998.00,834998.00,Banner Grant Listing Report,Y,,
NM5863,NM5863,,V210059,PROJECT-V210059,SPONSOR-NSF,Active,2021-09-15,2025-04-18,227519.00,227519.00,Banner Grant Listing Report,Y,,
NM6515,NM6515,,V220584,PROJECT-V220584,SPONSOR-IDHW7,Active,2022-09-01,2023-09-30,1379991.04,1379991.04,Banner Grant Listing Report,Y,,
NM6993,NM6993,,V250915,PROJECT-V250915,SPONSOR-NEZTRI,Active,2021-09-01,2026-08-31,229073.62,229073.62,Banner Grant Listing Report,Y,,
NM7780,NM7780,,V240118,PROJECT-V240118,SPONSOR-IDASTE2,Active,2024-05-28,2024-08-30,95050.40,95050.40,Banner Grant Listing Report,Y,,
NM8624,NM8624,,V250233,PROJECT-V250233,SPONSOR-IDASTE2,Active,2025-05-19,2026-06-30,11250.00,11250.00,Banner Grant Listing Report,Y,,
NN7208,NN7208,,V230197,PROJECT-V230197,SPONSOR-USGS,Active,2023-06-01,2026-05-31,29383.00,29383.00,Banner Grant Listing Report,Y,,
NN8316,NN8316,,V240649,PROJECT-V240649,SPONSOR-IFPC,Active,2024-10-31,2025-09-30,40710.00,40710.00,Banner Grant Listing Report,Y,,
NN8433,NN8433,,V240329,PROJECT-V240329,SPONSOR-MURCHA,Active,2025-01-01,2027-12-31,350000.00,350000.00,Banner Grant Listing Report,Y,,
NR0068,NR0068,,V240447,PROJECT-V240447,SPONSOR-WESFOR,Active,2009-05-01,2026-06-30,50130.86,50130.86,Banner Grant Listing Report,Y,,
NR2167,NR2167,,GNK829,PROJECT-GNK829,SPONSOR-IDASTA34,Active,2017-10-01,2022-12-31,40356.88,75023.00,Banner Grant Listing Report,Y,,
NR2779C,NR2779C,,18421,PROJECT-18421,SPONSOR-USDFOR,Active,2018-04-24,2022-12-31,0.00,9675.01,Banner Grant Listing Report,Y,,
NR3077,NR3077,,18534,PROJECT-18534,SPONSOR-USDANRCS,Active,2018-10-01,2022-09-30,661118.00,661118.00,Banner Grant Listing Report,Y,,
NR3222,NR3222,,18373,PROJECT-18373,SPONSOR-MICTEC,Active,2018-10-01,2022-09-30,171234.00,171234.00,Banner Grant Listing Report,Y,,
NR3396,NR3396,,19093,PROJECT-19093,SPONSOR-NIFA,Active,2019-03-01,2025-02-28,249924.00,480000.00,Banner Grant Listing Report,Y,,
NR3537,NR3537,,V230263,PROJECT-V230263,SPONSOR-USDANRCS,Active,2019-05-16,2024-04-30,896230.88,896230.88,Banner Grant Listing Report,Y,,
NR3729,NR3729,,V240446,PROJECT-V240446,SPONSOR-WESFOR,Active,2019-07-01,2026-06-30,835253.00,872693.00,Banner Grant Listing Report,Y,,
NR3938C,NR3938C,,V19018,PROJECT-V19018,SPONSOR-USDFOR,Active,2019-09-20,2024-09-03,0.00,139011.76,Banner Grant Listing Report,Y,,
NR3956,NR3956,,V230421,PROJECT-V230421,SPONSOR-USDFOR,Active,2019-09-17,2024-09-17,1801571.99,1801571.99,Banner Grant Listing Report,Y,,
NR4435,NR4435,,V19278,PROJECT-V19278,SPONSOR-NIFA,Active,2020-05-15,2025-05-14,208183.00,298420.00,Banner Grant Listing Report,Y,,
NR4731,NR4731,,V200890,PROJECT-V200890,SPONSOR-USDFOR,Active,2020-08-05,2025-07-20,81800.00,81800.00,Banner Grant Listing Report,Y,,
NR4913,NR4913,,V19751,PROJECT-V19751,SPONSOR-USBLM,Active,2020-09-30,2025-09-30,220387.00,409298.00,Banner Grant Listing Report,Y,,
NR4926,NR4926,,V200960,PROJECT-V200960,SPONSOR-USBLM,Active,2020-10-01,2025-07-01,266692.00,266692.00,Banner Grant Listing Report,Y,,
NR5021,NR5021,,V200319,PROJECT-V200319,SPONSOR-NIFA,Active,2021-01-01,2025-06-30,418298.00,494021.00,Banner Grant Listing Report,Y,,
NR5163,NR5163,,V210147,PROJECT-V210147,SPONSOR-IDAFOR4,Active,2021-03-03,2023-06-30,57656.69,82331.00,Banner Grant Listing Report,Y,,
NR5217,NR5217,,V200675,PROJECT-V200675,SPONSOR-MICSTA,Active,2021-01-01,2024-12-31,128775.00,128775.00,Banner Grant Listing Report,Y,,
NR5364,NR5364,,V200575,PROJECT-V200575,SPONSOR-NIFA,Active,2021-05-01,2026-04-30,329888.00,329888.00,Banner Grant Listing Report,Y,,
NR5418,NR5418,,V210557,PROJECT-V210557,SPONSOR-WASDNR,Active,2021-07-01,2023-06-30,811191.00,811191.00,Banner Grant Listing Report,Y,,
NR5511,NR5511,,V230313,PROJECT-V230313,SPONSOR-USDFOR,Active,2021-06-10,2026-06-09,107770.00,117770.00,Banner Grant Listing Report,Y,,
NR5511C,NR5511C,,V230313,PROJECT-V230313,SPONSOR-USDFOR,Active,2021-06-10,2026-06-09,16017.44,16017.44,Banner Grant Listing Report,Y,,
NR5558,NR5558,,V230975,PROJECT-V230975,SPONSOR-PALCON,Active,2021-08-01,2025-12-31,43900.00,43900.00,Banner Grant Listing Report,Y,,
NR5893,NR5893,,V210086,PROJECT-V210086,SPONSOR-NASA,Active,2021-09-01,2026-08-31,488488.00,664543.00,Banner Grant Listing Report,Y,,
NR5940,NR5940,,V210501,PROJECT-V210501,SPONSOR-USFWS,Active,2021-07-01,2025-06-30,41225.75,117000.00,Banner Grant Listing Report,Y,,
NR5992,NR5992,,V250498,PROJECT-V250498,SPONSOR-USDAFS,Active,2022-01-19,2026-09-30,695413.23,695413.23,Banner Grant Listing Report,Y,,
NR6039,NR6039,,V210178,PROJECT-V210178,SPONSOR-MARUNI,Active,2021-09-01,2026-08-31,69215.00,69215.00,Banner Grant Listing Report,Y,,
NR6099,NR6099,,V201292,PROJECT-V201292,SPONSOR-BLALAN,Active,2022-07-01,2024-12-31,21525.00,21525.00,Banner Grant Listing Report,Y,,
NR6154,NR6154,,V210228,PROJECT-V210228,SPONSOR-NIFA,Active,2022-04-15,2024-11-14,224165.00,224165.00,Banner Grant Listing Report,Y,,
NR6185,NR6185,,V210666,PROJECT-V210666,SPONSOR-NIFA,Active,2022-07-01,2026-06-30,713420.21,981000.00,Banner Grant Listing Report,Y,,
NR6246,NR6246,,V201328,PROJECT-V201328,SPONSOR-ORESTA3,Active,2022-07-01,2025-06-30,136307.00,136307.00,Banner Grant Listing Report,Y,,
NR6246C,NR6246C,,V201328,PROJECT-V201328,SPONSOR-ORESTA3,Active,2022-07-01,2025-06-30,34076.00,34076.00,Banner Grant Listing Report,Y,,
NR6446,NR6446,,V210579,PROJECT-V210579,SPONSOR-NIFA,Active,2022-07-01,2025-12-31,300000.00,300000.00,Banner Grant Listing Report,Y,,
NR6455,NR6455,,V220278,PROJECT-V220278,SPONSOR-BATTELLE1,Active,2022-06-30,2024-09-30,200941.00,200941.00,Banner Grant Listing Report,Y,,
NR6472,NR6472,,V220543,PROJECT-V220543,SPONSOR-USDAFS,Active,2022-08-24,2027-08-15,170000.00,170000.00,Banner Grant Listing Report,Y,,
NR6472C,NR6472C,,V220543,PROJECT-V220543,SPONSOR-USDAFS,Active,2022-08-24,2027-08-15,22633.80,22633.80,Banner Grant Listing Report,Y,,
NR6556,NR6556,,V220363,PROJECT-V220363,SPONSOR-NIFA,Active,2022-09-15,2023-09-14,50000.00,50000.00,Banner Grant Listing Report,Y,,
NR6722,NR6722,,V211099,PROJECT-V211099,SPONSOR-UOFW1,Active,2022-09-30,2025-09-29,429308.00,429308.00,Banner Grant Listing Report,Y,,
NR6809,NR6809,,V221086,PROJECT-V221086,SPONSOR-POTCOR,Active,2023-01-01,2023-12-31,48000.00,48000.00,Banner Grant Listing Report,Y,,
NR6844,NR6844,,V210975,PROJECT-V210975,SPONSOR-USBLM,Active,2022-12-19,2024-12-31,24220.25,24220.25,Banner Grant Listing Report,Y,,
NR6904,NR6904,,V221021,PROJECT-V221021,SPONSOR-WASDFW,Active,2023-01-01,2023-12-31,91304.00,91304.00,Banner Grant Listing Report,Y,,
NR6911,NR6911,,V220916,PROJECT-V220916,SPONSOR-STIADV,Active,2023-05-01,2025-03-31,122420.00,122420.00,Banner Grant Listing Report,Y,,
NR7046,NR7046,,V220667,PROJECT-V220667,SPONSOR-NIFA,Active,2023-06-01,2027-05-31,180453.00,300000.00,Banner Grant Listing Report,Y,,
NR7227,NR7227,,V220791,PROJECT-V220791,SPONSOR-WASDNR,Active,2023-07-01,2025-06-30,903105.00,903105.00,Banner Grant Listing Report,Y,,
NR7235,NR7235,,V230272,PROJECT-V230272,SPONSOR-USBLM,Active,2023-07-01,2025-06-30,29111.75,29111.75,Banner Grant Listing Report,Y,,
NR7254,NR7254,,V230308,PROJECT-V230308,SPONSOR-WILKSB,Active,2023-04-10,2023-10-09,6224.00,8952.00,Banner Grant Listing Report,Y,,
NR7279,NR7279,,V221013,PROJECT-V221013,SPONSOR-USBLM,Active,2023-10-01,2025-09-30,426081.80,517890.00,Banner Grant Listing Report,Y,,
NR7353,NR7353,,V221022,PROJECT-V221022,SPONSOR-IDALAN,Active,2023-08-10,2026-05-30,240000.00,240000.00,Banner Grant Listing Report,Y,,
NR7353C,NR7353C,,V221022,PROJECT-V221022,SPONSOR-IDALAN,Active,2023-08-10,2025-11-30,24000.00,24000.00,Banner Grant Listing Report,Y,,
NR7406,NR7406,,V220876,PROJECT-V220876,SPONSOR-IDAWOR,Active,2023-07-03,2026-07-02,708089.83,708089.83,Banner Grant Listing Report,Y,,
NR7406C,NR7406C,,V220876,PROJECT-V220876,SPONSOR-IDAWOR,Active,2023-07-03,2026-07-02,177022.45,177022.45,Banner Grant Listing Report,Y,,
NR7431,NR7431,,V230407,PROJECT-V230407,SPONSOR-USDFOR,Active,2023-08-09,2028-06-01,649900.00,649900.00,Banner Grant Listing Report,Y,,
NR7431C,NR7431C,,V230407,PROJECT-V230407,SPONSOR-USDFOR,Active,2023-06-01,2028-06-01,12146.70,12146.70,Banner Grant Listing Report,Y,,
NR7465,NR7465,,V230366,PROJECT-V230366,SPONSOR-NIFA,Active,2023-09-01,2027-08-31,123163.00,123163.00,Banner Grant Listing Report,Y,,
NR7541,NR7541,,V230499,PROJECT-V230499,SPONSOR-USBLM,Active,2023-09-15,2027-01-31,404946.97,404946.97,Banner Grant Listing Report,Y,,
NR7546,NR7546,,V230520,PROJECT-V230520,SPONSOR-USGS,Active,2023-08-14,2026-08-13,87500.00,87500.00,Banner Grant Listing Report,Y,,
NR7547,NR7547,,V221063,PROJECT-V221063,SPONSOR-NEVUNI3,Active,2023-10-01,2025-09-30,21852.00,21852.00,Banner Grant Listing Report,Y,,
NR7595,NR7595,,V230969,PROJECT-V230969,SPONSOR-POTCOR,Active,2024-01-01,2024-12-31,46439.09,48000.00,Banner Grant Listing Report,Y,,
NR7654,NR7654,,V230769,PROJECT-V230769,SPONSOR-USDFOR,Active,2024-02-22,2027-09-30,160000.00,160000.00,Banner Grant Listing Report,Y,,
NR7747,NR7747,,V230829,PROJECT-V230829,SPONSOR-OHISTA,Active,2023-10-01,2024-09-30,22757.00,22757.00,Banner Grant Listing Report,Y,,
NR7747C,NR7747C,,V230829,PROJECT-V230829,SPONSOR-OHISTA,Active,2023-10-01,2024-09-30,1719.00,1719.00,Banner Grant Listing Report,Y,,
NR7847,NR7847,,V250292,PROJECT-V250292,SPONSOR-USDANRCS,Active,2024-05-18,2029-06-01,473202.12,473202.12,Banner Grant Listing Report,Y,,
NR7851,NR7851,,V240234,PROJECT-V240234,SPONSOR-IDAFOR4,Active,2024-06-01,2025-05-31,79576.00,79576.00,Banner Grant Listing Report,Y,,
NR7930,NR7930,,V240093,PROJECT-V240093,SPONSOR-USDFOR,Active,2024-06-25,2029-04-30,100000.00,100000.00,Banner Grant Listing Report,Y,,
NR7930C,NR7930C,,V240093,PROJECT-V240093,SPONSOR-USDFOR,Active,2024-06-25,2029-04-30,26900.01,26900.01,Banner Grant Listing Report,Y,,
NR8045,NR8045,,V240007,PROJECT-V240007,SPONSOR-ORESTA3,Active,2024-05-01,2025-06-30,149958.00,149958.00,Banner Grant Listing Report,Y,,
NR8045C,NR8045C,,V240007,PROJECT-V240007,SPONSOR-ORESTA3,Active,2024-05-01,2025-06-30,37490.00,37490.00,Banner Grant Listing Report,Y,,
NR8051,NR8051,,V230705,PROJECT-V230705,SPONSOR-WISUNI,Active,2024-06-01,2026-08-31,171741.00,171741.00,Banner Grant Listing Report,Y,,
NR8064,NR8064,,V240221,PROJECT-V240221,SPONSOR-IDHWDEQ3,Active,2024-03-19,2026-06-30,59456.00,59456.00,Banner Grant Listing Report,Y,,
NR8074,NR8074,,V240442,PROJECT-V240442,SPONSOR-MONUNI1,Active,2024-03-06,2025-04-30,5800.00,5800.00,Banner Grant Listing Report,Y,,
NR8101,NR8101,,V240390,PROJECT-V240390,SPONSOR-USDFOR,Active,2024-07-25,2029-07-23,550000.00,550000.00,Banner Grant Listing Report,Y,,
NR8140,NR8140,,V240426,PROJECT-V240426,SPONSOR-NIFA,Active,2024-08-01,2027-04-30,215936.71,330899.69,Banner Grant Listing Report,Y,,
NR8152,NR8152,,V240382,PROJECT-V240382,SPONSOR-USDFOR,Active,2024-08-27,2029-08-24,300000.00,300000.00,Banner Grant Listing Report,Y,,
NR8159,NR8159,,V240486,PROJECT-V240486,SPONSOR-USFS,Active,2024-09-15,2029-07-31,304000.00,304000.00,Banner Grant Listing Report,Y,,
NR8159C,NR8159C,,V240486,PROJECT-V240486,SPONSOR-USFS,Active,2024-09-15,2029-07-31,98716.79,98716.79,Banner Grant Listing Report,Y,,
NR8194,NR8194,,V231091,PROJECT-V231091,SPONSOR-NSF,Active,2024-09-15,2028-08-31,263898.00,514516.00,Banner Grant Listing Report,Y,,
NR8353,NR8353,,V230693,PROJECT-V230693,SPONSOR-NIFA,Active,2024-09-15,2027-09-14,285701.00,285701.00,Banner Grant Listing Report,Y,,
NR8354,NR8354,,V241068,PROJECT-V241068,SPONSOR-USBLM,Active,2024-09-19,2029-09-18,1500000.00,1500000.00,Banner Grant Listing Report,Y,,
NR8398,NR8398,,V240826,PROJECT-V240826,SPONSOR-IDAPAR1,Active,2024-12-01,2026-11-30,357000.00,357000.00,Banner Grant Listing Report,Y,,
NR8431,NR8431,,V240757,PROJECT-V240757,SPONSOR-USFS,Active,2025-01-08,2029-12-31,315000.00,315000.00,Banner Grant Listing Report,Y,,
NR8459,NR8459,,V240773,PROJECT-V240773,SPONSOR-USDFOR,Active,2025-01-06,2027-09-30,250000.00,250000.00,Banner Grant Listing Report,Y,,
NR8479,NR8479,,V230869,PROJECT-V230869,SPONSOR-ISDE1,Active,2024-10-03,2026-12-31,640000.00,640000.00,Banner Grant Listing Report,Y,,
NR8566,NR8566,,V250006,PROJECT-V250006,SPONSOR-STIADV,Active,2025-04-01,2027-03-31,99895.00,99895.00,Banner Grant Listing Report,Y,,
NR8573,NR8573,,V250120,PROJECT-V250120,SPONSOR-POTCOR,Active,2025-03-07,2025-12-31,48000.00,48000.00,Banner Grant Listing Report,Y,,
NR8578,NR8578,,V230792,PROJECT-V230792,SPONSOR-OHISTA,Active,2024-10-01,2026-09-30,52655.00,52655.00,Banner Grant Listing Report,Y,,
NR8590,NR8590,,V250219,PROJECT-V250219,SPONSOR-BATTELLE1,Active,2025-04-18,2025-09-30,53503.00,53503.00,Banner Grant Listing Report,Y,,
NR8710,NR8710,,V240396,PROJECT-V240396,SPONSOR-NASA,Active,2025-02-01,2028-01-31,218547.00,330808.00,Banner Grant Listing Report,Y,,
NR8858,NR8858,,V250410,PROJECT-V250410,SPONSOR-USDFOR,Active,2025-09-15,2030-09-14,861000.00,861000.00,Banner Grant Listing Report,Y,,
NR9092,NR9092,,V260169,PROJECT-V260169,SPONSOR-BLMFOU,Active,2025-10-01,2027-09-30,110216.10,160123.62,Banner Grant Listing Report,Y,,
NS2989C,NS2989C,,V220837,PROJECT-V220837,SPONSOR-UARS5,Active,2018-08-16,2023-08-13,43702.74,43702.74,Banner Grant Listing Report,Y,,
NS3014C,NS3014C,,19133,PROJECT-19133,SPONSOR-UARS5,Active,2018-09-24,2023-09-23,14999.00,14999.00,Banner Grant Listing Report,Y,,
NS3043,NS3043,,V200863,PROJECT-V200863,SPONSOR-UARS5,Active,2018-09-01,2023-08-31,1000002.00,1000002.00,Banner Grant Listing Report,Y,,
NS3043C,NS3043C,,V200863,PROJECT-V200863,SPONSOR-UARS5,Active,2018-09-01,2023-08-31,103998.90,103998.90,Banner Grant Listing Report,Y,,
NS4108,NS4108,,V19443,PROJECT-V19443,SPONSOR-IDAFIS,Active,2019-07-01,2025-12-31,335757.13,335757.13,Banner Grant Listing Report,Y,,
NS4637,NS4637,,19553,PROJECT-19553,SPONSOR-USDFOR,Active,2020-07-07,2025-07-06,330739.12,330739.12,Banner Grant Listing Report,Y,,
NS4771,NS4771,,V230379,PROJECT-V230379,SPONSOR-USDFOR,Active,2020-09-01,2025-08-31,143024.00,143024.00,Banner Grant Listing Report,Y,,
NS4771C,NS4771C,,V200791,PROJECT-V200791,SPONSOR-USDFOR,Active,2020-09-01,2025-08-31,13313.78,13313.78,Banner Grant Listing Report,Y,,
NS5310,NS5310,,V200449,PROJECT-V200449,SPONSOR-NSF,Active,2021-04-01,2025-03-31,443170.00,443170.00,Banner Grant Listing Report,Y,,
NS5497,NS5497,,V201178,PROJECT-V201178,SPONSOR-CONSCI1,Active,2021-06-01,2023-09-30,44195.16,44195.16,Banner Grant Listing Report,Y,,
NS5519,NS5519,,V230309,PROJECT-V230309,SPONSOR-USDFOR,Active,2021-06-23,2026-06-22,237428.06,362098.12,Banner Grant Listing Report,Y,,
NS5602,NS5602,,V210116,PROJECT-V210116,SPONSOR-FLOUNI,Active,2021-07-01,2025-06-30,318317.00,318317.00,Banner Grant Listing Report,Y,,
NS6124,NS6124,,V210588,PROJECT-V210588,SPONSOR-NEVUNI3,Active,2022-01-01,2026-12-31,198606.56,368013.00,Banner Grant Listing Report,Y,,
NS6164,NS6164,,V220186,PROJECT-V220186,SPONSOR-WATSHE,Active,2022-08-15,2025-05-31,104399.91,104399.91,Banner Grant Listing Report,Y,,
NS6193,NS6193,,V211145,PROJECT-V211145,SPONSOR-IDAPAR1,Active,2022-07-01,2026-06-30,215438.32,215438.32,Banner Grant Listing Report,Y,,
NS6770,NS6770,,V211035,PROJECT-V211035,SPONSOR-COLUNI6,Active,2022-10-01,2026-09-30,211425.00,211425.00,Banner Grant Listing Report,Y,,
NS6777,NS6777,,V211201,PROJECT-V211201,SPONSOR-EPA11,Active,2023-01-01,2025-12-31,278241.00,278241.00,Banner Grant Listing Report,Y,,
NS6837,NS6837,,V220753,PROJECT-V220753,SPONSOR-KANSTA,Active,2023-01-09,2023-07-31,120960.00,120960.00,Banner Grant Listing Report,Y,,
NS6887,NS6887,,V221032,PROJECT-V221032,SPONSOR-NATCAT,Active,2023-02-01,2025-04-01,88600.00,145600.00,Banner Grant Listing Report,Y,,
NS6899,NS6899,,V221026,PROJECT-V221026,SPONSOR-USBLM,Active,2023-01-30,2027-01-31,259736.00,347304.00,Banner Grant Listing Report,Y,,
NS6964,NS6964,,V230472,PROJECT-V230472,SPONSOR-IDALAN,Active,2023-11-01,2028-02-29,537300.00,537300.00,Banner Grant Listing Report,Y,,
NS7374,NS7374,,V230536,PROJECT-V230536,SPONSOR-UARS5,Active,2023-08-13,2025-10-01,133519.00,133519.00,Banner Grant Listing Report,Y,,
NS7374C,NS7374C,,V230536,PROJECT-V230536,SPONSOR-UARS5,Active,2023-08-13,2025-10-01,21712.20,21712.20,Banner Grant Listing Report,Y,,
NS7382,NS7382,,V230666,PROJECT-V230666,SPONSOR-CONFUN,Active,2023-08-01,2025-08-31,72622.79,170359.00,Banner Grant Listing Report,Y,,
NS7397,NS7397,,V240717,PROJECT-V240717,SPONSOR-UARS5,Active,2023-09-01,2026-08-31,225000.00,225000.00,Banner Grant Listing Report,Y,,
NS7397C,NS7397C,,V240717,PROJECT-V240717,SPONSOR-UARS5,Active,2023-09-01,2026-08-31,33750.00,33750.00,Banner Grant Listing Report,Y,,
NS7520,NS7520,,V230858,PROJECT-V230858,SPONSOR-USDFOR,Active,2023-11-04,2028-06-01,169996.44,169996.44,Banner Grant Listing Report,Y,,
NS7602,NS7602,,V221078,PROJECT-V221078,SPONSOR-USBLM,Active,2023-08-23,2025-06-30,25000.00,25000.00,Banner Grant Listing Report,Y,,
NS7635,NS7635,,V230068,PROJECT-V230068,SPONSOR-WASSTA12,Active,2023-09-01,2027-07-31,916132.00,926132.00,Banner Grant Listing Report,Y,,
NS7649,NS7649,,V240019,PROJECT-V240019,SPONSOR-YELYUK,Active,2024-01-01,2024-12-31,5000.00,5000.00,Banner Grant Listing Report,Y,,
NS7735,NS7735,,V240506,PROJECT-V240506,SPONSOR-USDFOR,Active,2024-03-31,2029-03-01,200483.26,273149.17,Banner Grant Listing Report,Y,,
NS7735C,NS7735C,,V240506,PROJECT-V240506,SPONSOR-USDFOR,Active,2024-03-31,2029-03-01,5887.20,5887.20,Banner Grant Listing Report,Y,,
NS7836,NS7836,,V240182,PROJECT-V240182,SPONSOR-RESLEG1,Active,2024-05-01,2025-06-30,96077.00,96077.00,Banner Grant Listing Report,Y,,
NS7927,NS7927,,V240303,PROJECT-V240303,SPONSOR-USDFOR,Active,2024-06-08,2027-06-30,269993.30,269993.30,Banner Grant Listing Report,Y,,
NS8167,NS8167,,V231034,PROJECT-V231034,SPONSOR-USBLM,Active,2024-08-31,2029-08-30,80479.87,80479.87,Banner Grant Listing Report,Y,,
NS8476,NS8476,,V240742,PROJECT-V240742,SPONSOR-OREFOR,Active,2025-01-13,2026-06-30,49998.00,72150.00,Banner Grant Listing Report,Y,,
NS8482,NS8482,,V230826,PROJECT-V230826,SPONSOR-MICSTA,Active,2024-08-01,2029-07-31,199836.00,199836.00,Banner Grant Listing Report,Y,,
NS8772,NS8772,,V240379,PROJECT-V240379,SPONSOR-USDFOR,Active,2025-08-08,2030-08-07,165194.00,165194.00,Banner Grant Listing Report,Y,,
NS8772C,NS8772C,,V240379,PROJECT-V240379,SPONSOR-USDFOR,Active,2025-08-08,2030-08-07,3336.86,3336.86,Banner Grant Listing Report,Y,,
NS8915,NS8915,,V250009,PROJECT-V250009,SPONSOR-NSF,Active,2026-01-01,2027-12-31,178506.00,178506.00,Banner Grant Listing Report,Y,,
NT2177,NT2177,,GNK869,PROJECT-GNK869,SPONSOR-STILUM,Active,2017-04-03,2023-06-30,31150.00,31150.00,Banner Grant Listing Report,Y,,
NT3825,NT3825,,V230215,PROJECT-V230215,SPONSOR-USDFOR,Active,2019-08-07,2024-07-31,284316.63,284316.63,Banner Grant Listing Report,Y,,
NT3825C,NT3825C,,V230215,PROJECT-V230215,SPONSOR-USDFOR,Active,2019-08-07,2024-07-31,26687.09,26687.09,Banner Grant Listing Report,Y,,
NT4220,NT4220,,V240376,PROJECT-V240376,SPONSOR-NSF,Active,2019-12-15,2025-11-30,447765.76,764578.00,Banner Grant Listing Report,Y,,
NT4220P,NT4220P,,V240376,PROJECT-V240376,SPONSOR-NSF,Active,2019-12-15,2025-11-30,802251.12,802251.12,Banner Grant Listing Report,Y,,
NT4287,NT4287,,V19327,PROJECT-V19327,SPONSOR-NIFA,Active,2020-03-01,2026-05-14,477320.00,500000.00,Banner Grant Listing Report,Y,,
NT6401,NT6401,,V210620,PROJECT-V210620,SPONSOR-NIFA,Active,2022-07-01,2027-02-28,251500.00,729251.00,Banner Grant Listing Report,Y,,
NT6701,NT6701,,V220803,PROJECT-V220803,SPONSOR-STILUM,Active,2022-09-12,2023-06-30,5200.00,5200.00,Banner Grant Listing Report,Y,,
NT6729,NT6729,,V220559,PROJECT-V220559,SPONSOR-IDAFOR4,Active,2022-10-17,2024-12-31,365830.50,365830.50,Banner Grant Listing Report,Y,,
NT7108,NT7108,,V230301,PROJECT-V230301,SPONSOR-POTCOR,Active,2023-04-17,2023-12-31,32200.00,32200.00,Banner Grant Listing Report,Y,,
NT7259,NT7259,,V230440,PROJECT-V230440,SPONSOR-WASDNR,Active,2023-07-01,2025-06-30,369951.00,418391.00,Banner Grant Listing Report,Y,,
NT7846,NT7846,,V240387,PROJECT-V240387,SPONSOR-POTCOR,Active,2024-05-06,2024-12-31,36500.00,36500.00,Banner Grant Listing Report,Y,,
NT8175,NT8175,,V240545,PROJECT-V240545,SPONSOR-USDFOR,Active,2024-09-03,2029-09-02,175088.67,223588.67,Banner Grant Listing Report,Y,,
NT8175C,NT8175C,,V240545,PROJECT-V240545,SPONSOR-USDFOR,Active,2024-09-03,2029-09-02,37012.79,37012.79,Banner Grant Listing Report,Y,,
NT8184,NT8184,,V240444,PROJECT-V240444,SPONSOR-USDFOR,Active,2024-09-05,2025-09-30,25000.00,25000.00,Banner Grant Listing Report,Y,,
NT8184C,NT8184C,,V240444,PROJECT-V240444,SPONSOR-USDFOR,Active,2024-09-05,2025-09-30,1852.39,1852.39,Banner Grant Listing Report,Y,,
NT8326,NT8326,,V240753,PROJECT-V240753,SPONSOR-STILUM,Active,2024-09-23,2025-06-30,4900.00,4900.00,Banner Grant Listing Report,Y,,
NT8633,NT8633,,V250383,PROJECT-V250383,SPONSOR-POTCOR,Active,2025-06-16,2025-12-31,34150.00,34150.00,Banner Grant Listing Report,Y,,
NW0613,NW0613,,V220644,PROJECT-V220644,SPONSOR-MERANI,Active,2014-12-17,2024-07-31,1463756.00,1463756.00,Banner Grant Listing Report,Y,,
NW2843,NW2843,,18645,PROJECT-18645,SPONSOR-ALADEP,Active,2018-07-05,2022-06-30,31564.90,38687.41,Banner Grant Listing Report,Y,,
NW3317,NW3317,,19393,PROJECT-19393,SPONSOR-WASDFW,Active,2019-04-01,2024-09-30,100185.00,100185.00,Banner Grant Listing Report,Y,,
NW3472,NW3472,,V220248,PROJECT-V220248,SPONSOR-OKLWIL,Active,2019-07-01,2025-06-30,148877.69,179408.13,Banner Grant Listing Report,Y,,
NW3634C,NW3634C,,19350,PROJECT-19350,SPONSOR-USFWS,Active,2019-05-16,2024-07-31,0.00,13540.00,Banner Grant Listing Report,Y,,
NW3738C,NW3738C,,V210353,PROJECT-V210353,SPONSOR-USDFOR,Active,2019-07-10,2023-07-31,4756.00,4756.00,Banner Grant Listing Report,Y,,
NW4270,NW4270,,V19456,PROJECT-V19456,SPONSOR-MULTIP,Active,2019-12-01,2025-09-01,242468.00,420932.00,Banner Grant Listing Report,Y,,
NW4344,NW4344,,V19598,PROJECT-V19598,SPONSOR-BRICOL6,Active,2019-09-01,2022-12-24,38646.59,53797.00,Banner Grant Listing Report,Y,,
NW4456,NW4456,,V200312,PROJECT-V200312,SPONSOR-USARM,Active,2020-05-22,2026-05-21,496903.00,496903.00,Banner Grant Listing Report,Y,,
NW4851,NW4851,,V200943,PROJECT-V200943,SPONSOR-ZEIBRO,Active,2020-10-13,2021-07-13,29970.00,29970.00,Banner Grant Listing Report,Y,,
NW5123,NW5123,,V200333,PROJECT-V200333,SPONSOR-NASA,Active,2021-01-01,2025-06-30,283571.75,441151.00,Banner Grant Listing Report,Y,,
NW5492,NW5492,,V210457,PROJECT-V210457,SPONSOR-UOFW1,Active,2021-04-01,2025-03-31,122180.00,122180.00,Banner Grant Listing Report,Y,,
NW5493,NW5493,,V210458,PROJECT-V210458,SPONSOR-UOFW1,Active,2021-04-01,2025-03-31,113916.00,113916.00,Banner Grant Listing Report,Y,,
NW5514,NW5514,,V210382,PROJECT-V210382,SPONSOR-ODFW3,Active,2021-06-29,2024-06-30,135414.10,135414.10,Banner Grant Listing Report,Y,,
NW5514C,NW5514C,,V210382,PROJECT-V210382,SPONSOR-ODFW3,Active,2021-06-29,2024-06-30,34087.04,34087.04,Banner Grant Listing Report,Y,,
NW5604,NW5604,,V19706,PROJECT-V19706,SPONSOR-IDAFIS,Active,2021-06-30,2022-06-30,91344.00,91344.00,Banner Grant Listing Report,Y,,
NW5700,NW5700,,V210607,PROJECT-V210607,SPONSOR-USNPS,Active,2021-09-01,2024-09-30,117350.00,117350.00,Banner Grant Listing Report,Y,,
NW6014,NW6014,,V210449,PROJECT-V210449,SPONSOR-MERANI,Active,2022-01-11,2022-09-30,51853.50,51853.50,Banner Grant Listing Report,Y,,
NW6156,NW6156,,V220349,PROJECT-V220349,SPONSOR-INCFAR,Active,2022-07-01,2023-12-31,179719.00,179719.00,Banner Grant Listing Report,Y,,
NW6236,NW6236,,V201142,PROJECT-V201142,SPONSOR-BATCON,Active,2022-07-01,2023-12-31,3000.00,3000.00,Banner Grant Listing Report,Y,,
NW6322,NW6322,,V220458,PROJECT-V220458,SPONSOR-MONFW-P,Active,2022-06-01,2026-06-30,240000.00,240000.00,Banner Grant Listing Report,Y,,
NW6343,NW6343,,V19706,PROJECT-V19706,SPONSOR-IDAFIS,Active,2022-07-01,2023-06-30,57527.00,57527.00,Banner Grant Listing Report,Y,,
NW6358,NW6358,,V220544,PROJECT-V220544,SPONSOR-IDAFIS,Active,2022-07-01,2023-06-30,75550.00,75550.00,Banner Grant Listing Report,Y,,
NW6400,NW6400,,V220423,PROJECT-V220423,SPONSOR-IDHWDEQ3,Active,2022-05-23,2024-08-30,145142.00,145142.00,Banner Grant Listing Report,Y,,
NW6473,NW6473,,V230670,PROJECT-V230670,SPONSOR-USNPS,Active,2022-08-01,2026-09-30,91760.83,91760.83,Banner Grant Listing Report,Y,,
NW6633,NW6633,,V220452,PROJECT-V220452,SPONSOR-NIFA,Active,2022-09-01,2025-08-31,295930.00,295930.00,Banner Grant Listing Report,Y,,
NW6638,NW6638,,V250427,PROJECT-V250427,SPONSOR-USNPS,Active,2022-09-20,2026-08-31,117333.01,117333.01,Banner Grant Listing Report,Y,,
NW6640,NW6640,,V210488,PROJECT-V210488,SPONSOR-USBLM,Active,2022-09-23,2026-09-30,242478.00,242478.00,Banner Grant Listing Report,Y,,
NW6663,NW6663,,V220553,PROJECT-V220553,SPONSOR-USFWS,Active,2023-04-03,2028-04-02,102635.53,102635.53,Banner Grant Listing Report,Y,,
NW6784,NW6784,,V220993,PROJECT-V220993,SPONSOR-ZEIBRO,Active,2022-12-14,2023-09-13,29741.00,29741.00,Banner Grant Listing Report,Y,,
NW6882,NW6882,,V220787,PROJECT-V220787,SPONSOR-SOUADV1,Active,2022-07-01,2026-06-30,21797.70,21797.70,Banner Grant Listing Report,Y,,
NW6882C,NW6882C,,V220787,PROJECT-V220787,SPONSOR-SOUADV1,Active,2022-07-01,2024-12-31,4794.30,4794.30,Banner Grant Listing Report,Y,,
NW6970,NW6970,,V230251,PROJECT-V230251,SPONSOR-MBRAYN,Active,2023-05-01,2024-01-15,3400.00,3400.00,Banner Grant Listing Report,Y,,
NW6992,NW6992,,V230153,PROJECT-V230153,SPONSOR-USNPS,Active,2023-07-01,2027-06-30,184029.00,184029.00,Banner Grant Listing Report,Y,,
NW7082,NW7082,,V211022,PROJECT-V211022,SPONSOR-IDAFIS,Active,2023-05-15,2023-08-11,9775.00,9775.00,Banner Grant Listing Report,Y,,
NW7083,NW7083,,V211022,PROJECT-V211022,SPONSOR-IDAFIS,Active,2023-05-15,2023-08-18,9307.00,9307.00,Banner Grant Listing Report,Y,,
NW7085,NW7085,,V211022,PROJECT-V211022,SPONSOR-IDAFIS,Active,2023-05-15,2023-08-11,9775.00,9775.00,Banner Grant Listing Report,Y,,
NW7086,NW7086,,V211022,PROJECT-V211022,SPONSOR-IDAFIS,Active,2023-05-15,2023-08-11,9055.00,9055.00,Banner Grant Listing Report,Y,,
NW7087,NW7087,,V211022,PROJECT-V211022,SPONSOR-IDAFIS,Active,2023-05-22,2023-08-18,9360.00,9360.00,Banner Grant Listing Report,Y,,
NW7126,NW7126,,V211022,PROJECT-V211022,SPONSOR-IDAFIS,Active,2023-05-22,2023-08-11,9055.00,9055.00,Banner Grant Listing Report,Y,,
NW7268,NW7268,,V210458,PROJECT-V210458,SPONSOR-UOFW1,Active,2023-04-01,2025-03-31,57969.00,57969.00,Banner Grant Listing Report,Y,,
NW7272,NW7272,,V260027,PROJECT-V260027,SPONSOR-ODFW3,Active,2023-07-01,2027-06-30,895414.00,895414.00,Banner Grant Listing Report,Y,,
NW7272C,NW7272C,,V260027,PROJECT-V260027,SPONSOR-ODFW3,Active,2023-09-28,2026-06-30,114657.00,114657.00,Banner Grant Listing Report,Y,,
NW7274,NW7274,,V220918,PROJECT-V220918,SPONSOR-EVEAQU,Active,2023-07-01,2024-02-28,56988.00,56988.00,Banner Grant Listing Report,Y,,
NW7275,NW7275,,V211022,PROJECT-V211022,SPONSOR-IDAFIS,Active,2023-05-22,2023-08-10,420.00,420.00,Banner Grant Listing Report,Y,,
NW7283,NW7283,,V230294,PROJECT-V230294,SPONSOR-ALADEP,Active,2023-06-29,2027-06-30,140036.00,140036.00,Banner Grant Listing Report,Y,,
NW7283C,NW7283C,,V230294,PROJECT-V230294,SPONSOR-ALADEP,Active,2023-06-29,2027-06-30,46680.00,46680.00,Banner Grant Listing Report,Y,,
NW7331,NW7331,,V211128,PROJECT-V211128,SPONSOR-USNPS,Active,2023-05-08,2024-12-31,52447.00,52447.00,Banner Grant Listing Report,Y,,
NW7389,NW7389,,V230066,PROJECT-V230066,SPONSOR-NASA,Active,2023-09-01,2026-10-09,126225.00,126225.00,Banner Grant Listing Report,Y,,
NW7640,NW7640,,V211022,PROJECT-V211022,SPONSOR-IDAFIS,Active,2024-01-10,2024-05-10,1041.00,1041.00,Banner Grant Listing Report,Y,,
NW7653,NW7653,,V231015,PROJECT-V231015,SPONSOR-USGS,Active,2024-02-01,2025-01-28,29940.00,29940.00,Banner Grant Listing Report,Y,,
NW7690,NW7690,,V240059,PROJECT-V240059,SPONSOR-KOOTRI,Active,2024-02-01,2026-04-30,130685.50,130685.50,Banner Grant Listing Report,Y,,
NW7703,NW7703,,V230531,PROJECT-V230531,SPONSOR-NIFA,Active,2024-03-01,2026-02-28,205166.00,205166.00,Banner Grant Listing Report,Y,,
NW7704,NW7704,,V240024,PROJECT-V240024,SPONSOR-NORDAK3,Active,2024-01-01,2024-12-31,40000.00,40000.00,Banner Grant Listing Report,Y,,
NW7828,NW7828,,V211022,PROJECT-V211022,SPONSOR-IDAFIS,Active,2024-05-13,2024-08-09,9801.00,9801.00,Banner Grant Listing Report,Y,,
NW7830,NW7830,,V211022,PROJECT-V211022,SPONSOR-IDAFIS,Active,2024-05-20,2024-08-02,7200.00,7200.00,Banner Grant Listing Report,Y,,
NW7831,NW7831,,V211022,PROJECT-V211022,SPONSOR-IDAFIS,Active,2024-05-12,2024-08-18,10521.00,10521.00,Banner Grant Listing Report,Y,,
NW7832,NW7832,,V211022,PROJECT-V211022,SPONSOR-IDAFIS,Active,2024-05-13,2024-08-09,9775.00,9775.00,Banner Grant Listing Report,Y,,
NW7843,NW7843,,V240061,PROJECT-V240061,SPONSOR-USFWS,Active,2024-05-01,2027-04-30,56000.00,56000.00,Banner Grant Listing Report,Y,,
NW7876,NW7876,,V211022,PROJECT-V211022,SPONSOR-IDAFIS,Active,2024-05-23,2024-08-15,9081.00,9081.00,Banner Grant Listing Report,Y,,
NW8050,NW8050,,V221009,PROJECT-V221009,SPONSOR-USNPS,Active,2024-06-14,2025-12-31,54247.00,54247.00,Banner Grant Listing Report,Y,,
NW8191,NW8191,,V230578,PROJECT-V230578,SPONSOR-NEWUNI1,Active,2024-07-01,2025-03-31,66502.00,66502.00,Banner Grant Listing Report,Y,,
NW8197,NW8197,,V240351,PROJECT-V240351,SPONSOR-USFWS,Active,2024-07-01,2029-06-30,103179.30,103179.30,Banner Grant Listing Report,Y,,
NW8233,NW8233,,V240528,PROJECT-V240528,SPONSOR-USGS,Active,2024-09-16,2026-04-25,41993.00,41993.00,Banner Grant Listing Report,Y,,
NW8263,NW8263,,V240651,PROJECT-V240651,SPONSOR-HAYLAK3,Active,2024-07-01,2025-06-30,5000.00,5000.00,Banner Grant Listing Report,Y,,
NW8302,NW8302,,V250413,PROJECT-V250413,SPONSOR-USFWS,Active,2024-09-01,2029-08-31,100000.00,100000.00,Banner Grant Listing Report,Y,,
NW8436,NW8436,,V240972,PROJECT-V240972,SPONSOR-IDHWDEQ3,Active,2024-09-01,2026-05-31,22177.00,22177.00,Banner Grant Listing Report,Y,,
NW8438,NW8438,,V241038,PROJECT-V241038,SPONSOR-WASDFW,Active,2024-12-01,2029-11-30,118846.06,118846.06,Banner Grant Listing Report,Y,,
NW8478,NW8478,,V240899,PROJECT-V240899,SPONSOR-NORDAK3,Active,2025-01-01,2025-12-31,40000.00,40000.00,Banner Grant Listing Report,Y,,
NW8502,NW8502,,V250162,PROJECT-V250162,SPONSOR-IDAFIS,Active,2025-05-12,2025-08-15,9814.00,63658.00,Banner Grant Listing Report,Y,,
NW8581,NW8581,,V250047,PROJECT-V250047,SPONSOR-KOOTRI,Active,2025-02-01,2027-01-31,129451.00,129451.00,Banner Grant Listing Report,Y,,
NW8586,NW8586,,V240812,PROJECT-V240812,SPONSOR-HAYLAK3,Active,2025-05-01,2027-05-31,180121.70,180121.70,Banner Grant Listing Report,Y,,
NW8632,NW8632,,V250337,PROJECT-V250337,SPONSOR-OKLWIL,Active,2025-07-01,2026-06-30,30000.00,30000.00,Banner Grant Listing Report,Y,,
NW8732,NW8732,,V250209,PROJECT-V250209,SPONSOR-NATCON1,Active,2025-06-30,2026-08-31,97338.37,97338.37,Banner Grant Listing Report,Y,,
NW8846,NW8846,,V250389,PROJECT-V250389,SPONSOR-SPECON4,Active,2025-07-01,2026-06-15,57954.00,57954.00,Banner Grant Listing Report,Y,,
NW9007,NW9007,,V250806,PROJECT-V250806,SPONSOR-NORDAK3,Active,2026-01-01,2026-12-31,40000.00,40000.00,Banner Grant Listing Report,Y,,
OR6820,OR6820,,V220399,PROJECT-V220399,SPONSOR-ARISTA,Active,2023-01-01,2027-12-31,516776.00,588776.00,Banner Grant Listing Report,Y,,
OR7650,OR7650,,V230979,PROJECT-V230979,SPONSOR-NEWMEX12,Active,2024-02-02,2025-02-28,36363.00,36363.00,Banner Grant Listing Report,Y,,
OR8555,OR8555,,V240661,PROJECT-V240661,SPONSOR-NEWMEX12,Active,2025-05-01,2026-03-31,30000.00,30000.00,Banner Grant Listing Report,Y,,
OR8555C,OR8555C,,V240661,PROJECT-V240661,SPONSOR-NEWMEX12,Active,2025-05-01,2026-03-31,303.00,303.00,Banner Grant Listing Report,Y,,
OS7090,OS7090,Climate-Smart Commodities for Idaho – A Public-Private-Tribal Partnership,V220279,PROJECT-V220279,SPONSOR-USDANRCS,Active,2023-05-03,2025-04-22,15446316.00,55000000.00,Banner Grant Listing Report,N,,proposal_title_fallback
PM5288,PM5288,,V210509,PROJECT-V210509,SPONSOR-IDASTE2,Active,2021-08-29,2023-05-15,80000.00,80000.00,Banner Grant Listing Report,Y,,
PM5885,PM5885,,V210907,PROJECT-V210907,SPONSOR-GORBET,Active,2021-10-25,2026-08-31,482888.00,482888.00,Banner Grant Listing Report,Y,,
PM7256,PM7256,,V230416,PROJECT-V230416,SPONSOR-IDAHUM1,Active,2023-04-15,2023-07-31,1000.00,1000.00,Banner Grant Listing Report,Y,,
PM7371,PM7371,,V230362,PROJECT-V230362,SPONSOR-IDHWDEQ3,Active,2023-07-17,2027-06-30,801437.00,801437.00,Banner Grant Listing Report,Y,,
PM7479,PM7479,,V230669,PROJECT-V230669,SPONSOR-IDADAI,Active,2023-09-01,2024-02-29,46891.38,46891.38,Banner Grant Listing Report,Y,,
PM7532,PM7532,,V230801,PROJECT-V230801,SPONSOR-GORBET,Active,2023-10-30,2027-08-31,666153.00,666153.00,Banner Grant Listing Report,Y,,
PM7943,PM7943,,V240378,PROJECT-V240378,SPONSOR-IDAWOR,Active,2023-09-05,2025-08-30,93860.28,93860.28,Banner Grant Listing Report,Y,,
PM8293,PM8293,,V240664,PROJECT-V240664,SPONSOR-IDHWDEQ3,Active,2024-09-16,2025-12-31,55000.00,55000.00,Banner Grant Listing Report,Y,,
PM8881,PM8881,,V250482,PROJECT-V250482,SPONSOR-IDAWOR,Active,2025-08-31,2026-06-20,85491.00,85491.00,Banner Grant Listing Report,Y,,
PO7288,PO7288,,V230237,PROJECT-V230237,SPONSOR-IDHWDEQ3,Active,2023-07-03,2024-11-01,90300.00,90300.00,Banner Grant Listing Report,Y,,
QC4634,QC4634,,V200020,PROJECT-V200020,SPONSOR-USOE1,Active,2020-07-01,2025-09-30,2124998.00,2124998.00,Banner Grant Listing Report,Y,,
QW5006,QW5006,,V200078,PROJECT-V200078,SPONSOR-USJUS,Active,2020-10-01,2024-09-30,299944.00,299944.00,Banner Grant Listing Report,Y,,
RA4917C,RA4917C,,V200465,PROJECT-V200465,SPONSOR-MURCHA,Active,2020-10-01,2023-06-01,0.00,31115.00,Banner Grant Listing Report,Y,,
RA5061,RA5061,,V201224,PROJECT-V201224,SPONSOR-IDAPOW3,Active,2021-01-01,2021-12-31,32768.86,43804.00,Banner Grant Listing Report,Y,,
RA5119,RA5119,,V201160,PROJECT-V201160,SPONSOR-GREPAT,Active,2021-09-01,2022-12-31,11964.00,11964.00,Banner Grant Listing Report,Y,,
RA5551,RA5551,,V19145,PROJECT-V19145,SPONSOR-IDASTA34,Active,2021-07-01,2022-06-30,168948.27,349900.00,Banner Grant Listing Report,Y,,
RA5560,RA5560,,V210492,PROJECT-V210492,SPONSOR-GALOPP,Active,2021-07-24,2021-12-31,29799.00,29799.00,Banner Grant Listing Report,Y,,
RA5690,RA5690,,V210680,PROJECT-V210680,SPONSOR-IDAARM,Active,2021-08-20,2022-08-09,2992.00,2992.00,Banner Grant Listing Report,Y,,
RA5750,RA5750,,V210483,PROJECT-V210483,SPONSOR-ENEMIN,Active,2021-07-01,2022-06-30,15196.62,15196.62,Banner Grant Listing Report,Y,,
RA5977,RA5977,,V210973,PROJECT-V210973,SPONSOR-IDAPOW3,Active,2022-01-01,2022-12-31,124232.00,124232.00,Banner Grant Listing Report,Y,,
RA5978,RA5978,,V210973,PROJECT-V210973,SPONSOR-IDAPOW3,Active,2022-01-01,2022-12-31,63665.00,63665.00,Banner Grant Listing Report,Y,,
RA5979,RA5979,,V210973,PROJECT-V210973,SPONSOR-IDAPOW3,Active,2022-01-01,2022-12-31,35786.00,35786.00,Banner Grant Listing Report,Y,,
RA5980,RA5980,,V210973,PROJECT-V210973,SPONSOR-IDAPOW3,Active,2022-01-01,2022-12-31,37019.00,37019.00,Banner Grant Listing Report,Y,,
RA5981,RA5981,,V210973,PROJECT-V210973,SPONSOR-IDAPOW3,Active,2022-01-01,2022-12-31,52719.00,52719.00,Banner Grant Listing Report,Y,,
RA5982,RA5982,,V210973,PROJECT-V210973,SPONSOR-IDAPOW3,Active,2022-01-01,2022-12-31,14752.00,14752.00,Banner Grant Listing Report,Y,,
RA5983,RA5983,,V210973,PROJECT-V210973,SPONSOR-IDAPOW3,Active,2022-01-01,2022-12-31,10065.00,10065.00,Banner Grant Listing Report,Y,,
RA5984,RA5984,,V210973,PROJECT-V210973,SPONSOR-IDAPOW3,Active,2022-01-01,2022-12-31,9698.83,16737.00,Banner Grant Listing Report,Y,,
RA6013,RA6013,,V250007,PROJECT-V250007,SPONSOR-NORENE2,Active,2022-01-01,2025-12-31,119034.00,188856.00,Banner Grant Listing Report,Y,,
RA6827,RA6827,,V221090,PROJECT-V221090,SPONSOR-IDAPOW3,Active,2023-01-01,2024-01-15,133768.80,133768.80,Banner Grant Listing Report,Y,,
RA7010,RA7010,,V221090,PROJECT-V221090,SPONSOR-IDAPOW3,Active,2023-01-01,2024-01-15,82842.71,82842.71,Banner Grant Listing Report,Y,,
RA7011,RA7011,,V221090,PROJECT-V221090,SPONSOR-IDAPOW3,Active,2023-01-01,2024-01-15,33780.43,33780.43,Banner Grant Listing Report,Y,,
RA7012,RA7012,,V221090,PROJECT-V221090,SPONSOR-IDAPOW3,Active,2023-01-01,2024-01-15,23457.33,23457.33,Banner Grant Listing Report,Y,,
RA7013,RA7013,,V221090,PROJECT-V221090,SPONSOR-IDAPOW3,Active,2023-01-01,2024-01-15,0.00,0.00,Banner Grant Listing Report,Y,,
RA7014,RA7014,,V221090,PROJECT-V221090,SPONSOR-IDAPOW3,Active,2023-01-01,2024-01-15,51514.10,51514.10,Banner Grant Listing Report,Y,,
RA7015,RA7015,,V221090,PROJECT-V221090,SPONSOR-IDAPOW3,Active,2023-01-01,2024-01-15,36954.63,36954.63,Banner Grant Listing Report,Y,,
RA7694,RA7694,,V230961,PROJECT-V230961,SPONSOR-IDAPOW3,Active,2024-01-01,2024-12-31,139827.00,379459.00,Banner Grant Listing Report,Y,,
RA8424,RA8424,,V240921,PROJECT-V240921,SPONSOR-IDAPOW3,Active,2025-01-01,2025-12-31,164806.00,365610.00,Banner Grant Listing Report,Y,,
RA8451,RA8451,,V240372,PROJECT-V240372,SPONSOR-ENERES,Active,2024-07-01,2025-06-30,22756.00,22756.00,Banner Grant Listing Report,Y,,
RA9016,RA9016,,V250837,PROJECT-V250837,SPONSOR-IDAPOW3,Active,2026-01-01,2026-12-31,205449.00,391306.00,Banner Grant Listing Report,Y,,
RC1409,RC1409,,JDK061,PROJECT-JDK061,SPONSOR-NSF,Active,2016-09-01,2021-06-30,2613945.66,2698207.00,Banner Grant Listing Report,Y,,
RC3984,RC3984,,19183,PROJECT-19183,SPONSOR-NSF,Active,2019-08-15,2026-06-30,749639.00,749639.00,Banner Grant Listing Report,Y,,
RC4162,RC4162,,19486,PROJECT-19486,SPONSOR-NSF,Active,2019-09-01,2025-08-31,449355.00,449355.00,Banner Grant Listing Report,Y,,
RC6474,RC6474,,V220495,PROJECT-V220495,SPONSOR-DOD1,Active,2022-07-01,2024-03-21,273847.59,273847.59,Banner Grant Listing Report,Y,,
RC7489,RC7489,,V221029,PROJECT-V221029,SPONSOR-NSF,Active,2023-10-01,2027-09-30,2435509.00,2435509.00,Banner Grant Listing Report,Y,,
RD6385,RD6385,,V221035,PROJECT-V221035,SPONSOR-TEASTU,Active,2022-07-01,2022-10-31,13657.10,13657.10,Banner Grant Listing Report,Y,,
RD8582,RD8582,,V240829,PROJECT-V240829,SPONSOR-IDAARM,Active,2024-09-30,2025-05-01,9816.00,9816.00,Banner Grant Listing Report,Y,,
RR6437,RR6437,,V220487,PROJECT-V220487,SPONSOR-PALLAN,Active,2022-05-16,2022-09-30,28596.75,28596.75,Banner Grant Listing Report,Y,,
RR7110,RR7110,,V230331,PROJECT-V230331,SPONSOR-MOSCHA,Active,2023-04-06,2023-12-31,49980.00,49980.00,Banner Grant Listing Report,Y,,
RR8598,RR8598,,V250289,PROJECT-V250289,SPONSOR-MOSSCH,Active,2025-04-21,2026-05-31,29925.00,29925.00,Banner Grant Listing Report,Y,,
RV4358,RV4358,,V220533,PROJECT-V220533,SPONSOR-BATTELLE1,Active,2020-02-12,2023-09-30,206800.46,206800.46,Banner Grant Listing Report,Y,,
RV6683,RV6683,,V220055,PROJECT-V220055,SPONSOR-UNVTEN,Active,2022-10-01,2027-09-30,249430.00,249430.00,Banner Grant Listing Report,Y,,
RV7517,RV7517,,V240660,PROJECT-V240660,SPONSOR-BATTELLE1,Active,2023-10-19,2026-09-30,291494.00,291494.00,Banner Grant Listing Report,Y,,
RV7907,RV7907,,V240384,PROJECT-V240384,SPONSOR-MICRON,Active,2024-05-20,2025-01-31,78057.00,78057.00,Banner Grant Listing Report,Y,,
RV8717,RV8717,,V250382,PROJECT-V250382,SPONSOR-MICRON,Active,2025-06-01,2026-06-30,13752.00,13752.00,Banner Grant Listing Report,Y,,
SB2945,SB2945,,18168,PROJECT-18168,SPONSOR-WASSTA12,Active,2018-07-17,2024-06-30,1066933.00,1066933.00,Banner Grant Listing Report,Y,,
SB4070,SB4070,,10099-R,PROJECT-10099-R,SPONSOR-DHHS1,Active,2019-09-16,2025-07-31,1051351.86,1247727.00,Banner Grant Listing Report,Y,,
SB4347,SB4347,,V19775,PROJECT-V19775,SPONSOR-MURCHA,Active,2020-03-05,2023-05-01,18121.95,19000.00,Banner Grant Listing Report,Y,,
SB4367,SB4367,,V19357,PROJECT-V19357,SPONSOR-WAKFOR,Active,2020-03-19,2023-02-28,19174.50,19175.00,Banner Grant Listing Report,Y,,
SB4571,SB4571,,V200692,PROJECT-V200692,SPONSOR-COLRIV,Active,2020-07-01,2021-06-30,215610.12,254000.00,Banner Grant Listing Report,Y,,
SB5568,SB5568,,V210703,PROJECT-V210703,SPONSOR-SOCSTU2,Active,2021-07-01,2022-06-30,2500.00,2500.00,Banner Grant Listing Report,Y,,
SB5657,SB5657,,V210719,PROJECT-V210719,SPONSOR-SOCSYS,Active,2021-07-01,2024-05-31,3000.00,3000.00,Banner Grant Listing Report,Y,,
SB5703,SB5703,,V201095,PROJECT-V201095,SPONSOR-DHHS1,Active,2021-07-13,2025-03-31,399309.00,399309.00,Banner Grant Listing Report,Y,,
SB6045,SB6045,,V220072,PROJECT-V220072,SPONSOR-SIGXI,Active,2022-01-01,2022-12-30,1005.00,1005.00,Banner Grant Listing Report,Y,,
SB6379,SB6379,,V220480,PROJECT-V220480,SPONSOR-COLRIV,Active,2022-07-01,2023-06-30,254210.00,254210.00,Banner Grant Listing Report,Y,,
SB6862,SB6862,,V220933,PROJECT-V220933,SPONSOR-GRAWOM,Active,2022-11-14,2024-01-08,6500.00,6500.00,Banner Grant Listing Report,Y,,
SB6867,SB6867,,V221093,PROJECT-V221093,SPONSOR-CONTRI1,Active,2023-01-10,2023-12-31,62106.00,62106.00,Banner Grant Listing Report,Y,,
SB7032,SB7032,,V230319,PROJECT-V230319,SPONSOR-COLRIV,Active,2023-05-01,2024-04-30,207616.00,207616.00,Banner Grant Listing Report,Y,,
SB7033,SB7033,,V230495,PROJECT-V230495,SPONSOR-USDFOR,Active,2023-06-21,2028-05-01,70000.00,70000.00,Banner Grant Listing Report,Y,,
SB7127,SB7127,,V230300,PROJECT-V230300,SPONSOR-COLRIV,Active,2023-05-01,2024-04-30,54907.00,54907.00,Banner Grant Listing Report,Y,,
SB7294,SB7294,,V230443,PROJECT-V230443,SPONSOR-COLRIV,Active,2023-07-01,2025-06-30,525968.00,525968.00,Banner Grant Listing Report,Y,,
SB7415,SB7415,,V230296,PROJECT-V230296,SPONSOR-COLRIV,Active,2023-08-03,2024-03-31,28650.00,28650.00,Banner Grant Listing Report,Y,,
SB7570,SB7570,,V230078,PROJECT-V230078,SPONSOR-USFWS,Active,2023-06-05,2026-06-04,57599.00,57599.00,Banner Grant Listing Report,Y,,
SB7819,SB7819,,V240319,PROJECT-V240319,SPONSOR-COLRIV,Active,2024-05-01,2025-04-30,149337.00,149337.00,Banner Grant Listing Report,Y,,
SB7822,SB7822,,V230575,PROJECT-V230575,SPONSOR-DHHS1,Active,2024-05-01,2026-02-28,255458.00,533502.00,Banner Grant Listing Report,Y,,
SB7827,SB7827,,V240347,PROJECT-V240347,SPONSOR-COLRIV,Active,2024-05-01,2025-04-30,55180.00,55180.00,Banner Grant Listing Report,Y,,
SB7839,SB7839,,V250131,PROJECT-V250131,SPONSOR-DHHS1,Active,2024-04-12,2026-02-28,749961.41,875899.41,Banner Grant Listing Report,Y,,
SB7992,SB7992,,V240302,PROJECT-V240302,SPONSOR-COLRIV,Active,2024-04-01,2025-03-31,28961.00,28961.00,Banner Grant Listing Report,Y,,
SB8593,SB8593,,V250295,PROJECT-V250295,SPONSOR-COLRIV,Active,2025-05-01,2026-04-30,151316.00,151316.00,Banner Grant Listing Report,Y,,
SB8599,SB8599,,V240940,PROJECT-V240940,SPONSOR-BRIFOC,Active,2025-07-01,2027-06-30,180864.00,180864.00,Banner Grant Listing Report,Y,,
SB8617,SB8617,,V250280,PROJECT-V250280,SPONSOR-COLRIV,Active,2025-05-01,2026-04-30,53356.00,53356.00,Banner Grant Listing Report,Y,,
SB8702,SB8702,,V250342,PROJECT-V250342,SPONSOR-COLRIV,Active,2025-07-01,2026-06-30,269449.00,269449.00,Banner Grant Listing Report,Y,,
SB8763,SB8763,,V240115,PROJECT-V240115,SPONSOR-USFWS,Active,2025-06-16,2026-06-15,99930.00,99930.00,Banner Grant Listing Report,Y,,
SB8763C,SB8763C,,V240115,PROJECT-V240115,SPONSOR-USFWS,Active,2025-06-16,2026-06-15,12500.00,12500.00,Banner Grant Listing Report,Y,,
SC5615,SC5615,,V19640,PROJECT-V19640,SPONSOR-AMECHE,Active,2021-09-01,2025-08-31,110000.00,110000.00,Banner Grant Listing Report,Y,,
SC6468,SC6468,,V220702,PROJECT-V220702,SPONSOR-IDASTA34,Active,2022-07-01,2023-06-30,65000.00,65000.00,Banner Grant Listing Report,Y,,
SC7190,SC7190,,V220922,PROJECT-V220922,SPONSOR-NSF,Active,2023-08-15,2026-07-31,351566.00,645273.00,Banner Grant Listing Report,Y,,
SC7230,SC7230,,V230310,PROJECT-V230310,SPONSOR-IDASTA34,Active,2023-07-01,2024-06-30,65000.00,65000.00,Banner Grant Listing Report,Y,,
SC7818,SC7818,,V230676,PROJECT-V230676,SPONSOR-NSF,Active,2024-04-01,2027-03-31,456051.00,456051.00,Banner Grant Listing Report,Y,,
SC8081,SC8081,,V240636,PROJECT-V240636,SPONSOR-IDASTA34,Active,2024-07-01,2025-06-30,65000.00,65000.00,Banner Grant Listing Report,Y,,
SC8180,SC8180,,V230816,PROJECT-V230816,SPONSOR-NSF,Active,2024-08-15,2027-07-31,408331.00,408331.00,Banner Grant Listing Report,Y,,
SC8541,SC8541,,V240593,PROJECT-V240593,SPONSOR-NSF,Active,2025-08-01,2030-07-31,686652.00,686652.00,Banner Grant Listing Report,Y,,
SC8622,SC8622,,V230479,PROJECT-V230479,SPONSOR-BROUNI,Active,2025-05-01,2026-04-30,25370.00,25370.00,Banner Grant Listing Report,Y,,
SC8682,SC8682,,V250407,PROJECT-V250407,SPONSOR-IDASTA34,Active,2025-07-01,2026-06-30,75000.00,75000.00,Banner Grant Listing Report,Y,,
SG2917,SG2917,,18193,PROJECT-18193,SPONSOR-NSF,Active,2018-08-01,2022-07-31,54545.00,54545.00,Banner Grant Listing Report,Y,,
SG5671,SG5671,,V200862,PROJECT-V200862,SPONSOR-NSF,Active,2021-08-01,2026-07-31,128702.00,128702.00,Banner Grant Listing Report,Y,,
SG6324,SG6324,,V240457,PROJECT-V240457,SPONSOR-USDFOR,Active,2022-06-08,2026-09-30,201435.00,201435.00,Banner Grant Listing Report,Y,,
SH2570,SH2570,,IMK113,PROJECT-IMK113,SPONSOR-DHHS1,Active,2018-05-22,2024-03-31,1162668.00,1162668.00,Banner Grant Listing Report,Y,,
SH4697,SH4697,,V240054,PROJECT-V240054,SPONSOR-DHHS1,Active,2020-07-20,2026-06-30,1238173.76,12916382.22,Banner Grant Listing Report,Y,,
SH4697C,SH4697C,,V230168,PROJECT-V230168,SPONSOR-DHHS1,Active,2020-07-20,2025-06-30,131438.64,394550.33,Banner Grant Listing Report,Y,,
SH5118,SH5118,,V200256,PROJECT-V200256,SPONSOR-TEXBIO,Active,2020-09-30,2025-05-31,348115.00,348115.00,Banner Grant Listing Report,Y,,
SH5849,SH5849,,V210253,PROJECT-V210253,SPONSOR-DOE1,Active,2021-09-01,2025-08-31,648201.00,1404162.00,Banner Grant Listing Report,Y,,
SH6062,SH6062,,V210632,PROJECT-V210632,SPONSOR-NSF,Active,2022-03-01,2027-02-28,898220.00,898220.00,Banner Grant Listing Report,Y,,
SH6631,SH6631,,V220331,PROJECT-V220331,SPONSOR-NEVREG,Active,2022-07-01,2023-06-30,31454.00,31454.00,Banner Grant Listing Report,Y,,
SH6801,SH6801,,V220842,PROJECT-V220842,SPONSOR-IDHW7,Active,2022-12-28,2023-05-31,92414.00,92414.00,Banner Grant Listing Report,Y,,
SH6849,SH6849,,V220599,PROJECT-V220599,SPONSOR-NIFA,Active,2023-03-15,2026-09-13,299997.00,299997.00,Banner Grant Listing Report,Y,,
SH7433,SH7433,,V221094,PROJECT-V221094,SPONSOR-NSF,Active,2023-11-01,2026-10-31,250000.00,250000.00,Banner Grant Listing Report,Y,,
SH7476,SH7476,,V230152,PROJECT-V230152,SPONSOR-DHHS1,Active,2023-09-26,2026-08-31,600000.00,600000.00,Banner Grant Listing Report,Y,,
SH7533,SH7533,,V220109,PROJECT-V220109,SPONSOR-DHHS1,Active,2023-09-20,2025-08-31,387032.11,702201.00,Banner Grant Listing Report,Y,,
SH7835,SH7835,,V240136,PROJECT-V240136,SPONSOR-IDASTA34,Active,2024-07-01,2025-08-31,92700.00,92700.00,Banner Grant Listing Report,Y,,
SH8604,SH8604,,V241041,PROJECT-V241041,SPONSOR-IDHW7,Active,2025-05-07,2026-04-30,24999.00,24999.00,Banner Grant Listing Report,Y,,
SH8855,SH8855,,V240571,PROJECT-V240571,SPONSOR-DHHS1,Active,2025-09-02,2026-06-30,718012.00,1111984.00,Banner Grant Listing Report,Y,,
SH8887,SH8887,,V240416,PROJECT-V240416,SPONSOR-DHHS1,Active,2025-09-01,2029-08-31,137000.00,137000.00,Banner Grant Listing Report,Y,,
SH8927,SH8927,,V241055,PROJECT-V241055,SPONSOR-DOE1,Active,2025-09-01,2026-08-31,362498.00,1499953.00,Banner Grant Listing Report,Y,,
SH8949,SH8949,,V250508,PROJECT-V250508,SPONSOR-MONUNI1,Active,2025-09-01,2026-08-31,74967.00,74967.00,Banner Grant Listing Report,Y,,
SH8981,SH8981,,V250150,PROJECT-V250150,SPONSOR-IDAAGR,Active,2025-12-11,2028-06-30,120000.00,120000.00,Banner Grant Listing Report,Y,,
SI3394,SI3394,,V220843,PROJECT-V220843,SPONSOR-DHHS1,Active,2019-05-01,2025-08-31,1610278.34,20203883.00,Banner Grant Listing Report,Y,,
SI3394P,SI3394P,DHHS NIH Idaho INBRE-4 Yr 1,08900D,PROJECT-08900D,SPONSOR-DHHS1,Active,2019-05-01,2025-04-30,5300.00,5300.00,Banner Grant Listing Report,N,,proposal_title_fallback
SI7662,SI7662,Idaho INBRE Program,V240189,PROJECT-V240189,SPONSOR-DHHS1,Active,2024-05-01,2025-08-31,1382088.84,5303654.00,Banner Grant Listing Report,N,SI7662/V240189/Award Instrument/V240189_P20GM103408_NOA_AWARD_NOTICE_20260316.pdf,award_pdf
SI8522,SI8522,,V230386,PROJECT-V230386,SPONSOR-DHHS1,Active,2025-05-01,2026-08-31,1575364.87,3979166.00,Banner Grant Listing Report,Y,,
SL2556,SL2556,,18037,PROJECT-18037,SPONSOR-NSF,Active,2018-05-01,2026-01-31,599643.00,599643.00,Banner Grant Listing Report,Y,,
SL3507,SL3507,,19041,PROJECT-19041,SPONSOR-NSF,Active,2019-06-01,2026-05-31,729932.00,729932.00,Banner Grant Listing Report,Y,,
SL4660,SL4660,,V19534,PROJECT-V19534,SPONSOR-NSF,Active,2020-08-01,2025-12-31,671486.00,671486.00,Banner Grant Listing Report,Y,,
SL5226,SL5226,,V210155,PROJECT-V210155,SPONSOR-NSF,Active,2021-04-01,2025-03-31,47000.00,78630.00,Banner Grant Listing Report,Y,,
SL5820,SL5820,,V201337,PROJECT-V201337,SPONSOR-NSF,Active,2022-01-01,2026-12-31,344599.00,344599.00,Banner Grant Listing Report,Y,,
SL6470,SL6470,,V220285,PROJECT-V220285,SPONSOR-NASA,Active,2022-08-22,2026-08-21,552119.00,552119.00,Banner Grant Listing Report,Y,,
SL7016,SL7016,,V220652,PROJECT-V220652,SPONSOR-NIFA,Active,2023-05-01,2026-04-30,301871.29,792650.00,Banner Grant Listing Report,Y,,
SL7220,SL7220,,V220901,PROJECT-V220901,SPONSOR-NSF,Active,2023-07-01,2026-06-30,156022.00,156022.00,Banner Grant Listing Report,Y,,
SL7269,SL7269,,V220571,PROJECT-V220571,SPONSOR-NSF,Active,2023-07-01,2026-06-30,509641.00,509641.00,Banner Grant Listing Report,Y,,
SL7622,SL7622,,V230355,PROJECT-V230355,SPONSOR-USGS,Active,2024-01-01,2026-12-31,280963.89,309324.00,Banner Grant Listing Report,Y,,
SL7622C,SL7622C,,V230355,PROJECT-V230355,SPONSOR-USGS,Active,2024-01-01,2026-12-31,88575.92,150041.42,Banner Grant Listing Report,Y,,
SL7660,SL7660,,V230684,PROJECT-V230684,SPONSOR-TECRES,Active,2024-02-05,2026-05-31,270702.00,270702.00,Banner Grant Listing Report,Y,,
SL7925,SL7925,,V230862,PROJECT-V230862,SPONSOR-USDFOR,Active,2024-06-27,2028-09-30,66265.00,66265.00,Banner Grant Listing Report,Y,,
SL7925C,SL7925C,,V230862,PROJECT-V230862,SPONSOR-USDFOR,Active,2024-06-27,2028-09-30,24750.00,24750.00,Banner Grant Listing Report,Y,,
SL8092,SL8092,,V230662,PROJECT-V230662,SPONSOR-SANDIA,Active,2024-06-17,2026-04-23,97404.50,97404.50,Banner Grant Listing Report,Y,,
SL8117,SL8117,,V230836,PROJECT-V230836,SPONSOR-NSF,Active,2024-08-01,2027-07-31,147279.00,147279.00,Banner Grant Listing Report,Y,,
SL8145,SL8145,,V230606,PROJECT-V230606,SPONSOR-GEOUNI1,Active,2024-07-01,2027-05-30,119587.50,132630.00,Banner Grant Listing Report,Y,,
SL8156,SL8156,,V230492,PROJECT-V230492,SPONSOR-NSF,Active,2024-08-15,2027-07-31,304910.00,304910.00,Banner Grant Listing Report,Y,,
SL8157,SL8157,,V230876,PROJECT-V230876,SPONSOR-NSF,Active,2024-08-01,2027-07-31,315794.00,315794.00,Banner Grant Listing Report,Y,,
SL8162,SL8162,,V231081,PROJECT-V231081,SPONSOR-NASA,Active,2024-06-21,2027-06-20,224660.00,224660.00,Banner Grant Listing Report,Y,,
SL8329,SL8329,,V240471,PROJECT-V240471,SPONSOR-PBAC,Active,2025-05-11,2027-05-15,181948.00,181948.00,Banner Grant Listing Report,Y,,
SL8330,SL8330,,V240331,PROJECT-V240331,SPONSOR-NSF,Active,2025-02-01,2027-01-31,300000.00,300000.00,Banner Grant Listing Report,Y,,
SL8493,SL8493,,V230637,PROJECT-V230637,SPONSOR-NASA,Active,2025-02-01,2028-01-31,292292.00,292292.00,Banner Grant Listing Report,Y,,
SL8567,SL8567,,V240848,PROJECT-V240848,SPONSOR-HEISIM,Active,2025-03-01,2029-02-28,300000.00,1449115.00,Banner Grant Listing Report,Y,,
SL8770,SL8770,,V250345,PROJECT-V250345,SPONSOR-USDFOR,Active,2025-07-18,2027-09-30,133755.00,133755.00,Banner Grant Listing Report,Y,,
SL8770C,SL8770C,,V250345,PROJECT-V250345,SPONSOR-USDFOR,Active,2025-07-18,2027-09-30,37046.00,37046.00,Banner Grant Listing Report,Y,,
SL8884,SL8884,,V250409,PROJECT-V250409,SPONSOR-USDFOR,Active,2025-08-21,2030-08-21,211311.00,211311.00,Banner Grant Listing Report,Y,,
SL8884C,SL8884C,,V250409,PROJECT-V250409,SPONSOR-USDFOR,Active,2025-08-21,2030-08-21,53447.00,53447.00,Banner Grant Listing Report,Y,,
SL9072,SL9072,,V250301,PROJECT-V250301,SPONSOR-MICTEC,Active,2025-07-08,2028-07-07,33232.00,33232.00,Banner Grant Listing Report,Y,,
SM1372,SM1372,,16290,PROJECT-16290,SPONSOR-NSF,Active,2016-09-01,2022-08-31,2999640.00,2999640.00,Banner Grant Listing Report,Y,,
SM4753,SM4753,,V200196,PROJECT-V200196,SPONSOR-SIMFOU1,Active,2020-09-01,2025-08-31,42000.00,42000.00,Banner Grant Listing Report,Y,,
SM7026,SM7026,,V220857,PROJECT-V220857,SPONSOR-NSF,Active,2023-05-01,2025-04-30,45380.00,45380.00,Banner Grant Listing Report,Y,,
SM8151,SM8151,,V230679,PROJECT-V230679,SPONSOR-NSF,Active,2024-08-15,2028-07-31,682196.00,682196.00,Banner Grant Listing Report,Y,,
SM8648,SM8648,,V240739,PROJECT-V240739,SPONSOR-NSF,Active,2025-06-15,2025-11-30,23600.00,23600.00,Banner Grant Listing Report,Y,,
SM8712,SM8712,,V240260,PROJECT-V240260,SPONSOR-NSF,Active,2025-08-01,2030-07-31,597138.00,597138.00,Banner Grant Listing Report,Y,,
SM8876,SM8876,,V241024,PROJECT-V241024,SPONSOR-NSF,Active,2026-01-15,2028-12-31,399693.00,399693.00,Banner Grant Listing Report,Y,,
SN2979,SN2979,,V210096,PROJECT-V210096,SPONSOR-UCAL2,Active,2018-10-01,2022-09-30,1707812.00,1707812.00,Banner Grant Listing Report,Y,,
SP0017,SP0017,,V250432,PROJECT-V250432,SPONSOR-DOE1,Active,2003-09-01,2026-06-26,1919000.00,1919000.00,Banner Grant Listing Report,Y,,
SP0126,SP0126,,V210988,PROJECT-V210988,SPONSOR-WASSTA12,Active,2010-05-20,2026-05-31,952949.02,1178215.00,Banner Grant Listing Report,Y,,
SP1686,SP1686,,16766,PROJECT-16766,SPONSOR-NASA,Active,2017-02-03,2023-09-30,323936.00,323936.00,Banner Grant Listing Report,Y,,
SP3118,SP3118,,17822,PROJECT-17822,SPONSOR-NASA,Active,2018-06-11,2025-06-10,208915.00,208915.00,Banner Grant Listing Report,Y,,
SP4037,SP4037,,19061,PROJECT-19061,SPONSOR-JOHHOP1,Active,2019-07-15,2025-04-18,100047.66,100047.66,Banner Grant Listing Report,Y,,
SP4662,SP4662,,V19714,PROJECT-V19714,SPONSOR-NASA,Active,2020-08-20,2025-08-20,295445.00,466257.00,Banner Grant Listing Report,Y,,
SP5233,SP5233,,V200826,PROJECT-V200826,SPONSOR-NASA,Active,2021-02-08,2027-02-07,251635.00,543222.00,Banner Grant Listing Report,Y,,
SP5238,SP5238,,V200801,PROJECT-V200801,SPONSOR-NSF,Active,2021-03-01,2027-02-28,336514.00,336514.00,Banner Grant Listing Report,Y,,
SP5829,SP5829,,V210045,PROJECT-V210045,SPONSOR-NASA,Active,2021-10-01,2026-09-30,165771.00,242783.00,Banner Grant Listing Report,Y,,
SP5867,SP5867,,V200134,PROJECT-V200134,SPONSOR-NASA,Active,2021-06-01,2025-05-31,132086.00,132086.00,Banner Grant Listing Report,Y,,
SP5877,SP5877,,V210183,PROJECT-V210183,SPONSOR-DOE1,Active,2021-08-15,2025-08-14,783503.57,1519359.00,Banner Grant Listing Report,Y,,
SP6063,SP6063,,V210582,PROJECT-V210582,SPONSOR-NASA,Active,2022-01-01,2026-12-31,428565.00,520281.00,Banner Grant Listing Report,Y,,
SP6110,SP6110,,V230870,PROJECT-V230870,SPONSOR-JOHHOP1,Active,2022-04-01,2028-08-31,256197.04,256197.04,Banner Grant Listing Report,Y,,
SP6186,SP6186,,V220144,PROJECT-V220144,SPONSOR-NSF,Active,2022-05-01,2026-07-31,226347.00,226347.00,Banner Grant Listing Report,Y,,
SP6187,SP6187,,V220374,PROJECT-V220374,SPONSOR-NSF,Active,2022-05-01,2025-08-31,272334.00,272334.00,Banner Grant Listing Report,Y,,
SP6192,SP6192,,V220126,PROJECT-V220126,SPONSOR-NSF,Active,2022-04-01,2026-05-31,112739.00,112739.00,Banner Grant Listing Report,Y,,
SP6438,SP6438,,V210358,PROJECT-V210358,SPONSOR-MASINS,Active,2021-09-01,2025-08-31,428742.00,428742.00,Banner Grant Listing Report,Y,,
SP6644,SP6644,,V210648,PROJECT-V210648,SPONSOR-NASA,Active,2022-09-01,2026-08-31,409021.00,409021.00,Banner Grant Listing Report,Y,,
SP6924,SP6924,,V220524,PROJECT-V220524,SPONSOR-CORUNI,Active,2023-01-01,2026-12-31,158228.00,158228.00,Banner Grant Listing Report,Y,,
SP7573,SP7573,,V230317,PROJECT-V230317,SPONSOR-BATTELLE1,Active,2024-02-27,2025-09-30,119055.00,119055.00,Banner Grant Listing Report,Y,,
SP7634,SP7634,,V220959,PROJECT-V220959,SPONSOR-SPESCIINC,Active,2023-09-01,2026-08-31,78606.00,78606.00,Banner Grant Listing Report,Y,,
SP7711,SP7711,,V230535,PROJECT-V230535,SPONSOR-NASA,Active,2024-02-01,2027-01-31,90344.00,180449.00,Banner Grant Listing Report,Y,,
SP7713,SP7713,,V220589,PROJECT-V220589,SPONSOR-CPRDEV,Active,2023-10-10,2026-10-09,271726.00,271726.00,Banner Grant Listing Report,Y,,
SP7734,SP7734,,V230216,PROJECT-V230216,SPONSOR-UNIMARBAL,Active,2023-11-30,2026-11-29,51145.00,51145.00,Banner Grant Listing Report,Y,,
SP7864,SP7864,,V240090,PROJECT-V240090,SPONSOR-JPL,Active,2024-06-03,2024-08-31,20875.00,20875.00,Banner Grant Listing Report,Y,,
SP7896,SP7896,,V230541,PROJECT-V230541,SPONSOR-SPESCIINC,Active,2024-01-01,2026-12-31,171190.58,171190.58,Banner Grant Listing Report,Y,,
SP7900,SP7900,,V240410,PROJECT-V240410,SPONSOR-NSF,Active,2024-06-01,2027-05-31,180000.00,180000.00,Banner Grant Listing Report,Y,,
SP8234,SP8234,,V231056,PROJECT-V231056,SPONSOR-WESVIR,Active,2024-08-16,2026-08-15,162772.00,162772.00,Banner Grant Listing Report,Y,,
SP8234C,SP8234C,,V231056,PROJECT-V231056,SPONSOR-WESVIR,Active,2024-08-16,2026-08-15,122749.00,122749.00,Banner Grant Listing Report,Y,,
SP8264,SP8264,,V240153,PROJECT-V240153,SPONSOR-DOE1,Active,2024-09-01,2026-08-31,607314.50,1101781.00,Banner Grant Listing Report,Y,,
SP8294,SP8294,,V240568,PROJECT-V240568,SPONSOR-BRIYOU,Active,2024-05-17,2026-05-16,8024.00,8024.00,Banner Grant Listing Report,Y,,
SP8357,SP8357,,V240820,PROJECT-V240820,SPONSOR-NSF,Active,2024-11-15,2025-09-30,86401.00,86401.00,Banner Grant Listing Report,Y,,
SP8432,SP8432,,V230842,PROJECT-V230842,SPONSOR-ILLUNI,Active,2024-08-15,2026-07-31,194970.00,194970.00,Banner Grant Listing Report,Y,,
SP8461,SP8461,,V240625,PROJECT-V240625,SPONSOR-JPL,Active,2024-11-25,2034-06-25,34346.00,34346.00,Banner Grant Listing Report,Y,,
SP8517,SP8517,,V240676,PROJECT-V240676,SPONSOR-SPATEL,Active,2025-02-01,2028-01-31,18663.00,18663.00,Banner Grant Listing Report,Y,,
SP8636,SP8636,,V240476,PROJECT-V240476,SPONSOR-ARIUNI,Active,2025-01-01,2026-12-31,23616.16,23616.16,Banner Grant Listing Report,Y,,
SP8786,SP8786,,V240927,PROJECT-V240927,SPONSOR-NSF,Active,2025-09-01,2028-08-31,150010.00,150010.00,Banner Grant Listing Report,Y,,
SP8879,SP8879,,V240680,PROJECT-V240680,SPONSOR-NASA,Active,2025-07-08,2028-07-07,106662.00,197324.00,Banner Grant Listing Report,Y,,
SP8918,SP8918,,V229088,PROJECT-V229088,SPONSOR-JPL,Active,2025-10-06,2027-10-31,51000.00,68445.00,Banner Grant Listing Report,Y,,
SP9056,SP9056,,V250153,PROJECT-V250153,SPONSOR-NASA,Active,2025-11-25,2028-11-24,256362.00,256362.00,Banner Grant Listing Report,Y,,
SP9068,SP9068,,V250274,PROJECT-V250274,SPONSOR-SPATEL,Active,2026-01-01,2028-12-31,15681.00,15681.00,Banner Grant Listing Report,Y,,
TD0386,TD0386,,V250518,PROJECT-V250518,SPONSOR-ISDE1,Active,2013-10-01,2026-09-30,332746.64,332746.64,Banner Grant Listing Report,Y,,
TF8811,TF8811,,V240562,PROJECT-V240562,SPONSOR-USOE1,Active,2025-09-01,2026-08-31,402676.00,402676.00,Banner Grant Listing Report,Y,,
TF8811C,TF8811C,,V240562,PROJECT-V240562,SPONSOR-USOE1,Active,2025-09-01,2026-08-31,20000.00,20000.00,Banner Grant Listing Report,Y,,
TS7641,TS7641,,V230965,PROJECT-V230965,SPONSOR-IDASTA43,Active,2024-01-03,2024-06-30,5000.00,5000.00,Banner Grant Listing Report,Y,,
TV8840,TV8840,,V240665,PROJECT-V240665,SPONSOR-COCOCO,Active,2025-05-01,2027-04-30,5000.00,5000.00,Banner Grant Listing Report,Y,,
UA4152,UA4152,,19403,PROJECT-19403,SPONSOR-NORCAR,Active,2019-10-01,2024-09-30,135000.13,135000.13,Banner Grant Listing Report,Y,,
UA4755,UA4755,,V200057,PROJECT-V200057,SPONSOR-DOE1,Active,2020-10-01,2023-09-30,231415.15,399999.15,Banner Grant Listing Report,Y,,
UA5321,UA5321,,V200417,PROJECT-V200417,SPONSOR-USNUC,Active,2021-03-29,2025-06-30,399332.29,399332.29,Banner Grant Listing Report,Y,,
UA5321C,UA5321C,,V200417,PROJECT-V200417,SPONSOR-USNUC,Active,2021-03-29,2025-06-30,90251.91,90251.91,Banner Grant Listing Report,Y,,
UA5908,UA5908,,V240548,PROJECT-V240548,SPONSOR-BATTELLE1,Active,2021-11-17,2025-06-30,407744.48,407744.48,Banner Grant Listing Report,Y,,
UA5946,UA5946,,V210267,PROJECT-V210267,SPONSOR-BATTELLE1,Active,2021-12-09,2024-09-30,185998.00,185998.00,Banner Grant Listing Report,Y,,
UA5947,UA5947,,V240965,PROJECT-V240965,SPONSOR-BATTELLE1,Active,2021-10-01,2025-10-23,244786.00,244786.00,Banner Grant Listing Report,Y,,
UA5963,UA5963,,V230777,PROJECT-V230777,SPONSOR-BATTELLE1,Active,2021-10-01,2024-05-12,237464.29,237464.29,Banner Grant Listing Report,Y,,
UA6244,UA6244,,V220093,PROJECT-V220093,SPONSOR-IDASTA34,Active,2022-07-01,2025-03-31,393000.00,693000.00,Banner Grant Listing Report,Y,,
UA6746,UA6746,,V210667,PROJECT-V210667,SPONSOR-NEVUNI3,Active,2022-08-01,2024-10-31,91249.00,91249.00,Banner Grant Listing Report,Y,,
UA6746C,UA6746C,,V210667,PROJECT-V210667,SPONSOR-NEVUNI3,Active,2022-08-01,2024-10-31,30000.00,30000.00,Banner Grant Listing Report,Y,,
UA6750,UA6750,,V240810,PROJECT-V240810,SPONSOR-BATTELLE1,Active,2022-11-29,2024-09-30,108720.93,108720.93,Banner Grant Listing Report,Y,,
UA6896,UA6896,,V250300,PROJECT-V250300,SPONSOR-BATTELLE1,Active,2023-02-06,2026-05-15,176761.29,176761.29,Banner Grant Listing Report,Y,,
UA6898,UA6898,,V240147,PROJECT-V240147,SPONSOR-BATTELLE1,Active,2023-02-17,2024-09-30,156885.85,156885.85,Banner Grant Listing Report,Y,,
UA6908,UA6908,,V230097,PROJECT-V230097,SPONSOR-BATTELLE1,Active,2023-02-23,2024-09-30,130998.00,130998.00,Banner Grant Listing Report,Y,,
UA7120,UA7120,,V230024,PROJECT-V230024,SPONSOR-BATTELLE1,Active,2023-04-27,2026-04-30,72274.21,72274.21,Banner Grant Listing Report,Y,,
UA7201,UA7201,,V230577,PROJECT-V230577,SPONSOR-BATTELLE1,Active,2023-05-18,2024-02-29,35211.00,205225.88,Banner Grant Listing Report,Y,,
UA7231,UA7231,,V220093,PROJECT-V220093,SPONSOR-IDASTA34,Active,2023-07-01,2025-06-30,400000.00,700000.00,Banner Grant Listing Report,Y,,
UA7233,UA7233,,V240623,PROJECT-V240623,SPONSOR-BATTELLE1,Active,2023-05-30,2024-12-31,52536.33,52536.33,Banner Grant Listing Report,Y,,
UA7396,UA7396,,V230617,PROJECT-V230617,SPONSOR-SCHENG,Active,2023-09-01,2026-12-31,334157.13,334157.13,Banner Grant Listing Report,Y,,
UA7628,UA7628,,V220984,PROJECT-V220984,SPONSOR-BSU,Active,2023-09-29,2025-09-28,141421.00,141421.00,Banner Grant Listing Report,Y,,
UA7715,UA7715,,V230779,PROJECT-V230779,SPONSOR-NATRES20,Active,2024-02-15,2026-02-15,100000.00,100000.00,Banner Grant Listing Report,Y,,
UA7787,UA7787,,V260025,PROJECT-V260025,SPONSOR-BATTELLE1,Active,2024-04-18,2026-09-30,185461.00,185461.00,Banner Grant Listing Report,Y,,
UA7788,UA7788,,V250573,PROJECT-V250573,SPONSOR-BATTELLE1,Active,2024-04-22,2026-08-16,188357.00,188357.00,Banner Grant Listing Report,Y,,
UA7834,UA7834,,V240288,PROJECT-V240288,SPONSOR-IDASTA34,Active,2024-07-01,2026-04-30,197600.00,197600.00,Banner Grant Listing Report,Y,,
UA7840,UA7840,,V240273,PROJECT-V240273,SPONSOR-BATTELLE1,Active,2024-05-15,2024-08-30,20000.00,20000.00,Banner Grant Listing Report,Y,,
UA8090,UA8090,,V220093,PROJECT-V220093,SPONSOR-IDASTA34,Active,2024-07-01,2025-09-30,400000.00,700000.00,Banner Grant Listing Report,Y,,
UA8367,UA8367,,V240414,PROJECT-V240414,SPONSOR-IDASTA8,Active,2024-11-01,2026-11-30,575477.00,575477.00,Banner Grant Listing Report,Y,,
UA8446,UA8446,,V250561,PROJECT-V250561,SPONSOR-BATTELLE1,Active,2024-10-25,2026-09-30,177550.00,177550.00,Banner Grant Listing Report,Y,,
UA8481,UA8481,,V240988,PROJECT-V240988,SPONSOR-BATTELLE1,Active,2025-01-22,2027-09-30,136500.00,136500.00,Banner Grant Listing Report,Y,,
UI2160,UI2160,,V220681,PROJECT-V220681,SPONSOR-BATTELLE1,Active,2017-10-01,2024-05-31,2725688.00,12317414.59,Banner Grant Listing Report,Y,,
UI5912,UI5912,,V240621,PROJECT-V240621,SPONSOR-BATTELLE1,Active,2021-10-01,2025-01-12,252947.38,252947.38,Banner Grant Listing Report,Y,,
UI5934,UI5934,,V210266,PROJECT-V210266,SPONSOR-BATTELLE1,Active,2021-11-29,2024-09-30,216028.00,216028.00,Banner Grant Listing Report,Y,,
UI5939,UI5939,,V210407,PROJECT-V210407,SPONSOR-BATTELLE1,Active,2021-11-23,2024-09-30,242667.00,242667.00,Banner Grant Listing Report,Y,,
UI6135,UI6135,,V220478,PROJECT-V220478,SPONSOR-IDACOM5,Active,2022-04-15,2024-12-31,363679.14,440418.00,Banner Grant Listing Report,Y,,
UI6596,UI6596,,V211165,PROJECT-V211165,SPONSOR-NSF,Active,2023-01-01,2026-12-31,359828.00,359828.00,Banner Grant Listing Report,Y,,
UI6739,UI6739,,V240725,PROJECT-V240725,SPONSOR-BATTELLE1,Active,2022-11-14,2025-12-31,120922.00,120922.00,Banner Grant Listing Report,Y,,
UI7890,UI7890,,V240152,PROJECT-V240152,SPONSOR-BATTELLE1,Active,2024-06-01,2026-05-31,2215504.32,4399127.55,Banner Grant Listing Report,Y,,
UI8619,UI8619,,V250136,PROJECT-V250136,SPONSOR-IDASTA34,Active,2025-07-01,2026-06-20,123606.00,123606.00,Banner Grant Listing Report,Y,,
UI8623,UI8623,,V250151,PROJECT-V250151,SPONSOR-IDASTA34,Active,2025-07-01,2026-12-31,157500.00,157500.00,Banner Grant Listing Report,Y,,
UI8798,UI8798,,V240549,PROJECT-V240549,SPONSOR-NSF,Active,2025-09-01,2028-08-31,509809.00,509809.00,Banner Grant Listing Report,Y,,
UI8959,UI8959,,V250660,PROJECT-V250660,SPONSOR-OKLINC,Active,2025-11-03,2026-02-01,49750.00,49750.00,Banner Grant Listing Report,Y,,
UI9006,UI9006,,V250169,PROJECT-V250169,SPONSOR-AMECHE,Active,2026-01-01,2028-08-31,125000.00,125000.00,Banner Grant Listing Report,Y,,
UO6884,UO6884,,V221110,PROJECT-V221110,SPONSOR-KOOCOU4,Active,2022-10-01,2023-09-30,15000.00,15000.00,Banner Grant Listing Report,Y,,
UO8198,UO8198,,V240310,PROJECT-V240310,SPONSOR-AVIFOU,Active,2024-07-08,2025-07-07,3000.00,3000.00,Banner Grant Listing Report,Y,,
UO8290,UO8290,,V240140,PROJECT-V240140,SPONSOR-KOOCOU4,Active,2024-10-01,2025-07-31,16000.00,16000.00,Banner Grant Listing Report,Y,,
UO8913,UO8913,,V250158,PROJECT-V250158,SPONSOR-KOOCOU4,Active,2025-06-01,2026-05-31,16000.00,16000.00,Banner Grant Listing Report,Y,,
WA5842,WA5842,,V210921,PROJECT-V210921,SPONSOR-FAMADV1,Active,2021-10-01,2022-09-30,80000.00,80000.00,Banner Grant Listing Report,Y,,
WA5919,WA5919,,V210288,PROJECT-V210288,SPONSOR-USJUS,Active,2021-10-01,2023-09-30,34017.00,34017.00,Banner Grant Listing Report,Y,,
WA6634,WA6634,,V220796,PROJECT-V220796,SPONSOR-FAMADV1,Active,2022-10-01,2023-09-30,80000.00,80000.00,Banner Grant Listing Report,Y,,
WA6752,WA6752,,V220527,PROJECT-V220527,SPONSOR-USJUS,Active,2022-10-01,2026-06-30,70957.00,70957.00,Banner Grant Listing Report,Y,,
WA7193,WA7193,,V230456,PROJECT-V230456,SPONSOR-IDALAN,Active,2023-05-19,2026-04-30,78210.00,78210.00,Banner Grant Listing Report,Y,,
WA7680,WA7680,,V230529,PROJECT-V230529,SPONSOR-INTREV,Active,2024-01-01,2024-12-31,99997.00,99997.00,Banner Grant Listing Report,Y,,
WA7680C,WA7680C,,V230529,PROJECT-V230529,SPONSOR-INTREV,Active,2024-01-01,2024-12-31,0.00,72267.00,Banner Grant Listing Report,Y,,
WA7888,WA7888,,V230899,PROJECT-V230899,SPONSOR-FAMADV1,Active,2023-10-01,2024-06-30,55000.00,55000.00,Banner Grant Listing Report,Y,,
WA8486,WA8486,,V240483,PROJECT-V240483,SPONSOR-INTREV,Active,2025-01-01,2025-12-31,99997.00,99997.00,Banner Grant Listing Report,Y,,
WA8486C,WA8486C,,V240483,PROJECT-V240483,SPONSOR-INTREV,Active,2025-01-01,2025-12-31,36188.16,71265.38,Banner Grant Listing Report,Y,,
WA8904,WA8904,,V250324,PROJECT-V250324,SPONSOR-IDHW7,Active,2025-10-01,2026-09-30,138838.00,138838.00,Banner Grant Listing Report,Y,,
WA8904C,WA8904C,,V250324,PROJECT-V250324,SPONSOR-IDHW7,Active,2025-10-01,2026-09-30,27812.86,34709.50,Banner Grant Listing Report,Y,,
WM4451,WM4451,,V250578,PROJECT-V250578,SPONSOR-IDHW7,Active,2020-05-13,2026-09-29,1780599.97,3364753.00,Banner Grant Listing Report,Y,,
WM5320,WM5320,,V201207,PROJECT-V201207,SPONSOR-DHHS1,Active,2021-05-01,2025-04-30,799528.51,799998.00,Banner Grant Listing Report,Y,,
WM5713,WM5713,,V230698,PROJECT-V230698,SPONSOR-IDHW7,Active,2021-09-17,2024-08-31,572275.95,600000.00,Banner Grant Listing Report,Y,,
WM5808,WM5808,,V240995,PROJECT-V240995,SPONSOR-DHHS1,Active,2021-09-30,2026-09-29,625000.00,625000.00,Banner Grant Listing Report,Y,,
WM6111,WM6111,,V230728,PROJECT-V230728,SPONSOR-IDHW7,Active,2022-03-14,2024-09-30,390000.00,569515.92,Banner Grant Listing Report,Y,,
WM6651,WM6651,,V250861,PROJECT-V250861,SPONSOR-IDASTA8,Active,2022-09-01,2026-08-31,479682.25,479682.25,Banner Grant Listing Report,Y,,
WM6651C,WM6651C,,V240687,PROJECT-V240687,SPONSOR-IDASTA8,Active,2022-09-01,2026-08-31,255630.33,367270.67,Banner Grant Listing Report,Y,,
WM7222,WM7222,,V230406,PROJECT-V230406,SPONSOR-BENMED,Active,2024-01-31,2024-12-31,39968.00,39968.00,Banner Grant Listing Report,Y,,
WM7469,WM7469,,V230255,PROJECT-V230255,SPONSOR-UOFW1,Active,2023-07-01,2026-06-30,482143.00,482143.00,Banner Grant Listing Report,Y,,
WM7472,WM7472,,V230629,PROJECT-V230629,SPONSOR-ISDE1,Active,2023-08-25,2024-06-15,50000.00,50000.00,Banner Grant Listing Report,Y,,
WM7513,WM7513,,V230311,PROJECT-V230311,SPONSOR-IDHW7,Active,2023-10-12,2025-09-30,147760.00,147760.00,Banner Grant Listing Report,Y,,
WM7527,WM7527,,V220362,PROJECT-V220362,SPONSOR-DHHS1,Active,2023-08-01,2026-07-31,445436.95,504423.00,Banner Grant Listing Report,Y,,
WM7689,WM7689,,V230041,PROJECT-V230041,SPONSOR-NEVREG,Active,2024-01-31,2025-04-30,66000.00,66000.00,Banner Grant Listing Report,Y,,
WM8222,WM8222,,V240721,PROJECT-V240721,SPONSOR-IDAIMM2,Active,2024-09-12,2025-04-30,45900.00,45900.00,Banner Grant Listing Report,Y,,
WM8284,WM8284,,V240787,PROJECT-V240787,SPONSOR-IDHW7,Active,2024-10-17,2027-09-29,99784.76,99784.76,Banner Grant Listing Report,Y,,
WM8318,WM8318,,V240754,PROJECT-V240754,SPONSOR-IDHW7,Active,2024-11-12,2025-09-30,124982.38,124982.38,Banner Grant Listing Report,Y,,
WM8611,WM8611,,V250244,PROJECT-V250244,SPONSOR-IDHW7,Active,2025-05-19,2025-06-30,5520.00,5520.00,Banner Grant Listing Report,Y,,
WM8670,WM8670,,V250279,PROJECT-V250279,SPONSOR-NATAHE,Active,2025-06-01,2026-03-31,42792.00,42792.00,Banner Grant Listing Report,Y,,
WM8804,WM8804,,V241018,PROJECT-V241018,SPONSOR-DHHS1,Active,2025-08-01,2026-07-31,249281.00,249281.00,Banner Grant Listing Report,Y,,
WM8809,WM8809,,V250403,PROJECT-V250403,SPONSOR-IDHW7,Active,2025-08-18,2026-06-29,91800.00,91800.00,Banner Grant Listing Report,Y,,
WM8952,WM8952,,V241007,PROJECT-V241007,SPONSOR-PAINLL,Active,2025-09-03,2026-08-31,170943.00,170943.00,Banner Grant Listing Report,Y,,
WM8995,WM8995,,V250685,PROJECT-V250685,SPONSOR-UTAUNI,Active,2025-11-04,2026-06-30,296926.00,296926.00,Banner Grant Listing Report,Y,,
ZC8888,ZC8888,,V250235,PROJECT-V250235,SPONSOR-IDAFIS3,Active,2025-08-14,2026-12-31,7500.00,7500.00,Banner Grant Listing Report,Y,,
ZL5279,ZL5279,,V201158,PROJECT-V201158,SPONSOR-COULIB1,Active,2021-04-01,2024-03-31,184955.21,240205.83,Banner Grant Listing Report,Y,,
