document_id,document_type_code,document_type_label,parent_entity_type,parent_entity_id,linked_proposal_id,top_level_bucket,filename,extension,mime_type,file_size_bytes,sha256,storage_relative_path,source_system,is_content_duplicate,needs_review
DOC-b87954558a82,DOC-AMEND,Amendments,Award,AA4673,V19173,AA4673,V19173_2020-69012-31871_Submission_Sponsor Prior Approval Request_MOD1 DOCUMENT_20260313.pdf,.pdf,application/pdf,5354,b87954558a82fed4896450b22005b29cae276815438f0e204feb3da32e09b6bf,AA4673/Amendments/V19173_2020-69012-31871_Submission_Sponsor Prior Approval Request_MOD1 DOCUMENT_20260313.pdf,VERAS,N,duplicate_content
DOC-c3452524e83f,DOC-AMEND,Amendments,Award,AA4673,V19173,AA4673,V19173_2020-69012-31871_Submission_Sponsor Prior Approval Request_MOD1_20260313.pdf,.pdf,application/pdf,45170,c3452524e83fc18138c1d09115f723ae13b50efe404d52b743321287a4cb8e43,AA4673/Amendments/V19173_2020-69012-31871_Submission_Sponsor Prior Approval Request_MOD1_20260313.pdf,VERAS,N,
DOC-fe08dbcafab0,DOC-AMEND,Amendments,Award,AA4673,V19173,AA4673,V19173_2020-69012-31871_Submission_Sponsor Prior Approval Request_MOD2_20260313.pdf,.pdf,application/pdf,52519,fe08dbcafab0625a1536f1e0e7425275b5def8c66811d41f90c15aa49145232d,AA4673/Amendments/V19173_2020-69012-31871_Submission_Sponsor Prior Approval Request_MOD2_20260313.pdf,VERAS,N,duplicate_filename
DOC-5ba5a421697a,DOC-AWARD-INST,Award Instrument,Award,AA4673,V19173,AA4673,2019-08306_2009_V0 (V19173).pdf,.pdf,application/pdf,13783,5ba5a421697a8f4c656facfe2d72d2146cd66b93ea8b48a61bb6aa8da7a4acc0,AA4673/Award Instrument/2019-08306_2009_V0 (V19173).pdf,VERAS,N,duplicate_content
DOC-bfd864b29c08,DOC-AWARD-INST,Award Instrument,Award,AA4673,V19173,AA4673,2020-69012-31871 AMD 7 V19173 AA4673.pdf,.pdf,application/pdf,5354,bfd864b29c085bf04b299c76b3d17e16d2897ea31c679f3d0219d8dc22d3b410,AA4673/Award Instrument/2020-69012-31871 AMD 7 V19173 AA4673.pdf,VERAS,N,duplicate_content
DOC-3db475261947,DOC-AWARD-INST,Award Instrument,Award,AA4673,V19173,AA4673,2020-69012-31871 MOD (1) approved.pdf,.pdf,application/pdf,5798,3db4752619475d68af1889bce186546a28512dc9804de843265e4d983bceb80e,AA4673/Award Instrument/2020-69012-31871 MOD (1) approved.pdf,VERAS,N,duplicate_content
DOC-74248a635faf,DOC-AWARD-INST,Award Instrument,Award,AA4673,V19173,AA4673,2020-69012-31871 MOD unapproved.pdf,.pdf,application/pdf,5513,74248a635faff50e1771353b5e242c11f3d6657ec9f59f3de84bb08c38f31863,AA4673/Award Instrument/2020-69012-31871 MOD unapproved.pdf,VERAS,N,
DOC-74acefd77a09,DOC-AWARD-INST,Award Instrument,Award,AA4673,V19173,AA4673,2023-06012_2009_V0 V19173 AA4673.pdf,.pdf,application/pdf,13819,74acefd77a09d105d7fcdeb59ad7214b5ad88a6cec630cac1e5b2822d5f1986b,AA4673/Award Instrument/2023-06012_2009_V0 V19173 AA4673.pdf,VERAS,N,duplicate_content
DOC-328d9fb51c7d,DOC-AWARD-INST,Award Instrument,Award,AA4673,V19173,AA4673,2025-03663_2009_V0 V19173 AA4673 MOD6.pdf,.pdf,application/pdf,5888,328d9fb51c7d93557fc2e4528c82ceb0a6cd75cd193d3e09d1c91d2b494d9861,AA4673/Award Instrument/2025-03663_2009_V0 V19173 AA4673 MOD6.pdf,VERAS,N,duplicate_content
DOC-01bec66c00b7,DOC-AWARD-INST,Award Instrument,Award,AA4673,V19173,AA4673,AA4673 NIFA 2020-69012-31871 Mod 2  approved.pdf,.pdf,application/pdf,9410,01bec66c00b7e6f7d63afd219a8cba071c5a7cf8b42252044ef8d931a0e22e7d,AA4673/Award Instrument/AA4673 NIFA 2020-69012-31871 Mod 2  approved.pdf,VERAS,N,duplicate_content
DOC-f7e170a87ded,DOC-AWARD-INST,Award Instrument,Award,AA4673,V19173,AA4673,AA4673 NIFA 2020-69012-31871 Mod 2 unapproved.pdf,.pdf,application/pdf,9415,f7e170a87dedfc30455c50645b3058b3f28b1e151f2ec034dd290329f67a0b6e,AA4673/Award Instrument/AA4673 NIFA 2020-69012-31871 Mod 2 unapproved.pdf,VERAS,N,
DOC-85287b6acf56,DOC-AWARD-INST,Award Instrument,Award,AA4673,V19173,AA4673,ADDL PIPD.pdf,.pdf,application/pdf,1803,85287b6acf56ac7c80c087db27721055a49527e7da53bdcba505337141472296,AA4673/Award Instrument/ADDL PIPD.pdf,VERAS,N,duplicate_content
DOC-67099299ef79,DOC-AWARD-INST,Award Instrument,Award,AA4673,V19173,AA4673,AMD 5- Co PI change to Winfree and Removal of Walsh.pdf,.pdf,application/pdf,5493,67099299ef7925f7b38807321b26f65fb68286783d78170e6632f5f63897d50d,AA4673/Award Instrument/AMD 5- Co PI change to Winfree and Removal of Walsh.pdf,VERAS,N,duplicate_content
DOC-0f6498a30a7e,DOC-AWARD-INST,Award Instrument,Award,AA4673,V19173,AA4673,AMD 7 Budget.pdf,.pdf,application/pdf,2631,0f6498a30a7e2c777faa4d5c13719a9520f40841cd4d04136d60081b592ec40a,AA4673/Award Instrument/AMD 7 Budget.pdf,VERAS,N,duplicate_content
DOC-fe3550599ef9,DOC-AWARD-INST,Award Instrument,Award,AA4673,V19173,AA4673,ATTACHMENT_A_TO_THE_NIFA_2009 approved.pdf,.pdf,application/pdf,2071,fe3550599ef9ba3ae920d5933311bfef4ab61b1dbecbf0659eb969d80fab1e20,AA4673/Award Instrument/ATTACHMENT_A_TO_THE_NIFA_2009 approved.pdf,VERAS,N,duplicate_content
DOC-de8d199d6f0c,DOC-AWARD-INST,Award Instrument,Award,AA4673,V19173,AA4673,ATTACHMENT_A_TO_THE_NIFA_2009 unapproved.pdf,.pdf,application/pdf,1778,de8d199d6f0cf1378b6a5a860ea5c74404c2c5f5c951cc4a8b34e9c61e86194d,AA4673/Award Instrument/ATTACHMENT_A_TO_THE_NIFA_2009 unapproved.pdf,VERAS,N,
DOC-3385aa96cb5c,DOC-AWARD-INST,Award Instrument,Award,AA4673,V19173,AA4673,Annual Progress Report.pdf,.pdf,application/pdf,77576,3385aa96cb5c3de18821f978487638e3a6232a40380b21ee17e3e2c7567c4f4e,AA4673/Award Instrument/Annual Progress Report.pdf,VERAS,N,duplicate_content
DOC-ee52a10a8b42,DOC-AWARD-INST,Award Instrument,Award,AA4673,V19173,AA4673,Attachment A for AMD 5.pdf,.pdf,application/pdf,1803,ee52a10a8b423a89781d32fd8fd04976df1df6de5e29d73bdbc661e534aff875,AA4673/Award Instrument/Attachment A for AMD 5.pdf,VERAS,N,duplicate_content
DOC-292e0bff92ec,DOC-AWARD-INST,Award Instrument,Award,AA4673,V19173,AA4673,Co-PI Removal and Co-PI change letter.pdf,.pdf,application/pdf,487158,292e0bff92ec2d4d1cece908d0b1eba2d5edc066b425373082b6e869515f7716,AA4673/Award Instrument/Co-PI Removal and Co-PI change letter.pdf,VERAS,N,duplicate_content
DOC-b87954558a82-1,DOC-AWARD-INST,Award Instrument,Award,AA4673,V19173,AA4673,Mod 1 AOR approval.pdf,.pdf,application/pdf,5354,b87954558a82fed4896450b22005b29cae276815438f0e204feb3da32e09b6bf,AA4673/Award Instrument/Mod 1 AOR approval.pdf,VERAS,Y,duplicate_content
DOC-c1635ee78640,DOC-AWARD-INST,Award Instrument,Award,AA4673,V19173,AA4673,Program Manager I.pdf,.pdf,application/pdf,1164137,c1635ee7864095d24ef297fd21f99d2599445a9da4aa48e299833f8a7f5a1233,AA4673/Award Instrument/Program Manager I.pdf,VERAS,N,
DOC-12f970376216,DOC-AWARD-INST,Award Instrument,Award,AA4673,V19173,AA4673,Winfree Letter of Commitment.pdf,.pdf,application/pdf,130778,12f9703762165f01c7858ffebf715d454911ca777e45e43946f6c6d947829983,AA4673/Award Instrument/Winfree Letter of Commitment.pdf,VERAS,N,duplicate_content
DOC-ace4928c5eba,DOC-AWARD-INST,Award Instrument,Award,AA4673,V19173,AA4673,mod 2 Co-PI_PD attachment to approval of removal .pdf,.pdf,application/pdf,5738,ace4928c5eba7e2f94bf0a0e04e43e1435b0907877b424c8b5a03c8927a2da5f,AA4673/Award Instrument/mod 2 Co-PI_PD attachment to approval of removal .pdf,VERAS,N,duplicate_content
DOC-d556e004366b,DOC-AWARD-INST,Award Instrument,Award,AA4673,V19173,AA4673,mod 2 Co-PI_PD removal approved .pdf,.pdf,application/pdf,8490,d556e004366bff2e7968da58a9442449d8edffa874f1f6c95cab9ac1b61b31b3,AA4673/Award Instrument/mod 2 Co-PI_PD removal approved .pdf,VERAS,N,duplicate_content
DOC-31be8129c187,DOC-LINKED-SUB,Linked Submissions,Proposal,V19173,V19173,AA4673,V19173_2020-69012-31871_Submission_Sponsor Prior Approval Request_AMD3_20260313.pdf,.pdf,application/pdf,1474813,31be8129c187dbd03decb18c1956bd2975db058e9dd71ac57bb4fd4d32bc0bd8,AA4673/Linked Submissions/Sponsor Prior Approval Request/V19173_2020-69012-31871_Submission_Sponsor Prior Approval Request_AMD3_20260313.pdf,VERAS,N,
DOC-23d568de97aa,DOC-LINKED-SUB,Linked Submissions,Proposal,V19173,V19173,AA4673,V19173_2020-69012-31871_Submission_Sponsor Prior Approval Request_AMD4_20260313.pdf,.pdf,application/pdf,320245,23d568de97aa503eb8993bf7660e5ac85d6dd3bfcc015a633e0e24e0aec11e0e,AA4673/Linked Submissions/Sponsor Prior Approval Request/V19173_2020-69012-31871_Submission_Sponsor Prior Approval Request_AMD4_20260313.pdf,VERAS,N,
DOC-b9ce0a0fa7c4,DOC-LINKED-SUB,Linked Submissions,Proposal,V19173,V19173,AA4673,V19173_2020-69012-31871_Submission_Sponsor Prior Approval Request_AMD5_20260313.pdf,.pdf,application/pdf,297327,b9ce0a0fa7c4b34fc501586903ba60f784af79d3ff649267299cbf83db06b556,AA4673/Linked Submissions/Sponsor Prior Approval Request/V19173_2020-69012-31871_Submission_Sponsor Prior Approval Request_AMD5_20260313.pdf,VERAS,N,
DOC-beddcad1d38b,DOC-LINKED-SUB,Linked Submissions,Proposal,V19173,V19173,AA4673,V19173_2020-69012-31871_Submission_Sponsor Prior Approval Request_AMD7_20260313.pdf,.pdf,application/pdf,661016,beddcad1d38b30ebef0359bd4fc30905102693c8e2fa0be03c34a9d58d17bbe3,AA4673/Linked Submissions/Sponsor Prior Approval Request/V19173_2020-69012-31871_Submission_Sponsor Prior Approval Request_AMD7_20260313.pdf,VERAS,N,
DOC-fd4701e16567,DOC-LINKED-SUB,Linked Submissions,Proposal,V19173,V19173,AA4673,V19173_2020-69012-31871_Submission_Sponsor Prior Approval Request_ChangeofPI_20260313.pdf,.pdf,application/pdf,76925,fd4701e165675a9c14f5eab6198b5f1912a9440d032d3bf593cf6709ccf056ff,AA4673/Linked Submissions/Sponsor Prior Approval Request/V19173_2020-69012-31871_Submission_Sponsor Prior Approval Request_ChangeofPI_20260313.pdf,VERAS,N,
DOC-511348121beb,DOC-LINKED-SUB,Linked Submissions,Proposal,V19173,V19173,AA4673,V19173_2020-69012-31871_Submission_Sponsor Prior Approval Request_MOD2_20260313.pdf,.pdf,application/pdf,68142,511348121beb07b3f4ee23d91285bd4e615dcd307c950c4beb8e8c197831fdc2,AA4673/Linked Submissions/Sponsor Prior Approval Request/V19173_2020-69012-31871_Submission_Sponsor Prior Approval Request_MOD2_20260313.pdf,VERAS,N,duplicate_filename
DOC-a8f4e862d052,DOC-LINKED-SUB,Linked Submissions,Proposal,V19173,V19173,AA4673,V19173_2020-69012-31871_Submission_Sponsor Prior Approval Request_MOD6_20260313.pdf,.pdf,application/pdf,785996,a8f4e862d0526555b97c9c974aeab9cbab23307d262d0f421899dcc590596cbc,AA4673/Linked Submissions/Sponsor Prior Approval Request/V19173_2020-69012-31871_Submission_Sponsor Prior Approval Request_MOD6_20260313.pdf,VERAS,N,
DOC-4d9a07fd821b,DOC-LINKED-SUB,Linked Submissions,Proposal,V19173,V19173,AA4673,V19173_2020-69012-31871_Submission_Sponsor Prior Approval Request_NCE_20260313.pdf,.pdf,application/pdf,1129680,4d9a07fd821ba328d1f288f1c577923dd1aa2c34c72ddc9289faf61a21ea0901,AA4673/Linked Submissions/Sponsor Prior Approval Request/V19173_2020-69012-31871_Submission_Sponsor Prior Approval Request_NCE_20260313.pdf,VERAS,N,
DOC-5cbde26419d3,DOC-LINKED-SUB,Linked Submissions,Proposal,V19173,V19173,AA4673,"V19173_2020-69012-31871_Submission_Sponsor Prior Approval Request_RE,Removal of Co-PI_20260313.pdf",.pdf,application/pdf,72183,5cbde26419d339cddbb2eed76775a167bc1af0edb17759658de2fe2a59896b1b,"AA4673/Linked Submissions/Sponsor Prior Approval Request/V19173_2020-69012-31871_Submission_Sponsor Prior Approval Request_RE,Removal of Co-PI_20260313.pdf",VERAS,N,duplicate_content
DOC-58a87c9fa015,DOC-POST-AWARD-NF,Post Award Submission notes and forms,Award,AA4673,V19173,AA4673,V19173_2020-69012-31871_Submission_006439 _Sponsor Prior Approval Request_ Progress Report to NIFA_20260313.pdf,.pdf,application/pdf,47520,58a87c9fa015f66c060294773b3f145ce33be5e82738016cf9799a6ced5a3a36,AA4673/Post Award Submission notes and forms/Post Award Submission notes and forms/Completed Submission/006439_Sponsor Prior Approval Request_20190926/Correspondence/V19173_2020-69012-31871_Submission_006439 _Sponsor Prior Approval Request_ Progress Report to NIFA_20260313.pdf,VERAS,N,
DOC-af4e1eef59dd,DOC-POST-AWARD-NF,Post Award Submission notes and forms,Award,AA4673,V19173,AA4673,V19173_2020-69012-31871_Submission_006439 _Sponsor Prior Approval Request_Award notice_20260313.pdf,.pdf,application/pdf,97056,af4e1eef59dd1b5e0e211ab3297104678081068893fa4fdb73c16dac2b65722c,AA4673/Post Award Submission notes and forms/Post Award Submission notes and forms/Completed Submission/006439_Sponsor Prior Approval Request_20190926/Correspondence/V19173_2020-69012-31871_Submission_006439 _Sponsor Prior Approval Request_Award notice_20260313.pdf,VERAS,N,
DOC-a4e282397f60,DOC-POST-AWARD-NF,Post Award Submission notes and forms,Award,AA4673,V19173,AA4673,V19173_2020-69012-31871_Submission_006439 _Sponsor Prior Approval Request_Intent to award_20260313.pdf,.pdf,application/pdf,220499,a4e282397f6037603ebf72d4f9c16959e9e9230d21aa91b160660dd7444d8212,AA4673/Post Award Submission notes and forms/Post Award Submission notes and forms/Completed Submission/006439_Sponsor Prior Approval Request_20190926/Correspondence/V19173_2020-69012-31871_Submission_006439 _Sponsor Prior Approval Request_Intent to award_20260313.pdf,VERAS,N,
DOC-eecc3747bdb1,DOC-POST-AWARD-NF,Post Award Submission notes and forms,Award,AA4673,V19173,AA4673,V19173_2020-69012-31871_Submission_006439 _Sponsor Prior Approval Request_NIFA Award Notification_20260313.pdf,.pdf,application/pdf,37583,eecc3747bdb199ab7dfa0b49b6703c9f3965cf5345c7dd95a2a370c3ddd320f8,AA4673/Post Award Submission notes and forms/Post Award Submission notes and forms/Completed Submission/006439_Sponsor Prior Approval Request_20190926/Correspondence/V19173_2020-69012-31871_Submission_006439 _Sponsor Prior Approval Request_NIFA Award Notification_20260313.pdf,VERAS,N,
DOC-451a2bcd6c5f,DOC-POST-AWARD-NF,Post Award Submission notes and forms,Award,AA4673,V19173,AA4673,V19173_2020-69012-31871_Submission_006439 _Sponsor Prior Approval Request_Preaward spending_20260313.pdf,.pdf,application/pdf,90299,451a2bcd6c5fc9efd0dc5a0fea478fba21e6c360d79477460d7e78db7e223d11,AA4673/Post Award Submission notes and forms/Post Award Submission notes and forms/Completed Submission/006439_Sponsor Prior Approval Request_20190926/Correspondence/V19173_2020-69012-31871_Submission_006439 _Sponsor Prior Approval Request_Preaward spending_20260313.pdf,VERAS,N,
DOC-5ba5a421697a-1,DOC-POST-AWARD-NF,Post Award Submission notes and forms,Award,AA4673,V19173,AA4673,V19173_2020-69012-31871_Submission_006439 _Sponsor Prior Approval Request_ V0_20260313.pdf,.pdf,application/pdf,13783,5ba5a421697a8f4c656facfe2d72d2146cd66b93ea8b48a61bb6aa8da7a4acc0,AA4673/Post Award Submission notes and forms/Post Award Submission notes and forms/Completed Submission/006439_Sponsor Prior Approval Request_20190926/Outcome/V19173_2020-69012-31871_Submission_006439 _Sponsor Prior Approval Request_ V0_20260313.pdf,VERAS,Y,duplicate_content
DOC-3385aa96cb5c-1,DOC-POST-AWARD-NF,Post Award Submission notes and forms,Award,AA4673,V19173,AA4673,V19173_2020-69012-31871_Submission_006439 _Sponsor Prior Approval Request_Annual Progress Report_20260313.pdf,.pdf,application/pdf,77576,3385aa96cb5c3de18821f978487638e3a6232a40380b21ee17e3e2c7567c4f4e,AA4673/Post Award Submission notes and forms/Post Award Submission notes and forms/Completed Submission/006439_Sponsor Prior Approval Request_20190926/Outcome/V19173_2020-69012-31871_Submission_006439 _Sponsor Prior Approval Request_Annual Progress Report_20260313.pdf,VERAS,Y,duplicate_content
DOC-273fd07cdf1b,DOC-POST-AWARD-NF,Post Award Submission notes and forms,Award,AA4673,V19173,AA4673,V19173_2020-69012-31871_Submission_006439 _Sponsor Prior Approval Request_Outcome_20260313.pdf,.pdf,application/pdf,153396,273fd07cdf1bc1517f3ed75b753d6650aedabee86f111aacc49c3d411b305fd4,AA4673/Post Award Submission notes and forms/Post Award Submission notes and forms/Completed Submission/006439_Sponsor Prior Approval Request_20190926/Outcome/V19173_2020-69012-31871_Submission_006439 _Sponsor Prior Approval Request_Outcome_20260313.pdf,VERAS,N,
DOC-35e2ed9b510b,DOC-POST-AWARD-NF,Post Award Submission notes and forms,Award,AA4673,V19173,AA4673,V19173_2020-69012-31871_Submission_006439 _Sponsor Prior Approval Request_Pre-Submission_20260313.png,.png,image/png,180311,35e2ed9b510b022543c48ce82e79d2d30c070703cc40519092a2f47f18a16212,AA4673/Post Award Submission notes and forms/Post Award Submission notes and forms/Completed Submission/006439_Sponsor Prior Approval Request_20190926/Submission History/V19173_2020-69012-31871_Submission_006439 _Sponsor Prior Approval Request_Pre-Submission_20260313.png,VERAS,N,
DOC-6239f23c7d9b,DOC-POST-AWARD-NF,Post Award Submission notes and forms,Award,AA4673,V19173,AA4673,V19173_2020-69012-31871_Submission_006439 _Sponsor Prior Approval Request_Pre-awardpostaward_20260313.png,.png,image/png,129566,6239f23c7d9be0dfdeed0cbd094ea4ca71c8f094c06eb684993675f914e1c7c6,AA4673/Post Award Submission notes and forms/Post Award Submission notes and forms/Completed Submission/006439_Sponsor Prior Approval Request_20190926/Submission History/V19173_2020-69012-31871_Submission_006439 _Sponsor Prior Approval Request_Pre-awardpostaward_20260313.png,VERAS,N,
DOC-8393615c3f21,DOC-POST-AWARD-NF,Post Award Submission notes and forms,Award,AA4673,V19173,AA4673,V19173_2020-69012-31871_Submission_006439 _Sponsor Prior Approval Request_Signoff_20260313.png,.png,image/png,189340,8393615c3f2161281a4731b476213c4a5f50d0647d731946cffad14e33f280a5,AA4673/Post Award Submission notes and forms/Post Award Submission notes and forms/Completed Submission/006439_Sponsor Prior Approval Request_20190926/Submission History/V19173_2020-69012-31871_Submission_006439 _Sponsor Prior Approval Request_Signoff_20260313.png,VERAS,N,
DOC-e8eaa49127b1,DOC-POST-AWARD-NF,Post Award Submission notes and forms,Award,AA4673,V19173,AA4673,V19173_2020-69012-31871_Submission_006439 _Sponsor Prior Approval Request_GeneralInformation_20260313.png,.png,image/png,125917,e8eaa49127b1c70f64c9dd72d88de66927b8806e5ac986918bab2c9b4433bcff,AA4673/Post Award Submission notes and forms/Post Award Submission notes and forms/Completed Submission/006439_Sponsor Prior Approval Request_20190926/V19173_2020-69012-31871_Submission_006439 _Sponsor Prior Approval Request_GeneralInformation_20260313.png,VERAS,N,
DOC-177ca27f69dd,DOC-POST-AWARD-NF,Post Award Submission notes and forms,Award,AA4673,V19173,AA4673,V19173_2020-69012-31871_Submission_006439 _Sponsor Prior Approval Request_IRS_20260313.pdf,.pdf,application/pdf,140738,177ca27f69ddef18969eb3a5cf2e5e25ccf5177f61175338a281d1b132ee8f55,AA4673/Post Award Submission notes and forms/Post Award Submission notes and forms/Completed Submission/006439_Sponsor Prior Approval Request_20190926/V19173_2020-69012-31871_Submission_006439 _Sponsor Prior Approval Request_IRS_20260313.pdf,VERAS,N,
DOC-692757e3df75,DOC-POST-AWARD-NF,Post Award Submission notes and forms,Award,AA4673,V19173,AA4673,V19173_2020-69012-31871_Submission_006439 _Sponsor Prior Approval Request_SubmissionComponents_20260313.pdf,.pdf,application/pdf,280769,692757e3df755e49f8a2ffcf41deb6d62d9d48c5b908e828f06a64436f96ce20,AA4673/Post Award Submission notes and forms/Post Award Submission notes and forms/Completed Submission/006439_Sponsor Prior Approval Request_20190926/V19173_2020-69012-31871_Submission_006439 _Sponsor Prior Approval Request_SubmissionComponents_20260313.pdf,VERAS,N,
DOC-8c2ed61a2561,DOC-POST-AWARD-NF,Post Award Submission notes and forms,Award,AA4673,V19173,AA4673,V19173_2020-69012-31871_Submission_ 018072_Sponsor Prior Approval Request_Mod 2 Removal of Co-PI_20260313.pdf,.pdf,application/pdf,49304,8c2ed61a25613aa2341638028bdb684dce5a2f5353a6944384e6a518c9254e4a,AA4673/Post Award Submission notes and forms/Post Award Submission notes and forms/Completed Submission/018072_Sponsor Prior Approval Request_20220621/Correspondence/V19173_2020-69012-31871_Submission_ 018072_Sponsor Prior Approval Request_Mod 2 Removal of Co-PI_20260313.pdf,VERAS,N,
DOC-5cbde26419d3-1,DOC-POST-AWARD-NF,Post Award Submission notes and forms,Award,AA4673,V19173,AA4673,"V19173_2020-69012-31871_Submission_018072_Sponsor Prior Approval Request_RE,Removal of Co-PI_20260313.pdf",.pdf,application/pdf,72183,5cbde26419d339cddbb2eed76775a167bc1af0edb17759658de2fe2a59896b1b,"AA4673/Post Award Submission notes and forms/Post Award Submission notes and forms/Completed Submission/018072_Sponsor Prior Approval Request_20220621/Correspondence/V19173_2020-69012-31871_Submission_018072_Sponsor Prior Approval Request_RE,Removal of Co-PI_20260313.pdf",VERAS,Y,duplicate_content
DOC-229b4d6b1841,DOC-POST-AWARD-NF,Post Award Submission notes and forms,Award,AA4673,V19173,AA4673,V19173_2020-69012-31871_Submission_018072_Sponsor Prior Approval Request_Removal of Co-PI Aaron_20260313.pdf,.pdf,application/pdf,97794,229b4d6b18415cda2fed642df402f32ff9c0d95d1493bf3240f355ea562a7773,AA4673/Post Award Submission notes and forms/Post Award Submission notes and forms/Completed Submission/018072_Sponsor Prior Approval Request_20220621/Correspondence/V19173_2020-69012-31871_Submission_018072_Sponsor Prior Approval Request_Removal of Co-PI Aaron_20260313.pdf,VERAS,N,
DOC-01bec66c00b7-1,DOC-POST-AWARD-NF,Post Award Submission notes and forms,Award,AA4673,V19173,AA4673,V19173_2020-69012-31871_Submission_018072_Sponsor Prior Approval Request_ Mod_2_20260313.pdf,.pdf,application/pdf,9410,01bec66c00b7e6f7d63afd219a8cba071c5a7cf8b42252044ef8d931a0e22e7d,AA4673/Post Award Submission notes and forms/Post Award Submission notes and forms/Completed Submission/018072_Sponsor Prior Approval Request_20220621/Outcome/V19173_2020-69012-31871_Submission_018072_Sponsor Prior Approval Request_ Mod_2_20260313.pdf,VERAS,Y,duplicate_content
DOC-778be2e1ad77,DOC-POST-AWARD-NF,Post Award Submission notes and forms,Award,AA4673,V19173,AA4673,V19173_2020-69012-31871_Submission_018072_Sponsor Prior Approval Request_Comments_20260313.png,.png,image/png,96376,778be2e1ad77910714abc2e6508f3fec7d4dc1ebe29de7521c5915fbb13043ec,AA4673/Post Award Submission notes and forms/Post Award Submission notes and forms/Completed Submission/018072_Sponsor Prior Approval Request_20220621/Outcome/V19173_2020-69012-31871_Submission_018072_Sponsor Prior Approval Request_Comments_20260313.png,VERAS,N,
DOC-5af268c3a838,DOC-POST-AWARD-NF,Post Award Submission notes and forms,Award,AA4673,V19173,AA4673,V19173_2020-69012-31871_Submission_018072_Sponsor Prior Approval Request_Aaron J Johnson_20260313.png,.png,image/png,92812,5af268c3a83848fdbe7b16808eaa2941d1a727c8325030ec2818acbfcd5bbda1,AA4673/Post Award Submission notes and forms/Post Award Submission notes and forms/Completed Submission/018072_Sponsor Prior Approval Request_20220621/Submission History/Pre-Submission/V19173_2020-69012-31871_Submission_018072_Sponsor Prior Approval Request_Aaron J Johnson_20260313.png,VERAS,N,
DOC-5ac62af72a93,DOC-POST-AWARD-NF,Post Award Submission notes and forms,Award,AA4673,V19173,AA4673,V19173_2020-69012-31871_Submission_018072_Sponsor Prior Approval Request_Mark A. McGuire as PI review _20260313.png,.png,image/png,106475,5ac62af72a93280ddde905dfab6a3d03c2c122d115a4071bae79f5838928d890,AA4673/Post Award Submission notes and forms/Post Award Submission notes and forms/Completed Submission/018072_Sponsor Prior Approval Request_20220621/Submission History/Pre-Submission/V19173_2020-69012-31871_Submission_018072_Sponsor Prior Approval Request_Mark A. McGuire as PI review _20260313.png,VERAS,N,
DOC-5ae2d6eb9f07,DOC-POST-AWARD-NF,Post Award Submission notes and forms,Award,AA4673,V19173,AA4673,V19173_2020-69012-31871_Submission_018072_Sponsor Prior Approval Request_PostAward_Mark A. McGuire as PI review_20260313.png,.png,image/png,107377,5ae2d6eb9f0742e9d73582aabab81e4d481708c470fd9da2a5452db72917eb3c,AA4673/Post Award Submission notes and forms/Post Award Submission notes and forms/Completed Submission/018072_Sponsor Prior Approval Request_20220621/Submission History/V19173_2020-69012-31871_Submission_018072_Sponsor Prior Approval Request_PostAward_Mark A. McGuire as PI review_20260313.png,VERAS,N,
DOC-396eb802a79b,DOC-POST-AWARD-NF,Post Award Submission notes and forms,Award,AA4673,V19173,AA4673,V19173_2020-69012-31871_Submission_018072_Sponsor Prior Approval Request_Submission History _20260313.png,.png,image/png,155188,396eb802a79b38d71fbdf4c347cea0e890e2fd3ff90941cfcc1840fbadc7f551,AA4673/Post Award Submission notes and forms/Post Award Submission notes and forms/Completed Submission/018072_Sponsor Prior Approval Request_20220621/Submission History/V19173_2020-69012-31871_Submission_018072_Sponsor Prior Approval Request_Submission History _20260313.png,VERAS,N,
DOC-a894fbfb7f93,DOC-POST-AWARD-NF,Post Award Submission notes and forms,Award,AA4673,V19173,AA4673,V19173_2020-69012-31871_Submission_ 018072_Sponsor Prior Approval Request_GeneralInformation_20260313.png,.png,image/png,123202,a894fbfb7f93d8ffa2ecf47a164247b0e6899f1a5c31f1d846d66de04bbd7667,AA4673/Post Award Submission notes and forms/Post Award Submission notes and forms/Completed Submission/018072_Sponsor Prior Approval Request_20220621/V19173_2020-69012-31871_Submission_ 018072_Sponsor Prior Approval Request_GeneralInformation_20260313.png,VERAS,N,
DOC-6378f412f2b0,DOC-POST-AWARD-NF,Post Award Submission notes and forms,Award,AA4673,V19173,AA4673,V19173_2020-69012-31871_Submission_ 018072_Sponsor Prior Approval Request_SubmissionComponents_20260313.pdf,.pdf,application/pdf,7258,6378f412f2b025ead10c06129ec8d8ed1ef2ac8863ee022e223129bcf6ab5b39,AA4673/Post Award Submission notes and forms/Post Award Submission notes and forms/Completed Submission/018072_Sponsor Prior Approval Request_20220621/V19173_2020-69012-31871_Submission_ 018072_Sponsor Prior Approval Request_SubmissionComponents_20260313.pdf,VERAS,N,
DOC-63ce2e1ade55,DOC-POST-AWARD-NF,Post Award Submission notes and forms,Award,AA4673,V19173,AA4673,V19173_2020-69012-31871_Submission_018072_Sponsor Prior Approval Request_Outcome Letter_20260313.pdf,.pdf,application/pdf,35226,63ce2e1ade55bb95e79b080638565b60ea6e0389e99049f32388eedb24e31174,AA4673/Post Award Submission notes and forms/Post Award Submission notes and forms/Completed Submission/018072_Sponsor Prior Approval Request_20220621/V19173_2020-69012-31871_Submission_018072_Sponsor Prior Approval Request_Outcome Letter_20260313.pdf,VERAS,N,
DOC-d556e004366b-1,DOC-POST-AWARD-NF,Post Award Submission notes and forms,Award,AA4673,V19173,AA4673,V19173_2020-69012-31871_Submission_018567_Sponsor Prior Approval Request_ mod 2 Co-PI Removal_20260313.pdf,.pdf,application/pdf,8490,d556e004366bff2e7968da58a9442449d8edffa874f1f6c95cab9ac1b61b31b3,AA4673/Post Award Submission notes and forms/Post Award Submission notes and forms/Completed Submission/018567_Sponsor Prior Approval Request_20220729/Outcome/V19173_2020-69012-31871_Submission_018567_Sponsor Prior Approval Request_ mod 2 Co-PI Removal_20260313.pdf,VERAS,Y,duplicate_content
DOC-ace4928c5eba-1,DOC-POST-AWARD-NF,Post Award Submission notes and forms,Award,AA4673,V19173,AA4673,V19173_2020-69012-31871_Submission_018567_Sponsor Prior Approval Request_ mod 2 Co-PI attachment_20260313.pdf,.pdf,application/pdf,5738,ace4928c5eba7e2f94bf0a0e04e43e1435b0907877b424c8b5a03c8927a2da5f,AA4673/Post Award Submission notes and forms/Post Award Submission notes and forms/Completed Submission/018567_Sponsor Prior Approval Request_20220729/Outcome/V19173_2020-69012-31871_Submission_018567_Sponsor Prior Approval Request_ mod 2 Co-PI attachment_20260313.pdf,VERAS,Y,duplicate_content
DOC-1e38f7de40fb,DOC-POST-AWARD-NF,Post Award Submission notes and forms,Award,AA4673,V19173,AA4673,V19173_2020-69012-31871_Submission_018567_Sponsor Prior Approval Request_Comments_20260313.png,.png,image/png,65969,1e38f7de40fbb8293578a2671330ec02d96bd4407578a72d043a1faccf24d0d8,AA4673/Post Award Submission notes and forms/Post Award Submission notes and forms/Completed Submission/018567_Sponsor Prior Approval Request_20220729/Outcome/V19173_2020-69012-31871_Submission_018567_Sponsor Prior Approval Request_Comments_20260313.png,VERAS,N,
DOC-dbfdbb2415d7,DOC-POST-AWARD-NF,Post Award Submission notes and forms,Award,AA4673,V19173,AA4673,V19173_2020-69012-31871_Submission_018567_Sponsor Prior Approval Request_ Correspondence_20260313.pdf,.pdf,application/pdf,39903,dbfdbb2415d7bd03d27aadfa9d6a419a2d2b0aa8b520794bbef9e8082ace2d05,AA4673/Post Award Submission notes and forms/Post Award Submission notes and forms/Completed Submission/018567_Sponsor Prior Approval Request_20220729/V19173_2020-69012-31871_Submission_018567_Sponsor Prior Approval Request_ Correspondence_20260313.pdf,VERAS,N,
DOC-843da3d638ff,DOC-POST-AWARD-NF,Post Award Submission notes and forms,Award,AA4673,V19173,AA4673,V19173_2020-69012-31871_Submission_018567_Sponsor Prior Approval Request_GeneralInformation_20260313.png,.png,image/png,121570,843da3d638ff30098210e1c61b720cdd5c44b2926560f97137231f5956ef5c63,AA4673/Post Award Submission notes and forms/Post Award Submission notes and forms/Completed Submission/018567_Sponsor Prior Approval Request_20220729/V19173_2020-69012-31871_Submission_018567_Sponsor Prior Approval Request_GeneralInformation_20260313.png,VERAS,N,
DOC-0b58dbb4c36f,DOC-POST-AWARD-NF,Post Award Submission notes and forms,Award,AA4673,V19173,AA4673,V19173_2020-69012-31871_Submission_018567_Sponsor Prior Approval Request_Pre-review Screening_20260313.png,.png,image/png,55887,0b58dbb4c36fe3b7e49cce00fc96c8e3741d62178d5b8649e7e043eee4e3441f,AA4673/Post Award Submission notes and forms/Post Award Submission notes and forms/Completed Submission/018567_Sponsor Prior Approval Request_20220729/V19173_2020-69012-31871_Submission_018567_Sponsor Prior Approval Request_Pre-review Screening_20260313.png,VERAS,N,
DOC-1aec7eefc68c,DOC-POST-AWARD-NF,Post Award Submission notes and forms,Award,AA4673,V19173,AA4673,V19173_2020-69012-31871_Submission_018567_Sponsor Prior Approval Request_Signoff_20260313.png,.png,image/png,99937,1aec7eefc68cba169feeb62c20a66dafc31adfd2c25bd4b092b4b182e3f95e3a,AA4673/Post Award Submission notes and forms/Post Award Submission notes and forms/Completed Submission/018567_Sponsor Prior Approval Request_20220729/V19173_2020-69012-31871_Submission_018567_Sponsor Prior Approval Request_Signoff_20260313.png,VERAS,N,
DOC-afebd9562921,DOC-POST-AWARD-NF,Post Award Submission notes and forms,Award,AA4673,V19173,AA4673,V19173_2020-69012-31871_Submission_018567_Sponsor Prior Approval Request_Submission History_20260313.png,.png,image/png,99165,afebd9562921c94004ca953f1a255cbe1aa6bd4a3086bf642ad3e32fbf58ad3b,AA4673/Post Award Submission notes and forms/Post Award Submission notes and forms/Completed Submission/018567_Sponsor Prior Approval Request_20220729/V19173_2020-69012-31871_Submission_018567_Sponsor Prior Approval Request_Submission History_20260313.png,VERAS,N,
DOC-af6c16a5409b,DOC-POST-AWARD-NF,Post Award Submission notes and forms,Award,AA4673,V19173,AA4673,V19173_2020-69012-31871_Submission_018624_Sponsor Prior Approval Request_Correspondence_20260311.pdf,.pdf,application/pdf,46308,af6c16a5409bcb662ba733eb4b25c06c1add01eff27b4c567587222b8ff5f60f,AA4673/Post Award Submission notes and forms/Post Award Submission notes and forms/Completed Submission/018624_Sponsor Prior Approval Request_20220801/V19173_2020-69012-31871_Submission_018624_Sponsor Prior Approval Request_Correspondence_20260311.pdf,VERAS,N,
DOC-df86ecfc2082,DOC-POST-AWARD-NF,Post Award Submission notes and forms,Award,AA4673,V19173,AA4673,V19173_2020-69012-31871_Submission_018624_Sponsor Prior Approval Request_GeneralInformation_20260311.png,.png,image/png,121725,df86ecfc2082c5bbc895c61a819dc7a33704c0d9b840902f131d8a0e133f6cfa,AA4673/Post Award Submission notes and forms/Post Award Submission notes and forms/Completed Submission/018624_Sponsor Prior Approval Request_20220801/V19173_2020-69012-31871_Submission_018624_Sponsor Prior Approval Request_GeneralInformation_20260311.png,VERAS,N,
DOC-4ad4b736c809,DOC-POST-AWARD-NF,Post Award Submission notes and forms,Award,AA4673,V19173,AA4673,V19173_2020-69012-31871_Submission_018624_Sponsor Prior Approval Request_Pre-review Screening_20260311.png,.png,image/png,56404,4ad4b736c809749c65516bd346fc0a524835d7eb85465bc70291563bbb0a6279,AA4673/Post Award Submission notes and forms/Post Award Submission notes and forms/Completed Submission/018624_Sponsor Prior Approval Request_20220801/V19173_2020-69012-31871_Submission_018624_Sponsor Prior Approval Request_Pre-review Screening_20260311.png,VERAS,N,
DOC-58e46d981473,DOC-POST-AWARD-NF,Post Award Submission notes and forms,Award,AA4673,V19173,AA4673,V19173_2020-69012-31871_Submission_018624_Sponsor Prior Approval Request_Submission History_20260311.png,.png,image/png,96738,58e46d981473ee31908fa0cb81b842b71048a338b68221f2b962c4dcdeb5ba2c,AA4673/Post Award Submission notes and forms/Post Award Submission notes and forms/Completed Submission/018624_Sponsor Prior Approval Request_20220801/V19173_2020-69012-31871_Submission_018624_Sponsor Prior Approval Request_Submission History_20260311.png,VERAS,N,
DOC-1edaa321fefc,DOC-POST-AWARD-NF,Post Award Submission notes and forms,Award,AA4673,V19173,AA4673,V19173_2020-69012-31871_Submission_018624_Sponsor Prior Approval Request_SubmissionComponents _20260311.pdf,.pdf,application/pdf,50410,1edaa321fefcd873bba39fba65521e8392992dad2793604bf1405594c54e471a,AA4673/Post Award Submission notes and forms/Post Award Submission notes and forms/Completed Submission/018624_Sponsor Prior Approval Request_20220801/V19173_2020-69012-31871_Submission_018624_Sponsor Prior Approval Request_SubmissionComponents _20260311.pdf,VERAS,N,
DOC-b87954558a82-2,DOC-POST-AWARD-NF,Post Award Submission notes and forms,Award,AA4673,V19173,AA4673,V19173_2020-69012-31871_Submission_018624_Sponsor Prior ApprovalRequest_Outcome_20260311.pdf,.pdf,application/pdf,5354,b87954558a82fed4896450b22005b29cae276815438f0e204feb3da32e09b6bf,AA4673/Post Award Submission notes and forms/Post Award Submission notes and forms/Completed Submission/018624_Sponsor Prior Approval Request_20220801/V19173_2020-69012-31871_Submission_018624_Sponsor Prior ApprovalRequest_Outcome_20260311.pdf,VERAS,Y,duplicate_content
DOC-c6000a6c0b35,DOC-POST-AWARD-NF,Post Award Submission notes and forms,Award,AA4673,V19173,AA4673,V19173_2020-69012-31871_Submission_019473_Sponsor Prior Approval Request_ Prior Approval Request_20260311.pdf,.pdf,application/pdf,98728,c6000a6c0b35490fa089172cde2ddec6ae39440544e9a15d24c185426429c689,AA4673/Post Award Submission notes and forms/Post Award Submission notes and forms/Completed Submission/019473_Sponsor Prior Approval Request_20220928/Correspondence/V19173_2020-69012-31871_Submission_019473_Sponsor Prior Approval Request_ Prior Approval Request_20260311.pdf,VERAS,N,
DOC-3eaa3c9dcde8,DOC-POST-AWARD-NF,Post Award Submission notes and forms,Award,AA4673,V19173,AA4673,V19173_2020-69012-31871_Submission_019473_Sponsor Prior Approval Request_NIFA Revised_20260311.pdf,.pdf,application/pdf,47008,3eaa3c9dcde8385f88f879f8ccee1ab70e2d02e615d0e1629a9cc7b9d5c27232,AA4673/Post Award Submission notes and forms/Post Award Submission notes and forms/Completed Submission/019473_Sponsor Prior Approval Request_20220928/Correspondence/V19173_2020-69012-31871_Submission_019473_Sponsor Prior Approval Request_NIFA Revised_20260311.pdf,VERAS,N,
DOC-fe3550599ef9-1,DOC-POST-AWARD-NF,Post Award Submission notes and forms,Award,AA4673,V19173,AA4673,V19173_2020-69012-31871_Submission_019473_Sponsor Prior Approval Request_ATTACHMENT A TO THE NIFA-2009_20260311.pdf,.pdf,application/pdf,2071,fe3550599ef9ba3ae920d5933311bfef4ab61b1dbecbf0659eb969d80fab1e20,AA4673/Post Award Submission notes and forms/Post Award Submission notes and forms/Completed Submission/019473_Sponsor Prior Approval Request_20220928/Outcome/V19173_2020-69012-31871_Submission_019473_Sponsor Prior Approval Request_ATTACHMENT A TO THE NIFA-2009_20260311.pdf,VERAS,Y,duplicate_content
DOC-8a9644cdb97c,DOC-POST-AWARD-NF,Post Award Submission notes and forms,Award,AA4673,V19173,AA4673,V19173_2020-69012-31871_Submission_019473_Sponsor Prior Approval Request_Comments_20260311.png,.png,image/png,95282,8a9644cdb97c8d9b045095d9193b75e7716b2ed82d58e86272d8560cd9c2fbbf,AA4673/Post Award Submission notes and forms/Post Award Submission notes and forms/Completed Submission/019473_Sponsor Prior Approval Request_20220928/Outcome/V19173_2020-69012-31871_Submission_019473_Sponsor Prior Approval Request_Comments_20260311.png,VERAS,N,
DOC-3db475261947-1,DOC-POST-AWARD-NF,Post Award Submission notes and forms,Award,AA4673,V19173,AA4673,V19173_2020-69012-31871_Submission_019473_Sponsor Prior Approval Request_MOD_20260311.pdf,.pdf,application/pdf,5798,3db4752619475d68af1889bce186546a28512dc9804de843265e4d983bceb80e,AA4673/Post Award Submission notes and forms/Post Award Submission notes and forms/Completed Submission/019473_Sponsor Prior Approval Request_20220928/Outcome/V19173_2020-69012-31871_Submission_019473_Sponsor Prior Approval Request_MOD_20260311.pdf,VERAS,Y,duplicate_content
DOC-5dd0d02e48f6,DOC-POST-AWARD-NF,Post Award Submission notes and forms,Award,AA4673,V19173,AA4673,V19173_2020-69012-31871_Submission_019473_Sponsor Prior Approval Request_BiographicalSketch_Newman_20260311.docx,.docx,application/vnd.openxmlformats-officedocument.wordprocessingml.document,30314,5dd0d02e48f690c804f3b9b6071984e9af6cdea5b89a4c7aa6befa42e3bf0a73,AA4673/Post Award Submission notes and forms/Post Award Submission notes and forms/Completed Submission/019473_Sponsor Prior Approval Request_20220928/Submission Components/V19173_2020-69012-31871_Submission_019473_Sponsor Prior Approval Request_BiographicalSketch_Newman_20260311.docx,VERAS,N,
DOC-2cdeedfd7337,DOC-POST-AWARD-NF,Post Award Submission notes and forms,Award,AA4673,V19173,AA4673,V19173_2020-69012-31871_Submission_019473_Sponsor Prior Approval Request_BiographicalSketch_Saul_20260311.docx,.docx,application/vnd.openxmlformats-officedocument.wordprocessingml.document,35473,2cdeedfd73379dba623c82df6cba9e3847d0d86b2def346711a1de2088a75e5a,AA4673/Post Award Submission notes and forms/Post Award Submission notes and forms/Completed Submission/019473_Sponsor Prior Approval Request_20220928/Submission Components/V19173_2020-69012-31871_Submission_019473_Sponsor Prior Approval Request_BiographicalSketch_Saul_20260311.docx,VERAS,N,
DOC-8e9ea3e3d10c,DOC-POST-AWARD-NF,Post Award Submission notes and forms,Award,AA4673,V19173,AA4673,V19173_2020-69012-31871_Submission_019473_Sponsor Prior Approval Request_Contracts_20260311.pdf,.pdf,application/pdf,8888,8e9ea3e3d10cf8b972a779e1ac774eb02fbde4f20f618f259eb2995efccb932d,AA4673/Post Award Submission notes and forms/Post Award Submission notes and forms/Completed Submission/019473_Sponsor Prior Approval Request_20220928/Submission Components/V19173_2020-69012-31871_Submission_019473_Sponsor Prior Approval Request_Contracts_20260311.pdf,VERAS,N,
DOC-5ba99b4253eb,DOC-POST-AWARD-NF,Post Award Submission notes and forms,Award,AA4673,V19173,AA4673,V19173_2020-69012-31871_Submission_019473_Sponsor Prior Approval Request_CurrentPending_Newman_20260311.docx,.docx,application/vnd.openxmlformats-officedocument.wordprocessingml.document,29660,5ba99b4253ebc94a54378ec927300bdd5e9c29ea6cc13bdb87238c9331275ece,AA4673/Post Award Submission notes and forms/Post Award Submission notes and forms/Completed Submission/019473_Sponsor Prior Approval Request_20220928/Submission Components/V19173_2020-69012-31871_Submission_019473_Sponsor Prior Approval Request_CurrentPending_Newman_20260311.docx,VERAS,N,
DOC-89576d8c1ed8,DOC-POST-AWARD-NF,Post Award Submission notes and forms,Award,AA4673,V19173,AA4673,V19173_2020-69012-31871_Submission_019473_Sponsor Prior Approval Request_CurrentPending_Saul_20260311.docx,.docx,application/vnd.openxmlformats-officedocument.wordprocessingml.document,31380,89576d8c1ed85e537bce3a4b20f75ca59c9a27861d3b65744033c0f5a55de96d,AA4673/Post Award Submission notes and forms/Post Award Submission notes and forms/Completed Submission/019473_Sponsor Prior Approval Request_20220928/Submission Components/V19173_2020-69012-31871_Submission_019473_Sponsor Prior Approval Request_CurrentPending_Saul_20260311.docx,VERAS,N,
DOC-df0bfdceacb9,DOC-POST-AWARD-NF,Post Award Submission notes and forms,Award,AA4673,V19173,AA4673,V19173_2020-69012-31871_Submission_019473_Sponsor Prior Approval Request_DSaul- PI transfer_20260311.pdf,.pdf,application/pdf,600083,df0bfdceacb9ef7ebb7bf86a85650a42bdd74cfad98ad66393eee36e1c2c29e2,AA4673/Post Award Submission notes and forms/Post Award Submission notes and forms/Completed Submission/019473_Sponsor Prior Approval Request_20220928/Submission Components/V19173_2020-69012-31871_Submission_019473_Sponsor Prior Approval Request_DSaul- PI transfer_20260311.pdf,VERAS,N,duplicate_content
DOC-1c775b6806f2,DOC-POST-AWARD-NF,Post Award Submission notes and forms,Award,AA4673,V19173,AA4673,V19173_2020-69012-31871_Submission_019473_Sponsor Prior Approval Request_Information_20260311.pdf,.pdf,application/pdf,1474813,1c775b6806f25b56975e439dab4192f92de49deab77d35afd1780338bfbd2c63,AA4673/Post Award Submission notes and forms/Post Award Submission notes and forms/Completed Submission/019473_Sponsor Prior Approval Request_20220928/Submission Components/V19173_2020-69012-31871_Submission_019473_Sponsor Prior Approval Request_Information_20260311.pdf,VERAS,N,
DOC-a0b380001b94,DOC-POST-AWARD-NF,Post Award Submission notes and forms,Award,AA4673,V19173,AA4673,V19173_2020-69012-31871_Submission_019473_Sponsor Prior Approval Request_LOC_20260311.pdf,.pdf,application/pdf,159055,a0b380001b94424919aa0ab77f8e56556d1702c0c21d52cbf0093e2d96798a2d,AA4673/Post Award Submission notes and forms/Post Award Submission notes and forms/Completed Submission/019473_Sponsor Prior Approval Request_20220928/Submission Components/V19173_2020-69012-31871_Submission_019473_Sponsor Prior Approval Request_LOC_20260311.pdf,VERAS,N,
DOC-c3b05ceb1fba,DOC-POST-AWARD-NF,Post Award Submission notes and forms,Award,AA4673,V19173,AA4673,V19173_2020-69012-31871_Submission_019473_Sponsor Prior Approval Request_Proposal for ISAID_20260311.pdf,.pdf,application/pdf,214855,c3b05ceb1fbadb52d80d655f3e857a1bc329f6a2602ec4bb4a5493e73b4fb0bf,AA4673/Post Award Submission notes and forms/Post Award Submission notes and forms/Completed Submission/019473_Sponsor Prior Approval Request_20220928/Submission Components/V19173_2020-69012-31871_Submission_019473_Sponsor Prior Approval Request_Proposal for ISAID_20260311.pdf,VERAS,N,
DOC-0bfad65d1621,DOC-POST-AWARD-NF,Post Award Submission notes and forms,Award,AA4673,V19173,AA4673,V19173_2020-69012-31871_Submission_019473_Sponsor Prior Approval Request_GeneralInformation_20260311.png,.png,image/png,123885,0bfad65d16213cb09efe278898fd797e4cb5b234aadd9c99a501524c2b3b2ffe,AA4673/Post Award Submission notes and forms/Post Award Submission notes and forms/Completed Submission/019473_Sponsor Prior Approval Request_20220928/V19173_2020-69012-31871_Submission_019473_Sponsor Prior Approval Request_GeneralInformation_20260311.png,VERAS,N,
DOC-3bd7803c75a0,DOC-POST-AWARD-NF,Post Award Submission notes and forms,Award,AA4673,V19173,AA4673,V19173_2020-69012-31871_Submission_019473_Sponsor Prior Approval Request_Outcomeletter_20260311.pdf,.pdf,application/pdf,93676,3bd7803c75a0fb0a5e535b32215c3f8b914991b4b2b1b5e8ab8832eacf051fc0,AA4673/Post Award Submission notes and forms/Post Award Submission notes and forms/Completed Submission/019473_Sponsor Prior Approval Request_20220928/V19173_2020-69012-31871_Submission_019473_Sponsor Prior Approval Request_Outcomeletter_20260311.pdf,VERAS,N,
DOC-e48a84b99c11,DOC-POST-AWARD-NF,Post Award Submission notes and forms,Award,AA4673,V19173,AA4673,V19173_2020-69012-31871_Submission_019473_Sponsor Prior Approval Request_Pre-review Screening_20260311.png,.png,image/png,56583,e48a84b99c11cfdb8a6d34c94db4b78bccb928268ba13871ce3d8d7e5b73578b,AA4673/Post Award Submission notes and forms/Post Award Submission notes and forms/Completed Submission/019473_Sponsor Prior Approval Request_20220928/V19173_2020-69012-31871_Submission_019473_Sponsor Prior Approval Request_Pre-review Screening_20260311.png,VERAS,N,
DOC-cf10b6c49590,DOC-POST-AWARD-NF,Post Award Submission notes and forms,Award,AA4673,V19173,AA4673,V19173_2020-69012-31871_Submission_019473_Sponsor Prior Approval Request_Submission History_20260311.png,.png,image/png,131133,cf10b6c495908c838ea56b5b77e8b5b93fef40c5b26a6316705c5aeab51dcc74,AA4673/Post Award Submission notes and forms/Post Award Submission notes and forms/Completed Submission/019473_Sponsor Prior Approval Request_20220928/V19173_2020-69012-31871_Submission_019473_Sponsor Prior Approval Request_Submission History_20260311.png,VERAS,N,
DOC-c99f94734147,DOC-POST-AWARD-NF,Post Award Submission notes and forms,Award,AA4673,V19173,AA4673,V19173_2020-69012-31871_Submission_021039_Sponsor Prior Approval Request_ AA4673 Budget Transfer SAS_20260310.xlsx,.xlsx,application/vnd.openxmlformats-officedocument.spreadsheetml.sheet,11795,c99f94734147de2f2ce2305d4b279e19604fe49dd09bf1bd6ea4386dd7a4f748,AA4673/Post Award Submission notes and forms/Post Award Submission notes and forms/Completed Submission/021039_Sponsor Prior Approval Request_20230125/Submission Components/V19173_2020-69012-31871_Submission_021039_Sponsor Prior Approval Request_ AA4673 Budget Transfer SAS_20260310.xlsx,VERAS,N,
DOC-dfd4523cf104,DOC-POST-AWARD-NF,Post Award Submission notes and forms,Award,AA4673,V19173,AA4673,V19173_2020-69012-31871_Submission_021039_Sponsor Prior Approval Request_Submission components_20260310.pdf,.pdf,application/pdf,23196,dfd4523cf1042b39afc7796edb730fdde6e42f8101441ec298320f1956e3686b,AA4673/Post Award Submission notes and forms/Post Award Submission notes and forms/Completed Submission/021039_Sponsor Prior Approval Request_20230125/Submission Components/V19173_2020-69012-31871_Submission_021039_Sponsor Prior Approval Request_Submission components_20260310.pdf,VERAS,N,
DOC-08929caa2da5,DOC-POST-AWARD-NF,Post Award Submission notes and forms,Award,AA4673,V19173,AA4673,V19173_2020-69012-31871_Submission_021039_Sponsor Prior Approval Request_General Information_20260310.png,.png,image/png,122668,08929caa2da56c4ef66c470fb15ef45141aba15336a0a157cd62b1c4a3ff9e9f,AA4673/Post Award Submission notes and forms/Post Award Submission notes and forms/Completed Submission/021039_Sponsor Prior Approval Request_20230125/V19173_2020-69012-31871_Submission_021039_Sponsor Prior Approval Request_General Information_20260310.png,VERAS,N,
DOC-18b0bff67ffe,DOC-POST-AWARD-NF,Post Award Submission notes and forms,Award,AA4673,V19173,AA4673,V19173_2020-69012-31871_Submission_021039_Sponsor Prior Approval Request_Pre-review Screening_20260311.png,.png,image/png,56948,18b0bff67ffe80e1ff6dff8d3e2755d20e029280bb813c089a2367d8bff168bf,AA4673/Post Award Submission notes and forms/Post Award Submission notes and forms/Completed Submission/021039_Sponsor Prior Approval Request_20230125/V19173_2020-69012-31871_Submission_021039_Sponsor Prior Approval Request_Pre-review Screening_20260311.png,VERAS,N,
DOC-bef61cd6bfe9,DOC-POST-AWARD-NF,Post Award Submission notes and forms,Award,AA4673,V19173,AA4673,V19173_2020-69012-31871_Submission_021039_Sponsor Prior Approval Request_SubmissionHistory_20260311.png,.png,image/png,89382,bef61cd6bfe932c4e88f4c3f97e70c7c8c4253def2aa86f0b95ffc7e58b17bfe,AA4673/Post Award Submission notes and forms/Post Award Submission notes and forms/Completed Submission/021039_Sponsor Prior Approval Request_20230125/V19173_2020-69012-31871_Submission_021039_Sponsor Prior Approval Request_SubmissionHistory_20260311.png,VERAS,N,
DOC-ae9ba2476371,DOC-POST-AWARD-NF,Post Award Submission notes and forms,Award,AA4673,V19173,AA4673,V19173_2020-69012-31871_Submission_021042_Sponsor Prior Approval Request_ Outcome_20260310.png,.png,image/png,86888,ae9ba2476371fb35e177032b53e1fffed0ecbf32473664a3ceae91ca49876e62,AA4673/Post Award Submission notes and forms/Post Award Submission notes and forms/Completed Submission/021042_Sponsor Prior Approval Request_20230125/V19173_2020-69012-31871_Submission_021042_Sponsor Prior Approval Request_ Outcome_20260310.png,VERAS,N,
DOC-0e96ec1a22c4,DOC-POST-AWARD-NF,Post Award Submission notes and forms,Award,AA4673,V19173,AA4673,V19173_2020-69012-31871_Submission_021042_Sponsor Prior Approval Request_ Submission History_20260310.png,.png,image/png,89103,0e96ec1a22c49dea5f4097e9b330ba9c0152d04d4b2cfd7534603f07baf43e74,AA4673/Post Award Submission notes and forms/Post Award Submission notes and forms/Completed Submission/021042_Sponsor Prior Approval Request_20230125/V19173_2020-69012-31871_Submission_021042_Sponsor Prior Approval Request_ Submission History_20260310.png,VERAS,N,
DOC-5700a0f13655,DOC-POST-AWARD-NF,Post Award Submission notes and forms,Award,AA4673,V19173,AA4673,V19173_2020-69012-31871_Submission_021042_Sponsor Prior Approval Request_Correspondance_20260310.pdf,.pdf,application/pdf,62146,5700a0f13655901dcce77ca0b4d0e794f6883eebb02d8ea4eda5913d65927f86,AA4673/Post Award Submission notes and forms/Post Award Submission notes and forms/Completed Submission/021042_Sponsor Prior Approval Request_20230125/V19173_2020-69012-31871_Submission_021042_Sponsor Prior Approval Request_Correspondance_20260310.pdf,VERAS,N,
DOC-7aca31dfe492,DOC-POST-AWARD-NF,Post Award Submission notes and forms,Award,AA4673,V19173,AA4673,V19173_2020-69012-31871_Submission_021042_Sponsor Prior Approval Request_General Information_20260310.png,.png,image/png,122869,7aca31dfe4924b4a5690ba7af91c723589586a80614afc281ed223dd2f4dcda7,AA4673/Post Award Submission notes and forms/Post Award Submission notes and forms/Completed Submission/021042_Sponsor Prior Approval Request_20230125/V19173_2020-69012-31871_Submission_021042_Sponsor Prior Approval Request_General Information_20260310.png,VERAS,N,
DOC-cd22f775d790,DOC-POST-AWARD-NF,Post Award Submission notes and forms,Award,AA4673,V19173,AA4673,V19173_2020-69012-31871_Submission_021042_Sponsor Prior Approval Request_Pre-review Screening_20260310.png,.png,image/png,54821,cd22f775d79075d557a1fee5c51e9990c15da8ba509af2af557cb8bb5f4da2a1,AA4673/Post Award Submission notes and forms/Post Award Submission notes and forms/Completed Submission/021042_Sponsor Prior Approval Request_20230125/V19173_2020-69012-31871_Submission_021042_Sponsor Prior Approval Request_Pre-review Screening_20260310.png,VERAS,N,
DOC-1eab6083ff08,DOC-POST-AWARD-NF,Post Award Submission notes and forms,Award,AA4673,V19173,AA4673,V19173_2020-69012-31871_Submission_021042_Sponsor Prior Approval Request_SubmissionComponents_20260310.pdf,.pdf,application/pdf,23450,1eab6083ff0832c4d53a83db6d428fd80c13141898af9f3bbacb91b5b2a33f12,AA4673/Post Award Submission notes and forms/Post Award Submission notes and forms/Completed Submission/021042_Sponsor Prior Approval Request_20230125/V19173_2020-69012-31871_Submission_021042_Sponsor Prior Approval Request_SubmissionComponents_20260310.pdf,VERAS,N,
DOC-7e91555a4b00,DOC-POST-AWARD-NF,Post Award Submission notes and forms,Award,AA4673,V19173,AA4673,V19173_2020-69012-31871_Submission_ 022183_Sponsor Prior Approval Request_ Mod for CO-PI change_20260310.pdf,.pdf,application/pdf,47322,7e91555a4b002f742572fc88deb0b2e2e162db4b8acbb2f355adffebe7e08e0f,AA4673/Post Award Submission notes and forms/Post Award Submission notes and forms/Completed Submission/022183_Sponsor Prior Approval Request_20230405/Correspondance/V19173_2020-69012-31871_Submission_ 022183_Sponsor Prior Approval Request_ Mod for CO-PI change_20260310.pdf,VERAS,N,
DOC-440979193b8f,DOC-POST-AWARD-NF,Post Award Submission notes and forms,Award,AA4673,V19173,AA4673,V19173_2020-69012-31871_Submission_ 022183_Sponsor Prior Approval Request_NIFA Revised Award__20260310.pdf,.pdf,application/pdf,67715,440979193b8f2434d02e2812ce740be90de8f05ef94539848de6f0ada06db77d,AA4673/Post Award Submission notes and forms/Post Award Submission notes and forms/Completed Submission/022183_Sponsor Prior Approval Request_20230405/Correspondance/V19173_2020-69012-31871_Submission_ 022183_Sponsor Prior Approval Request_NIFA Revised Award__20260310.pdf,VERAS,N,
DOC-4bb874f66bf4,DOC-POST-AWARD-NF,Post Award Submission notes and forms,Award,AA4673,V19173,AA4673,V19173_2020-69012-31871_Submission_ 022183_Sponsor Prior Approval Request_Prior approval request_20260310.pdf,.pdf,application/pdf,98051,4bb874f66bf4461f1df6fdb85e5ec0a29b543ae1a8a61c9732671e67540483e9,AA4673/Post Award Submission notes and forms/Post Award Submission notes and forms/Completed Submission/022183_Sponsor Prior Approval Request_20230405/Correspondance/V19173_2020-69012-31871_Submission_ 022183_Sponsor Prior Approval Request_Prior approval request_20260310.pdf,VERAS,N,
DOC-457668999d61,DOC-POST-AWARD-NF,Post Award Submission notes and forms,Award,AA4673,V19173,AA4673,V19173_2020-69012-31871_Submission_ 022183_Sponsor Prior Approval Request_Proposed Co-PI Changes_20260310.pdf,.pdf,application/pdf,50685,457668999d61cf2c3ef030f3c0ca611fcb72e8492414f42585fa298349c6acff,AA4673/Post Award Submission notes and forms/Post Award Submission notes and forms/Completed Submission/022183_Sponsor Prior Approval Request_20230405/Correspondance/V19173_2020-69012-31871_Submission_ 022183_Sponsor Prior Approval Request_Proposed Co-PI Changes_20260310.pdf,VERAS,N,
DOC-cc31d3e2c5ba,DOC-POST-AWARD-NF,Post Award Submission notes and forms,Award,AA4673,V19173,AA4673,V19173_2020-69012-31871_Submission_ 022183_Sponsor Prior Approval Request_Response Requested for V19173_20260310.pdf,.pdf,application/pdf,293412,cc31d3e2c5ba38a25a6bc363cb9e665cfd0cce4f48cfc7a0c7391b70fcfac1e3,AA4673/Post Award Submission notes and forms/Post Award Submission notes and forms/Completed Submission/022183_Sponsor Prior Approval Request_20230405/Correspondance/V19173_2020-69012-31871_Submission_ 022183_Sponsor Prior Approval Request_Response Requested for V19173_20260310.pdf,VERAS,N,
DOC-1894a12b3afd,DOC-POST-AWARD-NF,Post Award Submission notes and forms,Award,AA4673,V19173,AA4673,V19173_2020-69012-31871_Submission_ 022183_Sponsor Prior Approval Request_requesting 2022 SF 425 RE_20260310.pdf,.pdf,application/pdf,174513,1894a12b3afdca080f8ff55484b7afd690772af1e794da57a6c4846741098a10,AA4673/Post Award Submission notes and forms/Post Award Submission notes and forms/Completed Submission/022183_Sponsor Prior Approval Request_20230405/Correspondance/V19173_2020-69012-31871_Submission_ 022183_Sponsor Prior Approval Request_requesting 2022 SF 425 RE_20260310.pdf,VERAS,N,
DOC-74acefd77a09-1,DOC-POST-AWARD-NF,Post Award Submission notes and forms,Award,AA4673,V19173,AA4673,V19173_2020-69012-31871_Submission_ 022183_Sponsor Prior Approval Request_ Outcome_520260310.pdf,.pdf,application/pdf,13819,74acefd77a09d105d7fcdeb59ad7214b5ad88a6cec630cac1e5b2822d5f1986b,AA4673/Post Award Submission notes and forms/Post Award Submission notes and forms/Completed Submission/022183_Sponsor Prior Approval Request_20230405/Outcome/V19173_2020-69012-31871_Submission_ 022183_Sponsor Prior Approval Request_ Outcome_520260310.pdf,VERAS,Y,duplicate_content
DOC-75e5e0663736,DOC-POST-AWARD-NF,Post Award Submission notes and forms,Award,AA4673,V19173,AA4673,V19173_2020-69012-31871_Submission_ 022183_Sponsor Prior Approval Request_OutcomeComments_520260310.png,.png,image/png,116161,75e5e066373670367eb5e6358cf4be41c30749c5b15a07354a9bac488666d93e,AA4673/Post Award Submission notes and forms/Post Award Submission notes and forms/Completed Submission/022183_Sponsor Prior Approval Request_20230405/Outcome/V19173_2020-69012-31871_Submission_ 022183_Sponsor Prior Approval Request_OutcomeComments_520260310.png,VERAS,N,
DOC-64da1254ecc0,DOC-POST-AWARD-NF,Post Award Submission notes and forms,Award,AA4673,V19173,AA4673,V19173_2020-69012-31871_Submission_ 022183_Sponsor Prior Approval Request_ GeneralInformation_20260310.png,.png,image/png,122559,64da1254ecc0307ca623e810e4528844b65b7ec53ec33647c0cc89fd25eab677,AA4673/Post Award Submission notes and forms/Post Award Submission notes and forms/Completed Submission/022183_Sponsor Prior Approval Request_20230405/V19173_2020-69012-31871_Submission_ 022183_Sponsor Prior Approval Request_ GeneralInformation_20260310.png,VERAS,N,
DOC-4c784c0a71dd,DOC-POST-AWARD-NF,Post Award Submission notes and forms,Award,AA4673,V19173,AA4673,V19173_2020-69012-31871_Submission_ 022183_Sponsor Prior Approval Request_ OutcomeLetter_20260310.pdf,.pdf,application/pdf,89518,4c784c0a71dd271c2bb4f09578e7778c65c9737414f908c6576df2bd4fa66586,AA4673/Post Award Submission notes and forms/Post Award Submission notes and forms/Completed Submission/022183_Sponsor Prior Approval Request_20230405/V19173_2020-69012-31871_Submission_ 022183_Sponsor Prior Approval Request_ OutcomeLetter_20260310.pdf,VERAS,N,
DOC-8cab66d991f9,DOC-POST-AWARD-NF,Post Award Submission notes and forms,Award,AA4673,V19173,AA4673,V19173_2020-69012-31871_Submission_ 022183_Sponsor Prior Approval Request_ Submission History_20260310.png,.png,image/png,137550,8cab66d991f9f88d01255d568c72dee7e42586115034b5667238de0234178a6c,AA4673/Post Award Submission notes and forms/Post Award Submission notes and forms/Completed Submission/022183_Sponsor Prior Approval Request_20230405/V19173_2020-69012-31871_Submission_ 022183_Sponsor Prior Approval Request_ Submission History_20260310.png,VERAS,N,
DOC-1eb0d44846a7,DOC-POST-AWARD-NF,Post Award Submission notes and forms,Award,AA4673,V19173,AA4673,V19173_2020-69012-31871_Submission_ 022183_Sponsor Prior Approval Request_Pre-review Screening_20260310.png,.png,image/png,54039,1eb0d44846a745bb504878ce2925eb612fd78e136314429cee3e43ac0b778c52,AA4673/Post Award Submission notes and forms/Post Award Submission notes and forms/Completed Submission/022183_Sponsor Prior Approval Request_20230405/V19173_2020-69012-31871_Submission_ 022183_Sponsor Prior Approval Request_Pre-review Screening_20260310.png,VERAS,N,
DOC-2eacefc5ae02,DOC-POST-AWARD-NF,Post Award Submission notes and forms,Award,AA4673,V19173,AA4673,V19173_2020-69012-31871_Submission_ 022183_Sponsor Prior Approval Request_SubmissionComponents_20260310.pdf,.pdf,application/pdf,337228,2eacefc5ae0289293f17d4807888c7ad2e5645ec708a710e253ddf8b3b1523b4,AA4673/Post Award Submission notes and forms/Post Award Submission notes and forms/Completed Submission/022183_Sponsor Prior Approval Request_20230405/V19173_2020-69012-31871_Submission_ 022183_Sponsor Prior Approval Request_SubmissionComponents_20260310.pdf,VERAS,N,
DOC-71e9f6eae41d,DOC-POST-AWARD-NF,Post Award Submission notes and forms,Award,AA4673,V19173,AA4673,V19173_2020-69012-31871_Submission_025212 _Sponsor Prior Approval Request_ SubmissionRoutingsignoff_20260310.png,.png,image/png,119825,71e9f6eae41d011ea64ed65f267ad4723324ba3cab351b0ac1763889affb63c1,AA4673/Post Award Submission notes and forms/Post Award Submission notes and forms/Completed Submission/025212_Sponsor Prior Approval Request_20231019/Submission History/V19173_2020-69012-31871_Submission_025212 _Sponsor Prior Approval Request_ SubmissionRoutingsignoff_20260310.png,VERAS,N,
DOC-8607b3b52668,DOC-POST-AWARD-NF,Post Award Submission notes and forms,Award,AA4673,V19173,AA4673,V19173_2020-69012-31871_Submission_025212 _Sponsor Prior Approval Request_Submission History_20260310.png,.png,image/png,88625,8607b3b5266894a43084722829cc13aaa8a6e7e5985e87a7e1124113aa2f9753,AA4673/Post Award Submission notes and forms/Post Award Submission notes and forms/Completed Submission/025212_Sponsor Prior Approval Request_20231019/Submission History/V19173_2020-69012-31871_Submission_025212 _Sponsor Prior Approval Request_Submission History_20260310.png,VERAS,N,
DOC-32497a870c37,DOC-POST-AWARD-NF,Post Award Submission notes and forms,Award,AA4673,V19173,AA4673,V19173_2020-69012-31871_Submission_025212 _Sponsor Prior Approval Request_ Pre-review Screening_20260310.png,.png,image/png,55037,32497a870c37008c6afd97fe032bc685432d9430c6ceda9cc4d1f34d80c2648a,AA4673/Post Award Submission notes and forms/Post Award Submission notes and forms/Completed Submission/025212_Sponsor Prior Approval Request_20231019/V19173_2020-69012-31871_Submission_025212 _Sponsor Prior Approval Request_ Pre-review Screening_20260310.png,VERAS,N,
DOC-1a47bd5bfa30,DOC-POST-AWARD-NF,Post Award Submission notes and forms,Award,AA4673,V19173,AA4673,V19173_2020-69012-31871_Submission_025212 _Sponsor Prior Approval Request_Correspondance_20260310.pdf,.pdf,application/pdf,56042,1a47bd5bfa30adce805e427174f155a1f5d3fa0e9ebeac91c3ddfab4a95e90ce,AA4673/Post Award Submission notes and forms/Post Award Submission notes and forms/Completed Submission/025212_Sponsor Prior Approval Request_20231019/V19173_2020-69012-31871_Submission_025212 _Sponsor Prior Approval Request_Correspondance_20260310.pdf,VERAS,N,
DOC-60c7607bdca7,DOC-POST-AWARD-NF,Post Award Submission notes and forms,Award,AA4673,V19173,AA4673,V19173_2020-69012-31871_Submission_025212 _Sponsor Prior Approval Request_GeneralInformation_20260310.png,.png,image/png,129837,60c7607bdca78efa2f1562d2112673a085396ecc8888c94c5376ee18eb8b9592,AA4673/Post Award Submission notes and forms/Post Award Submission notes and forms/Completed Submission/025212_Sponsor Prior Approval Request_20231019/V19173_2020-69012-31871_Submission_025212 _Sponsor Prior Approval Request_GeneralInformation_20260310.png,VERAS,N,
DOC-4f79b368d279,DOC-POST-AWARD-NF,Post Award Submission notes and forms,Award,AA4673,V19173,AA4673,V19173_2020-69012-31871_Submission_025212 _Sponsor Prior Approval Request_Outcome_20260310.png,.png,image/png,93570,4f79b368d2797749ff0c5ccb2357136a1af1f577737ad09d09cdaf90478e2cf9,AA4673/Post Award Submission notes and forms/Post Award Submission notes and forms/Completed Submission/025212_Sponsor Prior Approval Request_20231019/V19173_2020-69012-31871_Submission_025212 _Sponsor Prior Approval Request_Outcome_20260310.png,VERAS,N,
DOC-085b37196a86,DOC-POST-AWARD-NF,Post Award Submission notes and forms,Award,AA4673,V19173,AA4673,V19173_2020-69012-31871_Submission_025212 _Sponsor Prior Approval Request_SubmissionComponents_20260310.pdf,.pdf,application/pdf,24751,085b37196a86532f80ba2f09205821387631cb66400fbb97795425c2e771a81a,AA4673/Post Award Submission notes and forms/Post Award Submission notes and forms/Completed Submission/025212_Sponsor Prior Approval Request_20231019/V19173_2020-69012-31871_Submission_025212 _Sponsor Prior Approval Request_SubmissionComponents_20260310.pdf,VERAS,N,
DOC-2b635ce1d228,DOC-POST-AWARD-NF,Post Award Submission notes and forms,Award,AA4673,V19173,AA4673,V19173_2020-69012-31871_Submission_029731_Sponsor Prior Approval Request Mod AMD 5 _20260309.pdf,.pdf,application/pdf,47853,2b635ce1d22891c9481de10fd2dba72978e3833e1c1089f9f4de779bc116af5b,AA4673/Post Award Submission notes and forms/Post Award Submission notes and forms/Completed Submission/029731_Sponsor Prior Approval Request_20250715/Correspondence/V19173_2020-69012-31871_Submission_029731_Sponsor Prior Approval Request Mod AMD 5 _20260309.pdf,VERAS,N,
DOC-0bf6ac72be06,DOC-POST-AWARD-NF,Post Award Submission notes and forms,Award,AA4673,V19173,AA4673,V19173_2020-69012-31871_Submission_029731_Sponsor Prior Approval Request_ Sponsor requested SF425_20260309.pdf,.pdf,application/pdf,323263,0bf6ac72be06b35ed7039bd9c6e158ae6db22973e4e2e2e716c3aa5e7b93f877,AA4673/Post Award Submission notes and forms/Post Award Submission notes and forms/Completed Submission/029731_Sponsor Prior Approval Request_20250715/Correspondence/V19173_2020-69012-31871_Submission_029731_Sponsor Prior Approval Request_ Sponsor requested SF425_20260309.pdf,VERAS,N,
DOC-6d5cd46c156d,DOC-POST-AWARD-NF,Post Award Submission notes and forms,Award,AA4673,V19173,AA4673,V19173_2020-69012-31871_Submission_029731_Sponsor Prior Approval Request_ Verified with Billing forSF425_20260309.pdf,.pdf,application/pdf,368507,6d5cd46c156d047e9e73da87a3f8fb723a9a5e2f58ecfc236a52394213f7b19f,AA4673/Post Award Submission notes and forms/Post Award Submission notes and forms/Completed Submission/029731_Sponsor Prior Approval Request_20250715/Correspondence/V19173_2020-69012-31871_Submission_029731_Sponsor Prior Approval Request_ Verified with Billing forSF425_20260309.pdf,VERAS,N,
DOC-dbdcc52395d2,DOC-POST-AWARD-NF,Post Award Submission notes and forms,Award,AA4673,V19173,AA4673,V19173_2020-69012-31871_Submission_029731_Sponsor Prior Approval Request_ Winfree Letter of Commitment_20260309.pdf,.pdf,application/pdf,232784,dbdcc52395d2366a7aa13464d99f74565cc9ded15fd1cd2929a6d94956b7cb45,AA4673/Post Award Submission notes and forms/Post Award Submission notes and forms/Completed Submission/029731_Sponsor Prior Approval Request_20250715/Correspondence/V19173_2020-69012-31871_Submission_029731_Sponsor Prior Approval Request_ Winfree Letter of Commitment_20260309.pdf,VERAS,N,
DOC-4e8c51badfd8,DOC-POST-AWARD-NF,Post Award Submission notes and forms,Award,AA4673,V19173,AA4673,V19173_2020-69012-31871_Submission_029731_Sponsor Prior Approval Request_Billing to SF425 sponsor_20260309.pdf,.pdf,application/pdf,329289,4e8c51badfd8d3ad75409253eb8493b5cba05bb1cc861540d4d3eb7111741a4f,AA4673/Post Award Submission notes and forms/Post Award Submission notes and forms/Completed Submission/029731_Sponsor Prior Approval Request_20250715/Correspondence/V19173_2020-69012-31871_Submission_029731_Sponsor Prior Approval Request_Billing to SF425 sponsor_20260309.pdf,VERAS,N,
DOC-6fe4bf37336d,DOC-POST-AWARD-NF,Post Award Submission notes and forms,Award,AA4673,V19173,AA4673,V19173_2020-69012-31871_Submission_029731_Sponsor Prior Approval Request_Letter of commitment and SF425_20260309.pdf,.pdf,application/pdf,324620,6fe4bf37336dc9ef12aa34ad63f6037399bfd9b0a20c63991c318722cd8b9d33,AA4673/Post Award Submission notes and forms/Post Award Submission notes and forms/Completed Submission/029731_Sponsor Prior Approval Request_20250715/Correspondence/V19173_2020-69012-31871_Submission_029731_Sponsor Prior Approval Request_Letter of commitment and SF425_20260309.pdf,VERAS,N,
DOC-05a698555cae,DOC-POST-AWARD-NF,Post Award Submission notes and forms,Award,AA4673,V19173,AA4673,V19173_2020-69012-31871_Submission_029731_Sponsor Prior Approval Request_Removal and Replacement of Co-PIs_20260309.pdf,.pdf,application/pdf,102350,05a698555cae170c976a00784a969fa229898987c39f43fb06b8b381623b7085,AA4673/Post Award Submission notes and forms/Post Award Submission notes and forms/Completed Submission/029731_Sponsor Prior Approval Request_20250715/Correspondence/V19173_2020-69012-31871_Submission_029731_Sponsor Prior Approval Request_Removal and Replacement of Co-PIs_20260309.pdf,VERAS,N,
DOC-234b98df6c11,DOC-POST-AWARD-NF,Post Award Submission notes and forms,Award,AA4673,V19173,AA4673,V19173_2020-69012-31871_Submission_029731_Sponsor Prior Approval Request_new Co-PI_20260309.pdf,.pdf,application/pdf,100647,234b98df6c112e0fbe18185d20234530c5c625a06f71e6b9dc9a55463ce750b7,AA4673/Post Award Submission notes and forms/Post Award Submission notes and forms/Completed Submission/029731_Sponsor Prior Approval Request_20250715/Correspondence/V19173_2020-69012-31871_Submission_029731_Sponsor Prior Approval Request_new Co-PI_20260309.pdf,VERAS,N,
DOC-ee52a10a8b42-1,DOC-POST-AWARD-NF,Post Award Submission notes and forms,Award,AA4673,V19173,AA4673,V19173_2020-69012-31871_Submission_029731_Sponsor Prior Approval Request_ Attachment A for AMD_520260310.pdf,.pdf,application/pdf,1803,ee52a10a8b423a89781d32fd8fd04976df1df6de5e29d73bdbc661e534aff875,AA4673/Post Award Submission notes and forms/Post Award Submission notes and forms/Completed Submission/029731_Sponsor Prior Approval Request_20250715/Outcome/V19173_2020-69012-31871_Submission_029731_Sponsor Prior Approval Request_ Attachment A for AMD_520260310.pdf,VERAS,Y,duplicate_content
DOC-67099299ef79-1,DOC-POST-AWARD-NF,Post Award Submission notes and forms,Award,AA4673,V19173,AA4673,V19173_2020-69012-31871_Submission_029731_Sponsor Prior Approval Request_AMD 5- CoPI change to Winfree and Removal of Walsh_520260310.pdf,.pdf,application/pdf,5493,67099299ef7925f7b38807321b26f65fb68286783d78170e6632f5f63897d50d,AA4673/Post Award Submission notes and forms/Post Award Submission notes and forms/Completed Submission/029731_Sponsor Prior Approval Request_20250715/Outcome/V19173_2020-69012-31871_Submission_029731_Sponsor Prior Approval Request_AMD 5- CoPI change to Winfree and Removal of Walsh_520260310.pdf,VERAS,Y,duplicate_content
DOC-292e0bff92ec-1,DOC-POST-AWARD-NF,Post Award Submission notes and forms,Award,AA4673,V19173,AA4673,V19173_2020-69012-31871_Submission_029731_Sponsor Prior Approval Request_Co-PI Removal and Co-PI change letter_520260310.pdf,.pdf,application/pdf,487158,292e0bff92ec2d4d1cece908d0b1eba2d5edc066b425373082b6e869515f7716,AA4673/Post Award Submission notes and forms/Post Award Submission notes and forms/Completed Submission/029731_Sponsor Prior Approval Request_20250715/Outcome/V19173_2020-69012-31871_Submission_029731_Sponsor Prior Approval Request_Co-PI Removal and Co-PI change letter_520260310.pdf,VERAS,Y,duplicate_content
DOC-eb0ea2aac762,DOC-POST-AWARD-NF,Post Award Submission notes and forms,Award,AA4673,V19173,AA4673,V19173_2020-69012-31871_Submission_029731_Sponsor Prior Approval Request_Outcome comments 20260310.png,.png,image/png,116128,eb0ea2aac76265e80c09e396b4bb38cd459ef43c2270a5ea63fb724feadc5e4d,AA4673/Post Award Submission notes and forms/Post Award Submission notes and forms/Completed Submission/029731_Sponsor Prior Approval Request_20250715/Outcome/V19173_2020-69012-31871_Submission_029731_Sponsor Prior Approval Request_Outcome comments 20260310.png,VERAS,N,
DOC-12f970376216-1,DOC-POST-AWARD-NF,Post Award Submission notes and forms,Award,AA4673,V19173,AA4673,V19173_2020-69012-31871_Submission_029731_Sponsor Prior Approval Request_Winfree Letter of Commitment_520260310.pdf,.pdf,application/pdf,130778,12f9703762165f01c7858ffebf715d454911ca777e45e43946f6c6d947829983,AA4673/Post Award Submission notes and forms/Post Award Submission notes and forms/Completed Submission/029731_Sponsor Prior Approval Request_20250715/Outcome/V19173_2020-69012-31871_Submission_029731_Sponsor Prior Approval Request_Winfree Letter of Commitment_520260310.pdf,VERAS,Y,duplicate_content
DOC-62856f908033,DOC-POST-AWARD-NF,Post Award Submission notes and forms,Award,AA4673,V19173,AA4673,V19173_2020-69012-31871_Submission_029731_Sponsor Prior Approval Request_ Post Award Outcome Letter1_520260310.pdf,.pdf,application/pdf,95668,62856f90803304d0b8d2db9fcff406529f7dd4d62711fa5f751e8407f61474d9,AA4673/Post Award Submission notes and forms/Post Award Submission notes and forms/Completed Submission/029731_Sponsor Prior Approval Request_20250715/Outcome Letter/V19173_2020-69012-31871_Submission_029731_Sponsor Prior Approval Request_ Post Award Outcome Letter1_520260310.pdf,VERAS,N,
DOC-c0650d682a83,DOC-POST-AWARD-NF,Post Award Submission notes and forms,Award,AA4673,V19173,AA4673,V19173_2020-69012-31871_Submission_029731_Sponsor Prior Approval Request_Post Award Outcome Letter_520260310.pdf,.pdf,application/pdf,252083,c0650d682a83e5bd4fe92a1d9bca60aca540e7bf4c347845cbefa84b66e530ca,AA4673/Post Award Submission notes and forms/Post Award Submission notes and forms/Completed Submission/029731_Sponsor Prior Approval Request_20250715/Outcome Letter/V19173_2020-69012-31871_Submission_029731_Sponsor Prior Approval Request_Post Award Outcome Letter_520260310.pdf,VERAS,N,
DOC-9759f35dd572,DOC-POST-AWARD-NF,Post Award Submission notes and forms,Award,AA4673,V19173,AA4673,V19173_2020-69012-31871_Submission_029731_Sponsor Prior Approval Request_ Current_and_Pending_Winfree_20260309.docx,.docx,application/vnd.openxmlformats-officedocument.wordprocessingml.document,13989,9759f35dd572be835b621ecc2cab2e38b859fc29edf9273dac1acb3a5c52204a,AA4673/Post Award Submission notes and forms/Post Award Submission notes and forms/Completed Submission/029731_Sponsor Prior Approval Request_20250715/Submission Components&Complete/V19173_2020-69012-31871_Submission_029731_Sponsor Prior Approval Request_ Current_and_Pending_Winfree_20260309.docx,VERAS,N,
DOC-ee52a10a8b42-2,DOC-POST-AWARD-NF,Post Award Submission notes and forms,Award,AA4673,V19173,AA4673,V19173_2020-69012-31871_Submission_029731_Sponsor Prior Approval Request_AtchmntAAMD5 _20260309.pdf,.pdf,application/pdf,1803,ee52a10a8b423a89781d32fd8fd04976df1df6de5e29d73bdbc661e534aff875,AA4673/Post Award Submission notes and forms/Post Award Submission notes and forms/Completed Submission/029731_Sponsor Prior Approval Request_20250715/Submission Components&Complete/V19173_2020-69012-31871_Submission_029731_Sponsor Prior Approval Request_AtchmntAAMD5 _20260309.pdf,VERAS,Y,duplicate_content
DOC-cfaec8c7d126,DOC-POST-AWARD-NF,Post Award Submission notes and forms,Award,AA4673,V19173,AA4673,V19173_2020-69012-31871_Submission_029731_Sponsor Prior Approval Request_Biosketch_Winfree_20260309.docx,.docx,application/vnd.openxmlformats-officedocument.wordprocessingml.document,19841,cfaec8c7d1265b3a68012ec090dd23af35b3013c78db6ebc1a0582726cc80608,AA4673/Post Award Submission notes and forms/Post Award Submission notes and forms/Completed Submission/029731_Sponsor Prior Approval Request_20250715/Submission Components&Complete/V19173_2020-69012-31871_Submission_029731_Sponsor Prior Approval Request_Biosketch_Winfree_20260309.docx,VERAS,N,
DOC-67099299ef79-2,DOC-POST-AWARD-NF,Post Award Submission notes and forms,Award,AA4673,V19173,AA4673,V19173_2020-69012-31871_Submission_029731_Sponsor Prior Approval Request_Co PI ChnageAMD5_20260309.pdf,.pdf,application/pdf,5493,67099299ef7925f7b38807321b26f65fb68286783d78170e6632f5f63897d50d,AA4673/Post Award Submission notes and forms/Post Award Submission notes and forms/Completed Submission/029731_Sponsor Prior Approval Request_20250715/Submission Components&Complete/V19173_2020-69012-31871_Submission_029731_Sponsor Prior Approval Request_Co PI ChnageAMD5_20260309.pdf,VERAS,Y,duplicate_content
DOC-cdd396ce4042,DOC-POST-AWARD-NF,Post Award Submission notes and forms,Award,AA4673,V19173,AA4673,V19173_2020-69012-31871_Submission_029731_Sponsor Prior Approval Request_SubmissionForm_20260306.pdf,.pdf,application/pdf,297327,cdd396ce404299cb02ab1496d2078872e8cebf5b742f00d3e418ad72a25e3960,AA4673/Post Award Submission notes and forms/Post Award Submission notes and forms/Completed Submission/029731_Sponsor Prior Approval Request_20250715/Submission Components&Complete/V19173_2020-69012-31871_Submission_029731_Sponsor Prior Approval Request_SubmissionForm_20260306.pdf,VERAS,N,
DOC-7fbb496dc004,DOC-POST-AWARD-NF,Post Award Submission notes and forms,Award,AA4673,V19173,AA4673,V19173_2020-69012-31871_Submission_029731_Sponsor Prior Approval Request_General Information_20260309.png,.png,image/png,128679,7fbb496dc0042174fbdedb7e4f6f5a8a83b95d2025bf58951800504e12d919a0,AA4673/Post Award Submission notes and forms/Post Award Submission notes and forms/Completed Submission/029731_Sponsor Prior Approval Request_20250715/V19173_2020-69012-31871_Submission_029731_Sponsor Prior Approval Request_General Information_20260309.png,VERAS,N,
DOC-6093440c40fb,DOC-POST-AWARD-NF,Post Award Submission notes and forms,Award,AA4673,V19173,AA4673,V19173_2020-69012-31871_Submission_029731_Sponsor Prior Approval Request_Pre-review Screening_20260310.png,.png,image/png,54780,6093440c40fbe4df523f94b3dbd02072ed9b6327603b2c34b435fa1f6e3e52d7,AA4673/Post Award Submission notes and forms/Post Award Submission notes and forms/Completed Submission/029731_Sponsor Prior Approval Request_20250715/V19173_2020-69012-31871_Submission_029731_Sponsor Prior Approval Request_Pre-review Screening_20260310.png,VERAS,N,
DOC-89446b7e1dba,DOC-POST-AWARD-NF,Post Award Submission notes and forms,Award,AA4673,V19173,AA4673,V19173_2020-69012-31871_Submission _029732_ Sponsor Prior Approval Request_ Modification_20260306.pdf,.pdf,application/pdf,117502,89446b7e1dba941c48160dd6262aac61097dd27e1dee6bfcd20de8a95b05933f,AA4673/Post Award Submission notes and forms/Post Award Submission notes and forms/Completed Submission/029732_Sponsor Prior Approval Request_20241104/Correspondance/V19173_2020-69012-31871_Submission _029732_ Sponsor Prior Approval Request_ Modification_20260306.pdf,VERAS,N,
DOC-30ec54598f1e,DOC-POST-AWARD-NF,Post Award Submission notes and forms,Award,AA4673,V19173,AA4673,V19173_2020-69012-31871_Submission _029732_ Sponsor Prior Approval Request_ Request to sponsor_20260306.pdf,.pdf,application/pdf,102044,30ec54598f1ebff13d3c96a314d571e713b3ce8ce1abaef418046b66857934da,AA4673/Post Award Submission notes and forms/Post Award Submission notes and forms/Completed Submission/029732_Sponsor Prior Approval Request_20241104/Correspondance/V19173_2020-69012-31871_Submission _029732_ Sponsor Prior Approval Request_ Request to sponsor_20260306.pdf,VERAS,N,
DOC-533cdacea4ca,DOC-POST-AWARD-NF,Post Award Submission notes and forms,Award,AA4673,V19173,AA4673,V19173_2020-69012-31871_Submission _029732_ Sponsor Prior Approval Request_ sponsor received_20260306.pdf,.pdf,application/pdf,98040,533cdacea4ca4250c063b7747ff94010226e2087ff1c787bbb639b89b75b8e45,AA4673/Post Award Submission notes and forms/Post Award Submission notes and forms/Completed Submission/029732_Sponsor Prior Approval Request_20241104/Correspondance/V19173_2020-69012-31871_Submission _029732_ Sponsor Prior Approval Request_ sponsor received_20260306.pdf,VERAS,N,
DOC-46a3f80c1253,DOC-POST-AWARD-NF,Post Award Submission notes and forms,Award,AA4673,V19173,AA4673,SubmissionComponents29732_TLQNRDIU_.pdf,.pdf,application/pdf,83949,46a3f80c12538bff75b0258031773c499084f4f892a40630782c90b461a780e7,AA4673/Post Award Submission notes and forms/Post Award Submission notes and forms/Completed Submission/029732_Sponsor Prior Approval Request_20241104/SubmissionComponents29732_TLQNRDIU_.pdf,VERAS,N,
DOC-e36d5367d616,DOC-POST-AWARD-NF,Post Award Submission notes and forms,Award,AA4673,V19173,AA4673,V19173_2020-69012-31871_Submission_030725_Sponsor Prior Approval Request_ General Information_20260306.png,.png,image/png,123224,e36d5367d616eb3d1641f66d8e603bdeecab015f6452df9d4e401e01f7704eac,AA4673/Post Award Submission notes and forms/Post Award Submission notes and forms/Completed Submission/030683_Sponsor Prior Approval Request_20250206/V19173_2020-69012-31871_Submission_030725_Sponsor Prior Approval Request_ General Information_20260306.png,VERAS,N,
DOC-d7162640d020,DOC-POST-AWARD-NF,Post Award Submission notes and forms,Award,AA4673,V19173,AA4673,V19173_2020-69012-31871_Submission_030725_Sponsor Prior Approval Request_ SubmissionComplete_20260306.pdf,.pdf,application/pdf,54344,d7162640d02006b562e46b8c172d35361c17811e575840a1d47d20f94c462979,AA4673/Post Award Submission notes and forms/Post Award Submission notes and forms/Completed Submission/030683_Sponsor Prior Approval Request_20250206/V19173_2020-69012-31871_Submission_030725_Sponsor Prior Approval Request_ SubmissionComplete_20260306.pdf,VERAS,N,
DOC-ffbf28e46953,DOC-POST-AWARD-NF,Post Award Submission notes and forms,Award,AA4673,V19173,AA4673,V19173_2020-69012-31871_Submission_030725_Sponsor Prior Approval Request_Pre-review Screening_20260306.png,.png,image/png,55586,ffbf28e469536a51eb95564f9c341ce039fcf4e93d4195b3404d5b04479c2b2f,AA4673/Post Award Submission notes and forms/Post Award Submission notes and forms/Completed Submission/030683_Sponsor Prior Approval Request_20250206/V19173_2020-69012-31871_Submission_030725_Sponsor Prior Approval Request_Pre-review Screening_20260306.png,VERAS,N,duplicate_filename
DOC-1ea4c0f4a4df,DOC-POST-AWARD-NF,Post Award Submission notes and forms,Award,AA4673,V19173,AA4673,V19173_2020-69012-31871_Submission_030725_Sponsor Prior Approval Request_Submission Components_20260306.pdf,.pdf,application/pdf,54344,1ea4c0f4a4df9f586edffa08f63378c86a8cda8b62b299114b05e97e32430902,AA4673/Post Award Submission notes and forms/Post Award Submission notes and forms/Completed Submission/030683_Sponsor Prior Approval Request_20250206/V19173_2020-69012-31871_Submission_030725_Sponsor Prior Approval Request_Submission Components_20260306.pdf,VERAS,N,
DOC-135e9d79c44f,DOC-POST-AWARD-NF,Post Award Submission notes and forms,Award,AA4673,V19173,AA4673,V19173_2020-69012-31871_Submission_030725_Sponsor Prior Approval Request_Submission History_20260306.png,.png,image/png,129034,135e9d79c44f6808d686ec65bb41a105b19f86f0aacde2b2e579d5244f820e83,AA4673/Post Award Submission notes and forms/Post Award Submission notes and forms/Completed Submission/030683_Sponsor Prior Approval Request_20250206/V19173_2020-69012-31871_Submission_030725_Sponsor Prior Approval Request_Submission History_20260306.png,VERAS,N,
DOC-234daddf6d04,DOC-POST-AWARD-NF,Post Award Submission notes and forms,Award,AA4673,V19173,AA4673,V19173_2020-69012-31871_Submission_030725_Sponsor Prior Approval Request_iRIS_ MOD6_20260306.pdf,.pdf,application/pdf,109078,234daddf6d042c6cf8579785f60c5eaf490453c502e8e7816df976b2d11c5cae,AA4673/Post Award Submission notes and forms/Post Award Submission notes and forms/Completed Submission/030725_Sponsor Prior Approval Request_20250210/Correspondance/V19173_2020-69012-31871_Submission_030725_Sponsor Prior Approval Request_iRIS_ MOD6_20260306.pdf,VERAS,N,
DOC-70e75d3a43ea,DOC-POST-AWARD-NF,Post Award Submission notes and forms,Award,AA4673,V19173,AA4673,V19173_2020-69012-31871_Submission_030725_Sponsor Prior Approval Request_iRIS_Prior approval request_20260306.pdf,.pdf,application/pdf,39783,70e75d3a43eac29384d69b73762349880a2ea76fc99d72e7776454d2ca535fb6,AA4673/Post Award Submission notes and forms/Post Award Submission notes and forms/Completed Submission/030725_Sponsor Prior Approval Request_20250210/Correspondance/V19173_2020-69012-31871_Submission_030725_Sponsor Prior Approval Request_iRIS_Prior approval request_20260306.pdf,VERAS,N,
DOC-9412f773c15f,DOC-POST-AWARD-NF,Post Award Submission notes and forms,Award,AA4673,V19173,AA4673,V19173_2020-69012-31871_Submission_030725_Sponsor Prior Approval Request_ Submission History_20260306.png,.png,image/png,131159,9412f773c15ffb13e1ae226de3c8079ea1c11b6ea2834d775b1ac1c7d244d131,AA4673/Post Award Submission notes and forms/Post Award Submission notes and forms/Completed Submission/030725_Sponsor Prior Approval Request_20250210/V19173_2020-69012-31871_Submission_030725_Sponsor Prior Approval Request_ Submission History_20260306.png,VERAS,N,
DOC-1f8001cdb94e,DOC-POST-AWARD-NF,Post Award Submission notes and forms,Award,AA4673,V19173,AA4673,V19173_2020-69012-31871_Submission_030725_Sponsor Prior Approval Request_General information_20260306.png,.png,image/png,122930,1f8001cdb94e767d5fc7e53515ad1a2e66a02cc7eae83afeac730e9d8ddd1ce7,AA4673/Post Award Submission notes and forms/Post Award Submission notes and forms/Completed Submission/030725_Sponsor Prior Approval Request_20250210/V19173_2020-69012-31871_Submission_030725_Sponsor Prior Approval Request_General information_20260306.png,VERAS,N,
DOC-ac7ec6c8a325,DOC-POST-AWARD-NF,Post Award Submission notes and forms,Award,AA4673,V19173,AA4673,V19173_2020-69012-31871_Submission_030725_Sponsor Prior Approval Request_Internal Submission Routing_20260306.png,.png,image/png,93888,ac7ec6c8a3254e6e8d567a9269cc60929349b68a6aaf744a508ea296e86e04c8,AA4673/Post Award Submission notes and forms/Post Award Submission notes and forms/Completed Submission/030725_Sponsor Prior Approval Request_20250210/V19173_2020-69012-31871_Submission_030725_Sponsor Prior Approval Request_Internal Submission Routing_20260306.png,VERAS,N,
DOC-328d9fb51c7d-1,DOC-POST-AWARD-NF,Post Award Submission notes and forms,Award,AA4673,V19173,AA4673,V19173_2020-69012-31871_Submission_030725_Sponsor Prior Approval Request_Mod1_20260306.pdf,.pdf,application/pdf,5888,328d9fb51c7d93557fc2e4528c82ceb0a6cd75cd193d3e09d1c91d2b494d9861,AA4673/Post Award Submission notes and forms/Post Award Submission notes and forms/Completed Submission/030725_Sponsor Prior Approval Request_20250210/V19173_2020-69012-31871_Submission_030725_Sponsor Prior Approval Request_Mod1_20260306.pdf,VERAS,Y,duplicate_content
DOC-637be8e1797f,DOC-POST-AWARD-NF,Post Award Submission notes and forms,Award,AA4673,V19173,AA4673,V19173_2020-69012-31871_Submission_030725_Sponsor Prior Approval Request_Outcome Letter_20260306.pdf,.pdf,application/pdf,108678,637be8e1797fc841b3a83f892db571b8f7936abfa4b5d08c567be085a674a89d,AA4673/Post Award Submission notes and forms/Post Award Submission notes and forms/Completed Submission/030725_Sponsor Prior Approval Request_20250210/V19173_2020-69012-31871_Submission_030725_Sponsor Prior Approval Request_Outcome Letter_20260306.pdf,VERAS,N,
DOC-880583709f41,DOC-POST-AWARD-NF,Post Award Submission notes and forms,Award,AA4673,V19173,AA4673,V19173_2020-69012-31871_Submission_030725_Sponsor Prior Approval Request_Pre-review Screening_20260306.png,.png,image/png,55182,880583709f41cecab9c6f4b719c00c847500849cd69269272d8f2f7def199d81,AA4673/Post Award Submission notes and forms/Post Award Submission notes and forms/Completed Submission/030725_Sponsor Prior Approval Request_20250210/V19173_2020-69012-31871_Submission_030725_Sponsor Prior Approval Request_Pre-review Screening_20260306.png,VERAS,N,duplicate_filename
DOC-2099146b5b43,DOC-POST-AWARD-NF,Post Award Submission notes and forms,Award,AA4673,V19173,AA4673,032577_AMND7received_20260306.pdf,.pdf,application/pdf,44578,2099146b5b435224b33b22c287ce6619cd02ec73e28a3e06dd0caf7c0840a1a1,AA4673/Post Award Submission notes and forms/Post Award Submission notes and forms/Completed Submission/032577_Sponsor Prior Approval Request_20250715/Correspondence/032577_AMND7received_20260306.pdf,VERAS,N,
DOC-38ec7160bd90,DOC-POST-AWARD-NF,Post Award Submission notes and forms,Award,AA4673,V19173,AA4673,032577_iRIS_ Submission Correspondence_20260306.pdf,.pdf,application/pdf,88877,38ec7160bd902d95b4ad9f207b81fecb05568c5df1e718e33dda60f671576583,AA4673/Post Award Submission notes and forms/Post Award Submission notes and forms/Completed Submission/032577_Sponsor Prior Approval Request_20250715/Correspondence/032577_iRIS_ Submission Correspondence_20260306.pdf,VERAS,N,
DOC-70c86aefe6d8,DOC-POST-AWARD-NF,Post Award Submission notes and forms,Award,AA4673,V19173,AA4673,Modification Processed for V19173 AA4673 AMD 7 Re-budget for Equipment_20260306.pdf,.pdf,application/pdf,102768,70c86aefe6d81cb1ad2abd121af450c60319f476cc628aafe5c4d9b60179c4b1,AA4673/Post Award Submission notes and forms/Post Award Submission notes and forms/Completed Submission/032577_Sponsor Prior Approval Request_20250715/Correspondence/Modification Processed for V19173 AA4673 AMD 7 Re-budget for Equipment_20260306.pdf,VERAS,N,
DOC-0f6498a30a7e-1,DOC-POST-AWARD-NF,Post Award Submission notes and forms,Award,AA4673,V19173,AA4673,V19173_2020-69012-31871_Submission_032577_Sponsor Prior Approval Request_Outcome_AMD7Budget1_20260306.pdf,.pdf,application/pdf,2631,0f6498a30a7e2c777faa4d5c13719a9520f40841cd4d04136d60081b592ec40a,AA4673/Post Award Submission notes and forms/Post Award Submission notes and forms/Completed Submission/032577_Sponsor Prior Approval Request_20250715/Outcome/V19173_2020-69012-31871_Submission_032577_Sponsor Prior Approval Request_Outcome_AMD7Budget1_20260306.pdf,VERAS,Y,duplicate_content
DOC-bfd864b29c08-1,DOC-POST-AWARD-NF,Post Award Submission notes and forms,Award,AA4673,V19173,AA4673,V19173_2020-69012-31871_Submission_032577_Sponsor Prior Approval Request_Outcome_AMD7_20260306.pdf,.pdf,application/pdf,5354,bfd864b29c085bf04b299c76b3d17e16d2897ea31c679f3d0219d8dc22d3b410,AA4673/Post Award Submission notes and forms/Post Award Submission notes and forms/Completed Submission/032577_Sponsor Prior Approval Request_20250715/Outcome/V19173_2020-69012-31871_Submission_032577_Sponsor Prior Approval Request_Outcome_AMD7_20260306.pdf,VERAS,Y,duplicate_content
DOC-85287b6acf56-1,DOC-POST-AWARD-NF,Post Award Submission notes and forms,Award,AA4673,V19173,AA4673,V19173_2020-69012-31871_Submission_032577_Sponsor Prior Approval Request_Outcome_APPLPIPD_20260306.pdf,.pdf,application/pdf,1803,85287b6acf56ac7c80c087db27721055a49527e7da53bdcba505337141472296,AA4673/Post Award Submission notes and forms/Post Award Submission notes and forms/Completed Submission/032577_Sponsor Prior Approval Request_20250715/Outcome/V19173_2020-69012-31871_Submission_032577_Sponsor Prior Approval Request_Outcome_APPLPIPD_20260306.pdf,VERAS,Y,duplicate_content
DOC-8e794428f357,DOC-POST-AWARD-NF,Post Award Submission notes and forms,Award,AA4673,V19173,AA4673,032577_Sponsor Prior Approval Request and Chen_Quotation_20260603.pdf,.pdf,application/pdf,659444,8e794428f3572ed3dba3c63047f4cec53cd31b08513b309397759a62311e6695,AA4673/Post Award Submission notes and forms/Post Award Submission notes and forms/Completed Submission/032577_Sponsor Prior Approval Request_20250715/Submission Components/032577_Sponsor Prior Approval Request and Chen_Quotation_20260603.pdf,VERAS,N,
DOC-5b0c0591ea3e,DOC-POST-AWARD-NF,Post Award Submission notes and forms,Award,AA4673,V19173,AA4673,V19173_2020-69012-31871_Submission_032577_Sponsor Prior Approval Request_GeneralInformation_20260304.png,.png,image/png,124912,5b0c0591ea3e17426edd17bde722c7cbf5d06cffd05402469be94677a6a79c8c,AA4673/Post Award Submission notes and forms/Post Award Submission notes and forms/Completed Submission/032577_Sponsor Prior Approval Request_20250715/V19173_2020-69012-31871_Submission_032577_Sponsor Prior Approval Request_GeneralInformation_20260304.png,VERAS,N,
DOC-123f6694d39e,DOC-POST-AWARD-NF,Post Award Submission notes and forms,Award,AA4673,V19173,AA4673,V19173_2020-69012-31871_Submission_032577_Sponsor Prior Approval Request_Internal Submission Routing_20260306.png,.png,image/png,56124,123f6694d39e799710c80688a6b4c74cc6626cbe9fe9c62a2d5beed2ae9d67eb,AA4673/Post Award Submission notes and forms/Post Award Submission notes and forms/Completed Submission/032577_Sponsor Prior Approval Request_20250715/V19173_2020-69012-31871_Submission_032577_Sponsor Prior Approval Request_Internal Submission Routing_20260306.png,VERAS,N,
DOC-aa6c59bf5aac,DOC-POST-AWARD-NF,Post Award Submission notes and forms,Award,AA4673,V19173,AA4673,V19173_2020-69012-31871_Submission_032577_Sponsor Prior Approval Request_Pre-review Screening_20260306.png,.png,image/png,56486,aa6c59bf5aac9f2a51bd97ddbac74d6a9caa0ef3c20a13a86eec4704f6d244a6,AA4673/Post Award Submission notes and forms/Post Award Submission notes and forms/Completed Submission/032577_Sponsor Prior Approval Request_20250715/V19173_2020-69012-31871_Submission_032577_Sponsor Prior Approval Request_Pre-review Screening_20260306.png,VERAS,N,
DOC-3ba5546a85a1,DOC-POST-AWARD-NF,Post Award Submission notes and forms,Award,AA4673,V19173,AA4673,V19173_2020-69012-31871_Submission_032577_Sponsor Prior Approval Request_SubmissionComplete_20260306.pdf,.pdf,application/pdf,659444,3ba5546a85a14bd41d2854d2896548226f72ae89a4cff03d1c3271718f17e5d4,AA4673/Post Award Submission notes and forms/Post Award Submission notes and forms/Completed Submission/032577_Sponsor Prior Approval Request_20250715/V19173_2020-69012-31871_Submission_032577_Sponsor Prior Approval Request_SubmissionComplete_20260306.pdf,VERAS,N,
DOC-55f53a2c813a,DOC-POST-AWARD-NF,Post Award Submission notes and forms,Award,AA4673,V19173,AA4673,V19173_2020-69012-31871_Submission_032577_Sponsor Prior Approval Request_iRIS_ Post Award Outcome Letter_20260306.pdf,.pdf,application/pdf,84141,55f53a2c813a407828eeb611f0c5427a19d1c5e9f78611ec0e3d871b6474deff,AA4673/Post Award Submission notes and forms/Post Award Submission notes and forms/Completed Submission/032577_Sponsor Prior Approval Request_20250715/V19173_2020-69012-31871_Submission_032577_Sponsor Prior Approval Request_iRIS_ Post Award Outcome Letter_20260306.pdf,VERAS,N,
DOC-d7f01bc4ae03,DOC-POST-AWARD-NF,Post Award Submission notes and forms,Award,AA4673,V19173,AA4673,V19173__2020-69012-31871_Submission_032577_Sponsor Prior Approval Request_SubmissionHistory_20260306.png,.png,image/png,129632,d7f01bc4ae037f1b8303c4a1ff1487be12570a3ca742f56ed2b8c8da5708ddf6,AA4673/Post Award Submission notes and forms/Post Award Submission notes and forms/Completed Submission/032577_Sponsor Prior Approval Request_20250715/V19173__2020-69012-31871_Submission_032577_Sponsor Prior Approval Request_SubmissionHistory_20260306.png,VERAS,N,
DOC-8eeaa0ea12af,DOC-PROPOSAL,Proposal,Proposal,V19173,V19173,AA4673,V19173_2020-69012-31871_Proposal_20260303.pdf,.pdf,application/pdf,3281411,8eeaa0ea12af409a433e4acbe3a9fc1fb656f506a6e9c04c5ff27d20e39fea91,AA4673/Proposal/V19173_2020-69012-31871_Proposal_20260303.pdf,VERAS,N,
DOC-6290da185503,DOC-SUBAWARD,Subawards,Award,AA4673,V19173,AA4673,V19173_2020-69012-31871_Subawards_77179_NCSt. University_Mod1_20210317_20260306.pdf,.pdf,application/pdf,619193,6290da1855037e748b62913ac40436d14f8e74829399fb606031388640a9c762,AA4673/Subaward/North Carolina St. University/V19173_2020-69012-31871_Subawards_77179_NCSt. University_Mod1_20210317_20260306.pdf,VERAS,N,
DOC-dc93db3324bf,DOC-SUBAWARD,Subawards,Award,AA4673,V19173,AA4673,V19173_2020-69012-31871_Subawards_77179_NCSt. University_Mod1rev_20210407_20260306.pdf,.pdf,application/pdf,648273,dc93db3324bf5ad8976547024702bfe31deec6d3adf2e7ea18eeec6c6fc49c5a,AA4673/Subaward/North Carolina St. University/V19173_2020-69012-31871_Subawards_77179_NCSt. University_Mod1rev_20210407_20260306.pdf,VERAS,N,
DOC-293b3329c4f2,DOC-SUBAWARD,Subawards,Award,AA4673,V19173,AA4673,V19173_2020-69012-31871_Subawards_77179_NCSt. University_Mod2_20250506_20260306.pdf,.pdf,application/pdf,6685509,293b3329c4f2164805fc7d3fddbe2e620980f653c720d0894151beccdc4b2475,AA4673/Subaward/North Carolina St. University/V19173_2020-69012-31871_Subawards_77179_NCSt. University_Mod2_20250506_20260306.pdf,VERAS,N,
DOC-c7ba58dd5092,DOC-SUBAWARD,Subawards,Award,AA4673,V19173,AA4673,V19173_2020-69012-31871_Subawards_77179_NCSt. University_Subrecipient Contact(s)_20260306.png,.png,image/png,85658,c7ba58dd50924ba48a1605fd440045965aaa6d47168f45334915231dbe7bbb61,AA4673/Subaward/North Carolina St. University/V19173_2020-69012-31871_Subawards_77179_NCSt. University_Subrecipient Contact(s)_20260306.png,VERAS,N,
DOC-b4791e24e7b3,DOC-SUBAWARD,Subawards,Award,AA4673,V19173,AA4673,V19173_2020-69012-31871_Subawards_77179_North Carolina St. University_Agreement_20201008_20260306.pdf,.pdf,application/pdf,7071225,b4791e24e7b397c41eeef042b96b75964e194a273b64877bfb5c095802359dd6,AA4673/Subaward/North Carolina St. University/V19173_2020-69012-31871_Subawards_77179_North Carolina St. University_Agreement_20201008_20260306.pdf,VERAS,N,
DOC-fd2e3ef3d7c0,DOC-SUBAWARD,Subawards,Award,AA4673,V19173,AA4673,V19173_2020-69012-31871_Subawards_ 771965_SaulGill_Agreement_20230201_20260306.pdf,.pdf,application/pdf,2682068,fd2e3ef3d7c0a7918fcd1a6a1b78fb1814a4aace76a285c2bb8f6fe71412f4b6,AA4673/Subaward/SaulGill LLC/V19173_2020-69012-31871_Subawards_ 771965_SaulGill_Agreement_20230201_20260306.pdf,VERAS,N,
DOC-f5fe48e085a9,DOC-SUBAWARD,Subawards,Award,AA4673,V19173,AA4673,V19173_2020-69012-31871_Subawards_ 771965_SaulGill_Mod1_20230208_20260306.pdf,.pdf,application/pdf,6330688,f5fe48e085a9630a6e63f7265a77056b6be6e0c24879fcc780a7f0af3c42cca6,AA4673/Subaward/SaulGill LLC/V19173_2020-69012-31871_Subawards_ 771965_SaulGill_Mod1_20230208_20260306.pdf,VERAS,N,
DOC-f60724637185,DOC-SUBAWARD,Subawards,Award,AA4673,V19173,AA4673,V19173_2020-69012-31871_Subawards_ 771965_SaulGill_Mod2_20230313_20260306.pdf,.pdf,application/pdf,7786313,f60724637185e467c06c78383d060ed95b58790af7d6fb573a0e0e0d70cfd1a6,AA4673/Subaward/SaulGill LLC/V19173_2020-69012-31871_Subawards_ 771965_SaulGill_Mod2_20230313_20260306.pdf,VERAS,N,
DOC-734f96be4fa0,DOC-SUBAWARD,Subawards,Award,AA4673,V19173,AA4673,V19173_2020-69012-31871_Subawards_ 771965_SaulGill_Mod3_20240118_20260306.pdf,.pdf,application/pdf,7496195,734f96be4fa0c86dba6a44d152e390c6121e3aa4b045a75ef71594bfdbdd429c,AA4673/Subaward/SaulGill LLC/V19173_2020-69012-31871_Subawards_ 771965_SaulGill_Mod3_20240118_20260306.pdf,VERAS,N,
DOC-ad8d83620f35,DOC-SUBAWARD,Subawards,Award,AA4673,V19173,AA4673,V19173_2020-69012-31871_Subawards_ 771965_SaulGill_Mod4_20250104_20260306.pdf,.pdf,application/pdf,8997267,ad8d83620f35b6f6f1ae04ca544e2ceb13874c1b0b7d8a60d1be838300ed874e,AA4673/Subaward/SaulGill LLC/V19173_2020-69012-31871_Subawards_ 771965_SaulGill_Mod4_20250104_20260306.pdf,VERAS,N,
DOC-5fbf13d0b958,DOC-SUBAWARD,Subawards,Award,AA4673,V19173,AA4673,V19173_2020-69012-31871_Subawards_ 771965_SaulGill_Mod5_20250522_20260306.pdf,.pdf,application/pdf,7040645,5fbf13d0b95877dc49b74775779e5f6db7a069f2a5b23c8c7b495a5659216657,AA4673/Subaward/SaulGill LLC/V19173_2020-69012-31871_Subawards_ 771965_SaulGill_Mod5_20250522_20260306.pdf,VERAS,N,
DOC-e5306de772cd,DOC-SUBAWARD,Subawards,Award,AA4673,V19173,AA4673,V19173_2020-69012-31871_Subawards_77179_SaulGill_Subrecipient Contact(s)_20260306.png,.png,image/png,82109,e5306de772cd54a519e8a841c51c97cc33cc0660c65adbba633cc8ff88cfbaa0,AA4673/Subaward/SaulGill LLC/V19173_2020-69012-31871_Subawards_77179_SaulGill_Subrecipient Contact(s)_20260306.png,VERAS,N,
DOC-ce078492a341,DOC-AWARD-INST,Award Instrument,Award,AA6006,V210392,AA6006,V210392_2022-68006-36434_Award_Instrument_NIFA_Revised_Award_Notification_V01_20260304.pdf,.pdf,application/pdf,5860,ce078492a341bc696f332e80a394ca57913fc49eca8a278339ef2653330273bc,AA6006/Award Instrument/V210392_2022-68006-36434_Award_Instrument_NIFA_Revised_Award_Notification_V01_20260304.pdf,VERAS,N,duplicate_content
DOC-91fb16be829e,DOC-AWARD-INST,Award Instrument,Award,AA6006,V210392,AA6006,V210392_2022-68006-36434_Award_Instruments_Agency_Letter_V01_20260304.pdf,.pdf,application/pdf,303405,91fb16be829ecd192bad23bace04ebfe5ba88f4499a978610d18f91931159111,AA6006/Award Instrument/V210392_2022-68006-36434_Award_Instruments_Agency_Letter_V01_20260304.pdf,VERAS,N,
DOC-30697ba58a74,DOC-AWARD-INST,Award Instrument,Award,AA6006,V210392,AA6006,V210392_2022-68006-36434_Award_Instruments_Amendment_3_V01_20260304.pdf,.pdf,application/pdf,15152,30697ba58a741991d05de2760ed10676e6e01a4a78a19b607cbfc4407c129f27,AA6006/Award Instrument/V210392_2022-68006-36434_Award_Instruments_Amendment_3_V01_20260304.pdf,VERAS,N,duplicate_content
DOC-b1e15a536d03,DOC-AWARD-INST,Award Instrument,Award,AA6006,V210392,AA6006,V210392_2022-68006-36434_Award_Instruments_Award_Amendment_4_V01_20260304.pdf,.pdf,application/pdf,10184,b1e15a536d03f09ce3b2fc072564c078415c3168d6346e315999f7cfdf53c96d,AA6006/Award Instrument/V210392_2022-68006-36434_Award_Instruments_Award_Amendment_4_V01_20260304.pdf,VERAS,N,
DOC-de9af4483f6e,DOC-AWARD-INST,Award Instrument,Award,AA6006,V210392,AA6006,V210392_2022-68006-36434_Award_Instruments_Award_FACE_SHEET_V01_20260304.pdf,.pdf,application/pdf,81484,de9af4483f6e58a9f22ceed15c7f9a4018b53edab5502c60a5bb5e76fe2002c6,AA6006/Award Instrument/V210392_2022-68006-36434_Award_Instruments_Award_FACE_SHEET_V01_20260304.pdf,VERAS,N,duplicate_content
DOC-89a9fd555e53,DOC-AWARD-INST,Award Instrument,Award,AA6006,V210392,AA6006,V210392_2022-68006-36434_Award_Instruments_CO-PI_Change_Amendment_5_V01_20260304.pdf,.pdf,application/pdf,391939,89a9fd555e537ee8e5cb42180045c26fbd41fbb84ae620bb4d1587fe6f0a723a,AA6006/Award Instrument/V210392_2022-68006-36434_Award_Instruments_CO-PI_Change_Amendment_5_V01_20260304.pdf,VERAS,N,
DOC-5c275c093a32,DOC-AWARD-INST,Award Instrument,Award,AA6006,V210392,AA6006,V210392_2022-68006-36434_Award_Instruments_Laura_Laumatia's_CV_V01_20260304.pdf,.pdf,application/pdf,251867,5c275c093a32f5c130ee2a08850a72e1f16c40fb3e4cedefe32dcc2833a45ffc,AA6006/Award Instrument/V210392_2022-68006-36434_Award_Instruments_Laura_Laumatia's_CV_V01_20260304.pdf,VERAS,N,
DOC-75275afc8619,DOC-AWARD-INST,Award Instrument,Award,AA6006,V210392,AA6006,V210392_2022-68006-36434_Award_Instruments_MOD1_AOR_Approval_V01_20260304.pdf,.pdf,application/pdf,5369,75275afc8619cb6ecdacae29e3f7e8193716fa43fcda3ff5cc5b9c955b3ea030,AA6006/Award Instrument/V210392_2022-68006-36434_Award_Instruments_MOD1_AOR_Approval_V01_20260304.pdf,VERAS,N,duplicate_content
DOC-db3b0b28d673,DOC-AWARD-INST,Award Instrument,Award,AA6006,V210392,AA6006,V210392_2022-68006-36434_Award_Instruments_Request_for_Change_CO-PD_V01_20260304.pdf,.pdf,application/pdf,109139,db3b0b28d673b8770161e38a43a91cffe6f491449fa44f90025f41825347af22,AA6006/Award Instrument/V210392_2022-68006-36434_Award_Instruments_Request_for_Change_CO-PD_V01_20260304.pdf,VERAS,N,
DOC-2cc73a42ca8b,DOC-LINKED-SUB,Linked Submissions,Proposal,V210392,V210392,AA6006,V210392_2022-68006-36434_Linked_Submissions_Export_Banner_20220202_20260304.pdf,.pdf,application/pdf,1302328,2cc73a42ca8bd259a21174191104a269ddafca24710a78e56cbe1235dbdc2248,AA6006/Linked Submissions/V210392_2022-68006-36434_Linked_Submissions_Export_Banner_20220202_20260304.pdf,VERAS,N,
DOC-3d505607f6b8,DOC-LINKED-SUB,Linked Submissions,Proposal,V210392,V210392,AA6006,V210392_2022-68006-36434_Linked_Submissions_Post_Award_Admin_Processing_Point_Contact_Change_20230531_20260304.pdf,.pdf,application/pdf,21556,3d505607f6b89a40e8293aa95019257c7fa0a17dc1caf36ca54c3eaa05a4d075,AA6006/Linked Submissions/V210392_2022-68006-36434_Linked_Submissions_Post_Award_Admin_Processing_Point_Contact_Change_20230531_20260304.pdf,VERAS,N,
DOC-c33c8bee9a4e,DOC-LINKED-SUB,Linked Submissions,Proposal,V210392,V210392,AA6006,V210392_2022-68006-36434_Linked_Submissions_Post_Award_Mod_Processing_Form_Amendment_2_20221104_20260304.pdf,.pdf,application/pdf,50442,c33c8bee9a4eb18d23118f34f9e53afaa62daa648d9ddd1caab85df4e3181ff1,AA6006/Linked Submissions/V210392_2022-68006-36434_Linked_Submissions_Post_Award_Mod_Processing_Form_Amendment_2_20221104_20260304.pdf,VERAS,N,
DOC-2e17ea30ad0c,DOC-LINKED-SUB,Linked Submissions,Proposal,V210392,V210392,AA6006,V210392_2022-68006-36434_Linked_Submissions_Post_Award_Mod_Processing_Form_MOD_1_20220802_20260304.pdf,.pdf,application/pdf,45077,2e17ea30ad0c9255975d0df06ce217094d8d14ecdad352ed336bf897b958fe7d,AA6006/Linked Submissions/V210392_2022-68006-36434_Linked_Submissions_Post_Award_Mod_Processing_Form_MOD_1_20220802_20260304.pdf,VERAS,N,
DOC-75275afc8619-1,DOC-LINKED-SUB,Linked Submissions,Proposal,V210392,V210392,AA6006,V210392_2022-68006-36434_Linked_Submissions_Post_Award_Mod_Processing_Form_MOD_1_AOR_Approval_20220802_20260304.pdf,.pdf,application/pdf,5369,75275afc8619cb6ecdacae29e3f7e8193716fa43fcda3ff5cc5b9c955b3ea030,AA6006/Linked Submissions/V210392_2022-68006-36434_Linked_Submissions_Post_Award_Mod_Processing_Form_MOD_1_AOR_Approval_20220802_20260304.pdf,VERAS,Y,duplicate_content
DOC-82caa43d148a,DOC-LINKED-SUB,Linked Submissions,Proposal,V210392,V210392,AA6006,V210392_2022-68006-36434_Linked_Submissions_Post_Award_Mod_Processing_Form_MOD_3_PENDING_20221110_20260304.pdf,.pdf,application/pdf,44707,82caa43d148a9c5c4eaa6a78c70a9e3caf5d6ee32b0843b5d4705158e3729bb6,AA6006/Linked Submissions/V210392_2022-68006-36434_Linked_Submissions_Post_Award_Mod_Processing_Form_MOD_3_PENDING_20221110_20260304.pdf,VERAS,N,
DOC-80efbb7cb9bf,DOC-LINKED-SUB,Linked Submissions,Proposal,V210392,V210392,AA6006,V210392_2022-68006-36434_Linked_Submissions_Sponsor_Prior_Approval_Request_Amendment_4_20230528_20260304.pdf,.pdf,application/pdf,337249,80efbb7cb9bf12a15049a62e2ad5b09a8b849b222c45fb2ac384eb3e80b51826,AA6006/Linked Submissions/V210392_2022-68006-36434_Linked_Submissions_Sponsor_Prior_Approval_Request_Amendment_4_20230528_20260304.pdf,VERAS,N,
DOC-79f7128b8e68,DOC-LINKED-SUB,Linked Submissions,Proposal,V210392,V210392,AA6006,V210392_2022-68006-36434_Linked_Submissions_Sponsor_Prior_Approval_Request_Amendment_5_20240627_20260304.pdf,.pdf,application/pdf,317397,79f7128b8e688c7f89b2516c1879cd43afbd17316aff2865ea4b464ff976f3e1,AA6006/Linked Submissions/V210392_2022-68006-36434_Linked_Submissions_Sponsor_Prior_Approval_Request_Amendment_5_20240627_20260304.pdf,VERAS,N,
DOC-4f05853fbdb8,DOC-LINKED-SUB,Linked Submissions,Proposal,V210392,V210392,AA6006,V210392_2022-68006-36434_Linked_Submissions_Sponsor_Prior_Approval_Request_Mod_3_20221005_20260304.pdf,.pdf,application/pdf,1566823,4f05853fbdb878c67c07c56c53cd1fc490672c2b605e134f21363b315df8efb7,AA6006/Linked Submissions/V210392_2022-68006-36434_Linked_Submissions_Sponsor_Prior_Approval_Request_Mod_3_20221005_20260304.pdf,VERAS,N,
DOC-0b2f4ed05371,DOC-ORIG-BUDGET,Original Budget,Proposal,V210392,V210392,AA6006,V210392_2022-68006-36434_Orignal_Budget_AFRI_Budget_Food_Soveriegnty_CDA_NPT_TFFA_20260306.xlsx,.xlsx,application/vnd.openxmlformats-officedocument.spreadsheetml.sheet,415247,0b2f4ed05371ffa9ad7b9c8c8857287a5e0fd439f30180376dfb9425d51e5f39,AA6006/Original Budget/V210392_2022-68006-36434_Orignal_Budget_AFRI_Budget_Food_Soveriegnty_CDA_NPT_TFFA_20260306.xlsx,VERAS,N,
DOC-11fd359feec6,DOC-ORIG-BUDGET,Original Budget,Proposal,V210392,V210392,AA6006,V210392_2022-68006-36434_Orignal_Budget_Basic_Budget_20260306.jpeg,.jpeg,image/jpeg,84432,11fd359feec690c9231c7bdb8d697b66f12eed9adf4675e9c62263559bcf9cad,AA6006/Original Budget/V210392_2022-68006-36434_Orignal_Budget_Basic_Budget_20260306.jpeg,VERAS,N,
DOC-2ac274e7c381,DOC-ORIG-BUDGET,Original Budget,Proposal,V210392,V210392,AA6006,V210392_2022-68006-36434_Orignal_Budget_Budget_Justification_Food_Sov_Tribes_Saul_TFFA_20260306.docx,.docx,application/vnd.openxmlformats-officedocument.wordprocessingml.document,38659,2ac274e7c3810095725fe958bfcb02f45c16cd47aeecf7cfffd5049acb6a9175,AA6006/Original Budget/V210392_2022-68006-36434_Orignal_Budget_Budget_Justification_Food_Sov_Tribes_Saul_TFFA_20260306.docx,VERAS,N,
DOC-2e5cd599b048,DOC-ORIG-BUDGET,Original Budget,Proposal,V210392,V210392,AA6006,V210392_2022-68006-36434_Orignal_Budget_Budget_Setup_20260306.jpeg,.jpeg,image/jpeg,188190,2e5cd599b048ae0e5aaf8350b3a9819a771347ac3a86f65e5edb342dfeac2014,AA6006/Original Budget/V210392_2022-68006-36434_Orignal_Budget_Budget_Setup_20260306.jpeg,VERAS,N,
DOC-945aeda43931,DOC-ORIG-BUDGET,Original Budget,Proposal,V210392,V210392,AA6006,V210392_2022-68006-36434_Orignal_Budget_FInal_TFFA_Calculator_20260306.pdf,.pdf,application/pdf,84338,945aeda43931bcd38e37c5703e3e9dd6b2b84908304da2b45ce149cf3ab3b449,AA6006/Original Budget/V210392_2022-68006-36434_Orignal_Budget_FInal_TFFA_Calculator_20260306.pdf,VERAS,N,
DOC-1b89c21658e2,DOC-POST-AWARD,Post Award Submission,Award,AA6006,V210392,AA6006,V210392_2022-68006-36434_Submission_Proposal_Form_Correspondence_20260304.pdf,.pdf,application/pdf,150783,1b89c21658e2f90897298d28f7b9b5fbb96d66ddc6efdd866121ee041051f078,AA6006/Post Award Submission/013829_Proposal_Form_20210725/Correspondence/V210392_2022-68006-36434_Submission_Proposal_Form_Correspondence_20260304.pdf,VERAS,N,
DOC-25ebfbb85227,DOC-POST-AWARD,Post Award Submission,Award,AA6006,V210392,AA6006,V210392_2022-68006-36434_Submission_Proposal_Form_Correspondence_New_Award_20211222_20260304.pdf,.pdf,application/pdf,119058,25ebfbb852276871371c6e4d98f0423292d7bd47f25ed8a00eb782932b6a41a0,AA6006/Post Award Submission/013829_Proposal_Form_20210725/Correspondence/V210392_2022-68006-36434_Submission_Proposal_Form_Correspondence_New_Award_20211222_20260304.pdf,VERAS,N,
DOC-6d248b4e2953,DOC-POST-AWARD,Post Award Submission,Award,AA6006,V210392,AA6006,V210392_2022-68006-36434_Submission_Proposal_Form_Correspondence_RE_AWARD_NOTIFICATION_1_20220207_20260304.pdf,.pdf,application/pdf,220152,6d248b4e29531d28e4c1a6f69845ce0e431da5e01dda3bd4fd0a46c14037174a,AA6006/Post Award Submission/013829_Proposal_Form_20210725/Correspondence/V210392_2022-68006-36434_Submission_Proposal_Form_Correspondence_RE_AWARD_NOTIFICATION_1_20220207_20260304.pdf,VERAS,N,
DOC-2208026ce34d,DOC-POST-AWARD,Post Award Submission,Award,AA6006,V210392,AA6006,V210392_2022-68006-36434_Submission_Proposal_Form_Correspondence_RE_AWARD_NOTIFICATION_2_20220207_20260304.pdf,.pdf,application/pdf,220152,2208026ce34d334c20bf470cb78d1fb6acefb2a4380fc3f451eda32cfa1b6e85,AA6006/Post Award Submission/013829_Proposal_Form_20210725/Correspondence/V210392_2022-68006-36434_Submission_Proposal_Form_Correspondence_RE_AWARD_NOTIFICATION_2_20220207_20260304.pdf,VERAS,N,
DOC-09f49ff9e13a,DOC-POST-AWARD,Post Award Submission,Award,AA6006,V210392,AA6006,V210392_2022-68006-36434_Submission_Proposal_Form_Correspondence_RE_AWARD_NOTIFICATION_Signed_Letter_of_Certification_20220207_20260304.pdf,.pdf,application/pdf,677531,09f49ff9e13af3f87d4bfca0e1f4a5664d0caad2989475e14ddea57b1efc10aa,AA6006/Post Award Submission/013829_Proposal_Form_20210725/Correspondence/V210392_2022-68006-36434_Submission_Proposal_Form_Correspondence_RE_AWARD_NOTIFICATION_Signed_Letter_of_Certification_20220207_20260304.pdf,VERAS,N,
DOC-3c56fe19803b,DOC-POST-AWARD,Post Award Submission,Award,AA6006,V210392,AA6006,V210392_2022-68006-36434_Submission_Proposal_Form_Correspondence_RE_Grant_Code_20220223_20260304.pdf,.pdf,application/pdf,151970,3c56fe19803ba043153f54f9ed9297f508e185e35132a1ae4d9d3c681f52e775,AA6006/Post Award Submission/013829_Proposal_Form_20210725/Correspondence/V210392_2022-68006-36434_Submission_Proposal_Form_Correspondence_RE_Grant_Code_20220223_20260304.pdf,VERAS,N,
DOC-c981ffbeae1c,DOC-POST-AWARD,Post Award Submission,Award,AA6006,V210392,AA6006,V210392_2022-68006-36434_Submission_Proposal_Form_Correspondence_RE_Grant_Code_Award_20220223_20260304.pdf,.pdf,application/pdf,79432,c981ffbeae1cc7f94918c7389e39a25a8a0a4edf765983a1d55f1d2e073f2b4b,AA6006/Post Award Submission/013829_Proposal_Form_20210725/Correspondence/V210392_2022-68006-36434_Submission_Proposal_Form_Correspondence_RE_Grant_Code_Award_20220223_20260304.pdf,VERAS,N,
DOC-9fc144dcba07,DOC-POST-AWARD,Post Award Submission,Award,AA6006,V210392,AA6006,V210392_2022-68006-36434_Submission_Proposal_Form_General_Information_20260304.pdf,.pdf,application/pdf,167954,9fc144dcba0787dbb7bc4112ac04a0ee6664f622e916dfcbd89cb631819c3190,AA6006/Post Award Submission/013829_Proposal_Form_20210725/Correspondence/V210392_2022-68006-36434_Submission_Proposal_Form_General_Information_20260304.pdf,VERAS,N,duplicate_filename;duplicate_content
DOC-9fc144dcba07-1,DOC-POST-AWARD,Post Award Submission,Award,AA6006,V210392,AA6006,V210392_2022-68006-36434_Submission_Proposal_Form_General_Information_20260304.pdf,.pdf,application/pdf,167954,9fc144dcba0787dbb7bc4112ac04a0ee6664f622e916dfcbd89cb631819c3190,AA6006/Post Award Submission/013829_Proposal_Form_20210725/General Information/V210392_2022-68006-36434_Submission_Proposal_Form_General_Information_20260304.pdf,VERAS,Y,duplicate_filename;duplicate_content
DOC-e72065df318a,DOC-POST-AWARD,Post Award Submission,Award,AA6006,V210392,AA6006,V210392_2022-68006-36434_Submission_Proposal_Form_Internal_Submission_Routing_20260304.pdf,.pdf,application/pdf,128394,e72065df318af60aab436e01a5bb1281a5fa49059171048adb583b607926c7ea,AA6006/Post Award Submission/013829_Proposal_Form_20210725/Internal Submission Routing/V210392_2022-68006-36434_Submission_Proposal_Form_Internal_Submission_Routing_20260304.pdf,VERAS,N,
DOC-de9af4483f6e-1,DOC-POST-AWARD,Post Award Submission,Award,AA6006,V210392,AA6006,V210392_2022-68006-36434_Submission_Proposal_Form_Outcomes_2021_10052_2009_V0_V01_20260304.pdf,.pdf,application/pdf,81484,de9af4483f6e58a9f22ceed15c7f9a4018b53edab5502c60a5bb5e76fe2002c6,AA6006/Post Award Submission/013829_Proposal_Form_20210725/Outcome/V210392_2022-68006-36434_Submission_Proposal_Form_Outcomes_2021_10052_2009_V0_V01_20260304.pdf,VERAS,Y,duplicate_content
DOC-0f005ac6fa45,DOC-POST-AWARD,Post Award Submission,Award,AA6006,V210392,AA6006,V210392_2022-68006-36434_Submission_Proposal_Form_Outcomes_20260304.pdf,.pdf,application/pdf,184712,0f005ac6fa455959166ce80dbed4117e092a220b5e29dc797c541db0eb177d8f,AA6006/Post Award Submission/013829_Proposal_Form_20210725/Outcome/V210392_2022-68006-36434_Submission_Proposal_Form_Outcomes_20260304.pdf,VERAS,N,
DOC-d37714f5e748,DOC-POST-AWARD,Post Award Submission,Award,AA6006,V210392,AA6006,V210392_2022-68006-36434_Submission_Proposal_Form_Prereview_Screening_20260304.pdf,.pdf,application/pdf,132960,d37714f5e748d605d28db47dfcdaebea23442e3307820c46298ff319dba5a148,AA6006/Post Award Submission/013829_Proposal_Form_20210725/Pre-Review Screening/V210392_2022-68006-36434_Submission_Proposal_Form_Prereview_Screening_20260304.pdf,VERAS,N,
DOC-ead10b60d1a9,DOC-POST-AWARD,Post Award Submission,Award,AA6006,V210392,AA6006,V210392_2022-68006-36434_Submission_Proposal_Form_Submission_Complete_20260304.pdf,.pdf,application/pdf,133063,ead10b60d1a96c4a23dec26ff88544cc4f307bed097705ce7cc16562bedb28a6,AA6006/Post Award Submission/013829_Proposal_Form_20210725/Submission Complete/V210392_2022-68006-36434_Submission_Proposal_Form_Submission_Complete_20260304.pdf,VERAS,N,
DOC-c824a3b173e7,DOC-POST-AWARD,Post Award Submission,Award,AA6006,V210392,AA6006,V210392_2022-68006-36434_Submission_Proposal_Form_Submission_History_1_20260304.pdf,.pdf,application/pdf,192603,c824a3b173e7f88626201ed18280f2e0c540a3acf3012b9819f1194342676201,AA6006/Post Award Submission/013829_Proposal_Form_20210725/Submission History/V210392_2022-68006-36434_Submission_Proposal_Form_Submission_History_1_20260304.pdf,VERAS,N,
DOC-eee349ee1058,DOC-POST-AWARD,Post Award Submission,Award,AA6006,V210392,AA6006,V210392_2022-68006-36434_Submission_Proposal_Form_Submission_History_2_20260304.pdf,.pdf,application/pdf,188785,eee349ee1058a9177d804f7007eaabc3a4798aae8be455e04eeaec69a0919a55,AA6006/Post Award Submission/013829_Proposal_Form_20210725/Submission History/V210392_2022-68006-36434_Submission_Proposal_Form_Submission_History_2_20260304.pdf,VERAS,N,
DOC-6674695d62d1,DOC-POST-AWARD,Post Award Submission,Award,AA6006,V210392,AA6006,V210392_2022-68006-36434_Submission_Proposal_Form_Submission_History_Signoff_Assign_Department_Personnel_for_Signoff_20210615_20260304.png,.png,image/png,63151,6674695d62d12c959d615e634f7fd4e4688308b75027e1ba3d90424e578bf50f,AA6006/Post Award Submission/013829_Proposal_Form_20210725/Submission History/V210392_2022-68006-36434_Submission_Proposal_Form_Submission_History_Signoff_Assign_Department_Personnel_for_Signoff_20210615_20260304.png,VERAS,N,
DOC-40500c30f23f,DOC-POST-AWARD,Post Award Submission,Award,AA6006,V210392,AA6006,V210392_2022-68006-36434_Submission_Proposal_Form_Submission_History_Signoff_Danielle_Scott_CO-PI_20210614_20260304.pdf,.pdf,application/pdf,159061,40500c30f23f4909ac9e03b7a3e2e397ed668449fa3bba3f1ddc02e50f3cad51,AA6006/Post Award Submission/013829_Proposal_Form_20210725/Submission History/V210392_2022-68006-36434_Submission_Proposal_Form_Submission_History_Signoff_Danielle_Scott_CO-PI_20210614_20260304.pdf,VERAS,N,
DOC-130865ebab4a,DOC-POST-AWARD,Post Award Submission,Award,AA6006,V210392,AA6006,V210392_2022-68006-36434_Submission_Proposal_Form_Submission_History_Signoff_Darin_Saul_as_PI_20210614_20260304.pdf,.pdf,application/pdf,159992,130865ebab4afb3fac4d6de296f0d1c2054e69e86bfa2708149794bd91ad24b6,AA6006/Post Award Submission/013829_Proposal_Form_20210725/Submission History/V210392_2022-68006-36434_Submission_Proposal_Form_Submission_History_Signoff_Darin_Saul_as_PI_20210614_20260304.pdf,VERAS,N,
DOC-b6dd470cc598,DOC-POST-AWARD,Post Award Submission,Award,AA6006,V210392,AA6006,V210392_2022-68006-36434_Submission_Proposal_Form_Submission_History_Signoff_Holly_Waters_College_Dean_20210614_20260304.pdf,.pdf,application/pdf,155490,b6dd470cc59819b5a79a018b016874111ebf4d7382db60a71aefb5d301879300,AA6006/Post Award Submission/013829_Proposal_Form_20210725/Submission History/V210392_2022-68006-36434_Submission_Proposal_Form_Submission_History_Signoff_Holly_Waters_College_Dean_20210614_20260304.pdf,VERAS,N,
DOC-e8b702d5e41b,DOC-POST-AWARD,Post Award Submission,Award,AA6006,V210392,AA6006,V210392_2022-68006-36434_Submission_Proposal_Form_Submission_History_Signoff_Marc_Chopin_College_Dean_20210615_20260304.pdf,.pdf,application/pdf,155081,e8b702d5e41b621be0d676bd8eb7d3a29b04f24b68d121870c6d725e29ac508c,AA6006/Post Award Submission/013829_Proposal_Form_20210725/Submission History/V210392_2022-68006-36434_Submission_Proposal_Form_Submission_History_Signoff_Marc_Chopin_College_Dean_20210615_20260304.pdf,VERAS,N,
DOC-5ef393e13b5e,DOC-POST-AWARD,Post Award Submission,Award,AA6006,V210392,AA6006,V210392_2022-68006-36434_Submission_Proposal_Form_Submission_History_Signoff_Shiana_Nomee_CO-PI_20210614_20260304.pdf,.pdf,application/pdf,159070,5ef393e13b5e4f528329b8485adbe518c73a8344ca6702f47da26ae77793dce0,AA6006/Post Award Submission/013829_Proposal_Form_20210725/Submission History/V210392_2022-68006-36434_Submission_Proposal_Form_Submission_History_Signoff_Shiana_Nomee_CO-PI_20210614_20260304.pdf,VERAS,N,
DOC-0d964973974c,DOC-POST-AWARD,Post Award Submission,Award,AA6006,V210392,AA6006,V210392_2022-68006-36434_Submission_Proposal_Form_Submission_History_Signoff_Soren_Mikayla_Newman_CO-PI_20210614_20260304.pdf,.pdf,application/pdf,158997,0d964973974c7e97d272bffc6b6351ef0635d7afffc6af7a404a069bba388126,AA6006/Post Award Submission/013829_Proposal_Form_20210725/Submission History/V210392_2022-68006-36434_Submission_Proposal_Form_Submission_History_Signoff_Soren_Mikayla_Newman_CO-PI_20210614_20260304.pdf,VERAS,N,
DOC-41427500e4ae,DOC-POST-AWARD,Post Award Submission,Award,AA6006,V210392,AA6006,V210392_2022-68006-36434_Submission_Proposal_Form_Submission_History_Signoff_Steven_S_Peterson_CO-PI_20210614_20260304.pdf,.pdf,application/pdf,159253,41427500e4ae5ed70affa13babe31648ce6bbd6d989980a5ebc6ebe5f618535f,AA6006/Post Award Submission/013829_Proposal_Form_20210725/Submission History/V210392_2022-68006-36434_Submission_Proposal_Form_Submission_History_Signoff_Steven_S_Peterson_CO-PI_20210614_20260304.pdf,VERAS,N,
DOC-68a6a9ec2067,DOC-POST-AWARD,Post Award Submission,Award,AA6006,V210392,AA6006,V210392_2022-68006-36434_Submission_018653_Post_Award_Mod_Processing_Form_Correspondence_Mod_1_AOR_approval_20220802_20260304.pdf,.pdf,application/pdf,121077,68a6a9ec20675d4410e7bae21878e38fd09fe0622f36a51a4588c8f09da60c15,AA6006/Post Award Submission/018653_Post_Award__Mod_Processing_Form_20220208/Correspondence/V210392_2022-68006-36434_Submission_018653_Post_Award_Mod_Processing_Form_Correspondence_Mod_1_AOR_approval_20220802_20260304.pdf,VERAS,N,
DOC-e4942ba44bea,DOC-POST-AWARD,Post Award Submission,Award,AA6006,V210392,AA6006,V210392_2022-68006-36434_Submission_018653_Post_Award_Mod_Processing_Form_General_Information_20260304.pdf,.pdf,application/pdf,165993,e4942ba44beae70f9cdb325cc66d507827b6d0948e13eda73df361868bcd8fab,AA6006/Post Award Submission/018653_Post_Award__Mod_Processing_Form_20220208/General Information/V210392_2022-68006-36434_Submission_018653_Post_Award_Mod_Processing_Form_General_Information_20260304.pdf,VERAS,N,
DOC-bb8926002f09,DOC-POST-AWARD,Post Award Submission,Award,AA6006,V210392,AA6006,V210392_2022-68006-36434_Submission_018653_Post_Award_Mod_Processing_Form_Outcome_20260304.pdf,.pdf,application/pdf,177385,bb8926002f099be2d998c60cb32b666d2c60c5a6f39f46252b7a6f70d922180c,AA6006/Post Award Submission/018653_Post_Award__Mod_Processing_Form_20220208/Outcome Letter/V210392_2022-68006-36434_Submission_018653_Post_Award_Mod_Processing_Form_Outcome_20260304.pdf,VERAS,N,
DOC-75275afc8619-2,DOC-POST-AWARD,Post Award Submission,Award,AA6006,V210392,AA6006,V210392_2022-68006-36434_Submission_018653_Post_Award_Mod_Processing_Form_Outcome_Mod_1_AOR_Approval_V01_20260304.pdf,.pdf,application/pdf,5369,75275afc8619cb6ecdacae29e3f7e8193716fa43fcda3ff5cc5b9c955b3ea030,AA6006/Post Award Submission/018653_Post_Award__Mod_Processing_Form_20220208/Outcome Letter/V210392_2022-68006-36434_Submission_018653_Post_Award_Mod_Processing_Form_Outcome_Mod_1_AOR_Approval_V01_20260304.pdf,VERAS,Y,duplicate_content
DOC-49bde54663a4,DOC-POST-AWARD,Post Award Submission,Award,AA6006,V210392,AA6006,V210392_2022-68006-36434_Submission_018653_Post_Award_Mod_Processing_Form_Prereview_Screening_20260304.pdf,.pdf,application/pdf,131287,49bde54663a4dc8c6417d0801beb9d99aa14c3f58073445b1973def4a959de63,AA6006/Post Award Submission/018653_Post_Award__Mod_Processing_Form_20220208/Pre-Review Screening/V210392_2022-68006-36434_Submission_018653_Post_Award_Mod_Processing_Form_Prereview_Screening_20260304.pdf,VERAS,N,
DOC-dfea206a71ed,DOC-POST-AWARD,Post Award Submission,Award,AA6006,V210392,AA6006,V210392_2022-68006-36434_Submission_018653_Post_Award_Mod_Processing_Form_Submission_Complete_20260304.pdf,.pdf,application/pdf,144730,dfea206a71ed3276157fdc1c73dcb5ce0c2bb9d23c2a083089a4ad12761bf916,AA6006/Post Award Submission/018653_Post_Award__Mod_Processing_Form_20220208/Submission Complete/V210392_2022-68006-36434_Submission_018653_Post_Award_Mod_Processing_Form_Submission_Complete_20260304.pdf,VERAS,N,
DOC-3296c2771f42,DOC-POST-AWARD,Post Award Submission,Award,AA6006,V210392,AA6006,V210392_2022-68006-36434_Submission_018653_Post_Award_Mod_Processing_Form_Submission_Components_20260304.pdf,.pdf,application/pdf,50337,3296c2771f428e884114fd3424ea1ff70c16fca164946b67d8fbee234887f85b,AA6006/Post Award Submission/018653_Post_Award__Mod_Processing_Form_20220208/Submission Components/V210392_2022-68006-36434_Submission_018653_Post_Award_Mod_Processing_Form_Submission_Components_20260304.pdf,VERAS,N,
DOC-8de297f3e117,DOC-POST-AWARD,Post Award Submission,Award,AA6006,V210392,AA6006,V210392_2022-68006-36434_Submission_018653_Post_Award_Mod_Processing_Form_Submission_History_20260304.pdf,.pdf,application/pdf,142798,8de297f3e117da6912088fe02dbaf3c56bd0caa06d7fad6762c42d2a14d6121d,AA6006/Post Award Submission/018653_Post_Award__Mod_Processing_Form_20220208/Submission History/V210392_2022-68006-36434_Submission_018653_Post_Award_Mod_Processing_Form_Submission_History_20260304.pdf,VERAS,N,
DOC-69418eca567c,DOC-POST-AWARD,Post Award Submission,Award,AA6006,V210392,AA6006,V210392_2022-68006-36434_Submission_018653_Post_Award_Mod_Processing_Form_Submission_History_Signoff_Mindy_Flick_Submitter_Review_20220802_20260304.pdf,.pdf,application/pdf,139598,69418eca567c5f33733822aa1cfa17987b6cbaf2776774d00bd789c4b04d2097,AA6006/Post Award Submission/018653_Post_Award__Mod_Processing_Form_20220208/Submission History/V210392_2022-68006-36434_Submission_018653_Post_Award_Mod_Processing_Form_Submission_History_Signoff_Mindy_Flick_Submitter_Review_20220802_20260304.pdf,VERAS,N,
DOC-1ce4e269963c,DOC-POST-AWARD,Post Award Submission,Award,AA6006,V210392,AA6006,V210392_2022-68006-36434_Submission_019479_SPA_Request_Correspondence_Request_to_Issue_Subaward_Arrowleaf_20230406_20260306.jpeg,.jpeg,image/jpeg,245159,1ce4e269963c35dfe19bfd1542d9e5fc6dc5e272f9e3c8626899669330507885,AA6006/Post Award Submission/019479_Sponsor_Prior_Approval_Request_20220928/Correspondence/V210392_2022-68006-36434_Submission_019479_SPA_Request_Correspondence_Request_to_Issue_Subaward_Arrowleaf_20230406_20260306.jpeg,VERAS,N,
DOC-130e050ec532,DOC-POST-AWARD,Post Award Submission,Award,AA6006,V210392,AA6006,V210392_2022-68006-36434_Submission_019479_SPA_Request_Correspondence_Submitted_Subaward_Arrowleaf_20230125_20260306.jpeg,.jpeg,image/jpeg,235994,130e050ec53252293fcb42c113e0785d5dea9e1e7615dbdef890507f555b9255,AA6006/Post Award Submission/019479_Sponsor_Prior_Approval_Request_20220928/Correspondence/V210392_2022-68006-36434_Submission_019479_SPA_Request_Correspondence_Submitted_Subaward_Arrowleaf_20230125_20260306.jpeg,VERAS,N,
DOC-506105e3fd77,DOC-POST-AWARD,Post Award Submission,Award,AA6006,V210392,AA6006,V210392_2022-68006-36434_Submission_019479_Sponosr_Prior_Approval_Request_Correspondence_Prior_Approval_Request_SOW_Confirmation_20221009_20260306.jpeg,.jpeg,image/jpeg,237285,506105e3fd77c97e0e084c7c2ec592bf7504e49e555e59cc1538c1333ea6305e,AA6006/Post Award Submission/019479_Sponsor_Prior_Approval_Request_20220928/Correspondence/V210392_2022-68006-36434_Submission_019479_Sponosr_Prior_Approval_Request_Correspondence_Prior_Approval_Request_SOW_Confirmation_20221009_20260306.jpeg,VERAS,N,
DOC-9aa68610e16c,DOC-POST-AWARD,Post Award Submission,Award,AA6006,V210392,AA6006,V210392_2022-68006-36434_Submission_019479_SPA_Request_Correspondence_Prior_Approval_Request_20221018_20260306.jpeg,.jpeg,image/jpeg,215259,9aa68610e16caded7b5b1e67f40f9a11c9f9e71b92e6af64b0503ce4c2f2f833,AA6006/Post Award Submission/019479_Sponsor_Prior_Approval_Request_20220928/Correspondence/V210392_2022-68006-36434_Submission_019479_Sponosr_Prior_Approval_Request_Correspondence_Re_Prior_Approval_Request_20221018_20260306/V210392_2022-68006-36434_Submission_019479_SPA_Request_Correspondence_Prior_Approval_Request_20221018_20260306.jpeg,VERAS,N,
DOC-3ead29082e6a,DOC-POST-AWARD,Post Award Submission,Award,AA6006,V210392,AA6006,V210392_2022-68006-36434_Submission_019479_SPA_Request_Correspondence_Prior_Approval_Request_Outcome_Letter_20260306.pdf,.pdf,application/pdf,90347,3ead29082e6ad992d97b99e291c9930233ef227dac89fa90bf29b63b4dbf0459,AA6006/Post Award Submission/019479_Sponsor_Prior_Approval_Request_20220928/Correspondence/V210392_2022-68006-36434_Submission_019479_Sponosr_Prior_Approval_Request_Correspondence_Re_Prior_Approval_Request_20221018_20260306/V210392_2022-68006-36434_Submission_019479_SPA_Request_Correspondence_Prior_Approval_Request_Outcome_Letter_20260306.pdf,VERAS,N,
DOC-2f58a3fdb6f5,DOC-POST-AWARD,Post Award Submission,Award,AA6006,V210392,AA6006,V210392_2022-68006-36434_Submission_019479_Sponosr_Prior_Approval_Request_General_Information_20260304.pdf,.pdf,application/pdf,165915,2f58a3fdb6f5b028ddb08c4a4ef52df946c2bf2547d15c15fc8c654244a23210,AA6006/Post Award Submission/019479_Sponsor_Prior_Approval_Request_20220928/General Information/V210392_2022-68006-36434_Submission_019479_Sponosr_Prior_Approval_Request_General_Information_20260304.pdf,VERAS,N,
DOC-ad9decf278b7,DOC-POST-AWARD,Post Award Submission,Award,AA6006,V210392,AA6006,V210392_2022-68006-36434_Submission_019479_SPA_Request_Internal_Submission_Routing_20260306.jpeg,.jpeg,image/jpeg,168709,ad9decf278b7b70aa75c39825b791405b18288f4581d07112570da1597711391,AA6006/Post Award Submission/019479_Sponsor_Prior_Approval_Request_20220928/Internal Submission Routing/V210392_2022-68006-36434_Submission_019479_SPA_Request_Internal_Submission_Routing_20260306.jpeg,VERAS,N,
DOC-fd127ac22362,DOC-POST-AWARD,Post Award Submission,Award,AA6006,V210392,AA6006,V210392_2022-68006-36434_Submission_019479_SPA_Request_Outcome_20260306.jpeg,.jpeg,image/jpeg,482140,fd127ac2236225fb2bf95c1655fda17b396775ceeee677fa47a037e226b3e1c5,AA6006/Post Award Submission/019479_Sponsor_Prior_Approval_Request_20220928/Outcome/V210392_2022-68006-36434_Submission_019479_SPA_Request_Outcome_20260306.jpeg,VERAS,N,
DOC-640e2cc40e51,DOC-POST-AWARD,Post Award Submission,Award,AA6006,V210392,AA6006,V210392_2022-68006-36434_Submission_019479_SPA_Request_Outcome_Letter_20260306.pdf,.pdf,application/pdf,36320,640e2cc40e51b075e2fdf418786ce5369f5e4ac94b5b03b8ba72515aa2bb275a,AA6006/Post Award Submission/019479_Sponsor_Prior_Approval_Request_20220928/Outcome Letter/V210392_2022-68006-36434_Submission_019479_SPA_Request_Outcome_Letter_20260306.pdf,VERAS,N,
DOC-690c3b3194c1,DOC-POST-AWARD,Post Award Submission,Award,AA6006,V210392,AA6006,V210392_2022-68006-36434_Submission_019479_SPA_Request_Outcome_Letter_V02_20260306.pdf,.pdf,application/pdf,89761,690c3b3194c110f978d67e18b536436c734c1019bd3cb6567aa78882d69907c5,AA6006/Post Award Submission/019479_Sponsor_Prior_Approval_Request_20220928/Outcome Letter/V210392_2022-68006-36434_Submission_019479_SPA_Request_Outcome_Letter_V02_20260306.pdf,VERAS,N,
DOC-cf4870f9f75e,DOC-POST-AWARD,Post Award Submission,Award,AA6006,V210392,AA6006,V210392_2022-68006-36434_Submission_019479_SPA_Request_Pre-Review_Screening_20260306.jpeg,.jpeg,image/jpeg,145266,cf4870f9f75e9ea1134e2c7419d18474f8a4b883d92822b586662640aaf023f9,AA6006/Post Award Submission/019479_Sponsor_Prior_Approval_Request_20220928/Pre-Review Screening/V210392_2022-68006-36434_Submission_019479_SPA_Request_Pre-Review_Screening_20260306.jpeg,VERAS,N,
DOC-ca244e6ba27e,DOC-POST-AWARD,Post Award Submission,Award,AA6006,V210392,AA6006,V210392_2022-68006-36434_Submission_019479_SPA_Request_Submission_Complete_20260306.jpeg,.jpeg,image/jpeg,479384,ca244e6ba27e489c6783f8ec1ab5c1d8760ff7838f4e2bf9c785c751db5735f7,AA6006/Post Award Submission/019479_Sponsor_Prior_Approval_Request_20220928/Submission Complete/V210392_2022-68006-36434_Submission_019479_SPA_Request_Submission_Complete_20260306.jpeg,VERAS,N,
DOC-286b3fd553c8,DOC-POST-AWARD,Post Award Submission,Award,AA6006,V210392,AA6006,Arrowleaf_Budget_Justification_4.6.23_AA6006.docx,.docx,application/vnd.openxmlformats-officedocument.wordprocessingml.document,58560,286b3fd553c8f123824bff15b87723a0d43673d0b1961c76e50efaae9ce1d0f6,AA6006/Post Award Submission/019479_Sponsor_Prior_Approval_Request_20220928/Submission Components/Arrowleaf_Budget_Justification_4.6.23_AA6006.docx,VERAS,N,
DOC-392416aef363,DOC-POST-AWARD,Post Award Submission,Award,AA6006,V210392,AA6006,V210392_2022-68006-36434_Submission_019479_Sponosr_Prior_Approval_Request_Submission_Components_AFRI_Budget_Food_Sovereignty_V01_20260306.xlsx,.xlsx,application/vnd.openxmlformats-officedocument.spreadsheetml.sheet,83461,392416aef3639d783a23fd81233b4a2212ecbd14d967290fee885a232ee97f7f,AA6006/Post Award Submission/019479_Sponsor_Prior_Approval_Request_20220928/Submission Components/V210392_2022-68006-36434_Submission_019479_Sponosr_Prior_Approval_Request_Submission_Components_AFRI_Budget_Food_Sovereignty_V01_20260306.xlsx,VERAS,N,
DOC-30697ba58a74-1,DOC-POST-AWARD,Post Award Submission,Award,AA6006,V210392,AA6006,V210392_2022-68006-36434_Submission_019479_Sponosr_Prior_Approval_Request_Submission_Components_Amendment_3_V01_20260306.pdf,.pdf,application/pdf,15152,30697ba58a741991d05de2760ed10676e6e01a4a78a19b607cbfc4407c129f27,AA6006/Post Award Submission/019479_Sponsor_Prior_Approval_Request_20220928/Submission Components/V210392_2022-68006-36434_Submission_019479_Sponosr_Prior_Approval_Request_Submission_Components_Amendment_3_V01_20260306.pdf,VERAS,Y,duplicate_content
DOC-fb311f737667,DOC-POST-AWARD,Post Award Submission,Award,AA6006,V210392,AA6006,V210392_2022-68006-36434_Submission_019479_Sponosr_Prior_Approval_Request_Submission_Components_BiographicalSketch_Newman_V01_20260306.docx,.docx,application/vnd.openxmlformats-officedocument.wordprocessingml.document,30314,fb311f737667fe542d29544f8a54bda2d9c0869555407eec4b1deeee80dd54f1,AA6006/Post Award Submission/019479_Sponsor_Prior_Approval_Request_20220928/Submission Components/V210392_2022-68006-36434_Submission_019479_Sponosr_Prior_Approval_Request_Submission_Components_BiographicalSketch_Newman_V01_20260306.docx,VERAS,N,
DOC-0379104f9aee,DOC-POST-AWARD,Post Award Submission,Award,AA6006,V210392,AA6006,V210392_2022-68006-36434_Submission_019479_Sponosr_Prior_Approval_Request_Submission_Components_BiographicalSketch_Saul_V01_20260306.docx,.docx,application/vnd.openxmlformats-officedocument.wordprocessingml.document,35473,0379104f9aee937646ca5ecaae36ee3e09059d3c6ca3f1a70d3f1e5224df8bbd,AA6006/Post Award Submission/019479_Sponsor_Prior_Approval_Request_20220928/Submission Components/V210392_2022-68006-36434_Submission_019479_Sponosr_Prior_Approval_Request_Submission_Components_BiographicalSketch_Saul_V01_20260306.docx,VERAS,N,
DOC-11531c9d160b,DOC-POST-AWARD,Post Award Submission,Award,AA6006,V210392,AA6006,V210392_2022-68006-36434_Submission_019479_Sponosr_Prior_Approval_Request_Submission_Components_CurrentPending_Peterson_V01_20260306.doc,.doc,application/msword,41472,11531c9d160b7abf1b55da1dc51064a15779fc904028d09d4b5349febe54793a,AA6006/Post Award Submission/019479_Sponsor_Prior_Approval_Request_20220928/Submission Components/V210392_2022-68006-36434_Submission_019479_Sponosr_Prior_Approval_Request_Submission_Components_CurrentPending_Peterson_V01_20260306.doc,VERAS,N,
DOC-23aec095ac3e,DOC-POST-AWARD,Post Award Submission,Award,AA6006,V210392,AA6006,V210392_2022-68006-36434_Submission_019479_Sponosr_Prior_Approval_Request_Submission_Components_CurrentPending_Saul_V01_20260306.docx,.docx,application/vnd.openxmlformats-officedocument.wordprocessingml.document,31380,23aec095ac3e4bae34abed2db3b8c0724ba2f281207c1ade5fd96e96ce98403e,AA6006/Post Award Submission/019479_Sponsor_Prior_Approval_Request_20220928/Submission Components/V210392_2022-68006-36434_Submission_019479_Sponosr_Prior_Approval_Request_Submission_Components_CurrentPending_Saul_V01_20260306.docx,VERAS,N,
DOC-df0bfdceacb9-1,DOC-POST-AWARD,Post Award Submission,Award,AA6006,V210392,AA6006,V210392_2022-68006-36434_Submission_019479_Sponosr_Prior_Approval_Request_Submission_Components_DSaul_PI_Transfer_V01_20260306.pdf,.pdf,application/pdf,600083,df0bfdceacb9ef7ebb7bf86a85650a42bdd74cfad98ad66393eee36e1c2c29e2,AA6006/Post Award Submission/019479_Sponsor_Prior_Approval_Request_20220928/Submission Components/V210392_2022-68006-36434_Submission_019479_Sponosr_Prior_Approval_Request_Submission_Components_DSaul_PI_Transfer_V01_20260306.pdf,VERAS,Y,duplicate_content
DOC-ba44306090a4,DOC-POST-AWARD,Post Award Submission,Award,AA6006,V210392,AA6006,V210392_2022-68006-36434_Submission_019479_Sponosr_Prior_Approval_Request_Submission_Components_OGPD_Budget_Justificaiton_V01_20260306.docx,.docx,application/vnd.openxmlformats-officedocument.wordprocessingml.document,24001,ba44306090a4a5118b33136b43a8be68b543f8215d7eab8aea768788636c1eff,AA6006/Post Award Submission/019479_Sponsor_Prior_Approval_Request_20220928/Submission Components/V210392_2022-68006-36434_Submission_019479_Sponosr_Prior_Approval_Request_Submission_Components_OGPD_Budget_Justificaiton_V01_20260306.docx,VERAS,N,
DOC-872b39dd8d04,DOC-POST-AWARD,Post Award Submission,Award,AA6006,V210392,AA6006,V210392_2022-68006-36434_Submission_019479_Sponosr_Prior_Approval_Request_Submission_Components_Proposal_For_Advaning_Tribal_Food_System-Based_Economic_Development_V01_20260306.pdf,.pdf,application/pdf,203116,872b39dd8d04f0079a1fcc698965044b8a293b066ab64c6694f10023bc1ce7a8,AA6006/Post Award Submission/019479_Sponsor_Prior_Approval_Request_20220928/Submission Components/V210392_2022-68006-36434_Submission_019479_Sponosr_Prior_Approval_Request_Submission_Components_Proposal_For_Advaning_Tribal_Food_System-Based_Economic_Development_V01_20260306.pdf,VERAS,N,
DOC-ce078492a341-1,DOC-POST-AWARD,Post Award Submission,Award,AA6006,V210392,AA6006,V210392_2022-68006-36434_Submission_019479_Sponosr_Prior_Approval_Request_Submission_Components_Revised_Award_Notification_V01_20260306.pdf,.pdf,application/pdf,5860,ce078492a341bc696f332e80a394ca57913fc49eca8a278339ef2653330273bc,AA6006/Post Award Submission/019479_Sponsor_Prior_Approval_Request_20220928/Submission Components/V210392_2022-68006-36434_Submission_019479_Sponosr_Prior_Approval_Request_Submission_Components_Revised_Award_Notification_V01_20260306.pdf,VERAS,Y,duplicate_content
DOC-81f32b79ccee,DOC-POST-AWARD,Post Award Submission,Award,AA6006,V210392,AA6006,V210392_2022-68006-36434_Submission_019479_Sponosr_Prior_Approval_Request_Submission_Components_SOW_For_Arrowleaf_V01_20260306.pdf,.pdf,application/pdf,103783,81f32b79ccee5a39879ca744715ec89f8dfa6e98b8861ca71b97be592a2ce4e1,AA6006/Post Award Submission/019479_Sponsor_Prior_Approval_Request_20220928/Submission Components/V210392_2022-68006-36434_Submission_019479_Sponosr_Prior_Approval_Request_Submission_Components_SOW_For_Arrowleaf_V01_20260306.pdf,VERAS,N,
DOC-7f73cb0842f7,DOC-POST-AWARD,Post Award Submission,Award,AA6006,V210392,AA6006,V210392_2022-68006-36434_Submission_019479_Sponosr_Prior_Approval_Request_Submission_Components_Sponosor_Prior_Approval_Request_V1.1_20260306.pdf,.pdf,application/pdf,1566823,7f73cb0842f7895a116b5ffe0928a42423dd65f9e26120270e051f27719b7571,AA6006/Post Award Submission/019479_Sponsor_Prior_Approval_Request_20220928/Submission Components/V210392_2022-68006-36434_Submission_019479_Sponosr_Prior_Approval_Request_Submission_Components_Sponosor_Prior_Approval_Request_V1.1_20260306.pdf,VERAS,N,
DOC-0b6b890ffe92,DOC-POST-AWARD,Post Award Submission,Award,AA6006,V210392,AA6006,V210392_2022-68006-36434_Submission_019479_Sponosr_Prior_Approval_Request_Submission_Components_Vita-Peterson_V01_20260306.doc,.doc,application/msword,257024,0b6b890ffe92687f3887fe2524fa1cdb7eb92343856bf93a5bae9acb844bde0d,AA6006/Post Award Submission/019479_Sponsor_Prior_Approval_Request_20220928/Submission Components/V210392_2022-68006-36434_Submission_019479_Sponosr_Prior_Approval_Request_Submission_Components_Vita-Peterson_V01_20260306.doc,VERAS,N,
DOC-080715f8f43a,DOC-POST-AWARD,Post Award Submission,Award,AA6006,V210392,AA6006,V210392_2022-68006-36434_Submission_019479_SPA_Request_Submission_History_20260306.jpeg,.jpeg,image/jpeg,278649,080715f8f43abc65bb4430b5614c7e36d241c181ae6a5a47d7fedaca6774464e,AA6006/Post Award Submission/019479_Sponsor_Prior_Approval_Request_20220928/Submission History/V210392_2022-68006-36434_Submission_019479_SPA_Request_Submission_History_20260306.jpeg,VERAS,N,
DOC-26d6b0bfd116,DOC-POST-AWARD,Post Award Submission,Award,AA6006,V210392,AA6006,V210392_2022-68006-36434_Submission_019479_SPA_Request_Submission_History_Assign_Department_Personal20260306.jpeg,.jpeg,image/jpeg,144042,26d6b0bfd116065f4d259f79ca16eebc82dda739e4bdad38095a944a6b040cb6,AA6006/Post Award Submission/019479_Sponsor_Prior_Approval_Request_20220928/Submission History/V210392_2022-68006-36434_Submission_019479_SPA_Request_Submission_History_Assign_Department_Personal20260306.jpeg,VERAS,N,
DOC-29eeefa1b3f8,DOC-POST-AWARD,Post Award Submission,Award,AA6006,V210392,AA6006,V210392_2022-68006-36434_Submission_019479_SPA_Request_Submission_History_Darin_Saul_PI_signoff_1_20260306.jpeg,.jpeg,image/jpeg,276022,29eeefa1b3f85ba6c63fa5c08850bd9c0de99e078b6dcb97061f242dda103968,AA6006/Post Award Submission/019479_Sponsor_Prior_Approval_Request_20220928/Submission History/V210392_2022-68006-36434_Submission_019479_SPA_Request_Submission_History_Darin_Saul_PI_signoff_1_20260306.jpeg,VERAS,N,
DOC-e5b27bd41335,DOC-POST-AWARD,Post Award Submission,Award,AA6006,V210392,AA6006,V210392_2022-68006-36434_Submission_019479_SPA_Request_Submission_History_Darin_Saul_PI_signoff_2_20260306.jpeg,.jpeg,image/jpeg,183384,e5b27bd41335bd2aae3864c12821f57b61d9eda160af317b4414cd7977b78f3c,AA6006/Post Award Submission/019479_Sponsor_Prior_Approval_Request_20220928/Submission History/V210392_2022-68006-36434_Submission_019479_SPA_Request_Submission_History_Darin_Saul_PI_signoff_2_20260306.jpeg,VERAS,N,
DOC-d0766578c820,DOC-POST-AWARD,Post Award Submission,Award,AA6006,V210392,AA6006,V210392_2022-68006-36434_Submission_019479_SPA_Request_Submission_History_Soren_Mikayla_CO-PI_Signoff_20260306.jpeg,.jpeg,image/jpeg,247203,d0766578c82002dcaf7717f42691e73d1a6cd703963dc6a5140fe3b71e99027d,AA6006/Post Award Submission/019479_Sponsor_Prior_Approval_Request_20220928/Submission History/V210392_2022-68006-36434_Submission_019479_SPA_Request_Submission_History_Soren_Mikayla_CO-PI_Signoff_20260306.jpeg,VERAS,N,
DOC-0edf7e17849d,DOC-POST-AWARD,Post Award Submission,Award,AA6006,V210392,AA6006,V210392_2022-68006-36434_Submission_019479_SPA_Request_Submission_History_Steven_S_Peterson_CO-PI_Signoff_20260306.jpeg,.jpeg,image/jpeg,247331,0edf7e17849d328f25ef04e71fa619f5550c1b4efe0c73755ed6e5f9fda10dcb,AA6006/Post Award Submission/019479_Sponsor_Prior_Approval_Request_20220928/Submission History/V210392_2022-68006-36434_Submission_019479_SPA_Request_Submission_History_Steven_S_Peterson_CO-PI_Signoff_20260306.jpeg,VERAS,N,
DOC-f971f45c643e,DOC-POST-AWARD,Post Award Submission,Award,AA6006,V210392,AA6006,V210392_2022-68006-36434_Submission_020004_Post_Award_Mod_Processing_Form_Correspondence_MOD_2_PI_and_CO-PI_Changes_Processed_20221110_20260304.jpeg,.jpeg,image/jpeg,381863,f971f45c643ecae3ffc8a2689c96b031d0f36ef53944f652433e0e86fb1b8c2a,AA6006/Post Award Submission/020004_Post_Award_Mod_Processing_Form_20221104/Correspondence/V210392_2022-68006-36434_Submission_020004_Post_Award_Mod_Processing_Form_Correspondence_MOD_2_PI_and_CO-PI_Changes_Processed_20221110_20260304.jpeg,VERAS,N,
DOC-e326b426a1ce,DOC-POST-AWARD,Post Award Submission,Award,AA6006,V210392,AA6006,V210392_2022-68006-36434_Submission_020004_Post_Award_Mod_Processing_Form_General_Information_20260304.jpeg,.jpeg,image/jpeg,178938,e326b426a1ceedca8c1de242960c292473c94285d112cdf625bfcef5ef02ee39,AA6006/Post Award Submission/020004_Post_Award_Mod_Processing_Form_20221104/General Information/V210392_2022-68006-36434_Submission_020004_Post_Award_Mod_Processing_Form_General_Information_20260304.jpeg,VERAS,N,
DOC-ae9e8e9396ef,DOC-POST-AWARD,Post Award Submission,Award,AA6006,V210392,AA6006,V210392_2022-68006-36434_Submission_020004_Post_Award_Mod_Processing_Form_Internal_Submission_Routing_20260306.jpeg,.jpeg,image/jpeg,133467,ae9e8e9396efe662d269549fc4701bbf768d6ab5f707b6bf8ed876aca62f96d0,AA6006/Post Award Submission/020004_Post_Award_Mod_Processing_Form_20221104/Internal Submission Routing/V210392_2022-68006-36434_Submission_020004_Post_Award_Mod_Processing_Form_Internal_Submission_Routing_20260306.jpeg,VERAS,N,
DOC-eb15b5923626,DOC-POST-AWARD,Post Award Submission,Award,AA6006,V210392,AA6006,V210392_2022-68006-36434_Submission_020004_Post_Award_Mod_Processing_Form_Outcome_20260306.jpeg,.jpeg,image/jpeg,189387,eb15b592362688607e713ba2b04baf32b733ad721b3904164021dea972d03bf0,AA6006/Post Award Submission/020004_Post_Award_Mod_Processing_Form_20221104/Outcome/V210392_2022-68006-36434_Submission_020004_Post_Award_Mod_Processing_Form_Outcome_20260306.jpeg,VERAS,N,
DOC-4d9ae2d44126,DOC-POST-AWARD,Post Award Submission,Award,AA6006,V210392,AA6006,V210392_2022-68006-36434_Submission_020004_Post_Award_Mod_Processing_Form_Pre-Review_Screening_20260306.jpeg,.jpeg,image/jpeg,148093,4d9ae2d44126d2210bf8d1764713c290cbf7152469c6d7a864cfbf3515941f46,AA6006/Post Award Submission/020004_Post_Award_Mod_Processing_Form_20221104/Pre-review Screening/V210392_2022-68006-36434_Submission_020004_Post_Award_Mod_Processing_Form_Pre-Review_Screening_20260306.jpeg,VERAS,N,
DOC-acb393bd213b,DOC-POST-AWARD,Post Award Submission,Award,AA6006,V210392,AA6006,V210392_2022-68006-36434_Submission_020004_Post_Award_Mod_Processing_Form_Submission_Complete_20260306.jpeg,.jpeg,image/jpeg,216915,acb393bd213bac88184e20d0d8b92780e9a91524a7997f0e95390df4c3764123,AA6006/Post Award Submission/020004_Post_Award_Mod_Processing_Form_20221104/Submission Complete/V210392_2022-68006-36434_Submission_020004_Post_Award_Mod_Processing_Form_Submission_Complete_20260306.jpeg,VERAS,N,
DOC-abefdafd4166,DOC-POST-AWARD,Post Award Submission,Award,AA6006,V210392,AA6006,V210392_2022-68006-36434_Submission_020004_Post_Award_Mod_Processing_Form_Submission_Components_V02_20260304.pdf,.pdf,application/pdf,53985,abefdafd41664f480b1b12c19e66ff47e740ec7690ffaf84d9cb836eeec6e7eb,AA6006/Post Award Submission/020004_Post_Award_Mod_Processing_Form_20221104/Submission Components/V210392_2022-68006-36434_Submission_020004_Post_Award_Mod_Processing_Form_Submission_Components_V02_20260304.pdf,VERAS,N,
DOC-e0732fe7f6a4,DOC-POST-AWARD,Post Award Submission,Award,AA6006,V210392,AA6006,V210392_2022-68006-36434_Submission_020004_Post_Award_Mod_Processing_Form_Submission_History_20260304.jpeg,.jpeg,image/jpeg,197652,e0732fe7f6a440481ba56db9870157ddbe1c2e05bf6db4d73901ed9c188ab558,AA6006/Post Award Submission/020004_Post_Award_Mod_Processing_Form_20221104/Submission History/V210392_2022-68006-36434_Submission_020004_Post_Award_Mod_Processing_Form_Submission_History_20260304.jpeg,VERAS,N,
DOC-d4fe1ed2e301,DOC-POST-AWARD,Post Award Submission,Award,AA6006,V210392,AA6006,V210392_2022-68006-36434_Submission_020004_Post_Award_Mod_Processing_Form_Submission_History_Rodrigo_Juarez_Submitter_Signoff_20260304.jpeg,.jpeg,image/jpeg,158157,d4fe1ed2e3011c08736bbd925a8d7f3f853d835e4047ffce8b25a2244e385da1,AA6006/Post Award Submission/020004_Post_Award_Mod_Processing_Form_20221104/Submission History/V210392_2022-68006-36434_Submission_020004_Post_Award_Mod_Processing_Form_Submission_History_Rodrigo_Juarez_Submitter_Signoff_20260304.jpeg,VERAS,N,
DOC-43f38b16931f,DOC-POST-AWARD,Post Award Submission,Award,AA6006,V210392,AA6006,V210392_2022-68006-36434_Submission_020093_Post_Award_Mod_Processing_Form_General_Information_20260306.jpeg,.jpeg,image/jpeg,178970,43f38b16931f68971314e857d547349e72f1d65a7232d01cfbf44be86ab52d6a,AA6006/Post Award Submission/020093_Post_Award_Mod_Processing_Form_2022110/General Information/V210392_2022-68006-36434_Submission_020093_Post_Award_Mod_Processing_Form_General_Information_20260306.jpeg,VERAS,N,
DOC-7dd57023c5ff,DOC-POST-AWARD,Post Award Submission,Award,AA6006,V210392,AA6006,V210392_2022-68006-36434_Submission_020093_Post_Award_Mod_Processing_Form_Internal_Submission_Routing_20260306.jpeg,.jpeg,image/jpeg,133782,7dd57023c5ffd4eb1870c73a3f6d31a7d384a543e741e319c5ee7ef19a8d91ef,AA6006/Post Award Submission/020093_Post_Award_Mod_Processing_Form_2022110/Internal Submission Routing/V210392_2022-68006-36434_Submission_020093_Post_Award_Mod_Processing_Form_Internal_Submission_Routing_20260306.jpeg,VERAS,N,
DOC-e3056a8334d8,DOC-POST-AWARD,Post Award Submission,Award,AA6006,V210392,AA6006,V210392_2022-68006-36434_Submission_020093_Post_Award_Mod_Processing_Form_Outcome_20260306.jpeg,.jpeg,image/jpeg,187893,e3056a8334d813ea5a4fe76d0c07015121515c8d6889dc43398aa0f788551e83,AA6006/Post Award Submission/020093_Post_Award_Mod_Processing_Form_2022110/Outcome/V210392_2022-68006-36434_Submission_020093_Post_Award_Mod_Processing_Form_Outcome_20260306.jpeg,VERAS,N,
DOC-bd2708a8cca7,DOC-POST-AWARD,Post Award Submission,Award,AA6006,V210392,AA6006,V210392_2022-68006-36434_Submission_020093_Post_Award_Mod_Processing_Form_Pre-Review_Screening_20260306.jpeg,.jpeg,image/jpeg,137481,bd2708a8cca7cf356d93efc54833cddcb74ba14685e6f269cd0a0c58d00df6cf,AA6006/Post Award Submission/020093_Post_Award_Mod_Processing_Form_2022110/Pre-Review Screening/V210392_2022-68006-36434_Submission_020093_Post_Award_Mod_Processing_Form_Pre-Review_Screening_20260306.jpeg,VERAS,N,
DOC-b6b9f477a271,DOC-POST-AWARD,Post Award Submission,Award,AA6006,V210392,AA6006,V210392_2022-68006-36434_Submission_020093_Post_Award_Mod_Processing_Form_Submission_Complete_20260306.jpeg,.jpeg,image/jpeg,164241,b6b9f477a2711c08f4c0e683086afbec9f243a4718d516553e27497ddfdb8b16,AA6006/Post Award Submission/020093_Post_Award_Mod_Processing_Form_2022110/Submission Complete/V210392_2022-68006-36434_Submission_020093_Post_Award_Mod_Processing_Form_Submission_Complete_20260306.jpeg,VERAS,N,
DOC-c78835978803,DOC-POST-AWARD,Post Award Submission,Award,AA6006,V210392,AA6006,V210392_2022-68006-36434_Submission_020093_Post_Award_Mod_Processing_Form_Submission_Components_V03_20260306.pdf,.pdf,application/pdf,44707,c788359788032bb7675dd4e4e6e8013ca1cb55117a55f16bfb7461d11ff069ed,AA6006/Post Award Submission/020093_Post_Award_Mod_Processing_Form_2022110/Submission Components/V210392_2022-68006-36434_Submission_020093_Post_Award_Mod_Processing_Form_Submission_Components_V03_20260306.pdf,VERAS,N,
DOC-ea3cc6c20590,DOC-POST-AWARD,Post Award Submission,Award,AA6006,V210392,AA6006,V210392_2022-68006-36434_Submission_020093_Post_Award_Mod_Processing_Form_Submission_History_20260306.jpeg,.jpeg,image/jpeg,217968,ea3cc6c2059025e97c39bae8495f6fd5c8b4ed9a265a2e7b31da2a33bd48b6d0,AA6006/Post Award Submission/020093_Post_Award_Mod_Processing_Form_2022110/Submission History/V210392_2022-68006-36434_Submission_020093_Post_Award_Mod_Processing_Form_Submission_History_20260306.jpeg,VERAS,N,
DOC-3c6fd23ad81c,DOC-POST-AWARD,Post Award Submission,Award,AA6006,V210392,AA6006,V210392_2022-68006-36434_Submission_020093_Post_Award_Mod_Processing_Form_Submission_History_Rodrigo_Juarez_Submitter_Signoff_20260306.jpeg,.jpeg,image/jpeg,158232,3c6fd23ad81cfe0d7c9283d5d18f28dbe836a1b0152ca43c58ce09c3c2a1e201,AA6006/Post Award Submission/020093_Post_Award_Mod_Processing_Form_2022110/Submission History/V210392_2022-68006-36434_Submission_020093_Post_Award_Mod_Processing_Form_Submission_History_Rodrigo_Juarez_Submitter_Signoff_20260306.jpeg,VERAS,N,
DOC-f8f5011cb45c,DOC-POST-AWARD,Post Award Submission,Award,AA6006,V210392,AA6006,V210392_2022-68006-36434_Submission_023022_SPA_Request_Correspondence_Award_Modification_Processed_20231109_20260306.jpeg,.jpeg,image/jpeg,297032,f8f5011cb45cb25e7154ffcd80589f1829efa0b1b3d5613a5e00760f32ac3339,AA6006/Post Award Submission/023022_Sponsor_Prior_Approval_Request_20230828/Correspondence/V210392_2022-68006-36434_Submission_023022_SPA_Request_Correspondence_Award_Modification_Processed_20231109_20260306.jpeg,VERAS,N,
DOC-8d664f3446c8,DOC-POST-AWARD,Post Award Submission,Award,AA6006,V210392,AA6006,V210392_2022-68006-36434_Submission_023022_SPA_Request_Correspondence_Request_Change_CO-PD_20230608_20260306.jpeg,.jpeg,image/jpeg,287356,8d664f3446c836fa6a7996cd57fc13f08d7f0ad954e391012f94dae7201e7571,AA6006/Post Award Submission/023022_Sponsor_Prior_Approval_Request_20230828/Correspondence/V210392_2022-68006-36434_Submission_023022_SPA_Request_Correspondence_Request_Change_CO-PD_20230608_20260306.jpeg,VERAS,N,
DOC-5530442c42ff,DOC-POST-AWARD,Post Award Submission,Award,AA6006,V210392,AA6006,V210392_2022-68006-36434_Submission_023022_SPA_Request_Correspondence_Request_Change_CO-PD_20231005_20260306.jpeg,.jpeg,image/jpeg,143504,5530442c42ff32451b4ac68b83400ca679543b8c8f3e02743b5d0ad8f33d7ef5,AA6006/Post Award Submission/023022_Sponsor_Prior_Approval_Request_20230828/Correspondence/V210392_2022-68006-36434_Submission_023022_SPA_Request_Correspondence_Request_Change_CO-PD_20231005_20260306.jpeg,VERAS,N,
DOC-5aacfe52c1da,DOC-POST-AWARD,Post Award Submission,Award,AA6006,V210392,AA6006,V210392_2022-68006-36434_Submission_023022_SPA_Request_General_Information_20260306.jpeg,.jpeg,image/jpeg,180073,5aacfe52c1daf3ef03cdd69f52628e0648b05e298eedb0e3dbb9ed1b73400a52,AA6006/Post Award Submission/023022_Sponsor_Prior_Approval_Request_20230828/General Information/V210392_2022-68006-36434_Submission_023022_SPA_Request_General_Information_20260306.jpeg,VERAS,N,
DOC-6cda1da78511,DOC-POST-AWARD,Post Award Submission,Award,AA6006,V210392,AA6006,V210392_2022-68006-36434_Submission_023022_SPA_Request_Internal_Submission_Routing_20260306.jpeg,.jpeg,image/jpeg,133565,6cda1da785112eecb776145e5c4901f43c44d57eb3323c006fe54bafc4cf73aa,AA6006/Post Award Submission/023022_Sponsor_Prior_Approval_Request_20230828/Internal Submission Routing/V210392_2022-68006-36434_Submission_023022_SPA_Request_Internal_Submission_Routing_20260306.jpeg,VERAS,N,
DOC-c1cecac74ed6,DOC-POST-AWARD,Post Award Submission,Award,AA6006,V210392,AA6006,V210392_2022-68006-36434_Submission_023022_SPA_Request_Outcome_20260306.jpeg,.jpeg,image/jpeg,250764,c1cecac74ed666596c8c551e3afff2b697bd48244fe981d65592819915eb82ca,AA6006/Post Award Submission/023022_Sponsor_Prior_Approval_Request_20230828/Outcome/V210392_2022-68006-36434_Submission_023022_SPA_Request_Outcome_20260306.jpeg,VERAS,N,
DOC-b75cc20c72fc,DOC-POST-AWARD,Post Award Submission,Award,AA6006,V210392,AA6006,V210392_2022-68006-36434_Submission_023022_SPA_Request_Outcome_Letter_20260306.jpeg,.jpeg,image/jpeg,121795,b75cc20c72fc623c2375a8df184869b912507a9470ac8713324cb856fd749c55,AA6006/Post Award Submission/023022_Sponsor_Prior_Approval_Request_20230828/Outcome Letter/V210392_2022-68006-36434_Submission_023022_SPA_Request_Outcome_Letter_20260306.jpeg,VERAS,N,
DOC-dbd9e38465a3,DOC-POST-AWARD,Post Award Submission,Award,AA6006,V210392,AA6006,V210392_2022-68006-36434_Submission_023022_SPA_Request_Outcome_Letter_SPA_Letter_V01_20260306.jpeg,.jpeg,image/jpeg,220837,dbd9e38465a35f02f34dbc30f957eb2476c973d0c226533306e22d7570dc3aa3,AA6006/Post Award Submission/023022_Sponsor_Prior_Approval_Request_20230828/Outcome Letter/V210392_2022-68006-36434_Submission_023022_SPA_Request_Outcome_Letter_SPA_Letter_V01_20260306.jpeg,VERAS,N,
DOC-d9e228654319,DOC-POST-AWARD,Post Award Submission,Award,AA6006,V210392,AA6006,V210392_2022-68006-36434_Submission_023022_SPA_Request_Pre-Review_Screening_20260306.jpeg,.jpeg,image/jpeg,137436,d9e228654319cd10f094855ac8a9cdba64c3115147b530df570ff2080df1d34f,AA6006/Post Award Submission/023022_Sponsor_Prior_Approval_Request_20230828/Pre-Review Screening/V210392_2022-68006-36434_Submission_023022_SPA_Request_Pre-Review_Screening_20260306.jpeg,VERAS,N,
DOC-8e6587f26d0c,DOC-POST-AWARD,Post Award Submission,Award,AA6006,V210392,AA6006,V210392_2022-68006-36434_Submission_023022_SPA_Request_Submission_Complete_20260306.jpeg,.jpeg,image/jpeg,190403,8e6587f26d0cf6d5ae82048ad3dce1337ecb8ffc86fdbfbd3bf3da15e4aebd77,AA6006/Post Award Submission/023022_Sponsor_Prior_Approval_Request_20230828/Submission Complete/V210392_2022-68006-36434_Submission_023022_SPA_Request_Submission_Complete_20260306.jpeg,VERAS,N,
DOC-37adc7fe2255,DOC-POST-AWARD,Post Award Submission,Award,AA6006,V210392,AA6006,V210392_2022-68006-36434_Submission_023022_SPA_Request_Submission_Components_20260306.jpeg,.jpeg,image/jpeg,157995,37adc7fe225523d2cbfe1b12c133da3418f8ac500955dd51b5cc61bc9959237a,AA6006/Post Award Submission/023022_Sponsor_Prior_Approval_Request_20230828/Submission Components/V210392_2022-68006-36434_Submission_023022_SPA_Request_Submission_Components_20260306.jpeg,VERAS,N,
DOC-8b59ddef8946,DOC-POST-AWARD,Post Award Submission,Award,AA6006,V210392,AA6006,V210392_2022-68006-36434_Submission_023022_SPA_Request_Submission_Components_Packet_20260306.pdf,.pdf,application/pdf,676658,8b59ddef894618b1e73d0fc3e222c87fa8fa978d934e61a4105174b448c33ddd,AA6006/Post Award Submission/023022_Sponsor_Prior_Approval_Request_20230828/Submission Components/V210392_2022-68006-36434_Submission_023022_SPA_Request_Submission_Components_Packet_20260306.pdf,VERAS,N,
DOC-37977d9a1aeb,DOC-POST-AWARD,Post Award Submission,Award,AA6006,V210392,AA6006,V210392_2022-68006-36434_Submission_023022_SPA_Request_Submission_History_20260306.jpeg,.jpeg,image/jpeg,222119,37977d9a1aeb2f8303d032cc2211ad9cde73b65b1399603fd22b1941043817ae,AA6006/Post Award Submission/023022_Sponsor_Prior_Approval_Request_20230828/Submission History/V210392_2022-68006-36434_Submission_023022_SPA_Request_Submission_History_20260306.jpeg,VERAS,N,
DOC-911cba0f1a24,DOC-POST-AWARD,Post Award Submission,Award,AA6006,V210392,AA6006,V210392_2022-68006-36434_Submission_023022_SPA_Request_Submission_History_Assign_Department_Personal_Signoff_20260306.jpeg,.jpeg,image/jpeg,117389,911cba0f1a242f41361dcb48e2f29d5c00438ca3030a89350435a5e9a750f3f1,AA6006/Post Award Submission/023022_Sponsor_Prior_Approval_Request_20230828/Submission History/V210392_2022-68006-36434_Submission_023022_SPA_Request_Submission_History_Assign_Department_Personal_Signoff_20260306.jpeg,VERAS,N,
DOC-3e6940b15983,DOC-POST-AWARD,Post Award Submission,Award,AA6006,V210392,AA6006,V210392_2022-68006-36434_Submission_023022_SPA_Request_Submission_History_Steven_S_Peterson_PI_Signoff_20260306.jpeg,.jpeg,image/jpeg,238040,3e6940b1598322d3615a76f483e12d5db6c5e974a49b73293b41a9d00370cdd1,AA6006/Post Award Submission/023022_Sponsor_Prior_Approval_Request_20230828/Submission History/V210392_2022-68006-36434_Submission_023022_SPA_Request_Submission_History_Steven_S_Peterson_PI_Signoff_20260306.jpeg,VERAS,N,
DOC-fef4ca8d0026,DOC-POST-AWARD,Post Award Submission,Award,AA6006,V210392,AA6006,V210392_2022-68006-36434_Submission_023141_Post_Award_Admin_Processing_Submission_Correspondence_NIFA_POC_Change_Notif_20230531_20260306.jpeg,.jpeg,image/jpeg,134846,fef4ca8d0026f962ffde1973339749482c2b53c393392bfa6ae7db427f1c9d86,AA6006/Post Award Submission/023141_Post_Award_Admin_Processing_20230531/Correspondence/V210392_2022-68006-36434_Submission_023141_Post_Award_Admin_Processing_Submission_Correspondence_NIFA_POC_Change_Notif_20230531_20260306.jpeg,VERAS,N,
DOC-1e0d27320140,DOC-POST-AWARD,Post Award Submission,Award,AA6006,V210392,AA6006,V210392_2022-68006-36434_Submission_023141_Post_Award_Admin_Processing_General_Information_20260306.jpeg,.jpeg,image/jpeg,179687,1e0d27320140db4fa6879ab62b2051fc415de355d59f5921c3b3b48dd03111c4,AA6006/Post Award Submission/023141_Post_Award_Admin_Processing_20230531/General Information/V210392_2022-68006-36434_Submission_023141_Post_Award_Admin_Processing_General_Information_20260306.jpeg,VERAS,N,
DOC-872b228b95a5,DOC-POST-AWARD,Post Award Submission,Award,AA6006,V210392,AA6006,V210392_2022-68006-36434_Submission_023141_Post_Award_Admin_Processing_Internal_Submission_Routing_20260306.jpeg,.jpeg,image/jpeg,133104,872b228b95a50070947e6f26c1af34fb8f5755cb895d37d37055dedc1e2738e4,AA6006/Post Award Submission/023141_Post_Award_Admin_Processing_20230531/Internal Submission Routing/V210392_2022-68006-36434_Submission_023141_Post_Award_Admin_Processing_Internal_Submission_Routing_20260306.jpeg,VERAS,N,
DOC-088a2e6e0b29,DOC-POST-AWARD,Post Award Submission,Award,AA6006,V210392,AA6006,V210392_2022-68006-36434_Submission_023141_Post_Award_Admin_Processing_Outcome_20260306.jpeg,.jpeg,image/jpeg,156604,088a2e6e0b29bb81b3317e0a6321c7299582e079fc464c6a1671aede8d37cd4c,AA6006/Post Award Submission/023141_Post_Award_Admin_Processing_20230531/Outcome/V210392_2022-68006-36434_Submission_023141_Post_Award_Admin_Processing_Outcome_20260306.jpeg,VERAS,N,
DOC-dd10f8e529ae,DOC-POST-AWARD,Post Award Submission,Award,AA6006,V210392,AA6006,V210392_2022-68006-36434_Submission_023141_Post_Award_Admin_Processing_Pre-Review_Screening_20260306.jpeg,.jpeg,image/jpeg,136998,dd10f8e529ae43b763f0577f0817a588e8308b1a882c6f0bc4580b93bfde26d9,AA6006/Post Award Submission/023141_Post_Award_Admin_Processing_20230531/Pre-review Screening/V210392_2022-68006-36434_Submission_023141_Post_Award_Admin_Processing_Pre-Review_Screening_20260306.jpeg,VERAS,N,
DOC-9b3a14ccd6d3,DOC-POST-AWARD,Post Award Submission,Award,AA6006,V210392,AA6006,V210392_2022-68006-36434_Submission_023141_Post_Award_Admin_Processing_Submission_Complete_20260306.jpeg,.jpeg,image/jpeg,163995,9b3a14ccd6d3e6c4b8ecebb84e85e5640fc168e5e9c69e98c81798dedd30f609,AA6006/Post Award Submission/023141_Post_Award_Admin_Processing_20230531/Submission Complete/V210392_2022-68006-36434_Submission_023141_Post_Award_Admin_Processing_Submission_Complete_20260306.jpeg,VERAS,N,
DOC-54f4c8627193,DOC-POST-AWARD,Post Award Submission,Award,AA6006,V210392,AA6006,V210392_2022-68006-36434_Submission_023141_Post_Award_Admin_Processing_Submission_Components_V01_20260306.pdf,.pdf,application/pdf,21556,54f4c8627193fd9a22a47bd427a362fffe2209b999c7e2e86255929065128c3d,AA6006/Post Award Submission/023141_Post_Award_Admin_Processing_20230531/Submission Components/V210392_2022-68006-36434_Submission_023141_Post_Award_Admin_Processing_Submission_Components_V01_20260306.pdf,VERAS,N,
DOC-238e53c1c8ac,DOC-POST-AWARD,Post Award Submission,Award,AA6006,V210392,AA6006,V210392_2022-68006-36434_Submission_023141_Post_Award_Admin_Processing_Submission_History_20260306.jpeg,.jpeg,image/jpeg,177145,238e53c1c8ac25cf9fd4d7da89ca2931591e5d26a7187c6d290c767dc5c1362b,AA6006/Post Award Submission/023141_Post_Award_Admin_Processing_20230531/Submission History/V210392_2022-68006-36434_Submission_023141_Post_Award_Admin_Processing_Submission_History_20260306.jpeg,VERAS,N,
DOC-dccb14ec88f9,DOC-POST-AWARD,Post Award Submission,Award,AA6006,V210392,AA6006,V210392_2022-68006-36434_Submission_023141_Post_Award_Admin_Processing_Submission_History_Chelsea_Franklin_Submitter_Signoff_20260306.jpeg,.jpeg,image/jpeg,157934,dccb14ec88f976ed1639012c95b5a1f3f47b7f8e2e65602db4436f2baf93f672,AA6006/Post Award Submission/023141_Post_Award_Admin_Processing_20230531/Submission History/V210392_2022-68006-36434_Submission_023141_Post_Award_Admin_Processing_Submission_History_Chelsea_Franklin_Submitter_Signoff_20260306.jpeg,VERAS,N,
DOC-31ac290fa595,DOC-POST-AWARD,Post Award Submission,Award,AA6006,V210392,AA6006,V210392_2022-68006-36434_Submission_028265_SPA_Request_Correspondence_8_21_Pinged_agency_Re_approval_20240821_20260306.jpeg,.jpeg,image/jpeg,256106,31ac290fa595080cf1d812e13e2e9149c6265e75b1943ae5a6020427b5517324,AA6006/Post Award Submission/028265_Sponsor_Prior_Approval_Request_20240627/Correspondence/V210392_2022-68006-36434_Submission_028265_SPA_Request_Correspondence_8_21_Pinged_agency_Re_approval_20240821_20260306.jpeg,VERAS,N,
DOC-87a88613c72f,DOC-POST-AWARD,Post Award Submission,Award,AA6006,V210392,AA6006,V210392_2022-68006-36434_Submission_028265_SPA_Request_Correspondence_8_28_Agency_Reply_Fed_FY_end_Delaying_Approval_20250103_20260306.jpeg,.jpeg,image/jpeg,287611,87a88613c72f475752f209dd3fadd0d512f52df03bfb7a6e450151c4b84b4bcc,AA6006/Post Award Submission/028265_Sponsor_Prior_Approval_Request_20240627/Correspondence/V210392_2022-68006-36434_Submission_028265_SPA_Request_Correspondence_8_28_Agency_Reply_Fed_FY_end_Delaying_Approval_20250103_20260306.jpeg,VERAS,N,
DOC-a2e68a2de01d,DOC-POST-AWARD,Post Award Submission,Award,AA6006,V210392,AA6006,V210392_2022-68006-36434_Submission_028265_SPA_Request_Correspondence_Change_Request_20250103_20260306.jpeg,.jpeg,image/jpeg,228986,a2e68a2de01d6de43b284e09dee86285dc5b1665a1c4010ed47c47172248c70d,AA6006/Post Award Submission/028265_Sponsor_Prior_Approval_Request_20240627/Correspondence/V210392_2022-68006-36434_Submission_028265_SPA_Request_Correspondence_Change_Request_20250103_20260306.jpeg,VERAS,N,
DOC-096f6cf62cd7,DOC-POST-AWARD,Post Award Submission,Award,AA6006,V210392,AA6006,V210392_2022-68006-36434_Submission_028265_SPA_Request_Correspondence_Modification_Processed_20250103_20260306.jpeg,.jpeg,image/jpeg,189058,096f6cf62cd78dd41a3980ac69a71b40f88a2d17ba311664e4f9b87a0196cb5a,AA6006/Post Award Submission/028265_Sponsor_Prior_Approval_Request_20240627/Correspondence/V210392_2022-68006-36434_Submission_028265_SPA_Request_Correspondence_Modification_Processed_20250103_20260306.jpeg,VERAS,N,
DOC-1e3013840b19,DOC-POST-AWARD,Post Award Submission,Award,AA6006,V210392,AA6006,V210392_2022-68006-36434_Submission_028265_SPA_Request_Correspondence_NIFA_Revised_Award_Notification_20250103_20260306.jpeg,.jpeg,image/jpeg,134334,1e3013840b199aa6abc22c7ce9044759a226484d7e3b838b7d0b038d1a3bf354,AA6006/Post Award Submission/028265_Sponsor_Prior_Approval_Request_20240627/Correspondence/V210392_2022-68006-36434_Submission_028265_SPA_Request_Correspondence_NIFA_Revised_Award_Notification_20250103_20260306.jpeg,VERAS,N,
DOC-fa09d5c5a1a8,DOC-POST-AWARD,Post Award Submission,Award,AA6006,V210392,AA6006,V210392_2022-68006-36434_Submission_028265_SPA_Request_Correspondence_Re_PI_Change_Request_Status_1_20250103_20260306.jpeg,.jpeg,image/jpeg,293971,fa09d5c5a1a8593ccc1e0d1583ec9ec4a5043e38d77db0aa615a378e948fd576,AA6006/Post Award Submission/028265_Sponsor_Prior_Approval_Request_20240627/Correspondence/V210392_2022-68006-36434_Submission_028265_SPA_Request_Correspondence_Re_PI_Change_Request_Status_20250103_20260306/V210392_2022-68006-36434_Submission_028265_SPA_Request_Correspondence_Re_PI_Change_Request_Status_1_20250103_20260306.jpeg,VERAS,N,
DOC-4d63b100457a,DOC-POST-AWARD,Post Award Submission,Award,AA6006,V210392,AA6006,V210392_2022-68006-36434_Submission_028265_SPA_Request_Correspondence_Re_PI_Change_Request_Status_2_20250103_20260306.jpeg,.jpeg,image/jpeg,349556,4d63b100457ad11602e20a045715d69436f7231cc52ec8674c4a5fb0e282ef45,AA6006/Post Award Submission/028265_Sponsor_Prior_Approval_Request_20240627/Correspondence/V210392_2022-68006-36434_Submission_028265_SPA_Request_Correspondence_Re_PI_Change_Request_Status_20250103_20260306/V210392_2022-68006-36434_Submission_028265_SPA_Request_Correspondence_Re_PI_Change_Request_Status_2_20250103_20260306.jpeg,VERAS,N,
DOC-ac1caacf48c4,DOC-POST-AWARD,Post Award Submission,Award,AA6006,V210392,AA6006,V210392_2022-68006-36434_Submission_028265_SPA_Request_Correspondence_Re_PI_Change_Request_Status_3_20250103_20260306.jpeg,.jpeg,image/jpeg,265889,ac1caacf48c40a102333b99add28bb65795416e156abaaaafb45b4a3c6fcae06,AA6006/Post Award Submission/028265_Sponsor_Prior_Approval_Request_20240627/Correspondence/V210392_2022-68006-36434_Submission_028265_SPA_Request_Correspondence_Re_PI_Change_Request_Status_20250103_20260306/V210392_2022-68006-36434_Submission_028265_SPA_Request_Correspondence_Re_PI_Change_Request_Status_3_20250103_20260306.jpeg,VERAS,N,
DOC-5f243d7deada,DOC-POST-AWARD,Post Award Submission,Award,AA6006,V210392,AA6006,V210392_2022-68006-36434_Submission_028265_SPA_Request_Correspondence_Re_PI_Change_Request_Status_4_20250103_20260306.jpeg,.jpeg,image/jpeg,285069,5f243d7deada697a1afb8411a3c163af9547f9c72edde6eea3070262cc1b54d2,AA6006/Post Award Submission/028265_Sponsor_Prior_Approval_Request_20240627/Correspondence/V210392_2022-68006-36434_Submission_028265_SPA_Request_Correspondence_Re_PI_Change_Request_Status_20250103_20260306/V210392_2022-68006-36434_Submission_028265_SPA_Request_Correspondence_Re_PI_Change_Request_Status_4_20250103_20260306.jpeg,VERAS,N,
DOC-660c2b635b02,DOC-POST-AWARD,Post Award Submission,Award,AA6006,V210392,AA6006,V210392_2022-68006-36434_Submission_028265_SPA_Request_Correspondence_Re_PI_Change_Request_Status_5_20250103_20260306.jpeg,.jpeg,image/jpeg,251838,660c2b635b0298a846ac8623129a30689217afde462f789694320c24d4b4760c,AA6006/Post Award Submission/028265_Sponsor_Prior_Approval_Request_20240627/Correspondence/V210392_2022-68006-36434_Submission_028265_SPA_Request_Correspondence_Re_PI_Change_Request_Status_20250103_20260306/V210392_2022-68006-36434_Submission_028265_SPA_Request_Correspondence_Re_PI_Change_Request_Status_5_20250103_20260306.jpeg,VERAS,N,
DOC-9305d65b75b7,DOC-POST-AWARD,Post Award Submission,Award,AA6006,V210392,AA6006,V210392_2022-68006-36434_Submission_028265_SPA_Request_Correspondence_Re_PI_Change_Request_Status_6_20250103_20260306.jpeg,.jpeg,image/jpeg,289219,9305d65b75b78268af852b103274c15a4b1eeef7b24ef305f43ce0733d4ffba4,AA6006/Post Award Submission/028265_Sponsor_Prior_Approval_Request_20240627/Correspondence/V210392_2022-68006-36434_Submission_028265_SPA_Request_Correspondence_Re_PI_Change_Request_Status_20250103_20260306/V210392_2022-68006-36434_Submission_028265_SPA_Request_Correspondence_Re_PI_Change_Request_Status_6_20250103_20260306.jpeg,VERAS,N,
DOC-16502e15cab6,DOC-POST-AWARD,Post Award Submission,Award,AA6006,V210392,AA6006,V210392_2022-68006-36434_Submission_028265_SPA_Request_Correspondence_Re_PI_Change_Request_Status_7_20250103_20260306.jpeg,.jpeg,image/jpeg,229232,16502e15cab6684474a974fcb9aec2563276f2704015244d24a013c1efd863df,AA6006/Post Award Submission/028265_Sponsor_Prior_Approval_Request_20240627/Correspondence/V210392_2022-68006-36434_Submission_028265_SPA_Request_Correspondence_Re_PI_Change_Request_Status_20250103_20260306/V210392_2022-68006-36434_Submission_028265_SPA_Request_Correspondence_Re_PI_Change_Request_Status_7_20250103_20260306.jpeg,VERAS,N,
DOC-97651fb2dffd,DOC-POST-AWARD,Post Award Submission,Award,AA6006,V210392,AA6006,V210392_2022-68006-36434_Submission_028265_SPA_Request_Correspondence_Request_PI_sig_20240801_20260306.jpeg,.jpeg,image/jpeg,176092,97651fb2dffd4ef6afd6f1977f9a6ed2076aed55a6a8ff620c0c4fee2ff121bc,AA6006/Post Award Submission/028265_Sponsor_Prior_Approval_Request_20240627/Correspondence/V210392_2022-68006-36434_Submission_028265_SPA_Request_Correspondence_Request_PI_sig_20240801_20260306.jpeg,VERAS,N,
DOC-0c776892ab3a,DOC-POST-AWARD,Post Award Submission,Award,AA6006,V210392,AA6006,V210392_2022-68006-36434_Submission_028265_SPA_Request_General_Information_20260306.jpeg,.jpeg,image/jpeg,180071,0c776892ab3a428a0b90ac9026aac1f6c7330598660d149edac610a63e21d105,AA6006/Post Award Submission/028265_Sponsor_Prior_Approval_Request_20240627/General Information/V210392_2022-68006-36434_Submission_028265_SPA_Request_General_Information_20260306.jpeg,VERAS,N,
DOC-46f0e40a1693,DOC-POST-AWARD,Post Award Submission,Award,AA6006,V210392,AA6006,V210392_2022-68006-36434_Submission_028265_SPA_Request_Internal_Submission_Routing_20260306.jpeg,.jpeg,image/jpeg,133391,46f0e40a1693da3f515057e65b05a8fd9160b9f82a04080e5daa9291bb937f1b,AA6006/Post Award Submission/028265_Sponsor_Prior_Approval_Request_20240627/Internal Submission Routing/V210392_2022-68006-36434_Submission_028265_SPA_Request_Internal_Submission_Routing_20260306.jpeg,VERAS,N,
DOC-7b7a305ee806,DOC-POST-AWARD,Post Award Submission,Award,AA6006,V210392,AA6006,V210392_2022-68006-36434_Submission_028265_SPA_Request_Outcome_20260306.jpeg,.jpeg,image/jpeg,233187,7b7a305ee806ca8bc016dea4c5a7b841b6b6b05f17c62ef159696a89f26c5e37,AA6006/Post Award Submission/028265_Sponsor_Prior_Approval_Request_20240627/Outcome/V210392_2022-68006-36434_Submission_028265_SPA_Request_Outcome_20260306.jpeg,VERAS,N,
DOC-fb9c2a8dd214,DOC-POST-AWARD,Post Award Submission,Award,AA6006,V210392,AA6006,V210392_2022-68006-36434_Submission_028265_SPA_Request_Outcome_Letter_20260306.jpeg,.jpeg,image/jpeg,121809,fb9c2a8dd214507a974e0fd8d8659a84c34e6214b3f112de44975a94a9c16c95,AA6006/Post Award Submission/028265_Sponsor_Prior_Approval_Request_20240627/Outcome Letter/V210392_2022-68006-36434_Submission_028265_SPA_Request_Outcome_Letter_20260306.jpeg,VERAS,N,
DOC-a7c23c341d61,DOC-POST-AWARD,Post Award Submission,Award,AA6006,V210392,AA6006,V210392_2022-68006-36434_Submission_028265_SPA_Request_Outcome_Letter_V01_20260306.pdf,.pdf,application/pdf,110594,a7c23c341d61d20d250bc0110e1dd2958c827234a93e72376c73e36163623a39,AA6006/Post Award Submission/028265_Sponsor_Prior_Approval_Request_20240627/Outcome Letter/V210392_2022-68006-36434_Submission_028265_SPA_Request_Outcome_Letter_V01_20260306.pdf,VERAS,N,
DOC-6a4fbdaffddb,DOC-POST-AWARD,Post Award Submission,Award,AA6006,V210392,AA6006,V210392_2022-68006-36434_Submission_028265_SPA_Request_Pre-Review_Screening.jpeg,.jpeg,image/jpeg,137245,6a4fbdaffddbfc47f0bc706af277cd0a84f168b27cd9d2001abd59ed9ada7437,AA6006/Post Award Submission/028265_Sponsor_Prior_Approval_Request_20240627/Pre-Review Screening/V210392_2022-68006-36434_Submission_028265_SPA_Request_Pre-Review_Screening.jpeg,VERAS,N,
DOC-651a41f3d96a,DOC-POST-AWARD,Post Award Submission,Award,AA6006,V210392,AA6006,V210392_2022-68006-36434_Submission_028265_SPA_Request_Submission_Complete_20260306.jpeg,.jpeg,image/jpeg,162747,651a41f3d96ad96bf4267af9d02cb52397a2628a1709057f8bc89b90383e78b5,AA6006/Post Award Submission/028265_Sponsor_Prior_Approval_Request_20240627/Submission Complete/V210392_2022-68006-36434_Submission_028265_SPA_Request_Submission_Complete_20260306.jpeg,VERAS,N,
DOC-56c6bab4fd0c,DOC-POST-AWARD,Post Award Submission,Award,AA6006,V210392,AA6006,V210392_2022-68006-36434_Submission_028265_SPA_Request_Submission_Components_20260306.jpeg,.jpeg,image/jpeg,130083,56c6bab4fd0cba0b75315e86976b81539fa10f975fdc27f47cf681cb63cb0dbc,AA6006/Post Award Submission/028265_Sponsor_Prior_Approval_Request_20240627/Submission Components/V210392_2022-68006-36434_Submission_028265_SPA_Request_Submission_Components_20260306.jpeg,VERAS,N,
DOC-4bffa324cf22,DOC-POST-AWARD,Post Award Submission,Award,AA6006,V210392,AA6006,V210392_2022-68006-36434_Submission_028265_SPA_Request_Submission_Components_Packet_20260306.pdf,.pdf,application/pdf,693018,4bffa324cf220c1d532e40fa3510e120a972400c626c397c87063b3fed94c204,AA6006/Post Award Submission/028265_Sponsor_Prior_Approval_Request_20240627/Submission Components/V210392_2022-68006-36434_Submission_028265_SPA_Request_Submission_Components_Packet_20260306.pdf,VERAS,N,
DOC-b5ecc2803fd6,DOC-POST-AWARD,Post Award Submission,Award,AA6006,V210392,AA6006,V210392_2022-68006-36434_Submission_028265_SPA_Request_Submission_History_20260306.jpeg,.jpeg,image/jpeg,250329,b5ecc2803fd60368243aeaa54a2db6dbf0d033cc77a6754c0be288f3a6b668b2,AA6006/Post Award Submission/028265_Sponsor_Prior_Approval_Request_20240627/Submission History/V210392_2022-68006-36434_Submission_028265_SPA_Request_Submission_History_20260306.jpeg,VERAS,N,
DOC-97a33fc6ce9e,DOC-POST-AWARD,Post Award Submission,Award,AA6006,V210392,AA6006,V210392_2022-68006-36434_Submission_028265_SPA_Request_Submission_History_Assign_Department_Personal_Signoff_20260306.jpeg,.jpeg,image/jpeg,145254,97a33fc6ce9e8955ea78c1099ad3cd7da6d408098f8fdc13ae5143c190ba692c,AA6006/Post Award Submission/028265_Sponsor_Prior_Approval_Request_20240627/Submission History/V210392_2022-68006-36434_Submission_028265_SPA_Request_Submission_History_Assign_Department_Personal_Signoff_20260306.jpeg,VERAS,N,
DOC-b8ce4dd43e19,DOC-POST-AWARD,Post Award Submission,Award,AA6006,V210392,AA6006,V210392_2022-68006-36434_Submission_028265_SPA_Request_Submission_History_Steven_S_Peterson_PI_Signoff_20260306.jpeg,.jpeg,image/jpeg,214673,b8ce4dd43e19dd5be136154ddce84f08dd0bc6f813f9a216c71ca7e5e3a8fb16,AA6006/Post Award Submission/028265_Sponsor_Prior_Approval_Request_20240627/Submission History/V210392_2022-68006-36434_Submission_028265_SPA_Request_Submission_History_Steven_S_Peterson_PI_Signoff_20260306.jpeg,VERAS,N,
DOC-432945f5e1c8,DOC-PROPOSAL,Proposal,Proposal,V210392,V210392,AA6006,V210392_2022-68006-36434_Proposal_20260304.pdf,.pdf,application/pdf,3356714,432945f5e1c8aaa543917e54e55af709f4f8930c98ef76673b8c4a84c36143a5,AA6006/Proposal/V210392_2022-68006-36434_Proposal_20260304.pdf,VERAS,N,
DOC-2af70a1431c9,DOC-PROPOSAL,Proposal,Proposal,V210392,V210392,AA6006,V210392_2022-68006-36434_Proposal_Grants.gov_20260304.pdf,.pdf,application/pdf,4369997,2af70a1431c989079bf71351bf239cc279b6929ef311e096b1b5064ecf47b5cf,AA6006/Proposal/V210392_2022-68006-36434_Proposal_Grants.gov_20260304.pdf,VERAS,N,
DOC-0392c9ca7b06,DOC-SPA-CHECK,SPA Checklist,Proposal,V210392,V210392,AA6006,V210392_2022-68006-36434_SPA_Checklist_V01_20260304.pdf,.pdf,application/pdf,78050,0392c9ca7b06184d371dfdb06c00202e2becabda064ac5d0515010acdcee292c,AA6006/SPA Checklist/V210392_2022-68006-36434_SPA_Checklist_V01_20260304.pdf,VERAS,N,
DOC-bf8c2eff8098,DOC-SUBAWARD,Subawards,Award,AA6006,V210392,AA6006,V210392_2022-68006-36434_SubAwards_CDA_Tribe_20260304.pdf,.pdf,application/pdf,180501,bf8c2eff80989ec63f14110f3788df855b29c7fc594272fc9bd986afa37c6a44,AA6006/Subawards/V210392_2022-68006-36434_SubAwards_CDA_Tribe_20260304.pdf,VERAS,N,
DOC-8881d96844e2,DOC-SUBAWARD,Subawards,Award,AA6006,V210392,AA6006,V210392_2022-68006-36434_SubAwards_CDA_Tribe_Agreement_20220711_20260304.pdf,.pdf,application/pdf,9302372,8881d96844e22ab9ba3f438c684c8c038a9cd29048ac07a10563bb90061aef2d,AA6006/Subawards/V210392_2022-68006-36434_SubAwards_CDA_Tribe_Agreement_20220711_20260304.pdf,VERAS,N,
DOC-0972e521e99c,DOC-SUBAWARD,Subawards,Award,AA6006,V210392,AA6006,V210392_2022-68006-36434_SubAwards_Financial_Tracking_CDA_Tribe_20260304.pdf,.pdf,application/pdf,176584,0972e521e99cbed6757aae83057ec074f949c2e3a992eb98a9e29b910389e364,AA6006/Subawards/V210392_2022-68006-36434_SubAwards_Financial_Tracking_CDA_Tribe_20260304.pdf,VERAS,N,
DOC-97f5a708c84f,DOC-SUBAWARD,Subawards,Award,AA6006,V210392,AA6006,V210392_2022-68006-36434_SubAwards_Financial_Tracking_Nez_Perce_Tribe_20260304.pdf,.pdf,application/pdf,172790,97f5a708c84ff79619a35e33e5adf27f15266757e14bda636f387f9ded3369aa,AA6006/Subawards/V210392_2022-68006-36434_SubAwards_Financial_Tracking_Nez_Perce_Tribe_20260304.pdf,VERAS,N,
DOC-3a19962accf0,DOC-SUBAWARD,Subawards,Award,AA6006,V210392,AA6006,V210392_2022-68006-36434_SubAwards_Financial_Tracking_SaulGill_LLC_20260304.pdf,.pdf,application/pdf,179698,3a19962accf0c723dbdabefb789e0a65a01666ac5f5dba31676f7db1fd5c3eda,AA6006/Subawards/V210392_2022-68006-36434_SubAwards_Financial_Tracking_SaulGill_LLC_20260304.pdf,VERAS,N,
DOC-c4efe6aee611,DOC-SUBAWARD,Subawards,Award,AA6006,V210392,AA6006,V210392_2022-68006-36434_SubAwards_Nez_Perce_Tribe_20260304.pdf,.pdf,application/pdf,184840,c4efe6aee611cd336ad3e98c95f79269d8b61dfc68077cc8c5e301ed447f2dea,AA6006/Subawards/V210392_2022-68006-36434_SubAwards_Nez_Perce_Tribe_20260304.pdf,VERAS,N,
DOC-4e978b60e8c1,DOC-SUBAWARD,Subawards,Award,AA6006,V210392,AA6006,V210392_2022-68006-36434_SubAwards_Nez_Perce_Tribe_Agreement_20240128_20260304.pdf,.pdf,application/pdf,12332246,4e978b60e8c18cc701850be0bc16fbe462063cd144a7671c04fbbf8c4dc82258,AA6006/Subawards/V210392_2022-68006-36434_SubAwards_Nez_Perce_Tribe_Agreement_20240128_20260304.pdf,VERAS,N,
DOC-1d0217d280f2,DOC-SUBAWARD,Subawards,Award,AA6006,V210392,AA6006,V210392_2022-68006-36434_SubAwards_SaulGill_LLC_20260304.pdf,.pdf,application/pdf,197337,1d0217d280f22cc637440fccb3604acfa93ec5f8b28d7ed6ad1caa561dcdfa06,AA6006/Subawards/V210392_2022-68006-36434_SubAwards_SaulGill_LLC_20260304.pdf,VERAS,N,
DOC-f7d22eaca5ef,DOC-SUBAWARD,Subawards,Award,AA6006,V210392,AA6006,V210392_2022-68006-36434_SubAwards_SaulGill_LLC_Agreement_20230830_20260304.pdf,.pdf,application/pdf,14547558,f7d22eaca5efcc896925c7a988c4ad46ec373ec8a74464e7fffb60d0e4fef859,AA6006/Subawards/V210392_2022-68006-36434_SubAwards_SaulGill_LLC_Agreement_20230830_20260304.pdf,VERAS,N,
DOC-31e6a8a36dd0,DOC-SUBAWARD,Subawards,Award,AA6006,V210392,AA6006,V210392_2022-68006-36434_SubAwards_SaulGill_LLC_MOD_1_20240404_20260304.pdf,.pdf,application/pdf,9931025,31e6a8a36dd0746d8be40dcc02c0b793b2cf66cb0e92a861d270dc275e301b36,AA6006/Subawards/V210392_2022-68006-36434_SubAwards_SaulGill_LLC_MOD_1_20240404_20260304.pdf,VERAS,N,
DOC-b832bdf50c9a,DOC-SUBAWARD,Subawards,Award,AA6006,V210392,AA6006,V210392_2022-68006-36434_SubAwards_SaulGill_LLC_MOD_2_20241018_20260304.pdf,.pdf,application/pdf,6821452,b832bdf50c9a52bd1dee18949648bf81294120f321878c53bdc06d0d5bce490c,AA6006/Subawards/V210392_2022-68006-36434_SubAwards_SaulGill_LLC_MOD_2_20241018_20260304.pdf,VERAS,N,
DOC-f21537eee1c2,DOC-SUBAWARD,Subawards,Award,AA6006,V210392,AA6006,V210392_2022-68006-36434_SubAwards_SaulGill_LLC_MOD_3_20250304_20260304.pdf,.pdf,application/pdf,6455450,f21537eee1c2330ffd64e82889977812836022d87112dd4fb07e85cb601e275e,AA6006/Subawards/V210392_2022-68006-36434_SubAwards_SaulGill_LLC_MOD_3_20250304_20260304.pdf,VERAS,N,
DOC-42e26bd9fd60,DOC-SUBAWARD,Subawards,Award,AA6006,V210392,AA6006,V210392_2022-68006-36434_SubAwards_SaulGill_LLC_MOD_4_20250317_20260304.pdf,.pdf,application/pdf,6733843,42e26bd9fd6073775c19f37478f4a7d80389ed684b3b6d8ef672d555199c89ec,AA6006/Subawards/V210392_2022-68006-36434_SubAwards_SaulGill_LLC_MOD_4_20250317_20260304.pdf,VERAS,N,
DOC-ab58a70d6133,DOC-SUBAWARD,Subawards,Award,AA6006,V210392,AA6006,V210392_2022-68006-36434_SubAwards_Sub_Recipients_20260304.png,.png,image/png,68359,ab58a70d61338346c7d5062b8826a626f1b1cb92208de415cf28705ef69ce7af,AA6006/Subawards/V210392_2022-68006-36434_SubAwards_Sub_Recipients_20260304.png,VERAS,N,
DOC-916697c543d0,DOC-AWARD-INST,Award Instrument,Award,OS7090,V220279,OS7090,CDA_Tribe_SF424_and_Justification_22223_(1)_V01_20260227.pdf,.pdf,application/pdf,208553,916697c543d0e720f586f06b83ca4d0d7b32af1dbfdc971bf8dd41cdb4115204,OS7090/V220279/Hailee/Award Instrument/CDA_Tribe_SF424_and_Justification_22223_(1)_V01_20260227.pdf,VERAS,N,duplicate_filename;duplicate_content
DOC-9a8dec6b2148,DOC-AWARD-INST,Award Instrument,Award,OS7090,V220279,OS7090,CDA_Tribe_SF424_and_Justification_22223_(2)_V01_20260227.pdf,.pdf,application/pdf,108899,9a8dec6b2148c16fb7b69b2ab37221eb2079fa7f42504d5781dbf1a1cd02a4b7,OS7090/V220279/Hailee/Award Instrument/CDA_Tribe_SF424_and_Justification_22223_(2)_V01_20260227.pdf,VERAS,N,duplicate_filename;duplicate_content
DOC-fc9670b0fb4f,DOC-AWARD-INST,Award Instrument,Award,OS7090,V220279,OS7090,Current_Pending_Support_2_V01_20260227.pdf,.pdf,application/pdf,1407772,fc9670b0fb4ffd258a5dd52a1f8e61e9fb88d6987dec430407c6439d84178c5c,OS7090/V220279/Hailee/Award Instrument/Current_Pending_Support_2_V01_20260227.pdf,VERAS,N,duplicate_filename;duplicate_content
DOC-0237e7001534,DOC-AWARD-INST,Award Instrument,Award,OS7090,V220279,OS7090,IASCD_SF424_and_Justification_22323_(1)_20260227.pdf,.pdf,application/pdf,290926,0237e7001534d75c0b04040843d96fb7fb9f4a1513230d737eaa719b8058fe19,OS7090/V220279/Hailee/Award Instrument/IASCD_SF424_and_Justification_22323_(1)_20260227.pdf,VERAS,N,duplicate_filename;duplicate_content
DOC-a7f90d1b90af,DOC-AWARD-INST,Award Instrument,Award,OS7090,V220279,OS7090,MILESTONE_20260227.pdf,.pdf,application/pdf,117163,a7f90d1b90af3f40d0d5ac5d0c279fb33876ca25365063a6dc8a2df8f3addbd9,OS7090/V220279/Hailee/Award Instrument/MILESTONE_20260227.pdf,VERAS,N,duplicate_filename;duplicate_content
DOC-fb11e87f8fdb,DOC-AWARD-INST,Award Instrument,Award,OS7090,V220279,OS7090,NPTribe_SF424_and_Justification_22223_(2)_V01_20260227.pdf,.pdf,application/pdf,223402,fb11e87f8fdbb2c72c4d67a73456aceda801b4e6f5fedcf3e2b8fa61b02466b1,OS7090/V220279/Hailee/Award Instrument/NPTribe_SF424_and_Justification_22223_(2)_V01_20260227.pdf,VERAS,N,duplicate_filename;duplicate_content
DOC-929217000c34,DOC-AWARD-INST,Award Instrument,Award,OS7090,V220279,OS7090,Negotiation_Response_Cover_Letter_Signed_V01_20260227.pdf,.pdf,application/pdf,310063,929217000c34b2a55b280dfc31d76cf15dd07e6270586c5bbf9cf0526508464a,OS7090/V220279/Hailee/Award Instrument/Negotiation_Response_Cover_Letter_Signed_V01_20260227.pdf,VERAS,N,duplicate_filename;duplicate_content
DOC-074d3e4bca9e,DOC-AWARD-INST,Award Instrument,Award,OS7090,V220279,OS7090,Revised_Narrative_V01_20260227.pdf,.pdf,application/pdf,828414,074d3e4bca9e2c0b8778cb476930da836fb64679ef511d69bf91db3b1e0f50f4,OS7090/V220279/Hailee/Award Instrument/Revised_Narrative_V01_20260227.pdf,VERAS,N,duplicate_filename;duplicate_content
DOC-b9e3565dd481,DOC-AWARD-INST,Award Instrument,Award,OS7090,V220279,OS7090,SF424A_Final_V01_20260227.pdf,.pdf,application/pdf,470389,b9e3565dd481adc51e70fbc549debfecc102bb67f55f26ccfa7c6ace91517c58,OS7090/V220279/Hailee/Award Instrument/SF424A_Final_V01_20260227.pdf,VERAS,N,duplicate_filename;duplicate_content
DOC-741af68b60f2,DOC-AWARD-INST,Award Instrument,Award,OS7090,V220279,OS7090,Statement_Current_Pending Support_v01_20260227.pdf,.pdf,application/pdf,249687,741af68b60f21ccf5f3be18e233ce10de73f3d007ed1fb82b7f52dddd9010a86,OS7090/V220279/Hailee/Award Instrument/Statement_Current_Pending Support_v01_20260227.pdf,VERAS,N,duplicate_filename;duplicate_content
DOC-49707484562c,DOC-AWARD-INST,Award Instrument,Award,OS7090,V220279,OS7090,Subaward_CDA_Tribe_V01_20260227.pdf,.pdf,application/pdf,307720,49707484562caf6919d3e7e9f8168a6ab415b3eaff634d2aa9de7da6cd13a24b,OS7090/V220279/Hailee/Award Instrument/Subaward_CDA_Tribe_V01_20260227.pdf,VERAS,N,duplicate_filename;duplicate_content
DOC-3c90cd9228dd,DOC-AWARD-INST,Award Instrument,Award,OS7090,V220279,OS7090,Subaward_IASCD_V01_20260227.pdf,.pdf,application/pdf,1221754,3c90cd9228dd50fbd62fc8ee7227a36da81c40a7a184f691b68e746728bbd691,OS7090/V220279/Hailee/Award Instrument/Subaward_IASCD_V01_20260227.pdf,VERAS,N,duplicate_filename;duplicate_content
DOC-a3348bd7af1a,DOC-AWARD-INST,Award Instrument,Award,OS7090,V220279,OS7090,Subaward_Nez_Perce_Tribe_Final_V01_20260227.pdf,.pdf,application/pdf,312485,a3348bd7af1aed21d91b22a78db610ec6cf9d2ff44f74c650e72f0103d432051,OS7090/V220279/Hailee/Award Instrument/Subaward_Nez_Perce_Tribe_Final_V01_20260227.pdf,VERAS,N,duplicate_filename;duplicate_content
DOC-5168829b4e30,DOC-AWARD-INST,Award Instrument,Award,OS7090,V220279,OS7090,Subaward_Packet_Arrowleaf_V01_20260227.pdf,.pdf,application/pdf,579008,5168829b4e30741481225aa466cd5e984eacb4c1f2fd281b73b1b1d86cca8591,OS7090/V220279/Hailee/Award Instrument/Subaward_Packet_Arrowleaf_V01_20260227.pdf,VERAS,N,duplicate_filename;duplicate_content
DOC-91cf10be687d,DOC-AWARD-INST,Award Instrument,Award,OS7090,V220279,OS7090,Subward_Desert_Mountian_GFB_V01_20260227.pdf,.pdf,application/pdf,282789,91cf10be687d5cefd270dd3e25bf4a838cfafd8e9dd8f433e453f5f46807e7f1,OS7090/V220279/Hailee/Award Instrument/Subward_Desert_Mountian_GFB_V01_20260227.pdf,VERAS,N,duplicate_filename;duplicate_content
DOC-b22d29f8f84f,DOC-AWARD-INST,Award Instrument,Award,OS7090,V220279,OS7090,TNC_NICRA_FY23_Signed_(2)_V01_20260227.pdf,.pdf,application/pdf,205983,b22d29f8f84f5896dab86dca45f11e411cc1b6ce761d1e89548358a81f460d16,OS7090/V220279/Hailee/Award Instrument/TNC_NICRA_FY23_Signed_(2)_V01_20260227.pdf,VERAS,N,duplicate_filename;duplicate_content
DOC-f18d1e588d4f,DOC-AWARD-INST,Award Instrument,Award,OS7090,V220279,OS7090,TNC_SUBAWARD_FINAL_20260227.pdf,.pdf,application/pdf,387410,f18d1e588d4fcf3782fb0a3fb19056accfbfe97346f48339f00807d19845c55e,OS7090/V220279/Hailee/Award Instrument/TNC_SUBAWARD_FINAL_20260227.pdf,VERAS,N,duplicate_filename;duplicate_content
DOC-68eab719c7d2,DOC-AWARD-INST,Award Instrument,Award,OS7090,V220279,OS7090,V220279_NR233A750004G038_AWD_V01_.pdf,.pdf,application/pdf,2865471,68eab719c7d285306503ac9be1dbfe5a0dfdbcfc7a8cbc0fb5b06ae564496344,OS7090/V220279/Hailee/Award Instrument/V220279_NR233A750004G038_AWD_V01_.pdf,VERAS,N,duplicate_filename;duplicate_content
DOC-191e354065ba,DOC-AWARD-INST,Award Instrument,Award,OS7090,V220279,OS7090,V220279_NR233A750004G038_Budget_By_Index_Breakdown_V01_20260227.csv,.csv,text/csv,1516,191e354065ba154aef787ef6cead00e19070dc425fec6411400528d49def39d6,OS7090/V220279/Hailee/Award Instrument/V220279_NR233A750004G038_Budget_By_Index_Breakdown_V01_20260227.csv,Banner,N,duplicate_filename;duplicate_content
DOC-b9970564d39f,DOC-AWARD-INST,Award Instrument,Award,OS7090,V220279,OS7090,V220279_NR233A750004G038_Budget_Justification_Arrowleaf_3.14_(1)_V01_20260227.pdf,.pdf,application/pdf,261191,b9970564d39fd660aa3aeebb958a0e7b5dd6d74e2204f757a505da926b7abbc5,OS7090/V220279/Hailee/Award Instrument/V220279_NR233A750004G038_Budget_Justification_Arrowleaf_3.14_(1)_V01_20260227.pdf,VERAS,N,duplicate_filename;duplicate_content
DOC-50ae8a608759,DOC-AWARD-INST,Award Instrument,Award,OS7090,V220279,OS7090,V220279_NR233A750004G038_Budget_Justification_Arrowleaf_3.14_(2)_V01_20260227.pdf,.pdf,application/pdf,665055,50ae8a608759d9a1e2889666d0ff71115c260fd63f17ed63795da7cb9aee5110,OS7090/V220279/Hailee/Award Instrument/V220279_NR233A750004G038_Budget_Justification_Arrowleaf_3.14_(2)_V01_20260227.pdf,VERAS,N,duplicate_filename;duplicate_content
DOC-71d549eb00cb,DOC-AWARD-INST,Award Instrument,Award,OS7090,V220279,OS7090,V220279_NR233A750004G038_Budget_Justification_CSCI_IASCD_314_(1)_V01_20260227.pdf,.pdf,application/pdf,252927,71d549eb00cb7919cd96ce39c9cb044febeb610e1acf55eacc662c69efdf1eb6,OS7090/V220279/Hailee/Award Instrument/V220279_NR233A750004G038_Budget_Justification_CSCI_IASCD_314_(1)_V01_20260227.pdf,VERAS,N,duplicate_filename;duplicate_content
DOC-a11dfb5f3a85,DOC-AWARD-INST,Award Instrument,Award,OS7090,V220279,OS7090,V220279_NR233A750004G038_Budget_Justification_CSCI_IASCD_314_(2)_V01_20260227.pdf,.pdf,application/pdf,166232,a11dfb5f3a85a174b10abe0de17a473362af93accad7e1f882d9cda489a25d0f,OS7090/V220279/Hailee/Award Instrument/V220279_NR233A750004G038_Budget_Justification_CSCI_IASCD_314_(2)_V01_20260227.pdf,VERAS,N,duplicate_filename;duplicate_content
DOC-b22d29f8f84f-1,DOC-AWARD-INST,Award Instrument,Award,OS7090,V220279,OS7090,V220279_NR233A750004G038_CdA_Tribe_Updated_2023_Indirect_Rate_Agreement_(1)_V01_20260227.pdf,.pdf,application/pdf,205983,b22d29f8f84f5896dab86dca45f11e411cc1b6ce761d1e89548358a81f460d16,OS7090/V220279/Hailee/Award Instrument/V220279_NR233A750004G038_CdA_Tribe_Updated_2023_Indirect_Rate_Agreement_(1)_V01_20260227.pdf,VERAS,Y,duplicate_filename;duplicate_content
DOC-3b16d37a4b57,DOC-AWARD-INST,Award Instrument,Award,OS7090,V220279,OS7090,V220279_NR233A750004G038_CdA_Tribe_Updated_2023_Indirect_Rate_Agreement_(2)_V01_20260227.pdf,.pdf,application/pdf,257675,3b16d37a4b576261bbadee7a4180aab8aac21e53b1376231bfea1b922b245a97,OS7090/V220279/Hailee/Award Instrument/V220279_NR233A750004G038_CdA_Tribe_Updated_2023_Indirect_Rate_Agreement_(2)_V01_20260227.pdf,VERAS,N,duplicate_filename;duplicate_content
DOC-8c0c407e44f3,DOC-AWARD-INST,Award Instrument,Award,OS7090,V220279,OS7090,V220279_NR233A750004G038_FE_Award_V01_2026027.pdf,.pdf,application/pdf,3382549,8c0c407e44f39e1802587aaaa069dd4e0923ca806e77c0ece9f0114d118d07c8,OS7090/V220279/Hailee/Award Instrument/V220279_NR233A750004G038_FE_Award_V01_2026027.pdf,VERAS,N,duplicate_filename;duplicate_content
DOC-af93b68dc855,DOC-AWARD-INST,Award Instrument,Award,OS7090,V220279,OS7090,V220279_NR233A750004G038_FE_MOD2_V01_20260227.pdf,.pdf,application/pdf,2578136,af93b68dc855455c16991032808851875ea2a8dcc31e05e759ae5e09952f8be8,OS7090/V220279/Hailee/Award Instrument/V220279_NR233A750004G038_FE_MOD2_V01_20260227.pdf,VERAS,N,duplicate_filename;duplicate_content
DOC-330e6441bada,DOC-AWARD-INST,Award Instrument,Award,OS7090,V220279,OS7090,V220279_NR233A750004G038_GAD_Prior_Approval_Idaho_Complete_V01_20260227.pdf,.pdf,application/pdf,253269,330e6441bada4fa6f856f97917b9b0807ac7030a46ba290c607575fd612c877b,OS7090/V220279/Hailee/Award Instrument/V220279_NR233A750004G038_GAD_Prior_Approval_Idaho_Complete_V01_20260227.pdf,VERAS,N,duplicate_filename;duplicate_content
DOC-7ce1e84ed806,DOC-AWARD-INST,Award Instrument,Award,OS7090,V220279,OS7090,V220279_NR233A750004G038_IASCD_SF424_and_Justification_22323_(2)_20260227.pdf,.pdf,application/pdf,311620,7ce1e84ed806016ed61361be0fccaa54e363b167831497d0368aeb9bb4cdc4cd,OS7090/V220279/Hailee/Award Instrument/V220279_NR233A750004G038_IASCD_SF424_and_Justification_22323_(2)_20260227.pdf,VERAS,N,duplicate_filename;duplicate_content
DOC-f0c47b49b867,DOC-AWARD-INST,Award Instrument,Award,OS7090,V220279,OS7090,V220279_NR233A750004G038_IASCD_SF424_and_justification_3.7.23_V01_20260227.pdf,.pdf,application/pdf,241437,f0c47b49b867d9abea71cb283adccdf9c803ff8ec6617b63815282abef6d9b54,OS7090/V220279/Hailee/Award Instrument/V220279_NR233A750004G038_IASCD_SF424_and_justification_3.7.23_V01_20260227.pdf,VERAS,N,duplicate_filename;duplicate_content
DOC-ddcbdb9db2fd,DOC-AWARD-INST,Award Instrument,Award,OS7090,V220279,OS7090,V220279_NR233A750004G038_NPT_SF424_and_justification_3.6.23_(1)_V01_20260227.pdf,.pdf,application/pdf,175799,ddcbdb9db2fdfdbaa0127492ff13927af47bf0e5627cdaf3983a21340350e7f4,OS7090/V220279/Hailee/Award Instrument/V220279_NR233A750004G038_NPT_SF424_and_justification_3.6.23_(1)_V01_20260227.pdf,VERAS,N,duplicate_filename;duplicate_content
DOC-7d135b43058d,DOC-AWARD-INST,Award Instrument,Award,OS7090,V220279,OS7090,V220279_NR233A750004G038_NPTribe_SF424_and_Justification_22223_(1)_V01_20260227.pdf,.pdf,application/pdf,230090,7d135b43058d64017bd4dbbb5f47b15fc37c0c951ec09309d8fc8be60fb05b0b,OS7090/V220279/Hailee/Award Instrument/V220279_NR233A750004G038_NPTribe_SF424_and_Justification_22223_(1)_V01_20260227.pdf,VERAS,N,duplicate_filename;duplicate_content
DOC-d2893f4b020c,DOC-AWARD-INST,Award Instrument,Award,OS7090,V220279,OS7090,V220279_NR233A750004G038_PRAPP_BUDGET_20241212_V01_20260227.pdf,.pdf,application/pdf,3670220,d2893f4b020c98912f2707a920755c39817f507c9d801afb5b2a1c741e672efe,OS7090/V220279/Hailee/Award Instrument/V220279_NR233A750004G038_PRAPP_BUDGET_20241212_V01_20260227.pdf,VERAS,N,duplicate_filename;duplicate_content
DOC-29be3b92364e,DOC-AWARD-INST,Award Instrument,Award,OS7090,V220279,OS7090,V220279_NR233A750004G038_Regents_of_the_University_of_Idaho_AMD2_KH_Signed_V01_20260227.pdf,.pdf,application/pdf,2962516,29be3b92364ed1c37e201450db9feb2c82b4f979e261b378ff544503443e197d,OS7090/V220279/Hailee/Award Instrument/V220279_NR233A750004G038_Regents_of_the_University_of_Idaho_AMD2_KH_Signed_V01_20260227.pdf,VERAS,N,duplicate_filename;duplicate_content
DOC-eadaa595ac41,DOC-AWARD-INST,Award Instrument,Award,OS7090,V220279,OS7090,V220279_NR233A750004G038_SCA_Signed_REsolution_V01_20260227.pdf,.pdf,application/pdf,405377,eadaa595ac41f7348f0b2f8dbb2d7fd7b4504b07effd16d3e431ca09d0f2a4d5,OS7090/V220279/Hailee/Award Instrument/V220279_NR233A750004G038_SCA_Signed_REsolution_V01_20260227.pdf,VERAS,N,duplicate_filename;duplicate_content
DOC-50ae8a608759-1,DOC-AWARD-INST,Award Instrument,Award,OS7090,V220279,OS7090,V220279_NR233A750004G038_TNC_NICRA_FY23_Signed_(1)_V01_20260227.pdf,.pdf,application/pdf,665055,50ae8a608759d9a1e2889666d0ff71115c260fd63f17ed63795da7cb9aee5110,OS7090/V220279/Hailee/Award Instrument/V220279_NR233A750004G038_TNC_NICRA_FY23_Signed_(1)_V01_20260227.pdf,VERAS,Y,duplicate_filename;duplicate_content
DOC-54c52f31f723,DOC-AWARD-INST,Award Instrument,Award,OS7090,V220279,OS7090,V220279_NR233A750004G038_TNC_SF424_justification_and_LOC_3.6.23_(1)_V01_20260227.pdf,.pdf,application/pdf,267474,54c52f31f72354f4b4a748cf082849ceb32d4c34d679e39d45acf68cd776cd75,OS7090/V220279/Hailee/Award Instrument/V220279_NR233A750004G038_TNC_SF424_justification_and_LOC_3.6.23_(1)_V01_20260227.pdf,VERAS,N,duplicate_filename;duplicate_content
DOC-f9a156994c92,DOC-AWARD-INST,Award Instrument,Award,OS7090,V220279,OS7090,V220279_NR233A750004G038_TRMLTR_V01_20260227.pdf,.pdf,application/pdf,120462,f9a156994c926c017c04bc47ba5c740819708af990f73a8273a6483f1cedecd7,OS7090/V220279/Hailee/Award Instrument/V220279_NR233A750004G038_TRMLTR_V01_20260227.pdf,VERAS,N,duplicate_filename;duplicate_content
DOC-ceea16518c42,DOC-AWARD-INST,Award Instrument,Award,OS7090,V220279,OS7090,V220279_NR233A750004G038_UI_Climate_Smart_Commoddities_Grant_V01_20260227.pdf,.pdf,application/pdf,67161,ceea16518c424f05c37ed8c8fe67c12be4a705747696f334ce0d7802a5f27a9a,OS7090/V220279/Hailee/Award Instrument/V220279_NR233A750004G038_UI_Climate_Smart_Commoddities_Grant_V01_20260227.pdf,VERAS,N,duplicate_filename;duplicate_content
DOC-95732f02222b,DOC-AWARD-INST,Award Instrument,Award,OS7090,V220279,OS7090,V220279_NR233A750004G038_UIdaho_SF424_and_justification_2.22.23_V01_20260227.pdf,.pdf,application/pdf,447292,95732f02222bad8ca00f4900693718f9b3f0f74e37ac70e6dc75d200853688eb,OS7090/V220279/Hailee/Award Instrument/V220279_NR233A750004G038_UIdaho_SF424_and_justification_2.22.23_V01_20260227.pdf,VERAS,N,duplicate_filename;duplicate_content
DOC-95732f02222b-1,DOC-AWARD-INST,Award Instrument,Award,OS7090,V220279,OS7090,V220279_NR233A750004G038_UIdaho_SF424_and_justification_22223_V01_20260227.pdf,.pdf,application/pdf,447292,95732f02222bad8ca00f4900693718f9b3f0f74e37ac70e6dc75d200853688eb,OS7090/V220279/Hailee/Award Instrument/V220279_NR233A750004G038_UIdaho_SF424_and_justification_22223_V01_20260227.pdf,VERAS,Y,duplicate_filename;duplicate_content
DOC-c13b78142d5e,DOC-AWARD-INST,Award Instrument,Award,OS7090,V220279,OS7090,V220279_NR233A750004G038_UIdaho_SF424_and_justification_3.15_(1)_V01_20260227.pdf,.pdf,application/pdf,455342,c13b78142d5e17152f77b707a4ca55ff40d04a4bd4a53d208811a5f1a52e7d94,OS7090/V220279/Hailee/Award Instrument/V220279_NR233A750004G038_UIdaho_SF424_and_justification_3.15_(1)_V01_20260227.pdf,VERAS,N,duplicate_filename;duplicate_content
DOC-ed91d6e14596,DOC-AWARD-INST,Award Instrument,Award,OS7090,V220279,OS7090,V220279_NR233A750004G038_UIdaho_SF424_and_justification_3.15_(2)_V01_20260227.pdf,.pdf,application/pdf,206604,ed91d6e145963d7390a9e3f80c78086fb2bb0fa9fe33088a6dea121a8d1de225,OS7090/V220279/Hailee/Award Instrument/V220279_NR233A750004G038_UIdaho_SF424_and_justification_3.15_(2)_V01_20260227.pdf,VERAS,N,duplicate_filename;duplicate_content
DOC-b3db0a22f48a,DOC-AWARD-INST,Award Instrument,Award,OS7090,V220279,OS7090,V220279_NR233A750004G038_UIdaho_SF424_and_justification_3.7.23_(2)_V01_20260227.pdf,.pdf,application/pdf,449579,b3db0a22f48a43db1107c7d99e1abd9db0a4f7bb2970e2621effb21b8858ec5e,OS7090/V220279/Hailee/Award Instrument/V220279_NR233A750004G038_UIdaho_SF424_and_justification_3.7.23_(2)_V01_20260227.pdf,VERAS,N,duplicate_filename;duplicate_content
DOC-68eab719c7d2-1,DOC-AWARD-INST,Award Instrument,Award,OS7090,V220279,OS7090,V220279_NR233A750004G038_awd_V01_20260227.pdf,.pdf,application/pdf,2865471,68eab719c7d285306503ac9be1dbfe5a0dfdbcfc7a8cbc0fb5b06ae564496344,OS7090/V220279/Hailee/Award Instrument/V220279_NR233A750004G038_awd_V01_20260227.pdf,VERAS,Y,duplicate_filename;duplicate_content
DOC-948e84e3530e,DOC-AWARD-INST,Award Instrument,Award,OS7090,V220279,OS7090,V220279_NR233A750004G038_revised_narrative_final_3 7 23_(1)_V01_20260227.pdf,.pdf,application/pdf,697630,948e84e3530ee338558ea1a66ed24ba54f3d0e0e1f6df02d7bf7c9c2bbc4360e,OS7090/V220279/Hailee/Award Instrument/V220279_NR233A750004G038_revised_narrative_final_3 7 23_(1)_V01_20260227.pdf,VERAS,N,duplicate_filename;duplicate_content
DOC-6fbfd59d2c48,DOC-AWARD-INST,Award Instrument,Award,OS7090,V220279,OS7090,V220279_NR233A750004G038_termination_notice_V01_20260227.pdf,.pdf,application/pdf,177805,6fbfd59d2c481bdb68a2bbe1c8b24b713eb24f96fa5c226e057164831d488e8a,OS7090/V220279/Hailee/Award Instrument/V220279_NR233A750004G038_termination_notice_V01_20260227.pdf,VERAS,N,duplicate_filename;duplicate_content
DOC-49ce451bd41f,DOC-PROPOSAL,Proposal,Proposal,V220279,V220279,OS7090,V220279_NR233A750004G038_PROPOSAL_20260327.pdf,.pdf,application/pdf,23596085,49ce451bd41fd81cd70b3361e7f22dddd85d335e2709acdbc56dc4d6cd0c957b,OS7090/V220279/Hailee/Proposal/V220279_NR233A750004G038_PROPOSAL_20260327.pdf,VERAS,N,
DOC-7366453bbe1a,DOC-SPA-CHECK,SPA Checklist,Proposal,V220279,V220279,OS7090,V220279_NR233A750004G038_SPA_CHECKLIST_20260227.pdf,.pdf,application/pdf,77313,7366453bbe1ae5c35d2dad5e4b93940f5c62547e8ab252e0ae549703dcf9d462,OS7090/V220279/Hailee/SPA Checklist/V220279_NR233A750004G038_SPA_CHECKLIST_20260227.pdf,VERAS,N,
DOC-9ce322fbf8ba,DOC-SUBAWARD,Subawards,Award,OS7090,V220279,OS7090,V220279_NR233A750004G038_SUBAWARD AMENDMENT_CDA_20231004_20260227.pdf,.pdf,application/pdf,14749979,9ce322fbf8bae7e38d56db2eb0fc656fd8d9039020602d5c5d2c52b0bb887b8a,OS7090/V220279/Hailee/Subawards/V220279_NR233A750004G038_SUBAWARD AMENDMENT_CDA_20231004_20260227.pdf,VERAS,N,duplicate_content
DOC-e06be0b2d9aa,DOC-SUBAWARD,Subawards,Award,OS7090,V220279,OS7090,V220279_NR233A750004G038_SUBAWARD_CDA_20260227.pdf,.pdf,application/pdf,192193,e06be0b2d9aadc94d7dbcf6167caf07cb8d8d5865ce5ba55264e1a3b61982b65,OS7090/V220279/Hailee/Subawards/V220279_NR233A750004G038_SUBAWARD_CDA_20260227.pdf,VERAS,N,
DOC-b083669860cd,DOC-SUBAWARD,Subawards,Award,OS7090,V220279,OS7090,V220279_NR233A750004G038_SUBAWARD_CDA_Financial_Tracking_20260227.pdf,.pdf,application/pdf,3759,b083669860cde1eb5d62a4a5ada0a0773cb1bea0c7c3ff98b924ceff80d5e644,OS7090/V220279/Hailee/Subawards/V220279_NR233A750004G038_SUBAWARD_CDA_Financial_Tracking_20260227.pdf,VERAS,N,
DOC-581a24a804d3,DOC-SUBAWARD,Subawards,Award,OS7090,V220279,OS7090,V220279_NR233A750004G038_SUBAWARD_CDA_MOD_01_20240702_20260227.pdf,.pdf,application/pdf,11873932,581a24a804d35c797308c688d0939d1b33ba5729d0b4b8c76cb5e0900b2e068e,OS7090/V220279/Hailee/Subawards/V220279_NR233A750004G038_SUBAWARD_CDA_MOD_01_20240702_20260227.pdf,VERAS,N,duplicate_content
DOC-c8a9c6861180,DOC-SUBAWARD,Subawards,Award,OS7090,V220279,OS7090,V220279_NR233A750004G038_SUBAWARD_CDA_MOD_02_20250507_20260227.pdf,.pdf,application/pdf,6851528,c8a9c6861180f2ce3fa375dd61d865e2de89cab3bff3e15c5c319b6a50054f50,OS7090/V220279/Hailee/Subawards/V220279_NR233A750004G038_SUBAWARD_CDA_MOD_02_20250507_20260227.pdf,VERAS,N,duplicate_content
DOC-6146e8c1071f,DOC-SUBAWARD,Subawards,Award,OS7090,V220279,OS7090,V220279_NR233A750004G038_SUBAWARD_CDA_Signed_20240327_20260227.pdf,.pdf,application/pdf,9756485,6146e8c1071f1fecb6db01bddafeb879a51c297ad0216e83a9e9db3fb9ded5fa,OS7090/V220279/Hailee/Subawards/V220279_NR233A750004G038_SUBAWARD_CDA_Signed_20240327_20260227.pdf,VERAS,N,duplicate_content
DOC-906f84e88797,DOC-SUBAWARD,Subawards,Award,OS7090,V220279,OS7090,V220279_NR233A750004G038_SUBAWARD_Desert_Mountain_mod_20240712_20260227.pdf,.pdf,application/pdf,642797,906f84e8879717dae85a6b6eb3ec5a6e7fbed5fb46eccedb85eb319a93235337,OS7090/V220279/Hailee/Subawards/V220279_NR233A750004G038_SUBAWARD_Desert_Mountain_mod_20240712_20260227.pdf,VERAS,N,duplicate_content
DOC-623fe54dc638,DOC-SUBAWARD,Subawards,Award,OS7090,V220279,OS7090,V220279_NR233A750004G038_SUBAWARD_Desert_Mountian_20260227.pdf,.pdf,application/pdf,196937,623fe54dc638ba20ce91c7ff267559845e6ad720456945919099c6765ea78c36,OS7090/V220279/Hailee/Subawards/V220279_NR233A750004G038_SUBAWARD_Desert_Mountian_20260227.pdf,VERAS,N,
DOC-616185bf7a21,DOC-SUBAWARD,Subawards,Award,OS7090,V220279,OS7090,V220279_NR233A750004G038_SUBAWARD_Desert_Mountian_Agreement_20231004_20260227.pdf,.pdf,application/pdf,14173253,616185bf7a21b76f3aacc1bd2ae36341727bf758a2d225ca6aeeac392cfb31e4,OS7090/V220279/Hailee/Subawards/V220279_NR233A750004G038_SUBAWARD_Desert_Mountian_Agreement_20231004_20260227.pdf,VERAS,N,duplicate_content
DOC-50b5e35a6182,DOC-SUBAWARD,Subawards,Award,OS7090,V220279,OS7090,V220279_NR233A750004G038_SUBAWARD_Desert_Mountian_Amendment_20250208_20260227.pdf,.pdf,application/pdf,9513960,50b5e35a6182dd2b00c216b97a91c13fe00387dcb077a4a925e7e7922d26d3ad,OS7090/V220279/Hailee/Subawards/V220279_NR233A750004G038_SUBAWARD_Desert_Mountian_Amendment_20250208_20260227.pdf,VERAS,N,duplicate_content
DOC-f124cf89dcac,DOC-SUBAWARD,Subawards,Award,OS7090,V220279,OS7090,V220279_NR233A750004G038_SUBAWARD_Desert_Mountian_Financial_Tracking_20260227.pdf,.pdf,application/pdf,3808,f124cf89dcacc28fbba040535629bbd11195813d88c90734b2d1c40bc226fab3,OS7090/V220279/Hailee/Subawards/V220279_NR233A750004G038_SUBAWARD_Desert_Mountian_Financial_Tracking_20260227.pdf,VERAS,N,
DOC-c8003150c433,DOC-SUBAWARD,Subawards,Award,OS7090,V220279,OS7090,V220279_NR233A750004G038_SUBAWARD_Desert_Mountian_MOD_02_20250424_20260227.pdf,.pdf,application/pdf,6861952,c8003150c433aa7dece421972c3d02e67e8af377c9e1a4363da5ffb281d8fd2b,OS7090/V220279/Hailee/Subawards/V220279_NR233A750004G038_SUBAWARD_Desert_Mountian_MOD_02_20250424_20260227.pdf,VERAS,N,duplicate_content
DOC-68a679123bf1,DOC-SUBAWARD,Subawards,Award,OS7090,V220279,OS7090,V220279_NR233A750004G038_SUBAWARD_IASCD_Agreement_20240126_20260227.pdf,.pdf,application/pdf,3392431,68a679123bf165a9ff71743bfa3faf7f95851284d59fb95eb266f4c5436a0470,OS7090/V220279/Hailee/Subawards/V220279_NR233A750004G038_SUBAWARD_IASCD_Agreement_20240126_20260227.pdf,VERAS,N,duplicate_content
DOC-e329dcf8db1b,DOC-SUBAWARD,Subawards,Award,OS7090,V220279,OS7090,V220279_NR233A750004G038_SUBAWARD_IASCD_Financial_Tracking_20260227.pdf,.pdf,application/pdf,3738,e329dcf8db1b0e59fe546e2c35dc37694951a40644822cab512673dccf2d9739,OS7090/V220279/Hailee/Subawards/V220279_NR233A750004G038_SUBAWARD_IASCD_Financial_Tracking_20260227.pdf,VERAS,N,
DOC-675d4d14dfe5,DOC-SUBAWARD,Subawards,Award,OS7090,V220279,OS7090,V220279_NR233A750004G038_SUBAWARD_LSWCD_Agreement_20250310_20260227.pdf,.pdf,application/pdf,9453013,675d4d14dfe5d5798edd060c02ea2058aa4f56b78a6e64257b5d4c3f753fcb2a,OS7090/V220279/Hailee/Subawards/V220279_NR233A750004G038_SUBAWARD_LSWCD_Agreement_20250310_20260227.pdf,VERAS,N,duplicate_content
DOC-8577e0a75216,DOC-SUBAWARD,Subawards,Award,OS7090,V220279,OS7090,V220279_NR233A750004G038_SUBAWARD_LSWCD_Financial_Tracking_20260227.pdf,.pdf,application/pdf,3742,8577e0a752169189e818182c7bd6cad40b5fefb10f575f69ac31b9e9f3232ffe,OS7090/V220279/Hailee/Subawards/V220279_NR233A750004G038_SUBAWARD_LSWCD_Financial_Tracking_20260227.pdf,VERAS,N,
DOC-b3a77b028d09,DOC-SUBAWARD,Subawards,Award,OS7090,V220279,OS7090,V220279_NR233A750004G038_SUBAWARD_LSWCD_MOD_01_20250425_20260227.pdf,.pdf,application/pdf,8400181,b3a77b028d09e7ea116db34f1798c46e019c242dd98348ec5ce95b7f90fa8261,OS7090/V220279/Hailee/Subawards/V220279_NR233A750004G038_SUBAWARD_LSWCD_MOD_01_20250425_20260227.pdf,VERAS,N,duplicate_content
DOC-42555e7645b6,DOC-SUBAWARD,Subawards,Award,OS7090,V220279,OS7090,V220279_NR233A750004G038_SUBAWARD_LSWCD_MOD_02_20250425_20260227.pdf,.pdf,application/pdf,4141373,42555e7645b6e779563d42cf5b84187e38b29209cecdfa58d310f6b4213e52c1,OS7090/V220279/Hailee/Subawards/V220279_NR233A750004G038_SUBAWARD_LSWCD_MOD_02_20250425_20260227.pdf,VERAS,N,duplicate_content
DOC-2d84f843d9c0,DOC-SUBAWARD,Subawards,Award,OS7090,V220279,OS7090,V220279_NR233A750004G038_SUBAWARD_LWSCD_20260227.pdf,.pdf,application/pdf,192828,2d84f843d9c0f328f6bebc01bff6bb05c398160c6fde9bcab5d13ceaffcb3ba7,OS7090/V220279/Hailee/Subawards/V220279_NR233A750004G038_SUBAWARD_LWSCD_20260227.pdf,VERAS,N,
DOC-2577e02f7706,DOC-SUBAWARD,Subawards,Award,OS7090,V220279,OS7090,V220279_NR233A750004G038_SUBAWARD_NEZ_Perce_SWCD_20260227.pdf,.pdf,application/pdf,189235,2577e02f7706d7b147be3276a490b13306b5a05896a15aa0451593676262be0e,OS7090/V220279/Hailee/Subawards/V220279_NR233A750004G038_SUBAWARD_NEZ_Perce_SWCD_20260227.pdf,VERAS,N,
DOC-4d93a8b617c5,DOC-SUBAWARD,Subawards,Award,OS7090,V220279,OS7090,V220279_NR233A750004G038_SUBAWARD_NEZ_Perce_SWCD_Agreement_20250416_20260227.pdf,.pdf,application/pdf,8007842,4d93a8b617c5d2acbee8b222cccd16b44db21c69d1da05f9b146bfc1c660bf75,OS7090/V220279/Hailee/Subawards/V220279_NR233A750004G038_SUBAWARD_NEZ_Perce_SWCD_Agreement_20250416_20260227.pdf,VERAS,N,
DOC-7bae36396496,DOC-SUBAWARD,Subawards,Award,OS7090,V220279,OS7090,V220279_NR233A750004G038_SUBAWARD_NEZ_Perce_SWCD_MOD_01_29250530_20260227.pdf,.pdf,application/pdf,8685239,7bae3639649639e2d8beb85aa22a7ba1baad12418dea866a34bc4415874008f6,OS7090/V220279/Hailee/Subawards/V220279_NR233A750004G038_SUBAWARD_NEZ_Perce_SWCD_MOD_01_29250530_20260227.pdf,VERAS,N,duplicate_content
DOC-ba0479aafdf0,DOC-SUBAWARD,Subawards,Award,OS7090,V220279,OS7090,V220279_NR233A750004G038_SUBAWARD_Nature_Conservancy_20260227.pdf,.pdf,application/pdf,188122,ba0479aafdf0bcb6b81975f074df9417516347e39fb1fd5a85ca38fad9a404fd,OS7090/V220279/Hailee/Subawards/V220279_NR233A750004G038_SUBAWARD_Nature_Conservancy_20260227.pdf,VERAS,N,
DOC-1140c6c97ab7,DOC-SUBAWARD,Subawards,Award,OS7090,V220279,OS7090,V220279_NR233A750004G038_SUBAWARD_Nature_Conservancy_Agreement_20241119_20260227.pdf,.pdf,application/pdf,9600720,1140c6c97ab7f78f4928784c9f1a20ef2bed7b63a92b4ce3d794543681707b25,OS7090/V220279/Hailee/Subawards/V220279_NR233A750004G038_SUBAWARD_Nature_Conservancy_Agreement_20241119_20260227.pdf,VERAS,N,duplicate_content
DOC-a91a252a4659,DOC-SUBAWARD,Subawards,Award,OS7090,V220279,OS7090,V220279_NR233A750004G038_SUBAWARD_Nature_Conservancy_Financial_Tracking_20260227.pdf,.pdf,application/pdf,3846,a91a252a4659f758a733a9c035af982c7cbef5e8f20447998f5da9a6ab190948,OS7090/V220279/Hailee/Subawards/V220279_NR233A750004G038_SUBAWARD_Nature_Conservancy_Financial_Tracking_20260227.pdf,VERAS,N,
DOC-579dfa2ecaa9,DOC-SUBAWARD,Subawards,Award,OS7090,V220279,OS7090,V220279_NR233A750004G038_SUBAWARD_Nature_Conservancy_MOD_01_20240723_20260227.pdf,.pdf,application/pdf,9945552,579dfa2ecaa99225cdfc79025d0fbe3d69fe531b89abbe54bf1b073bd0e7c02e,OS7090/V220279/Hailee/Subawards/V220279_NR233A750004G038_SUBAWARD_Nature_Conservancy_MOD_01_20240723_20260227.pdf,VERAS,N,duplicate_content
DOC-3d112e734eb2,DOC-SUBAWARD,Subawards,Award,OS7090,V220279,OS7090,V220279_NR233A750004G038_SUBAWARD_Nature_Conservancy_MOD_02_20250501_20260227.pdf,.pdf,application/pdf,7216584,3d112e734eb2805f59c23c1209d381bddba77d62b088b3cee399a6187c975626,OS7090/V220279/Hailee/Subawards/V220279_NR233A750004G038_SUBAWARD_Nature_Conservancy_MOD_02_20250501_20260227.pdf,VERAS,N,duplicate_content
DOC-58d8adbfae80,DOC-SUBAWARD,Subawards,Award,OS7090,V220279,OS7090,V220279_NR233A750004G038_SUBAWARD_Nez_Perce_SWCD_Financial_Tracking_20260227.pdf,.pdf,application/pdf,3724,58d8adbfae801d934841404b9a20ea2aac02cc6e3556db71529db0a32ac27355,OS7090/V220279/Hailee/Subawards/V220279_NR233A750004G038_SUBAWARD_Nez_Perce_SWCD_Financial_Tracking_20260227.pdf,VERAS,N,
DOC-5e5100474a46,DOC-SUBAWARD,Subawards,Award,OS7090,V220279,OS7090,V220279_NR233A750004G038_SUBAWARD_Nez_Perce_Tribe_20260227.pdf,.pdf,application/pdf,188067,5e5100474a46118b2dcb0b98d2fec02c4d57b7d433cf60a4a607ee4bf6a42b42,OS7090/V220279/Hailee/Subawards/V220279_NR233A750004G038_SUBAWARD_Nez_Perce_Tribe_20260227.pdf,VERAS,N,
DOC-981a73ce8f0c,DOC-SUBAWARD,Subawards,Award,OS7090,V220279,OS7090,V220279_NR233A750004G038_SUBAWARD_Nez_Perce_Tribe_Agreement_20231212_20260227.pdf,.pdf,application/pdf,17005403,981a73ce8f0cae981d47e264a093bf957f488cdd4f8e4d92fc3598c12798c446,OS7090/V220279/Hailee/Subawards/V220279_NR233A750004G038_SUBAWARD_Nez_Perce_Tribe_Agreement_20231212_20260227.pdf,VERAS,N,duplicate_content
DOC-7a6837e943e1,DOC-SUBAWARD,Subawards,Award,OS7090,V220279,OS7090,V220279_NR233A750004G038_SUBAWARD_Nez_Perce_Tribe_Financial_Tracking_20260227.pdf,.pdf,application/pdf,3661,7a6837e943e1045b9777e536d36cbda4135b9b32777e575cd4a74b35a7d6c44e,OS7090/V220279/Hailee/Subawards/V220279_NR233A750004G038_SUBAWARD_Nez_Perce_Tribe_Financial_Tracking_20260227.pdf,VERAS,N,
DOC-11e501136ca0,DOC-SUBAWARD,Subawards,Award,OS7090,V220279,OS7090,V220279_NR233A750004G038_SUBAWARD_Nez_Perce_Tribe_MOD_01_20250324_20260227.pdf,.pdf,application/pdf,554896,11e501136ca088de0dabe1d15b8a17b63f001d4fe1b472267f54c8552749019e,OS7090/V220279/Hailee/Subawards/V220279_NR233A750004G038_SUBAWARD_Nez_Perce_Tribe_MOD_01_20250324_20260227.pdf,VERAS,N,duplicate_content
DOC-4722314d0953,DOC-SUBAWARD,Subawards,Award,OS7090,V220279,OS7090,V220279_NR233A750004G038_SUBAWARD_Nez_Perce_Tribe_MOD_02_20250717_20260227.pdf,.pdf,application/pdf,7096261,4722314d0953bd7537905618e9b6aab31d37763d86305a740baae973e6a77626,OS7090/V220279/Hailee/Subawards/V220279_NR233A750004G038_SUBAWARD_Nez_Perce_Tribe_MOD_02_20250717_20260227.pdf,VERAS,N,duplicate_content
DOC-d8cb2ed2a3b3,DOC-SUBAWARD,Subawards,Award,OS7090,V220279,OS7090,V220279_NR233A750004G038_SUBAWARD_SaulGill_LLC_Financial_Tracking_20260227.pdf,.pdf,application/pdf,3641,d8cb2ed2a3b3dd6c98c274775edf02ac2ee78414bc014bb3fea5f4522bbff8b8,OS7090/V220279/Hailee/Subawards/V220279_NR233A750004G038_SUBAWARD_SaulGill_LLC_Financial_Tracking_20260227.pdf,VERAS,N,
DOC-721430d80493,DOC-SUBAWARD,Subawards,Award,OS7090,V220279,OS7090,V220279_NR233A750004G038_SUBAWARD_SaulTGill_LLC_20260227.pdf,.pdf,application/pdf,189212,721430d804937dd6c025ce62ea7d458d10eaed06c02e3a0babba500f8d7e27c4,OS7090/V220279/Hailee/Subawards/V220279_NR233A750004G038_SUBAWARD_SaulTGill_LLC_20260227.pdf,VERAS,N,
DOC-a0938e2a77cf,DOC-SUBAWARD,Subawards,Award,OS7090,V220279,OS7090,V220279_NR233A750004G038_SUBAWARD_SaulTGill_LLC_Agreement_20241004_20260227.pdf,.pdf,application/pdf,14333232,a0938e2a77cf2bf3b5ca7b9c9f2101147af721d9cd3de091d84ff2a50f4eeacd,OS7090/V220279/Hailee/Subawards/V220279_NR233A750004G038_SUBAWARD_SaulTGill_LLC_Agreement_20241004_20260227.pdf,VERAS,N,duplicate_content
DOC-2e39b96b8af4,DOC-SUBAWARD,Subawards,Award,OS7090,V220279,OS7090,V220279_NR233A750004G038_SUBAWARD_SaulTGill_LLC_MOD_01_20241007_20260227.pdf,.pdf,application/pdf,7793266,2e39b96b8af4c693694dbc84a465a17053b1a7fbb2332f78a1dac3fc9dd3ce6c,OS7090/V220279/Hailee/Subawards/V220279_NR233A750004G038_SUBAWARD_SaulTGill_LLC_MOD_01_20241007_20260227.pdf,VERAS,N,duplicate_content
DOC-ef2a43a11a90,DOC-SUBAWARD,Subawards,Award,OS7090,V220279,OS7090,V220279_NR233A750004G038_SUBAWARD_SaulTGill_LLC_MOD_02_20250425_20260227.pdf,.pdf,application/pdf,6876855,ef2a43a11a90bab1df03f17f5c834e681fe58355e70faa1e9e9356ed960ba4c1,OS7090/V220279/Hailee/Subawards/V220279_NR233A750004G038_SUBAWARD_SaulTGill_LLC_MOD_02_20250425_20260227.pdf,VERAS,N,duplicate_content
DOC-fe415b3dc05c,DOC-SUBAWARD,Subawards,Award,OS7090,V220279,OS7090,V220279_NR233A750004G038_SUBAWARD_UniversityofGeorgia_Research_Foundation_20260227.pdf,.pdf,application/pdf,184227,fe415b3dc05ce2e6a6eb34f14ab546dda7cf8b42f89c464a62c44f2813551242,OS7090/V220279/Hailee/Subawards/V220279_NR233A750004G038_SUBAWARD_UniversityofGeorgia_Research_Foundation_20260227.pdf,VERAS,N,
DOC-7202afb85cd0,DOC-SUBAWARD,Subawards,Award,OS7090,V220279,OS7090,V220279_NR233A750004G038_SUBAWARD_UniversityofGeorgia_Research_Foundation_Agreement_20250106_20260227.pdf,.pdf,application/pdf,99692163,7202afb85cd0d34b9d081bf03fe290646ac18b69def01f15451ed2b84e157a84,OS7090/V220279/Hailee/Subawards/V220279_NR233A750004G038_SUBAWARD_UniversityofGeorgia_Research_Foundation_Agreement_20250106_20260227.pdf,VERAS,N,duplicate_content
DOC-dd35c5d61202,DOC-SUBAWARD,Subawards,Award,OS7090,V220279,OS7090,V220279_NR233A750004G038_SUBAWARD_UniversityofGeorgia_Research_Foundation_Financial_Tracking_20260227.pdf,.pdf,application/pdf,3765,dd35c5d61202203ac920513148a9538a4979b0e018dc5bab72b3f2fc0c257a94,OS7090/V220279/Hailee/Subawards/V220279_NR233A750004G038_SUBAWARD_UniversityofGeorgia_Research_Foundation_Financial_Tracking_20260227.pdf,VERAS,N,
DOC-279a01ea6ee4,DOC-SUBAWARD,Subawards,Award,OS7090,V220279,OS7090,V220279_NR233A750004G038_SUBAWARD_UniversityofGeorgia_Research_Foundation_MOD_01_20250506_20260227.pdf,.pdf,application/pdf,7535319,279a01ea6ee415cd59ef9b7d9a0e130972693ee4aa5d60ca0a77356b624932c4,OS7090/V220279/Hailee/Subawards/V220279_NR233A750004G038_SUBAWARD_UniversityofGeorgia_Research_Foundation_MOD_01_20250506_20260227.pdf,VERAS,N,duplicate_content
DOC-1d2b2455e998,DOC-SUBAWARD,Subawards,Award,OS7090,V220279,OS7090,V220279_NR233A750004G038_SUBWARD_IASCD_20260227.pdf,.pdf,application/pdf,183877,1d2b2455e9989e21b2a820fbe9ab01955ed48e271d586999c72e61eca9bed83e,OS7090/V220279/Hailee/Subawards/V220279_NR233A750004G038_SUBWARD_IASCD_20260227.pdf,VERAS,N,
DOC-d174c7229ab5,DOC-SUBAWARD,Subawards,Award,OS7090,V220279,OS7090,V220279_NR233A750004G038_SUBWARD_IASCD_Signed_20240327_20260227.pdf,.pdf,application/pdf,13606682,d174c7229ab5bf81402246f9ebb187e255f9545fa2d408d5894b93d6290c432a,OS7090/V220279/Hailee/Subawards/V220279_NR233A750004G038_SUBWARD_IASCD_Signed_20240327_20260227.pdf,VERAS,N,duplicate_content
DOC-4bdad69ca7ec,DOC-SUBAWARD,Subawards,Award,OS7090,V220279,OS7090,V220279_NR233A750004G038_SUBWAWARD_Desert_Mountain_MOD_FE_20240819_20260227.pdf,.pdf,application/pdf,3967541,4bdad69ca7ec59dc19e96ecd8196b3fc15e305fe7bb5cdf47cfad62f518838dd,OS7090/V220279/Hailee/Subawards/V220279_NR233A750004G038_SUBWAWARD_Desert_Mountain_MOD_FE_20240819_20260227.pdf,VERAS,N,duplicate_content
DOC-efa796c08356,DOC-AWARD-INST,Award Instrument,Award,OS7090,V220279,OS7090,Additional_index_for_Chibisa_TDX327856_V220279_OS7090.pdf,.pdf,application/pdf,287977,efa796c08356c2381b5b5dafd333a63633882c7238088880036c3fe62eff1f13,OS7090/V220279/Labish/Award Instrument/Additional_index_for_Chibisa_TDX327856_V220279_OS7090.pdf,VERAS,N,duplicate_content
DOC-9bacaec7e9dc,DOC-AWARD-INST,Award Instrument,Award,OS7090,V220279,OS7090,Additional_index_for_hall_TDX327610_V220279_OS7090. mdf by post award.pdf,.pdf,application/pdf,253514,9bacaec7e9dc3f3dcb84e73908cb1eb3349da40e93c7962421c5b87f4ced34ca,OS7090/V220279/Labish/Award Instrument/Additional_index_for_hall_TDX327610_V220279_OS7090. mdf by post award.pdf,VERAS,N,duplicate_content
DOC-af93b68dc855-1,DOC-AWARD-INST,Award Instrument,Award,OS7090,V220279,OS7090,FE_MOD2.pdf,.pdf,application/pdf,2578136,af93b68dc855455c16991032808851875ea2a8dcc31e05e759ae5e09952f8be8,OS7090/V220279/Labish/Award Instrument/FE_MOD2.pdf,VERAS,Y,duplicate_content
DOC-330e6441bada-1,DOC-AWARD-INST,Award Instrument,Award,OS7090,V220279,OS7090,GAD_Prior_Approval_Idaho_Complete_OS7090_V221000.pdf,.pdf,application/pdf,253269,330e6441bada4fa6f856f97917b9b0807ac7030a46ba290c607575fd612c877b,OS7090/V220279/Labish/Award Instrument/GAD_Prior_Approval_Idaho_Complete_OS7090_V221000.pdf,VERAS,Y,duplicate_content
DOC-330e6441bada-2,DOC-AWARD-INST,Award Instrument,Award,OS7090,V220279,OS7090,GAD_Prior_Approval_Idaho_Complete_md by post award.pdf,.pdf,application/pdf,253269,330e6441bada4fa6f856f97917b9b0807ac7030a46ba290c607575fd612c877b,OS7090/V220279/Labish/Award Instrument/GAD_Prior_Approval_Idaho_Complete_md by post award.pdf,VERAS,Y,duplicate_content
DOC-29be3b92364e-1,DOC-AWARD-INST,Award Instrument,Award,OS7090,V220279,OS7090,NR233A750004G038_Regents_of_the_University_of_Idaho_AMD2_KH_Signed_V220279_OS7090 (1).pdf,.pdf,application/pdf,2962516,29be3b92364ed1c37e201450db9feb2c82b4f979e261b378ff544503443e197d,OS7090/V220279/Labish/Award Instrument/NR233A750004G038_Regents_of_the_University_of_Idaho_AMD2_KH_Signed_V220279_OS7090 (1).pdf,VERAS,Y,duplicate_content
DOC-29be3b92364e-2,DOC-AWARD-INST,Award Instrument,Award,OS7090,V220279,OS7090,NR233A750004G038_Regents_of_the_University_of_Idaho_AMD2_KH_Signed_V220279_OS7090.pdf,.pdf,application/pdf,2962516,29be3b92364ed1c37e201450db9feb2c82b4f979e261b378ff544503443e197d,OS7090/V220279/Labish/Award Instrument/NR233A750004G038_Regents_of_the_University_of_Idaho_AMD2_KH_Signed_V220279_OS7090.pdf,VERAS,Y,duplicate_content
DOC-1bd682a12a0f,DOC-AWARD-INST,Award Instrument,Award,OS7090,V220279,OS7090,NRCS_response_re__need_for_prior_approval.pdf,.pdf,application/pdf,230044,1bd682a12a0ff52b56c6e8bad4416f1c8614525ab2a99a416fbec8ccf1e02962,OS7090/V220279/Labish/Award Instrument/NRCS_response_re__need_for_prior_approval.pdf,VERAS,N,duplicate_content
DOC-b505d1de7dc6,DOC-AWARD-INST,Award Instrument,Award,OS7090,V220279,OS7090,PE_Award_V220279 mdf by post award.pdf,.pdf,application/pdf,2922706,b505d1de7dc64389e38f5abf56f37a993cfede72a3ecc1ff6f4d8d020856a04e,OS7090/V220279/Labish/Award Instrument/PE_Award_V220279 mdf by post award.pdf,VERAS,N,duplicate_content
DOC-d2893f4b020c-1,DOC-AWARD-INST,Award Instrument,Award,OS7090,V220279,OS7090,PRAPP_BUDGET_20241212_OS7090_V220279.pdf,.pdf,application/pdf,3670220,d2893f4b020c98912f2707a920755c39817f507c9d801afb5b2a1c741e672efe,OS7090/V220279/Labish/Award Instrument/PRAPP_BUDGET_20241212_OS7090_V220279.pdf,VERAS,Y,duplicate_content
DOC-f9a156994c92-1,DOC-AWARD-INST,Award Instrument,Award,OS7090,V220279,OS7090,TRMLTR.pdf,.pdf,application/pdf,120462,f9a156994c926c017c04bc47ba5c740819708af990f73a8273a6483f1cedecd7,OS7090/V220279/Labish/Award Instrument/TRMLTR.pdf,VERAS,Y,duplicate_content
DOC-2bb031c6eeb3,DOC-AWARD-INST,Award Instrument,Award,OS7090,V220279,OS7090,V220279 Milestone Spreadsheet.pdf,.pdf,application/pdf,152479,2bb031c6eeb35fbc6399907746d5c48a75aa657248f3f1878d1865448045d604,OS7090/V220279/Labish/Award Instrument/V220279 Milestone Spreadsheet.pdf,VERAS,N,duplicate_content
DOC-68eab719c7d2-2,DOC-AWARD-INST,Award Instrument,Award,OS7090,V220279,OS7090,V220279_AWD_NR233A750004G038_ mdf by post award.pdf,.pdf,application/pdf,2865471,68eab719c7d285306503ac9be1dbfe5a0dfdbcfc7a8cbc0fb5b06ae564496344,OS7090/V220279/Labish/Award Instrument/V220279_AWD_NR233A750004G038_ mdf by post award.pdf,VERAS,Y,duplicate_content
DOC-d0a430df9730,DOC-AWARD-INST,Award Instrument,Award,OS7090,V220279,OS7090,V220279_Budget_By_Index_Breakdown.xlsx,.xlsx,application/vnd.openxmlformats-officedocument.spreadsheetml.sheet,10076,d0a430df97302d7f4afb85ff66fe25242619f8dbc815b6f0351b65cbbe07680e,OS7090/V220279/Labish/Award Instrument/V220279_Budget_By_Index_Breakdown.xlsx,VERAS,N,
DOC-916697c543d0-1,DOC-AWARD-INST,Award Instrument,Award,OS7090,V220279,OS7090,V220279_CdA_Tribe_SF424_and_justification_2.22.23_dg__1_.pdf,.pdf,application/pdf,208553,916697c543d0e720f586f06b83ca4d0d7b32af1dbfdc971bf8dd41cdb4115204,OS7090/V220279/Labish/Award Instrument/V220279_CdA_Tribe_SF424_and_justification_2.22.23_dg__1_.pdf,VERAS,Y,duplicate_content
DOC-9a8dec6b2148-1,DOC-AWARD-INST,Award Instrument,Award,OS7090,V220279,OS7090,V220279_CdA_Tribe_SF424_and_justification_2.22.23_dg__2_.pdf,.pdf,application/pdf,108899,9a8dec6b2148c16fb7b69b2ab37221eb2079fa7f42504d5781dbf1a1cd02a4b7,OS7090/V220279/Labish/Award Instrument/V220279_CdA_Tribe_SF424_and_justification_2.22.23_dg__2_.pdf,VERAS,Y,duplicate_content
DOC-b22d29f8f84f-2,DOC-AWARD-INST,Award Instrument,Award,OS7090,V220279,OS7090,V220279_CdA_Tribe_updated_2023_indirect_rate_agreement__1 mdf by post award.pdf,.pdf,application/pdf,205983,b22d29f8f84f5896dab86dca45f11e411cc1b6ce761d1e89548358a81f460d16,OS7090/V220279/Labish/Award Instrument/V220279_CdA_Tribe_updated_2023_indirect_rate_agreement__1 mdf by post award.pdf,VERAS,Y,duplicate_content
DOC-3b16d37a4b57-1,DOC-AWARD-INST,Award Instrument,Award,OS7090,V220279,OS7090,V220279_CdA_Tribe_updated_2023_indirect_rate_agreement__2 mdf by post award.pdf,.pdf,application/pdf,257675,3b16d37a4b576261bbadee7a4180aab8aac21e53b1376231bfea1b922b245a97,OS7090/V220279/Labish/Award Instrument/V220279_CdA_Tribe_updated_2023_indirect_rate_agreement__2 mdf by post award.pdf,VERAS,Y,duplicate_content
DOC-fc9670b0fb4f-1,DOC-AWARD-INST,Award Instrument,Award,OS7090,V220279,OS7090,V220279_CurrentPendingSupport_Final2.pdf,.pdf,application/pdf,1407772,fc9670b0fb4ffd258a5dd52a1f8e61e9fb88d6987dec430407c6439d84178c5c,OS7090/V220279/Labish/Award Instrument/V220279_CurrentPendingSupport_Final2.pdf,VERAS,Y,duplicate_content
DOC-85c4d7a101aa,DOC-AWARD-INST,Award Instrument,Award,OS7090,V220279,OS7090,V220279_Example_Monitoring_Reporting_template.docx,.docx,application/vnd.openxmlformats-officedocument.wordprocessingml.document,70485,85c4d7a101aa367994ec5c4e60dae2ccd42b86a521c29f808b09b8af792bf7e6,OS7090/V220279/Labish/Award Instrument/V220279_Example_Monitoring_Reporting_template.docx,VERAS,N,
DOC-0237e7001534-1,DOC-AWARD-INST,Award Instrument,Award,OS7090,V220279,OS7090,V220279_IASCD_SF424_and_justification_2.23.23_dg__1_.pdf,.pdf,application/pdf,290926,0237e7001534d75c0b04040843d96fb7fb9f4a1513230d737eaa719b8058fe19,OS7090/V220279/Labish/Award Instrument/V220279_IASCD_SF424_and_justification_2.23.23_dg__1_.pdf,VERAS,Y,duplicate_content
DOC-7ce1e84ed806-1,DOC-AWARD-INST,Award Instrument,Award,OS7090,V220279,OS7090,V220279_IASCD_SF424_and_justification_2.23.23_dg__2_.pdf,.pdf,application/pdf,311620,7ce1e84ed806016ed61361be0fccaa54e363b167831497d0368aeb9bb4cdc4cd,OS7090/V220279/Labish/Award Instrument/V220279_IASCD_SF424_and_justification_2.23.23_dg__2_.pdf,VERAS,Y,duplicate_content
DOC-f0c47b49b867-1,DOC-AWARD-INST,Award Instrument,Award,OS7090,V220279,OS7090,V220279_IASCD_SF424_and_justification_mdf by post award.pdf,.pdf,application/pdf,241437,f0c47b49b867d9abea71cb283adccdf9c803ff8ec6617b63815282abef6d9b54,OS7090/V220279/Labish/Award Instrument/V220279_IASCD_SF424_and_justification_mdf by post award.pdf,VERAS,Y,duplicate_content
DOC-ceea16518c42-1,DOC-AWARD-INST,Award Instrument,Award,OS7090,V220279,OS7090,V220279_NP23_116_UI_Climate_Smart_Commoddities_Grant.pdf,.pdf,application/pdf,67161,ceea16518c424f05c37ed8c8fe67c12be4a705747696f334ce0d7802a5f27a9a,OS7090/V220279/Labish/Award Instrument/V220279_NP23_116_UI_Climate_Smart_Commoddities_Grant.pdf,VERAS,Y,duplicate_content
DOC-ddcbdb9db2fd-1,DOC-AWARD-INST,Award Instrument,Award,OS7090,V220279,OS7090,V220279_NPT_SF424_and_justification_mdf by post award.pdf,.pdf,application/pdf,175799,ddcbdb9db2fdfdbaa0127492ff13927af47bf0e5627cdaf3983a21340350e7f4,OS7090/V220279/Labish/Award Instrument/V220279_NPT_SF424_and_justification_mdf by post award.pdf,VERAS,Y,duplicate_content
DOC-7d135b43058d-1,DOC-AWARD-INST,Award Instrument,Award,OS7090,V220279,OS7090,V220279_NPTribe_SF424_and_justification_2.22.23_dg__1_.pdf,.pdf,application/pdf,230090,7d135b43058d64017bd4dbbb5f47b15fc37c0c951ec09309d8fc8be60fb05b0b,OS7090/V220279/Labish/Award Instrument/V220279_NPTribe_SF424_and_justification_2.22.23_dg__1_.pdf,VERAS,Y,duplicate_content
DOC-2c7d21df6999,DOC-AWARD-INST,Award Instrument,Award,OS7090,V220279,OS7090,V220279_NPTribe_SF424_and_justification_2.22.23_dg__2_ (1).docx,.docx,application/vnd.openxmlformats-officedocument.wordprocessingml.document,15608,2c7d21df69997c39ed747a8a6336d804ecc35179d7f48b2d266b5ac87f290dc5,OS7090/V220279/Labish/Award Instrument/V220279_NPTribe_SF424_and_justification_2.22.23_dg__2_ (1).docx,VERAS,N,
DOC-886a2fd20b94,DOC-AWARD-INST,Award Instrument,Award,OS7090,V220279,OS7090,V220279_NPTribe_SF424_and_justification_2.22.23_dg__2_.docx,.docx,application/vnd.openxmlformats-officedocument.wordprocessingml.document,18625,886a2fd20b94e4b4deb47003fc8e883b5ac00e7680dc92f1caf6a5450ea743df,OS7090/V220279/Labish/Award Instrument/V220279_NPTribe_SF424_and_justification_2.22.23_dg__2_.docx,VERAS,N,
DOC-fb11e87f8fdb-1,DOC-AWARD-INST,Award Instrument,Award,OS7090,V220279,OS7090,V220279_NPTribe_SF424_and_justification_2.22.23_dg__2_.pdf,.pdf,application/pdf,223402,fb11e87f8fdbb2c72c4d67a73456aceda801b4e6f5fedcf3e2b8fa61b02466b1,OS7090/V220279/Labish/Award Instrument/V220279_NPTribe_SF424_and_justification_2.22.23_dg__2_.pdf,VERAS,Y,duplicate_content
DOC-0a932542ab19,DOC-AWARD-INST,Award Instrument,Award,OS7090,V220279,OS7090,V220279_Negotiation_Response_Cover_Letter_Signed.pdf,.pdf,application/pdf,297017,0a932542ab19e3daae2bb9406fc41f13ec4fa8875e8851cf8b807b593e298f84,OS7090/V220279/Labish/Award Instrument/V220279_Negotiation_Response_Cover_Letter_Signed.pdf,VERAS,N,duplicate_content
DOC-074d3e4bca9e-1,DOC-AWARD-INST,Award Instrument,Award,OS7090,V220279,OS7090,V220279_Revised_Narrative___Final.pdf,.pdf,application/pdf,828414,074d3e4bca9e2c0b8778cb476930da836fb64679ef511d69bf91db3b1e0f50f4,OS7090/V220279/Labish/Award Instrument/V220279_Revised_Narrative___Final.pdf,VERAS,Y,duplicate_content
DOC-eadaa595ac41-1,DOC-AWARD-INST,Award Instrument,Award,OS7090,V220279,OS7090,V220279_SCA_Signed_REsolution.pdf,.pdf,application/pdf,405377,eadaa595ac41f7348f0b2f8dbb2d7fd7b4504b07effd16d3e431ca09d0f2a4d5,OS7090/V220279/Labish/Award Instrument/V220279_SCA_Signed_REsolution.pdf,VERAS,Y,duplicate_content
DOC-b9e3565dd481-1,DOC-AWARD-INST,Award Instrument,Award,OS7090,V220279,OS7090,V220279_SF424A_FINAL.pdf,.pdf,application/pdf,470389,b9e3565dd481adc51e70fbc549debfecc102bb67f55f26ccfa7c6ace91517c58,OS7090/V220279/Labish/Award Instrument/V220279_SF424A_FINAL.pdf,VERAS,Y,duplicate_content
DOC-741af68b60f2-1,DOC-AWARD-INST,Award Instrument,Award,OS7090,V220279,OS7090,V220279_Statement_of_Current_Pending_Support__Erin_Brooks.pdf,.pdf,application/pdf,249687,741af68b60f21ccf5f3be18e233ce10de73f3d007ed1fb82b7f52dddd9010a86,OS7090/V220279/Labish/Award Instrument/V220279_Statement_of_Current_Pending_Support__Erin_Brooks.pdf,VERAS,Y,duplicate_content
DOC-49707484562c-1,DOC-AWARD-INST,Award Instrument,Award,OS7090,V220279,OS7090,V220279_Subaward_CDA_Tribe.pdf,.pdf,application/pdf,307720,49707484562caf6919d3e7e9f8168a6ab415b3eaff634d2aa9de7da6cd13a24b,OS7090/V220279/Labish/Award Instrument/V220279_Subaward_CDA_Tribe.pdf,VERAS,Y,duplicate_content
DOC-91cf10be687d-1,DOC-AWARD-INST,Award Instrument,Award,OS7090,V220279,OS7090,V220279_Subaward_Desert_Mountain_GFB.pdf,.pdf,application/pdf,282789,91cf10be687d5cefd270dd3e25bf4a838cfafd8e9dd8f433e453f5f46807e7f1,OS7090/V220279/Labish/Award Instrument/V220279_Subaward_Desert_Mountain_GFB.pdf,VERAS,Y,duplicate_content
DOC-3c90cd9228dd-1,DOC-AWARD-INST,Award Instrument,Award,OS7090,V220279,OS7090,V220279_Subaward_IASCD.pdf,.pdf,application/pdf,1221754,3c90cd9228dd50fbd62fc8ee7227a36da81c40a7a184f691b68e746728bbd691,OS7090/V220279/Labish/Award Instrument/V220279_Subaward_IASCD.pdf,VERAS,Y,duplicate_content
DOC-f16ec0f5da4e,DOC-AWARD-INST,Award Instrument,Award,OS7090,V220279,OS7090,V220279_Subaward_Nez_Perce_Tribe_FINAL.pdf,.pdf,application/pdf,312762,f16ec0f5da4eb5d9a6db6c4f9a9f4491b58f62704d36ebb8399ebcbfe2c045e7,OS7090/V220279/Labish/Award Instrument/V220279_Subaward_Nez_Perce_Tribe_FINAL.pdf,VERAS,N,duplicate_content
DOC-aee96e46b942,DOC-AWARD-INST,Award Instrument,Award,OS7090,V220279,OS7090,V220279_Subaward_Packet_Arrowleaf.pdf,.pdf,application/pdf,573768,aee96e46b942c648b6c9796455ee7aeeb25d74828e33dab41e84147088f2ad44,OS7090/V220279/Labish/Award Instrument/V220279_Subaward_Packet_Arrowleaf.pdf,VERAS,N,duplicate_content
DOC-54c52f31f723-1,DOC-AWARD-INST,Award Instrument,Award,OS7090,V220279,OS7090,"V220279_TNC_SF424_justification_and_LOC ,df by post award.pdf",.pdf,application/pdf,267474,54c52f31f72354f4b4a748cf082849ceb32d4c34d679e39d45acf68cd776cd75,"OS7090/V220279/Labish/Award Instrument/V220279_TNC_SF424_justification_and_LOC ,df by post award.pdf",VERAS,Y,duplicate_content
DOC-0eb365d92bcd,DOC-AWARD-INST,Award Instrument,Award,OS7090,V220279,OS7090,V220279_TNC_Subaward_packet_FINAL.pdf,.pdf,application/pdf,386812,0eb365d92bcd977df7a2f14ea6529633483a1354357ed8dfc3661cc4a16472aa,OS7090/V220279/Labish/Award Instrument/V220279_TNC_Subaward_packet_FINAL.pdf,VERAS,N,duplicate_content
DOC-95732f02222b-2,DOC-AWARD-INST,Award Instrument,Award,OS7090,V220279,OS7090,V220279_UIdaho_SF424_and_justification_2.22.23_dg (1).pdf,.pdf,application/pdf,447292,95732f02222bad8ca00f4900693718f9b3f0f74e37ac70e6dc75d200853688eb,OS7090/V220279/Labish/Award Instrument/V220279_UIdaho_SF424_and_justification_2.22.23_dg (1).pdf,VERAS,Y,duplicate_content
DOC-c13b78142d5e-1,DOC-AWARD-INST,Award Instrument,Award,OS7090,V220279,OS7090,V220279_UIdaho_SF424_and_justification_3.15__1_mdf by post award.pdf,.pdf,application/pdf,455342,c13b78142d5e17152f77b707a4ca55ff40d04a4bd4a53d208811a5f1a52e7d94,OS7090/V220279/Labish/Award Instrument/V220279_UIdaho_SF424_and_justification_3.15__1_mdf by post award.pdf,VERAS,Y,duplicate_content
DOC-ed91d6e14596-1,DOC-AWARD-INST,Award Instrument,Award,OS7090,V220279,OS7090,V220279_UIdaho_SF424_and_justification_3.15__2_mdf by post award.pdf,.pdf,application/pdf,206604,ed91d6e145963d7390a9e3f80c78086fb2bb0fa9fe33088a6dea121a8d1de225,OS7090/V220279/Labish/Award Instrument/V220279_UIdaho_SF424_and_justification_3.15__2_mdf by post award.pdf,VERAS,Y,duplicate_content
DOC-b3db0a22f48a-1,DOC-AWARD-INST,Award Instrument,Award,OS7090,V220279,OS7090,V220279_UIdaho_SF424_and_justification_mdf by post award.pdf,.pdf,application/pdf,449579,b3db0a22f48a43db1107c7d99e1abd9db0a4f7bb2970e2621effb21b8858ec5e,OS7090/V220279/Labish/Award Instrument/V220279_UIdaho_SF424_and_justification_mdf by post award.pdf,VERAS,Y,duplicate_content
DOC-b9970564d39f-1,DOC-AWARD-INST,Award Instrument,Award,OS7090,V220279,OS7090,V220279__Budget_Justification_Arrowleaf_3.14__1_mdf by post award.pdf,.pdf,application/pdf,261191,b9970564d39fd660aa3aeebb958a0e7b5dd6d74e2204f757a505da926b7abbc5,OS7090/V220279/Labish/Award Instrument/V220279__Budget_Justification_Arrowleaf_3.14__1_mdf by post award.pdf,VERAS,Y,duplicate_content
DOC-50ae8a608759-2,DOC-AWARD-INST,Award Instrument,Award,OS7090,V220279,OS7090,V220279__Budget_Justification_Arrowleaf_3.14__2_mdf by post award.pdf,.pdf,application/pdf,665055,50ae8a608759d9a1e2889666d0ff71115c260fd63f17ed63795da7cb9aee5110,OS7090/V220279/Labish/Award Instrument/V220279__Budget_Justification_Arrowleaf_3.14__2_mdf by post award.pdf,VERAS,Y,duplicate_content
DOC-71d549eb00cb-1,DOC-AWARD-INST,Award Instrument,Award,OS7090,V220279,OS7090,V220279__Budget_Justification_CSCI_IASCD_3.14__1_.pdf,.pdf,application/pdf,252927,71d549eb00cb7919cd96ce39c9cb044febeb610e1acf55eacc662c69efdf1eb6,OS7090/V220279/Labish/Award Instrument/V220279__Budget_Justification_CSCI_IASCD_3.14__1_.pdf,VERAS,Y,duplicate_content
DOC-a11dfb5f3a85-1,DOC-AWARD-INST,Award Instrument,Award,OS7090,V220279,OS7090,V220279__Budget_Justification_CSCI_IASCD_3.14__2_.pdf,.pdf,application/pdf,166232,a11dfb5f3a85a174b10abe0de17a473362af93accad7e1f882d9cda489a25d0f,OS7090/V220279/Labish/Award Instrument/V220279__Budget_Justification_CSCI_IASCD_3.14__2_.pdf,VERAS,Y,duplicate_content
DOC-50ae8a608759-3,DOC-AWARD-INST,Award Instrument,Award,OS7090,V220279,OS7090,V220279__TNC_NICRA_FY23_Signed__1_.pdf,.pdf,application/pdf,665055,50ae8a608759d9a1e2889666d0ff71115c260fd63f17ed63795da7cb9aee5110,OS7090/V220279/Labish/Award Instrument/V220279__TNC_NICRA_FY23_Signed__1_.pdf,VERAS,Y,duplicate_content
DOC-b22d29f8f84f-3,DOC-AWARD-INST,Award Instrument,Award,OS7090,V220279,OS7090,V220279__TNC_NICRA_FY23_Signed__2_.pdf,.pdf,application/pdf,205983,b22d29f8f84f5896dab86dca45f11e411cc1b6ce761d1e89548358a81f460d16,OS7090/V220279/Labish/Award Instrument/V220279__TNC_NICRA_FY23_Signed__2_.pdf,VERAS,Y,duplicate_content
DOC-68eab719c7d2-3,DOC-AWARD-INST,Award Instrument,Award,OS7090,V220279,OS7090,V220279_awd_NR233A750004G038.pdf,.pdf,application/pdf,2865471,68eab719c7d285306503ac9be1dbfe5a0dfdbcfc7a8cbc0fb5b06ae564496344,OS7090/V220279/Labish/Award Instrument/V220279_awd_NR233A750004G038.pdf,VERAS,Y,duplicate_content
DOC-948e84e3530e-1,DOC-AWARD-INST,Award Instrument,Award,OS7090,V220279,OS7090,V220279_revised_narrative_final_mdf by post award.pdf,.pdf,application/pdf,697630,948e84e3530ee338558ea1a66ed24ba54f3d0e0e1f6df02d7bf7c9c2bbc4360e,OS7090/V220279/Labish/Award Instrument/V220279_revised_narrative_final_mdf by post award.pdf,VERAS,Y,duplicate_content
DOC-6fbfd59d2c48-1,DOC-AWARD-INST,Award Instrument,Award,OS7090,V220279,OS7090,termination_notice.pdf,.pdf,application/pdf,177805,6fbfd59d2c481bdb68a2bbe1c8b24b713eb24f96fa5c226e057164831d488e8a,OS7090/V220279/Labish/Award Instrument/termination_notice.pdf,VERAS,Y,duplicate_content
DOC-95732f02222b-3,DOC-AWARD-INST,Award Instrument,Award,OS7090,V220279,OS7090,v220279_UIdaho_SF424_and_justification_2.22.23_dg.pdf,.pdf,application/pdf,447292,95732f02222bad8ca00f4900693718f9b3f0f74e37ac70e6dc75d200853688eb,OS7090/V220279/Labish/Award Instrument/v220279_UIdaho_SF424_and_justification_2.22.23_dg.pdf,VERAS,Y,duplicate_content
DOC-c33a9dd5ab64,DOC-POST-AWARD-NF,Post Award Submission notes and forms,Award,OS7090,V220279,OS7090,Correspondance.png,.png,image/png,81067,c33a9dd5ab6405b478114cc71e2e9c5da32f37ef4b23c17e63943567bb2e0572,OS7090/V220279/Labish/Post Award Submission notes and forms/Sponsor Prior Approval Request_032310/Correspondance.png,VERAS,N,
DOC-808277adf202,DOC-POST-AWARD-NF,Post Award Submission notes and forms,Award,OS7090,V220279,OS7090,General Information.png,.png,image/png,129093,808277adf202d891fc5079eaf27ae6071db7496fd04b358b1d3389c3d7ea93f8,OS7090/V220279/Labish/Post Award Submission notes and forms/Sponsor Prior Approval Request_032310/General Information.png,VERAS,N,
DOC-f8f5dbf84078,DOC-POST-AWARD-NF,Post Award Submission notes and forms,Award,OS7090,V220279,OS7090,2._GAD_Statement_of_Work_Form_UI_AMP.docx,.docx,application/vnd.openxmlformats-officedocument.wordprocessingml.document,143274,f8f5dbf840786c787ca85d40a141ee94d457ab538a298c8c4b8966e9edf01969,OS7090/V220279/Labish/Post Award Submission notes and forms/Sponsor Prior Approval Request_032310/Submission components/2._GAD_Statement_of_Work_Form_UI_AMP.docx,VERAS,N,duplicate_content
DOC-23aed05228e5,DOC-POST-AWARD-NF,Post Award Submission notes and forms,Award,OS7090,V220279,OS7090,3._Amended_Project_Narrative___University_of_Idaho_AMP.docx,.docx,application/vnd.openxmlformats-officedocument.wordprocessingml.document,867119,23aed05228e57c8c09a87c43a92bc7429b01d7831938ca0400853288d1ed98e4,OS7090/V220279/Labish/Post Award Submission notes and forms/Sponsor Prior Approval Request_032310/Submission components/3._Amended_Project_Narrative___University_of_Idaho_AMP.docx,VERAS,N,duplicate_content
DOC-bd753e1da949,DOC-POST-AWARD-NF,Post Award Submission notes and forms,Award,OS7090,V220279,OS7090,4.0_Amended_Budget_Narrative___University_of_Idaho_AMP.docx,.docx,application/vnd.openxmlformats-officedocument.wordprocessingml.document,1922681,bd753e1da9492b99349870da71c17c8b32dea7f7f0efc56a0a4948b17952c7d7,OS7090/V220279/Labish/Post Award Submission notes and forms/Sponsor Prior Approval Request_032310/Submission components/4.0_Amended_Budget_Narrative___University_of_Idaho_AMP.docx,VERAS,N,duplicate_content
DOC-9327352550c6,DOC-POST-AWARD-NF,Post Award Submission notes and forms,Award,OS7090,V220279,OS7090,Sponsor Prior Approval Request - (Version 9.0).pdf,.pdf,application/pdf,65279841,9327352550c6195e3d4896898f5185c09724d7444934fcc3e3dd56c92d1f6003,OS7090/V220279/Labish/Post Award Submission notes and forms/Sponsor Prior Approval Request_032310/Submission components/Sponsor Prior Approval Request - (Version 9.0).pdf,VERAS,N,
DOC-e66b2e51b8cf,DOC-POST-AWARD-NF,Post Award Submission notes and forms,Award,OS7090,V220279,OS7090,4.01_Subrecipient_Statement_of_Work___Arrowleaf_UI_AMP.docx,.docx,application/vnd.openxmlformats-officedocument.wordprocessingml.document,29279,e66b2e51b8cf6c5e67f1a3fadb875d0d6ec5d7441dc88da915ece2c162a86e60,OS7090/V220279/Labish/Post Award Submission notes and forms/Sponsor Prior Approval Request_032310/Submission components/Subaward Document/4.01_Subrecipient_Statement_of_Work___Arrowleaf_UI_AMP.docx,VERAS,N,duplicate_content
DOC-b1a0b9d67b0e,DOC-POST-AWARD-NF,Post Award Submission notes and forms,Award,OS7090,V220279,OS7090,4.02 Updated SF424A - Arrowleaf - UI AMP.pdf,.pdf,application/pdf,177749,b1a0b9d67b0e327eb567b761b4dec24fae16d518fc8bcfc129e109161116b44b,OS7090/V220279/Labish/Post Award Submission notes and forms/Sponsor Prior Approval Request_032310/Submission components/Subaward Document/4.02 Updated SF424A - Arrowleaf - UI AMP.pdf,VERAS,N,
DOC-d0ff4efbc6d0,DOC-POST-AWARD-NF,Post Award Submission notes and forms,Award,OS7090,V220279,OS7090,4.03_Subrecipient_Budget_Justification___Arrowleaf_UI_AMP.docx,.docx,application/vnd.openxmlformats-officedocument.wordprocessingml.document,97237,d0ff4efbc6d0f563002434b55658b3d476b2cfaa87b275598a6de33392053a56,OS7090/V220279/Labish/Post Award Submission notes and forms/Sponsor Prior Approval Request_032310/Submission components/Subaward Document/4.03_Subrecipient_Budget_Justification___Arrowleaf_UI_AMP.docx,VERAS,N,duplicate_content
DOC-44d63c332152,DOC-POST-AWARD-NF,Post Award Submission notes and forms,Award,OS7090,V220279,OS7090,4.04_Subrecipient_Statement_of_Work___UGA_UI_AMP.docx,.docx,application/vnd.openxmlformats-officedocument.wordprocessingml.document,40837,44d63c332152f3a493c0097e340ff97eb8a34e76aba11b2dbe70fadc6055521c,OS7090/V220279/Labish/Post Award Submission notes and forms/Sponsor Prior Approval Request_032310/Submission components/Subaward Document/4.04_Subrecipient_Statement_of_Work___UGA_UI_AMP.docx,VERAS,N,duplicate_content
DOC-8399fe2f80a4,DOC-POST-AWARD-NF,Post Award Submission notes and forms,Award,OS7090,V220279,OS7090,4.05 Updated SF424A - UGA - UI AMP.pdf,.pdf,application/pdf,177663,8399fe2f80a4a099053c9e1084f6131f0f1ce818308e0b1f61cf906e9a5295b0,OS7090/V220279/Labish/Post Award Submission notes and forms/Sponsor Prior Approval Request_032310/Submission components/Subaward Document/4.05 Updated SF424A - UGA - UI AMP.pdf,VERAS,N,
DOC-824317cef79b,DOC-POST-AWARD-NF,Post Award Submission notes and forms,Award,OS7090,V220279,OS7090,4.06_Subrecipient_Budget_Justification___UGA_UI_AMP.docx,.docx,application/vnd.openxmlformats-officedocument.wordprocessingml.document,48064,824317cef79b4eb6603444a94626b62350e1f8d1627937ba7c0cd0b6aec2a565,OS7090/V220279/Labish/Post Award Submission notes and forms/Sponsor Prior Approval Request_032310/Submission components/Subaward Document/4.06_Subrecipient_Budget_Justification___UGA_UI_AMP.docx,VERAS,N,duplicate_content
DOC-4c89c7e7027e,DOC-POST-AWARD-NF,Post Award Submission notes and forms,Award,OS7090,V220279,OS7090,4.07_Subrecipient_Statement_of_Work___TNC_UI_AMP.docx,.docx,application/vnd.openxmlformats-officedocument.wordprocessingml.document,33975,4c89c7e7027e6807ca364093ff277a7de88876c5423e50376b104ac309b948f1,OS7090/V220279/Labish/Post Award Submission notes and forms/Sponsor Prior Approval Request_032310/Submission components/Subaward Document/4.07_Subrecipient_Statement_of_Work___TNC_UI_AMP.docx,VERAS,N,duplicate_content
DOC-f221cfdac3de,DOC-POST-AWARD-NF,Post Award Submission notes and forms,Award,OS7090,V220279,OS7090,4.08 Updated SF424A - TNC - UI AMP.pdf,.pdf,application/pdf,177892,f221cfdac3de6675e5da6ee625ceefb9526dc5b1d031de436bf22d79a8090b0a,OS7090/V220279/Labish/Post Award Submission notes and forms/Sponsor Prior Approval Request_032310/Submission components/Subaward Document/4.08 Updated SF424A - TNC - UI AMP.pdf,VERAS,N,
DOC-e8fb7e9d9a93,DOC-POST-AWARD-NF,Post Award Submission notes and forms,Award,OS7090,V220279,OS7090,4.09_Subrecipient_Budget_Justification___TNC_UI_AMP.docx,.docx,application/vnd.openxmlformats-officedocument.wordprocessingml.document,47559,e8fb7e9d9a9364431bdefb714b4dd5325ac6bd528d1d68e0516d0ccab92cab8b,OS7090/V220279/Labish/Post Award Submission notes and forms/Sponsor Prior Approval Request_032310/Submission components/Subaward Document/4.09_Subrecipient_Budget_Justification___TNC_UI_AMP.docx,VERAS,N,duplicate_content
DOC-8786e0be7f31,DOC-POST-AWARD-NF,Post Award Submission notes and forms,Award,OS7090,V220279,OS7090,4.10_Subrecipient_Statement_of_Work___Coeur_d_Alene_Tribe_UI_AMP.docx,.docx,application/vnd.openxmlformats-officedocument.wordprocessingml.document,22132,8786e0be7f316e3efceab7166a2364bbf48b7b75bd809ded5933eb6dba434971,OS7090/V220279/Labish/Post Award Submission notes and forms/Sponsor Prior Approval Request_032310/Submission components/Subaward Document/4.10_Subrecipient_Statement_of_Work___Coeur_d_Alene_Tribe_UI_AMP.docx,VERAS,N,duplicate_content
DOC-bd663e7c7ead,DOC-POST-AWARD-NF,Post Award Submission notes and forms,Award,OS7090,V220279,OS7090,4.11 Updated SF424A - Coeur d'Alene Tribe -UI AMP.pdf,.pdf,application/pdf,177594,bd663e7c7ead1115a193bba31ddba529093de0aec3504230562f14da7fcf0ee8,OS7090/V220279/Labish/Post Award Submission notes and forms/Sponsor Prior Approval Request_032310/Submission components/Subaward Document/4.11 Updated SF424A - Coeur d'Alene Tribe -UI AMP.pdf,VERAS,N,
DOC-88a677ca9ac5,DOC-POST-AWARD-NF,Post Award Submission notes and forms,Award,OS7090,V220279,OS7090,4.12_Subrecipient_Budget_Justification___Coeur_d_Alene_Tribe___UI_AMP.docx,.docx,application/vnd.openxmlformats-officedocument.wordprocessingml.document,36497,88a677ca9ac5febcc16d3527de88d2d60971b7e51aa1d4f9b956c32cf028f179,OS7090/V220279/Labish/Post Award Submission notes and forms/Sponsor Prior Approval Request_032310/Submission components/Subaward Document/4.12_Subrecipient_Budget_Justification___Coeur_d_Alene_Tribe___UI_AMP.docx,VERAS,N,duplicate_content
DOC-a85b757fb4c7,DOC-POST-AWARD-NF,Post Award Submission notes and forms,Award,OS7090,V220279,OS7090,4.13_Subrecipient_Statement_of_Work___Desert_MountainGFB___UI_AMP.docx,.docx,application/vnd.openxmlformats-officedocument.wordprocessingml.document,43058,a85b757fb4c77ab7a4f7c95453a332a301bf2e8a6dc22769422763495f840f01,OS7090/V220279/Labish/Post Award Submission notes and forms/Sponsor Prior Approval Request_032310/Submission components/Subaward Document/4.13_Subrecipient_Statement_of_Work___Desert_MountainGFB___UI_AMP.docx,VERAS,N,duplicate_content
DOC-4ec5207377f2,DOC-POST-AWARD-NF,Post Award Submission notes and forms,Award,OS7090,V220279,OS7090,4.14 Updated SF424A - Desert MountainGFB- UI AMP.pdf,.pdf,application/pdf,177693,4ec5207377f2250a1d67cb5407f7b87800be4f01c63f60d049c322d97a44ac8d,OS7090/V220279/Labish/Post Award Submission notes and forms/Sponsor Prior Approval Request_032310/Submission components/Subaward Document/4.14 Updated SF424A - Desert MountainGFB- UI AMP.pdf,VERAS,N,
DOC-50a05bdaca70,DOC-POST-AWARD-NF,Post Award Submission notes and forms,Award,OS7090,V220279,OS7090,4.15_Subrecipient_Budget_Justification___Desert_MountainGFB___UI_AMP (1).docx,.docx,application/vnd.openxmlformats-officedocument.wordprocessingml.document,102776,50a05bdaca705919d87ac8991d43bf605c121c8a89dab79e0d4fc68ef7499b9b,OS7090/V220279/Labish/Post Award Submission notes and forms/Sponsor Prior Approval Request_032310/Submission components/Subaward Document/4.15_Subrecipient_Budget_Justification___Desert_MountainGFB___UI_AMP (1).docx,VERAS,N,duplicate_content
DOC-3269cd8e2aeb,DOC-POST-AWARD-NF,Post Award Submission notes and forms,Award,OS7090,V220279,OS7090,4.16_Subrecipient_Statement_of_Work___Nez_Perce_Tribe___UI_AMP.docx,.docx,application/vnd.openxmlformats-officedocument.wordprocessingml.document,29520,3269cd8e2aeb98270ea4dede7fc082ef19022e5809dc1b188cce1be1ee8126c3,OS7090/V220279/Labish/Post Award Submission notes and forms/Sponsor Prior Approval Request_032310/Submission components/Subaward Document/4.16_Subrecipient_Statement_of_Work___Nez_Perce_Tribe___UI_AMP.docx,VERAS,N,duplicate_content
DOC-d31dee3fff76,DOC-POST-AWARD-NF,Post Award Submission notes and forms,Award,OS7090,V220279,OS7090,4.17 Updated SF424A - Nez Perce Tribe - UI AMP.pdf,.pdf,application/pdf,177631,d31dee3fff76bab03a67b76ba7779aebb8e37259669a7ceaac2291371e0f633f,OS7090/V220279/Labish/Post Award Submission notes and forms/Sponsor Prior Approval Request_032310/Submission components/Subaward Document/4.17 Updated SF424A - Nez Perce Tribe - UI AMP.pdf,VERAS,N,
DOC-5bb15054b541,DOC-POST-AWARD-NF,Post Award Submission notes and forms,Award,OS7090,V220279,OS7090,4.18_Subrecipient_Budget_Justification___Nez_Perce_Tribe___UI_AMP.docx,.docx,application/vnd.openxmlformats-officedocument.wordprocessingml.document,48007,5bb15054b5417514569ec62d039581e71c58a4d24a730e2b25e60558b060acce,OS7090/V220279/Labish/Post Award Submission notes and forms/Sponsor Prior Approval Request_032310/Submission components/Subaward Document/4.18_Subrecipient_Budget_Justification___Nez_Perce_Tribe___UI_AMP.docx,VERAS,N,duplicate_content
DOC-18011fe7fa96,DOC-POST-AWARD-NF,Post Award Submission notes and forms,Award,OS7090,V220279,OS7090,4.19_Subrecipient_Statement_of_Work___Latah_SWCD___UI_AMP.docx,.docx,application/vnd.openxmlformats-officedocument.wordprocessingml.document,21391,18011fe7fa9634aabb52798006e6f4151cbd08ca3ee37548fd54633adae58d5e,OS7090/V220279/Labish/Post Award Submission notes and forms/Sponsor Prior Approval Request_032310/Submission components/Subaward Document/4.19_Subrecipient_Statement_of_Work___Latah_SWCD___UI_AMP.docx,VERAS,N,duplicate_content
DOC-2841d7f73fb6,DOC-POST-AWARD-NF,Post Award Submission notes and forms,Award,OS7090,V220279,OS7090,4.20 Updated SF424 - Latah SWCD - UI AMP.pdf,.pdf,application/pdf,177644,2841d7f73fb6a7e8a09b05fedda8a834938d08112e76618a881c199e8f35874a,OS7090/V220279/Labish/Post Award Submission notes and forms/Sponsor Prior Approval Request_032310/Submission components/Subaward Document/4.20 Updated SF424 - Latah SWCD - UI AMP.pdf,VERAS,N,
DOC-7a223918de61,DOC-POST-AWARD-NF,Post Award Submission notes and forms,Award,OS7090,V220279,OS7090,4.21_Subrecipient_Budget_Justification___Latah_SWCD___UI_AMP.docx,.docx,application/vnd.openxmlformats-officedocument.wordprocessingml.document,36798,7a223918de61ef693606f533a31393b5bc7cb2d3a7a1ddece225a4946b629d8a,OS7090/V220279/Labish/Post Award Submission notes and forms/Sponsor Prior Approval Request_032310/Submission components/Subaward Document/4.21_Subrecipient_Budget_Justification___Latah_SWCD___UI_AMP.docx,VERAS,N,duplicate_content
DOC-ef2ed6a8d4c0,DOC-POST-AWARD-NF,Post Award Submission notes and forms,Award,OS7090,V220279,OS7090,4.22_Subrecipient_Statement_of_Work___Nez_Perce_SWCD___UI_AMP.docx,.docx,application/vnd.openxmlformats-officedocument.wordprocessingml.document,24263,ef2ed6a8d4c09a526b94496c4d0e624e8d0105b85c4a22131dcefe3da3553ed4,OS7090/V220279/Labish/Post Award Submission notes and forms/Sponsor Prior Approval Request_032310/Submission components/Subaward Document/4.22_Subrecipient_Statement_of_Work___Nez_Perce_SWCD___UI_AMP.docx,VERAS,N,duplicate_content
DOC-c50299c3e4ed,DOC-POST-AWARD-NF,Post Award Submission notes and forms,Award,OS7090,V220279,OS7090,4.23 Updated SF424A - Nez Perce SWCD - UI AMP.pdf,.pdf,application/pdf,177705,c50299c3e4ed7572415ef4f04cc9d99a6c9541f8a763a6bdb2a3590e57c39cb8,OS7090/V220279/Labish/Post Award Submission notes and forms/Sponsor Prior Approval Request_032310/Submission components/Subaward Document/4.23 Updated SF424A - Nez Perce SWCD - UI AMP.pdf,VERAS,N,
DOC-b53991130800,DOC-POST-AWARD-NF,Post Award Submission notes and forms,Award,OS7090,V220279,OS7090,4.24_Subrecipient_Budget_Justification___Nez_Perce_SWCD___UI_AMP (1).docx,.docx,application/vnd.openxmlformats-officedocument.wordprocessingml.document,40119,b53991130800f2d828a9d167205797f35174b0e14912049ba4d017a7c86e63fe,OS7090/V220279/Labish/Post Award Submission notes and forms/Sponsor Prior Approval Request_032310/Submission components/Subaward Document/4.24_Subrecipient_Budget_Justification___Nez_Perce_SWCD___UI_AMP (1).docx,VERAS,N,duplicate_content
DOC-68fce103f47b,DOC-POST-AWARD-NF,Post Award Submission notes and forms,Award,OS7090,V220279,OS7090,SubmissionComponents _Miscellaneous.pdf,.pdf,application/pdf,1680974,68fce103f47b95ba9cb22ad799b430444e68e846337f61de080aa062b2c32ffe,OS7090/V220279/Labish/Post Award Submission notes and forms/Sponsor Prior Approval Request_032310/Submission components/SubmissionComponents _Miscellaneous.pdf,VERAS,N,
DOC-6359557a9538,DOC-PROPOSAL,Proposal,Proposal,V220279,V220279,OS7090,V220279_NR233A750004G038_GOV.9.1_20260302.pdf,.pdf,application/pdf,23892335,6359557a953896a81ce01eac86eed5d569a158a678fce084663989e257eed0bf,OS7090/V220279/Labish/Proposal/V220279_NR233A750004G038_GOV.9.1_20260302.pdf,VERAS,N,
DOC-507abdb42c5f,DOC-PROPOSAL,Proposal,Proposal,V220279,V220279,OS7090,V220279_NR233A750004G038_PROPOSAL_20260227.pdf,.pdf,application/pdf,23151911,507abdb42c5fee3419b593db8351a849fcce7928aba8ce1d53ade4b0a1135165,OS7090/V220279/Labish/Proposal/V220279_NR233A750004G038_PROPOSAL_20260227.pdf,VERAS,N,
DOC-dd0f0fd2632c,DOC-SUBAWARD,Subawards,Award,OS7090,V220279,OS7090,CDA Tribe fully signed subaward.pdf,.pdf,application/pdf,4353206,dd0f0fd2632c63eb041a021e4bf962ffe0033b6f5e197ce0484f918db1be565a,OS7090/V220279/Labish/Subawards/Coeur d'Alene Tribe/CDA Tribe fully signed subaward.pdf,VERAS,N,
DOC-c8a9c6861180-1,DOC-SUBAWARD,Subawards,Award,OS7090,V220279,OS7090,OS7090-909992 MOD 02 .pdf,.pdf,application/pdf,6851528,c8a9c6861180f2ce3fa375dd61d865e2de89cab3bff3e15c5c319b6a50054f50,OS7090/V220279/Labish/Subawards/Coeur d'Alene Tribe/OS7090-909992 MOD 02 .pdf,VERAS,Y,duplicate_content
DOC-581a24a804d3-1,DOC-SUBAWARD,Subawards,Award,OS7090,V220279,OS7090,OS7090-909992 Mod 01.pdf,.pdf,application/pdf,11873932,581a24a804d35c797308c688d0939d1b33ba5729d0b4b8c76cb5e0900b2e068e,OS7090/V220279/Labish/Subawards/Coeur d'Alene Tribe/OS7090-909992 Mod 01.pdf,VERAS,Y,duplicate_content
DOC-fcaf350d2246,DOC-SUBAWARD,Subawards,Award,OS7090,V220279,OS7090,OS7090-909992 subaward amendment.pdf,.pdf,application/pdf,15214022,fcaf350d224699d5b6c18cb182d660e247f3e122ae339ff2888eff7ce33c6c58,OS7090/V220279/Labish/Subawards/Coeur d'Alene Tribe/OS7090-909992 subaward amendment.pdf,VERAS,N,
DOC-328e7863845a,DOC-SUBAWARD,Subawards,Award,OS7090,V220279,OS7090,amount.pdf,.pdf,application/pdf,3759,328e7863845a35f27332a6caa7e6ed60e672d77ca6777eec4546ca5de6426937,OS7090/V220279/Labish/Subawards/Coeur d'Alene Tribe/amount.pdf,VERAS,N,
DOC-7e7a68e66323,DOC-SUBAWARD,Subawards,Award,OS7090,V220279,OS7090,Financial tracking.pdf,.pdf,application/pdf,3808,7e7a68e66323e08b2320533e561d5448497607336bfb2eaec3af03bc6d30d74f,OS7090/V220279/Labish/Subawards/Desert Mountain Grassfed Beef/Financial tracking.pdf,VERAS,N,
DOC-50b5e35a6182-1,DOC-SUBAWARD,Subawards,Award,OS7090,V220279,OS7090,OS7090-909990 Amendment.pdf,.pdf,application/pdf,9513960,50b5e35a6182dd2b00c216b97a91c13fe00387dcb077a4a925e7e7922d26d3ad,OS7090/V220279/Labish/Subawards/Desert Mountain Grassfed Beef/OS7090-909990 Amendment.pdf,VERAS,Y,duplicate_content
DOC-c8003150c433-1,DOC-SUBAWARD,Subawards,Award,OS7090,V220279,OS7090,OS7090-909990 MOD 02.pdf,.pdf,application/pdf,6861952,c8003150c433aa7dece421972c3d02e67e8af377c9e1a4363da5ffb281d8fd2b,OS7090/V220279/Labish/Subawards/Desert Mountain Grassfed Beef/OS7090-909990 MOD 02.pdf,VERAS,Y,duplicate_content
DOC-4bdad69ca7ec-1,DOC-SUBAWARD,Subawards,Award,OS7090,V220279,OS7090,OS7090-909990 Mod FE.pdf,.pdf,application/pdf,3967541,4bdad69ca7ec59dc19e96ecd8196b3fc15e305fe7bb5cdf47cfad62f518838dd,OS7090/V220279/Labish/Subawards/Desert Mountain Grassfed Beef/OS7090-909990 Mod FE.pdf,VERAS,Y,duplicate_content
DOC-616185bf7a21-1,DOC-SUBAWARD,Subawards,Award,OS7090,V220279,OS7090,OS7090-909990 Subaward Agreement.pdf,.pdf,application/pdf,14173253,616185bf7a21b76f3aacc1bd2ae36341727bf758a2d225ca6aeeac392cfb31e4,OS7090/V220279/Labish/Subawards/Desert Mountain Grassfed Beef/OS7090-909990 Subaward Agreement.pdf,VERAS,Y,duplicate_content
DOC-906f84e88797-1,DOC-SUBAWARD,Subawards,Award,OS7090,V220279,OS7090,OS7090-909990 mod.pdf,.pdf,application/pdf,642797,906f84e8879717dae85a6b6eb3ec5a6e7fbed5fb46eccedb85eb319a93235337,OS7090/V220279/Labish/Subawards/Desert Mountain Grassfed Beef/OS7090-909990 mod.pdf,VERAS,Y,duplicate_content
DOC-ca5a8c08c6fe,DOC-SUBAWARD,Subawards,Award,OS7090,V220279,OS7090,Financial tracking.sc.pdf,.pdf,application/pdf,3738,ca5a8c08c6fe50436b5f01063d102790d33fb76ee4b54eeca26b08b6c5a2f2e3,OS7090/V220279/Labish/Subawards/Idaho Association of Soil Conservation Districts/Financial tracking.sc.pdf,VERAS,N,
DOC-d174c7229ab5-1,DOC-SUBAWARD,Subawards,Award,OS7090,V220279,OS7090,Fully signed IASCD Subaward.pdf,.pdf,application/pdf,13606682,d174c7229ab5bf81402246f9ebb187e255f9545fa2d408d5894b93d6290c432a,OS7090/V220279/Labish/Subawards/Idaho Association of Soil Conservation Districts/Fully signed IASCD Subaward.pdf,VERAS,Y,duplicate_content
DOC-941fa45be852,DOC-SUBAWARD,Subawards,Award,OS7090,V220279,OS7090,OS7090-909994 subaward agreement.pdf,.pdf,application/pdf,3879250,941fa45be8524aea80428ac42cc3620dff64509487caa2bbfbc3a0390e52c22a,OS7090/V220279/Labish/Subawards/Idaho Association of Soil Conservation Districts/OS7090-909994 subaward agreement.pdf,VERAS,N,
DOC-d00968c485fd,DOC-SUBAWARD,Subawards,Award,OS7090,V220279,OS7090,Financial tracking ls.pdf,.pdf,application/pdf,3742,d00968c485fdff3bcaf7f00a1c67b37429c628d9a4b74f70264b87b034e2a853,OS7090/V220279/Labish/Subawards/Latah Soil and Water Conservation District/Financial tracking ls.pdf,VERAS,N,
DOC-675d4d14dfe5-1,DOC-SUBAWARD,Subawards,Award,OS7090,V220279,OS7090,OS7090-909981 (1).pdf,.pdf,application/pdf,9453013,675d4d14dfe5d5798edd060c02ea2058aa4f56b78a6e64257b5d4c3f753fcb2a,OS7090/V220279/Labish/Subawards/Latah Soil and Water Conservation District/OS7090-909981 (1).pdf,VERAS,Y,duplicate_content
DOC-b3a77b028d09-1,DOC-SUBAWARD,Subawards,Award,OS7090,V220279,OS7090,OS7090-909981 MOD 01.pdf,.pdf,application/pdf,8400181,b3a77b028d09e7ea116db34f1798c46e019c242dd98348ec5ce95b7f90fa8261,OS7090/V220279/Labish/Subawards/Latah Soil and Water Conservation District/OS7090-909981 MOD 01.pdf,VERAS,Y,duplicate_content
DOC-42555e7645b6-1,DOC-SUBAWARD,Subawards,Award,OS7090,V220279,OS7090,OS7090-909981 MOD 02.pdf,.pdf,application/pdf,4141373,42555e7645b6e779563d42cf5b84187e38b29209cecdfa58d310f6b4213e52c1,OS7090/V220279/Labish/Subawards/Latah Soil and Water Conservation District/OS7090-909981 MOD 02.pdf,VERAS,Y,duplicate_content
DOC-9d029f5cabef,DOC-SUBAWARD,Subawards,Award,OS7090,V220279,OS7090,Subaward Agreement corrected.pdf,.pdf,application/pdf,7145137,9d029f5cabeffc0828f757e236ec909d824ffc330c7985623866e7396cef61ea,OS7090/V220279/Labish/Subawards/Latah Soil and Water Conservation District/Subaward Agreement corrected.pdf,VERAS,N,duplicate_content
DOC-b2dd4e501107,DOC-SUBAWARD,Subawards,Award,OS7090,V220279,OS7090,Financial tracking ns.pdf,.pdf,application/pdf,3724,b2dd4e5011071aaa8e7d1c05447623f8999c3e7258e8b72d961ece73ef6163be,OS7090/V220279/Labish/Subawards/Nez Perce Soil and Water Conservation District/Financial tracking ns.pdf,VERAS,N,
DOC-7bae36396496-1,DOC-SUBAWARD,Subawards,Award,OS7090,V220279,OS7090,OS7090-909980 MOD 01.pdf,.pdf,application/pdf,8685239,7bae3639649639e2d8beb85aa22a7ba1baad12418dea866a34bc4415874008f6,OS7090/V220279/Labish/Subawards/Nez Perce Soil and Water Conservation District/OS7090-909980 MOD 01.pdf,VERAS,Y,duplicate_content
DOC-cf31925af975,DOC-SUBAWARD,Subawards,Award,OS7090,V220279,OS7090,Subaward Agreement.pdf,.pdf,application/pdf,7718417,cf31925af975fde127a1ce7af59a560549bb03c1fd6b5f925e7a703d7176a7e8,OS7090/V220279/Labish/Subawards/Nez Perce Soil and Water Conservation District/Subaward Agreement.pdf,VERAS,N,duplicate_content
DOC-fe6bf284e80d,DOC-SUBAWARD,Subawards,Award,OS7090,V220279,OS7090,Financial Tracking nptt.pdf,.pdf,application/pdf,3661,fe6bf284e80df672f9c6174e3c5b5bda56cad02a3a13ab4aba4f1bd0c83f90a8,OS7090/V220279/Labish/Subawards/Nez Perce Tribe/Financial Tracking nptt.pdf,VERAS,N,
DOC-4722314d0953-1,DOC-SUBAWARD,Subawards,Award,OS7090,V220279,OS7090,OS7070-909991 MOD 02.pdf,.pdf,application/pdf,7096261,4722314d0953bd7537905618e9b6aab31d37763d86305a740baae973e6a77626,OS7090/V220279/Labish/Subawards/Nez Perce Tribe/OS7070-909991 MOD 02.pdf,VERAS,Y,duplicate_content
DOC-981a73ce8f0c-1,DOC-SUBAWARD,Subawards,Award,OS7090,V220279,OS7090,OS7090-909911 Nez Perce Tribe Subaward.pdf,.pdf,application/pdf,17005403,981a73ce8f0cae981d47e264a093bf957f488cdd4f8e4d92fc3598c12798c446,OS7090/V220279/Labish/Subawards/Nez Perce Tribe/OS7090-909911 Nez Perce Tribe Subaward.pdf,VERAS,Y,duplicate_content
DOC-11e501136ca0-1,DOC-SUBAWARD,Subawards,Award,OS7090,V220279,OS7090,OS7090-909991 amendment.pdf,.pdf,application/pdf,554896,11e501136ca088de0dabe1d15b8a17b63f001d4fe1b472267f54c8552749019e,OS7090/V220279/Labish/Subawards/Nez Perce Tribe/OS7090-909991 amendment.pdf,VERAS,Y,duplicate_content
DOC-61c73bcc7485,DOC-SUBAWARD,Subawards,Award,OS7090,V220279,OS7090,Financial tracking sl.pdf,.pdf,application/pdf,3641,61c73bcc7485d4500a6f5dfd20b7863bf5bd115399aa8944a1806bafd11f0af3,OS7090/V220279/Labish/Subawards/SaulGill LLC/Financial tracking sl.pdf,VERAS,N,
DOC-a0938e2a77cf-1,DOC-SUBAWARD,Subawards,Award,OS7090,V220279,OS7090,OS7090-909989 (1).pdf,.pdf,application/pdf,14333232,a0938e2a77cf2bf3b5ca7b9c9f2101147af721d9cd3de091d84ff2a50f4eeacd,OS7090/V220279/Labish/Subawards/SaulGill LLC/OS7090-909989 (1).pdf,VERAS,Y,duplicate_content
DOC-2e39b96b8af4-1,DOC-SUBAWARD,Subawards,Award,OS7090,V220279,OS7090,OS7090-909989 MOD.pdf,.pdf,application/pdf,7793266,2e39b96b8af4c693694dbc84a465a17053b1a7fbb2332f78a1dac3fc9dd3ce6c,OS7090/V220279/Labish/Subawards/SaulGill LLC/OS7090-909989 MOD.pdf,VERAS,Y,duplicate_content
DOC-ef2a43a11a90-1,DOC-SUBAWARD,Subawards,Award,OS7090,V220279,OS7090,OS7090-909989 Mod 02.pdf,.pdf,application/pdf,6876855,ef2a43a11a90bab1df03f17f5c834e681fe58355e70faa1e9e9356ed960ba4c1,OS7090/V220279/Labish/Subawards/SaulGill LLC/OS7090-909989 Mod 02.pdf,VERAS,Y,duplicate_content
DOC-5e6376650850,DOC-SUBAWARD,Subawards,Award,OS7090,V220279,OS7090,Financial Tracking NC.pdf,.pdf,application/pdf,3846,5e6376650850aaa2e3c0707f2afcfa8dc9a1a2602989ea627d8bbf4f614139f1,OS7090/V220279/Labish/Subawards/The Nature Conservancy/Financial Tracking NC.pdf,VERAS,N,
DOC-579dfa2ecaa9-1,DOC-SUBAWARD,Subawards,Award,OS7090,V220279,OS7090,OS7090-909993 MOD 01 subaward amdnt.pdf,.pdf,application/pdf,9945552,579dfa2ecaa99225cdfc79025d0fbe3d69fe531b89abbe54bf1b073bd0e7c02e,OS7090/V220279/Labish/Subawards/The Nature Conservancy/OS7090-909993 MOD 01 subaward amdnt.pdf,VERAS,Y,duplicate_content
DOC-3d112e734eb2-1,DOC-SUBAWARD,Subawards,Award,OS7090,V220279,OS7090,OS7090-909993 MOD 02.pdf,.pdf,application/pdf,7216584,3d112e734eb2805f59c23c1209d381bddba77d62b088b3cee399a6187c975626,OS7090/V220279/Labish/Subawards/The Nature Conservancy/OS7090-909993 MOD 02.pdf,VERAS,Y,duplicate_content
DOC-1140c6c97ab7-1,DOC-SUBAWARD,Subawards,Award,OS7090,V220279,OS7090,Subaward OS7090-90993.pdf,.pdf,application/pdf,9600720,1140c6c97ab7f78f4928784c9f1a20ef2bed7b63a92b4ce3d794543681707b25,OS7090/V220279/Labish/Subawards/The Nature Conservancy/Subaward OS7090-90993.pdf,VERAS,Y,duplicate_content
DOC-8ce03ccef567,DOC-SUBAWARD,Subawards,Award,OS7090,V220279,OS7090,Financial Tracking UGR.pdf,.pdf,application/pdf,3765,8ce03ccef56783a41b3eb580d259237dc81911eb33b527c3e7763164cc889970,"OS7090/V220279/Labish/Subawards/University of Georgia Research Foundation, Inc/Financial Tracking UGR.pdf",VERAS,N,
DOC-279a01ea6ee4-1,DOC-SUBAWARD,Subawards,Award,OS7090,V220279,OS7090,OS7090-909982 MOD 01 .pdf,.pdf,application/pdf,7535319,279a01ea6ee415cd59ef9b7d9a0e130972693ee4aa5d60ca0a77356b624932c4,"OS7090/V220279/Labish/Subawards/University of Georgia Research Foundation, Inc/OS7090-909982 MOD 01 .pdf",VERAS,Y,duplicate_content
DOC-7202afb85cd0-1,DOC-SUBAWARD,Subawards,Award,OS7090,V220279,OS7090,OS7090-909982 Subaward.pdf,.pdf,application/pdf,99692163,7202afb85cd0d34b9d081bf03fe290646ac18b69def01f15451ed2b84e157a84,"OS7090/V220279/Labish/Subawards/University of Georgia Research Foundation, Inc/OS7090-909982 Subaward.pdf",VERAS,Y,duplicate_content
DOC-156289390b12,DOC-SPA-CHECK,SPA Checklist,Proposal,V220279,V220279,OS7090,V220279_NR233A750004G038_SPACHECKLIST_20260302.pdf,.pdf,application/pdf,77313,156289390b12cf3c271021399e0cf9a3ea38f0153d090b37f4fcd685182934fc,OS7090/V220279/Labish/V220279_NR233A750004G038_SPACHECKLIST_20260302.pdf,VERAS,N,
DOC-d99bc0a97f51,DOC-AWARD-INST,Award Instrument,Award,OS7090,V220279,OS7090,V220279_award instrument_ Budget_By_Index_Breakdown_4.23.23.pdf,.pdf,application/pdf,128128,d99bc0a97f518593ca94c3c78ba78b4d7e549d9462e5baf5fe877583db900482,OS7090/V220279/Sierra/Award Instrument/V220279_award instrument_ Budget_By_Index_Breakdown_4.23.23.pdf,VERAS,N,
DOC-50ae8a608759-4,DOC-AWARD-INST,Award Instrument,Award,OS7090,V220279,OS7090,V220279_award instrument_Budget_Justification_Arrowleaf_3.14.23.pdf,.pdf,application/pdf,665055,50ae8a608759d9a1e2889666d0ff71115c260fd63f17ed63795da7cb9aee5110,OS7090/V220279/Sierra/Award Instrument/V220279_award instrument_Budget_Justification_Arrowleaf_3.14.23.pdf,VERAS,Y,duplicate_content
DOC-a11dfb5f3a85-2,DOC-AWARD-INST,Award Instrument,Award,OS7090,V220279,OS7090,V220279_award instrument_Budget_Justification_CSCI_IASCD_3.14.23.pdf,.pdf,application/pdf,166232,a11dfb5f3a85a174b10abe0de17a473362af93accad7e1f882d9cda489a25d0f,OS7090/V220279/Sierra/Award Instrument/V220279_award instrument_Budget_Justification_CSCI_IASCD_3.14.23.pdf,VERAS,Y,duplicate_content
DOC-3b16d37a4b57-2,DOC-AWARD-INST,Award Instrument,Award,OS7090,V220279,OS7090,V220279_award instrument_CdA_Tribe_updated_2023_indirect_rate_agreement__2_3.8.23.pdf,.pdf,application/pdf,257675,3b16d37a4b576261bbadee7a4180aab8aac21e53b1376231bfea1b922b245a97,OS7090/V220279/Sierra/Award Instrument/V220279_award instrument_CdA_Tribe_updated_2023_indirect_rate_agreement__2_3.8.23.pdf,VERAS,Y,duplicate_content
DOC-fc9670b0fb4f-2,DOC-AWARD-INST,Award Instrument,Award,OS7090,V220279,OS7090,V220279_award instrument_CurrentPendingSupport_Final2_1.12.23.pdf,.pdf,application/pdf,1407772,fc9670b0fb4ffd258a5dd52a1f8e61e9fb88d6987dec430407c6439d84178c5c,OS7090/V220279/Sierra/Award Instrument/V220279_award instrument_CurrentPendingSupport_Final2_1.12.23.pdf,VERAS,Y,duplicate_content
DOC-f739693c176a,DOC-AWARD-INST,Award Instrument,Award,OS7090,V220279,OS7090,V220279_award instrument_Example_Monitoring_Reporting_template_1.12.23.pdf,.pdf,application/pdf,226574,f739693c176afce7a102f5859df8efae189ecd825d96685ed8845dee9ae11fb9,OS7090/V220279/Sierra/Award Instrument/V220279_award instrument_Example_Monitoring_Reporting_template_1.12.23.pdf,VERAS,N,
DOC-f0c47b49b867-2,DOC-AWARD-INST,Award Instrument,Award,OS7090,V220279,OS7090,V220279_award instrument_IASCD_SF424_and_justification_3.7.23_dg.pdf,.pdf,application/pdf,241437,f0c47b49b867d9abea71cb283adccdf9c803ff8ec6617b63815282abef6d9b54,OS7090/V220279/Sierra/Award Instrument/V220279_award instrument_IASCD_SF424_and_justification_3.7.23_dg.pdf,VERAS,Y,duplicate_content
DOC-2bb031c6eeb3-1,DOC-AWARD-INST,Award Instrument,Award,OS7090,V220279,OS7090,V220279_award instrument_Milestone_Spreadsheet_1.12.23.pdf,.pdf,application/pdf,152479,2bb031c6eeb35fbc6399907746d5c48a75aa657248f3f1878d1865448045d604,OS7090/V220279/Sierra/Award Instrument/V220279_award instrument_Milestone_Spreadsheet_1.12.23.pdf,VERAS,Y,duplicate_content
DOC-ceea16518c42-2,DOC-AWARD-INST,Award Instrument,Award,OS7090,V220279,OS7090,V220279_award instrument_NP23_116_UI_Climate_Smart_Commoddities_Grant_1.12.23.pdf,.pdf,application/pdf,67161,ceea16518c424f05c37ed8c8fe67c12be4a705747696f334ce0d7802a5f27a9a,OS7090/V220279/Sierra/Award Instrument/V220279_award instrument_NP23_116_UI_Climate_Smart_Commoddities_Grant_1.12.23.pdf,VERAS,Y,duplicate_content
DOC-ddcbdb9db2fd-2,DOC-AWARD-INST,Award Instrument,Award,OS7090,V220279,OS7090,V220279_award instrument_NPT_SF424_and_justification_3.6.23_dg__1_.pdf,.pdf,application/pdf,175799,ddcbdb9db2fdfdbaa0127492ff13927af47bf0e5627cdaf3983a21340350e7f4,OS7090/V220279/Sierra/Award Instrument/V220279_award instrument_NPT_SF424_and_justification_3.6.23_dg__1_.pdf,VERAS,Y,duplicate_content
DOC-fb11e87f8fdb-2,DOC-AWARD-INST,Award Instrument,Award,OS7090,V220279,OS7090,V220279_award instrument_NPTribe_SF424_and_justification_2.22.23_dg__2_.pdf,.pdf,application/pdf,223402,fb11e87f8fdbb2c72c4d67a73456aceda801b4e6f5fedcf3e2b8fa61b02466b1,OS7090/V220279/Sierra/Award Instrument/V220279_award instrument_NPTribe_SF424_and_justification_2.22.23_dg__2_.pdf,VERAS,Y,duplicate_content
DOC-074d3e4bca9e-2,DOC-AWARD-INST,Award Instrument,Award,OS7090,V220279,OS7090,V220279_award instrument_Revised_Narrative___Final_1.12.23.pdf,.pdf,application/pdf,828414,074d3e4bca9e2c0b8778cb476930da836fb64679ef511d69bf91db3b1e0f50f4,OS7090/V220279/Sierra/Award Instrument/V220279_award instrument_Revised_Narrative___Final_1.12.23.pdf,VERAS,Y,duplicate_content
DOC-eadaa595ac41-2,DOC-AWARD-INST,Award Instrument,Award,OS7090,V220279,OS7090,V220279_award instrument_SCA_Signed_REsolution_2.22.23.pdf,.pdf,application/pdf,405377,eadaa595ac41f7348f0b2f8dbb2d7fd7b4504b07effd16d3e431ca09d0f2a4d5,OS7090/V220279/Sierra/Award Instrument/V220279_award instrument_SCA_Signed_REsolution_2.22.23.pdf,VERAS,Y,duplicate_content
DOC-b9e3565dd481-2,DOC-AWARD-INST,Award Instrument,Award,OS7090,V220279,OS7090,V220279_award instrument_SF424A_FINAL_1.12.23.pdf,.pdf,application/pdf,470389,b9e3565dd481adc51e70fbc549debfecc102bb67f55f26ccfa7c6ace91517c58,OS7090/V220279/Sierra/Award Instrument/V220279_award instrument_SF424A_FINAL_1.12.23.pdf,VERAS,Y,duplicate_content
DOC-741af68b60f2-2,DOC-AWARD-INST,Award Instrument,Award,OS7090,V220279,OS7090,V220279_award instrument_Statement_of_Current_Pending_Support__Erin_Brooks_1.12.23.pdf,.pdf,application/pdf,249687,741af68b60f21ccf5f3be18e233ce10de73f3d007ed1fb82b7f52dddd9010a86,OS7090/V220279/Sierra/Award Instrument/V220279_award instrument_Statement_of_Current_Pending_Support__Erin_Brooks_1.12.23.pdf,VERAS,Y,duplicate_content
DOC-49707484562c-2,DOC-AWARD-INST,Award Instrument,Award,OS7090,V220279,OS7090,V220279_award instrument_Subaward_CDA_Tribe_1.12.23.pdf,.pdf,application/pdf,307720,49707484562caf6919d3e7e9f8168a6ab415b3eaff634d2aa9de7da6cd13a24b,OS7090/V220279/Sierra/Award Instrument/V220279_award instrument_Subaward_CDA_Tribe_1.12.23.pdf,VERAS,Y,duplicate_content
DOC-91cf10be687d-2,DOC-AWARD-INST,Award Instrument,Award,OS7090,V220279,OS7090,V220279_award instrument_Subaward_Desert_Mountain_GFB_1.12.23.pdf,.pdf,application/pdf,282789,91cf10be687d5cefd270dd3e25bf4a838cfafd8e9dd8f433e453f5f46807e7f1,OS7090/V220279/Sierra/Award Instrument/V220279_award instrument_Subaward_Desert_Mountain_GFB_1.12.23.pdf,VERAS,Y,duplicate_content
DOC-3c90cd9228dd-2,DOC-AWARD-INST,Award Instrument,Award,OS7090,V220279,OS7090,V220279_award instrument_Subaward_IASCD_1.12.23.pdf,.pdf,application/pdf,1221754,3c90cd9228dd50fbd62fc8ee7227a36da81c40a7a184f691b68e746728bbd691,OS7090/V220279/Sierra/Award Instrument/V220279_award instrument_Subaward_IASCD_1.12.23.pdf,VERAS,Y,duplicate_content
DOC-f16ec0f5da4e-1,DOC-AWARD-INST,Award Instrument,Award,OS7090,V220279,OS7090,V220279_award instrument_Subaward_Nez_Perce_Tribe_FINAL_1.12.23.pdf,.pdf,application/pdf,312762,f16ec0f5da4eb5d9a6db6c4f9a9f4491b58f62704d36ebb8399ebcbfe2c045e7,OS7090/V220279/Sierra/Award Instrument/V220279_award instrument_Subaward_Nez_Perce_Tribe_FINAL_1.12.23.pdf,VERAS,Y,duplicate_content
DOC-b22d29f8f84f-4,DOC-AWARD-INST,Award Instrument,Award,OS7090,V220279,OS7090,V220279_award instrument_TNC_NICRA_FY23_Signed__2__2.22.23.pdf,.pdf,application/pdf,205983,b22d29f8f84f5896dab86dca45f11e411cc1b6ce761d1e89548358a81f460d16,OS7090/V220279/Sierra/Award Instrument/V220279_award instrument_TNC_NICRA_FY23_Signed__2__2.22.23.pdf,VERAS,Y,duplicate_content
DOC-54c52f31f723-2,DOC-AWARD-INST,Award Instrument,Award,OS7090,V220279,OS7090,V220279_award instrument_TNC_SF424_justification_and_LOC_3.6.23_dg__1_.pdf,.pdf,application/pdf,267474,54c52f31f72354f4b4a748cf082849ceb32d4c34d679e39d45acf68cd776cd75,OS7090/V220279/Sierra/Award Instrument/V220279_award instrument_TNC_SF424_justification_and_LOC_3.6.23_dg__1_.pdf,VERAS,Y,duplicate_content
DOC-0eb365d92bcd-1,DOC-AWARD-INST,Award Instrument,Award,OS7090,V220279,OS7090,V220279_award instrument_TNC_Subaward_packet_FINAL_1.12.23.pdf,.pdf,application/pdf,386812,0eb365d92bcd977df7a2f14ea6529633483a1354357ed8dfc3661cc4a16472aa,OS7090/V220279/Sierra/Award Instrument/V220279_award instrument_TNC_Subaward_packet_FINAL_1.12.23.pdf,VERAS,Y,duplicate_content
DOC-95732f02222b-4,DOC-AWARD-INST,Award Instrument,Award,OS7090,V220279,OS7090,V220279_award instrument_UIdaho_SF424_and_justification_2.22.23.pdf,.pdf,application/pdf,447292,95732f02222bad8ca00f4900693718f9b3f0f74e37ac70e6dc75d200853688eb,OS7090/V220279/Sierra/Award Instrument/V220279_award instrument_UIdaho_SF424_and_justification_2.22.23.pdf,VERAS,Y,duplicate_content
DOC-ed91d6e14596-2,DOC-AWARD-INST,Award Instrument,Award,OS7090,V220279,OS7090,V220279_award instrument_UIdaho_SF424_and_justification_3.14.23.pdf,.pdf,application/pdf,206604,ed91d6e145963d7390a9e3f80c78086fb2bb0fa9fe33088a6dea121a8d1de225,OS7090/V220279/Sierra/Award Instrument/V220279_award instrument_UIdaho_SF424_and_justification_3.14.23.pdf,VERAS,Y,duplicate_content
DOC-b3db0a22f48a-2,DOC-AWARD-INST,Award Instrument,Award,OS7090,V220279,OS7090,V220279_award instrument_UIdaho_SF424_and_justification_3.8.23_dg__2_.pdf,.pdf,application/pdf,449579,b3db0a22f48a43db1107c7d99e1abd9db0a4f7bb2970e2621effb21b8858ec5e,OS7090/V220279/Sierra/Award Instrument/V220279_award instrument_UIdaho_SF424_and_justification_3.8.23_dg__2_.pdf,VERAS,Y,duplicate_content
DOC-0a932542ab19-1,DOC-AWARD-INST,Award Instrument,Award,OS7090,V220279,OS7090,V220279_award instrument__Negotiation_Response_Cover_Letter_Signed_1.12.23.pdf,.pdf,application/pdf,297017,0a932542ab19e3daae2bb9406fc41f13ec4fa8875e8851cf8b807b593e298f84,OS7090/V220279/Sierra/Award Instrument/V220279_award instrument__Negotiation_Response_Cover_Letter_Signed_1.12.23.pdf,VERAS,Y,duplicate_content
DOC-aee96e46b942-1,DOC-AWARD-INST,Award Instrument,Award,OS7090,V220279,OS7090,V220279_award instrument__Subaward_Packet_Arrowleaf_1.12.23.pdf,.pdf,application/pdf,573768,aee96e46b942c648b6c9796455ee7aeeb25d74828e33dab41e84147088f2ad44,OS7090/V220279/Sierra/Award Instrument/V220279_award instrument__Subaward_Packet_Arrowleaf_1.12.23.pdf,VERAS,Y,duplicate_content
DOC-68eab719c7d2-4,DOC-AWARD-INST,Award Instrument,Award,OS7090,V220279,OS7090,V220279_award instrument_awd_NR233A750004G038_4.21.23.pdf,.pdf,application/pdf,2865471,68eab719c7d285306503ac9be1dbfe5a0dfdbcfc7a8cbc0fb5b06ae564496344,OS7090/V220279/Sierra/Award Instrument/V220279_award instrument_awd_NR233A750004G038_4.21.23.pdf,VERAS,Y,duplicate_content
DOC-948e84e3530e-2,DOC-AWARD-INST,Award Instrument,Award,OS7090,V220279,OS7090,V220279_award instrument_revised_narrative_final_3_8_23__1_.pdf,.pdf,application/pdf,697630,948e84e3530ee338558ea1a66ed24ba54f3d0e0e1f6df02d7bf7c9c2bbc4360e,OS7090/V220279/Sierra/Award Instrument/V220279_award instrument_revised_narrative_final_3_8_23__1_.pdf,VERAS,Y,duplicate_content
DOC-efa796c08356-1,DOC-AWARD-INST,Award Instrument,Award,OS7090,V220279,OS7090,v220279_award instrument_Additional_index_for_Chibisa_TDX327856_V220279_OS7090_10.23.23.pdf,.pdf,application/pdf,287977,efa796c08356c2381b5b5dafd333a63633882c7238088880036c3fe62eff1f13,OS7090/V220279/Sierra/Award Instrument/v220279_award instrument_Additional_index_for_Chibisa_TDX327856_V220279_OS7090_10.23.23.pdf,VERAS,Y,duplicate_content
DOC-9bacaec7e9dc-1,DOC-AWARD-INST,Award Instrument,Award,OS7090,V220279,OS7090,v220279_award instrument_Additional_index_for_hall_TDX327610_V220279_OS7090_10.16.23.pdf,.pdf,application/pdf,253514,9bacaec7e9dc3f3dcb84e73908cb1eb3349da40e93c7962421c5b87f4ced34ca,OS7090/V220279/Sierra/Award Instrument/v220279_award instrument_Additional_index_for_hall_TDX327610_V220279_OS7090_10.16.23.pdf,VERAS,Y,duplicate_content
DOC-af93b68dc855-2,DOC-AWARD-INST,Award Instrument,Award,OS7090,V220279,OS7090,v220279_award instrument_FE_MOD2_1.23.25.pdf,.pdf,application/pdf,2578136,af93b68dc855455c16991032808851875ea2a8dcc31e05e759ae5e09952f8be8,OS7090/V220279/Sierra/Award Instrument/v220279_award instrument_FE_MOD2_1.23.25.pdf,VERAS,Y,duplicate_content
DOC-330e6441bada-3,DOC-AWARD-INST,Award Instrument,Award,OS7090,V220279,OS7090,v220279_award instrument_GAD_Prior_Approval_Idaho_Complete_OS7090_V221000_12.1.23.pdf,.pdf,application/pdf,253269,330e6441bada4fa6f856f97917b9b0807ac7030a46ba290c607575fd612c877b,OS7090/V220279/Sierra/Award Instrument/v220279_award instrument_GAD_Prior_Approval_Idaho_Complete_OS7090_V221000_12.1.23.pdf,VERAS,Y,duplicate_content
DOC-330e6441bada-4,DOC-AWARD-INST,Award Instrument,Award,OS7090,V220279,OS7090,v220279_award instrument_GAD_Prior_Approval_Idaho_Complete_OS7090_V221000_2_12.1.23.pdf,.pdf,application/pdf,253269,330e6441bada4fa6f856f97917b9b0807ac7030a46ba290c607575fd612c877b,OS7090/V220279/Sierra/Award Instrument/v220279_award instrument_GAD_Prior_Approval_Idaho_Complete_OS7090_V221000_2_12.1.23.pdf,VERAS,Y,duplicate_content
DOC-29be3b92364e-3,DOC-AWARD-INST,Award Instrument,Award,OS7090,V220279,OS7090,v220279_award instrument_NR233A750004G038_Regents_of_the_University_of_Idaho_AMD2_KH_Signed_V220279_OS7090_2_1.22.25.pdf,.pdf,application/pdf,2962516,29be3b92364ed1c37e201450db9feb2c82b4f979e261b378ff544503443e197d,OS7090/V220279/Sierra/Award Instrument/v220279_award instrument_NR233A750004G038_Regents_of_the_University_of_Idaho_AMD2_KH_Signed_V220279_OS7090_2_1.22.25.pdf,VERAS,Y,duplicate_content
DOC-1bd682a12a0f-1,DOC-AWARD-INST,Award Instrument,Award,OS7090,V220279,OS7090,v220279_award instrument_NRCS_response_re__need_for_prior_approval_3.6.25.pdf,.pdf,application/pdf,230044,1bd682a12a0ff52b56c6e8bad4416f1c8614525ab2a99a416fbec8ccf1e02962,OS7090/V220279/Sierra/Award Instrument/v220279_award instrument_NRCS_response_re__need_for_prior_approval_3.6.25.pdf,VERAS,Y,duplicate_content
DOC-b505d1de7dc6-1,DOC-AWARD-INST,Award Instrument,Award,OS7090,V220279,OS7090,v220279_award instrument_PE_Award_V220279_5.2.23.pdf,.pdf,application/pdf,2922706,b505d1de7dc64389e38f5abf56f37a993cfede72a3ecc1ff6f4d8d020856a04e,OS7090/V220279/Sierra/Award Instrument/v220279_award instrument_PE_Award_V220279_5.2.23.pdf,VERAS,Y,duplicate_content
DOC-d2893f4b020c-2,DOC-AWARD-INST,Award Instrument,Award,OS7090,V220279,OS7090,v220279_award instrument_PRAPP_BUDGET_20241212_OS7090_V220279_1.7.25.pdf,.pdf,application/pdf,3670220,d2893f4b020c98912f2707a920755c39817f507c9d801afb5b2a1c741e672efe,OS7090/V220279/Sierra/Award Instrument/v220279_award instrument_PRAPP_BUDGET_20241212_OS7090_V220279_1.7.25.pdf,VERAS,Y,duplicate_content
DOC-f9a156994c92-2,DOC-AWARD-INST,Award Instrument,Award,OS7090,V220279,OS7090,v220279_award instrument_TRMLTR_04.23.25.pdf,.pdf,application/pdf,120462,f9a156994c926c017c04bc47ba5c740819708af990f73a8273a6483f1cedecd7,OS7090/V220279/Sierra/Award Instrument/v220279_award instrument_TRMLTR_04.23.25.pdf,VERAS,Y,duplicate_content
DOC-95732f02222b-5,DOC-AWARD-INST,Award Instrument,Award,OS7090,V220279,OS7090,v220279_award instrument_UIdaho_SF424_and_justification_2.22.23_dg.pdf,.pdf,application/pdf,447292,95732f02222bad8ca00f4900693718f9b3f0f74e37ac70e6dc75d200853688eb,OS7090/V220279/Sierra/Award Instrument/v220279_award instrument_UIdaho_SF424_and_justification_2.22.23_dg.pdf,VERAS,Y,duplicate_content
DOC-8c0c407e44f3-1,DOC-AWARD-INST,Award Instrument,Award,OS7090,V220279,OS7090,v220279_award instrument_V220279_FE_Award_approved_5.9.23.pdf,.pdf,application/pdf,3382549,8c0c407e44f39e1802587aaaa069dd4e0923ca806e77c0ece9f0114d118d07c8,OS7090/V220279/Sierra/Award Instrument/v220279_award instrument_V220279_FE_Award_approved_5.9.23.pdf,VERAS,Y,duplicate_content
DOC-73a305075911,DOC-AWARD-INST,Award Instrument,Award,OS7090,V220279,OS7090,v220279_award instrument_V220279_FE_Award_unapproved_5.9.23.pdf,.pdf,application/pdf,3036774,73a3050759113e7d8d5c7e8ceda66f85ab3efceb975b278766503a5b79ad991c,OS7090/V220279/Sierra/Award Instrument/v220279_award instrument_V220279_FE_Award_unapproved_5.9.23.pdf,VERAS,N,
DOC-6fbfd59d2c48-2,DOC-AWARD-INST,Award Instrument,Award,OS7090,V220279,OS7090,v220279_award instrument_termination_notice_4.15.25.pdf,.pdf,application/pdf,177805,6fbfd59d2c481bdb68a2bbe1c8b24b713eb24f96fa5c226e057164831d488e8a,OS7090/V220279/Sierra/Award Instrument/v220279_award instrument_termination_notice_4.15.25.pdf,VERAS,Y,duplicate_content
DOC-ef4bde9f1999,DOC-SPA-CHECK,SPA Checklist,Proposal,V220279,V220279,OS7090,V220279SPAChecklist.pdf,.pdf,application/pdf,77313,ef4bde9f1999b6de63a6aa58a0dad278211f512f5a24535a6405c7866b66cf6e,OS7090/V220279/Sierra/V220279SPAChecklist.pdf,VERAS,N,
DOC-df76b3ba32a4,DOC-PROPOSAL,Proposal,Proposal,V220279,V220279,OS7090,V220279_Proposal.pdf,.pdf,application/pdf,23892335,df76b3ba32a4dec2dd3883b820d4051a7c4ccf74ce4b8e1d07a361f1db46d4db,OS7090/V220279/Sierra/V220279_Proposal.pdf,VERAS,N,
DOC-6146e8c1071f-1,DOC-AWARD-INST,Award Instrument,Award,OS7090,V220279,OS7090,V220279_subawards_CDA_CDA Tribe fully signed subaward_3.27.24.pdf,.pdf,application/pdf,9756485,6146e8c1071f1fecb6db01bddafeb879a51c297ad0216e83a9e9db3fb9ded5fa,OS7090/V220279/Sierra/subawards/CDA tribe/V220279_subawards_CDA_CDA Tribe fully signed subaward_3.27.24.pdf,VERAS,Y,duplicate_content
DOC-c8a9c6861180-2,DOC-AWARD-INST,Award Instrument,Award,OS7090,V220279,OS7090,V220279_subawards_CDA_OS7090-909992 MOD 02 _agreement_5.7.25.pdf,.pdf,application/pdf,6851528,c8a9c6861180f2ce3fa375dd61d865e2de89cab3bff3e15c5c319b6a50054f50,OS7090/V220279/Sierra/subawards/CDA tribe/V220279_subawards_CDA_OS7090-909992 MOD 02 _agreement_5.7.25.pdf,VERAS,Y,duplicate_content
DOC-581a24a804d3-2,DOC-AWARD-INST,Award Instrument,Award,OS7090,V220279,OS7090,V220279_subawards_CDA_OS7090-909992 Mod 01_agreement_7.3.24.pdf,.pdf,application/pdf,11873932,581a24a804d35c797308c688d0939d1b33ba5729d0b4b8c76cb5e0900b2e068e,OS7090/V220279/Sierra/subawards/CDA tribe/V220279_subawards_CDA_OS7090-909992 Mod 01_agreement_7.3.24.pdf,VERAS,Y,duplicate_content
DOC-9ce322fbf8ba-1,DOC-AWARD-INST,Award Instrument,Award,OS7090,V220279,OS7090,V220279_subawards_CDA_OS7090-909992_agreement_10.4.23.pdf,.pdf,application/pdf,14749979,9ce322fbf8bae7e38d56db2eb0fc656fd8d9039020602d5c5d2c52b0bb887b8a,OS7090/V220279/Sierra/subawards/CDA tribe/V220279_subawards_CDA_OS7090-909992_agreement_10.4.23.pdf,VERAS,Y,duplicate_content
DOC-50b5e35a6182-2,DOC-AWARD-INST,Award Instrument,Award,OS7090,V220279,OS7090,V220279_subawards_DMGB_OS7090-909990 Amendment_2.8.24.pdf,.pdf,application/pdf,9513960,50b5e35a6182dd2b00c216b97a91c13fe00387dcb077a4a925e7e7922d26d3ad,OS7090/V220279/Sierra/subawards/Desert Mountain Grassfed Beef/V220279_subawards_DMGB_OS7090-909990 Amendment_2.8.24.pdf,VERAS,Y,duplicate_content
DOC-c8003150c433-2,DOC-AWARD-INST,Award Instrument,Award,OS7090,V220279,OS7090,V220279_subawards_DMGB_OS7090-909990 MOD 02_4.24.25.pdf,.pdf,application/pdf,6861952,c8003150c433aa7dece421972c3d02e67e8af377c9e1a4363da5ffb281d8fd2b,OS7090/V220279/Sierra/subawards/Desert Mountain Grassfed Beef/V220279_subawards_DMGB_OS7090-909990 MOD 02_4.24.25.pdf,VERAS,Y,duplicate_content
DOC-4bdad69ca7ec-2,DOC-AWARD-INST,Award Instrument,Award,OS7090,V220279,OS7090,V220279_subawards_DMGB_OS7090-909990 Mod FE_8.19.24.pdf,.pdf,application/pdf,3967541,4bdad69ca7ec59dc19e96ecd8196b3fc15e305fe7bb5cdf47cfad62f518838dd,OS7090/V220279/Sierra/subawards/Desert Mountain Grassfed Beef/V220279_subawards_DMGB_OS7090-909990 Mod FE_8.19.24.pdf,VERAS,Y,duplicate_content
DOC-906f84e88797-2,DOC-AWARD-INST,Award Instrument,Award,OS7090,V220279,OS7090,V220279_subawards_DMGB_OS7090-909990 mod1_7.12.24.pdf,.pdf,application/pdf,642797,906f84e8879717dae85a6b6eb3ec5a6e7fbed5fb46eccedb85eb319a93235337,OS7090/V220279/Sierra/subawards/Desert Mountain Grassfed Beef/V220279_subawards_DMGB_OS7090-909990 mod1_7.12.24.pdf,VERAS,Y,duplicate_content
DOC-616185bf7a21-2,DOC-AWARD-INST,Award Instrument,Award,OS7090,V220279,OS7090,V220279_subawards_DMGB_OS7090-909990_agreement_10.4.23.pdf,.pdf,application/pdf,14173253,616185bf7a21b76f3aacc1bd2ae36341727bf758a2d225ca6aeeac392cfb31e4,OS7090/V220279/Sierra/subawards/Desert Mountain Grassfed Beef/V220279_subawards_DMGB_OS7090-909990_agreement_10.4.23.pdf,VERAS,Y,duplicate_content
DOC-d174c7229ab5-2,DOC-AWARD-INST,Award Instrument,Award,OS7090,V220279,OS7090,V220279_subawards_IASCD_Fully signed IASCD Subaward _3.27.24.pdf,.pdf,application/pdf,13606682,d174c7229ab5bf81402246f9ebb187e255f9545fa2d408d5894b93d6290c432a,OS7090/V220279/Sierra/subawards/Idaho Association of Soil Conservation Districts/V220279_subawards_IASCD_Fully signed IASCD Subaward _3.27.24.pdf,VERAS,Y,duplicate_content
DOC-68a679123bf1-1,DOC-AWARD-INST,Award Instrument,Award,OS7090,V220279,OS7090,V220279_subawards_IASCD_OS7090-909994 _1.26.24.pdf,.pdf,application/pdf,3392431,68a679123bf165a9ff71743bfa3faf7f95851284d59fb95eb266f4c5436a0470,OS7090/V220279/Sierra/subawards/Idaho Association of Soil Conservation Districts/V220279_subawards_IASCD_OS7090-909994 _1.26.24.pdf,VERAS,Y,duplicate_content
DOC-b3a77b028d09-2,DOC-AWARD-INST,Award Instrument,Award,OS7090,V220279,OS7090,V220279_subawards_LSWCD_OS7090-909981 MOD 01_4.25.25.pdf,.pdf,application/pdf,8400181,b3a77b028d09e7ea116db34f1798c46e019c242dd98348ec5ce95b7f90fa8261,OS7090/V220279/Sierra/subawards/Latah Soil and Water Conservation District/V220279_subawards_LSWCD_OS7090-909981 MOD 01_4.25.25.pdf,VERAS,Y,duplicate_content
DOC-42555e7645b6-2,DOC-AWARD-INST,Award Instrument,Award,OS7090,V220279,OS7090,V220279_subawards_LSWCD_OS7090-909981 MOD 02_4.25.25.pdf,.pdf,application/pdf,4141373,42555e7645b6e779563d42cf5b84187e38b29209cecdfa58d310f6b4213e52c1,OS7090/V220279/Sierra/subawards/Latah Soil and Water Conservation District/V220279_subawards_LSWCD_OS7090-909981 MOD 02_4.25.25.pdf,VERAS,Y,duplicate_content
DOC-9d029f5cabef-1,DOC-AWARD-INST,Award Instrument,Award,OS7090,V220279,OS7090,V220279_subawards_LSWCD_OS7090-909981_agreement_3.4.25.pdf,.pdf,application/pdf,7145137,9d029f5cabeffc0828f757e236ec909d824ffc330c7985623866e7396cef61ea,OS7090/V220279/Sierra/subawards/Latah Soil and Water Conservation District/V220279_subawards_LSWCD_OS7090-909981_agreement_3.4.25.pdf,VERAS,Y,duplicate_content
DOC-675d4d14dfe5-2,DOC-AWARD-INST,Award Instrument,Award,OS7090,V220279,OS7090,V220279_subawards_LSWCD_OS7090-909981_correction_3.10.25.pdf,.pdf,application/pdf,9453013,675d4d14dfe5d5798edd060c02ea2058aa4f56b78a6e64257b5d4c3f753fcb2a,OS7090/V220279/Sierra/subawards/Latah Soil and Water Conservation District/V220279_subawards_LSWCD_OS7090-909981_correction_3.10.25.pdf,VERAS,Y,duplicate_content
DOC-7bae36396496-2,DOC-AWARD-INST,Award Instrument,Award,OS7090,V220279,OS7090,V220279_subawards_NPSWCD_OS7090-909980 MOD 01_5.30.25.pdf,.pdf,application/pdf,8685239,7bae3639649639e2d8beb85aa22a7ba1baad12418dea866a34bc4415874008f6,OS7090/V220279/Sierra/subawards/Nez Perce Soil and Water Conservation District/V220279_subawards_NPSWCD_OS7090-909980 MOD 01_5.30.25.pdf,VERAS,Y,duplicate_content
DOC-cf31925af975-1,DOC-AWARD-INST,Award Instrument,Award,OS7090,V220279,OS7090,V220279_subawards_NPSWCD_OS7090-909980_agreement_4.16.25.pdf,.pdf,application/pdf,7718417,cf31925af975fde127a1ce7af59a560549bb03c1fd6b5f925e7a703d7176a7e8,OS7090/V220279/Sierra/subawards/Nez Perce Soil and Water Conservation District/V220279_subawards_NPSWCD_OS7090-909980_agreement_4.16.25.pdf,VERAS,Y,duplicate_content
DOC-4722314d0953-2,DOC-AWARD-INST,Award Instrument,Award,OS7090,V220279,OS7090,V220279_subawards_NPT_OS7070-909991 MOD 02_amendment_7.17.25.pdf,.pdf,application/pdf,7096261,4722314d0953bd7537905618e9b6aab31d37763d86305a740baae973e6a77626,OS7090/V220279/Sierra/subawards/Nez Perce Tribe/V220279_subawards_NPT_OS7070-909991 MOD 02_amendment_7.17.25.pdf,VERAS,Y,duplicate_content
DOC-981a73ce8f0c-2,DOC-AWARD-INST,Award Instrument,Award,OS7090,V220279,OS7090,V220279_subawards_NPT_OS7090-909911 Nez Perce Tribe Subaward_agreement_12.12.23.pdf,.pdf,application/pdf,17005403,981a73ce8f0cae981d47e264a093bf957f488cdd4f8e4d92fc3598c12798c446,OS7090/V220279/Sierra/subawards/Nez Perce Tribe/V220279_subawards_NPT_OS7090-909911 Nez Perce Tribe Subaward_agreement_12.12.23.pdf,VERAS,Y,duplicate_content
DOC-11e501136ca0-2,DOC-AWARD-INST,Award Instrument,Award,OS7090,V220279,OS7090,V220279_subawards_NPT_OS7090-909991 MOD 1 FE_amendment_3.24.25.pdf,.pdf,application/pdf,554896,11e501136ca088de0dabe1d15b8a17b63f001d4fe1b472267f54c8552749019e,OS7090/V220279/Sierra/subawards/Nez Perce Tribe/V220279_subawards_NPT_OS7090-909991 MOD 1 FE_amendment_3.24.25.pdf,VERAS,Y,duplicate_content
DOC-2e39b96b8af4-2,DOC-AWARD-INST,Award Instrument,Award,OS7090,V220279,OS7090,V220279_subawards_Saulgill_OS7090-909989 MOD_amendment_10.7.23.pdf,.pdf,application/pdf,7793266,2e39b96b8af4c693694dbc84a465a17053b1a7fbb2332f78a1dac3fc9dd3ce6c,OS7090/V220279/Sierra/subawards/SaulGill LLC/V220279_subawards_Saulgill_OS7090-909989 MOD_amendment_10.7.23.pdf,VERAS,Y,duplicate_content
DOC-ef2a43a11a90-2,DOC-AWARD-INST,Award Instrument,Award,OS7090,V220279,OS7090,V220279_subawards_Saulgill_OS7090-909989 Mod 02_amendment_4.25.25.pdf,.pdf,application/pdf,6876855,ef2a43a11a90bab1df03f17f5c834e681fe58355e70faa1e9e9356ed960ba4c1,OS7090/V220279/Sierra/subawards/SaulGill LLC/V220279_subawards_Saulgill_OS7090-909989 Mod 02_amendment_4.25.25.pdf,VERAS,Y,duplicate_content
DOC-a0938e2a77cf-2,DOC-AWARD-INST,Award Instrument,Award,OS7090,V220279,OS7090,V220279_subawards_Saulgill_OS7090-909989_agreement_10.4.23.pdf,.pdf,application/pdf,14333232,a0938e2a77cf2bf3b5ca7b9c9f2101147af721d9cd3de091d84ff2a50f4eeacd,OS7090/V220279/Sierra/subawards/SaulGill LLC/V220279_subawards_Saulgill_OS7090-909989_agreement_10.4.23.pdf,VERAS,Y,duplicate_content
DOC-1140c6c97ab7-2,DOC-AWARD-INST,Award Instrument,Award,OS7090,V220279,OS7090,V220279_subawards_NatureConservancy_OS7090-90993_agreement_11.19.24.pdf,.pdf,application/pdf,9600720,1140c6c97ab7f78f4928784c9f1a20ef2bed7b63a92b4ce3d794543681707b25,OS7090/V220279/Sierra/subawards/The Nature Conservancy/V220279_subawards_NatureConservancy_OS7090-90993_agreement_11.19.24.pdf,VERAS,Y,duplicate_content
DOC-579dfa2ecaa9-2,DOC-AWARD-INST,Award Instrument,Award,OS7090,V220279,OS7090,V220279_subawards_NatureConservancy_OS7090-909993 MOD 01_amendment_7.23.24.pdf,.pdf,application/pdf,9945552,579dfa2ecaa99225cdfc79025d0fbe3d69fe531b89abbe54bf1b073bd0e7c02e,OS7090/V220279/Sierra/subawards/The Nature Conservancy/V220279_subawards_NatureConservancy_OS7090-909993 MOD 01_amendment_7.23.24.pdf,VERAS,Y,duplicate_content
DOC-3d112e734eb2-2,DOC-AWARD-INST,Award Instrument,Award,OS7090,V220279,OS7090,V220279_subawards_NatureConservancy_OS7090-909993 MOD 02_amendment_5.1.25.pdf,.pdf,application/pdf,7216584,3d112e734eb2805f59c23c1209d381bddba77d62b088b3cee399a6187c975626,OS7090/V220279/Sierra/subawards/The Nature Conservancy/V220279_subawards_NatureConservancy_OS7090-909993 MOD 02_amendment_5.1.25.pdf,VERAS,Y,duplicate_content
DOC-279a01ea6ee4-2,DOC-AWARD-INST,Award Instrument,Award,OS7090,V220279,OS7090,V220279_subawards_UofGeorgiaResearch_OS7090-909982 MOD 01_amendment_5.6.25.pdf,.pdf,application/pdf,7535319,279a01ea6ee415cd59ef9b7d9a0e130972693ee4aa5d60ca0a77356b624932c4,"OS7090/V220279/Sierra/subawards/University of Georgia Research Foundation, Inc/V220279_subawards_UofGeorgiaResearch_OS7090-909982 MOD 01_amendment_5.6.25.pdf",VERAS,Y,duplicate_content
DOC-7202afb85cd0-2,DOC-AWARD-INST,Award Instrument,Award,OS7090,V220279,OS7090,V220279_subawards_UofGeorgiaResearch_OS7090-909982_agreement_1.6.25.pdf,.pdf,application/pdf,99692163,7202afb85cd0d34b9d081bf03fe290646ac18b69def01f15451ed2b84e157a84,"OS7090/V220279/Sierra/subawards/University of Georgia Research Foundation, Inc/V220279_subawards_UofGeorgiaResearch_OS7090-909982_agreement_1.6.25.pdf",VERAS,Y,duplicate_content
DOC-916697c543d0-2,DOC-AWARD-INST,Award Instrument,Award,OS7090,V220279,OS7090,CDA_Tribe_SF424_and_Justification_22223_(1)_V01_20260227.pdf,.pdf,application/pdf,208553,916697c543d0e720f586f06b83ca4d0d7b32af1dbfdc971bf8dd41cdb4115204,OS7090/V220279/Willem/Award Instrument/CDA_Tribe_SF424_and_Justification_22223_(1)_V01_20260227.pdf,VERAS,Y,duplicate_filename;duplicate_content
DOC-9a8dec6b2148-2,DOC-AWARD-INST,Award Instrument,Award,OS7090,V220279,OS7090,CDA_Tribe_SF424_and_Justification_22223_(2)_V01_20260227.pdf,.pdf,application/pdf,108899,9a8dec6b2148c16fb7b69b2ab37221eb2079fa7f42504d5781dbf1a1cd02a4b7,OS7090/V220279/Willem/Award Instrument/CDA_Tribe_SF424_and_Justification_22223_(2)_V01_20260227.pdf,VERAS,Y,duplicate_filename;duplicate_content
DOC-fc9670b0fb4f-3,DOC-AWARD-INST,Award Instrument,Award,OS7090,V220279,OS7090,Current_Pending_Support_2_V01_20260227.pdf,.pdf,application/pdf,1407772,fc9670b0fb4ffd258a5dd52a1f8e61e9fb88d6987dec430407c6439d84178c5c,OS7090/V220279/Willem/Award Instrument/Current_Pending_Support_2_V01_20260227.pdf,VERAS,Y,duplicate_filename;duplicate_content
DOC-0237e7001534-2,DOC-AWARD-INST,Award Instrument,Award,OS7090,V220279,OS7090,IASCD_SF424_and_Justification_22323_(1)_20260227.pdf,.pdf,application/pdf,290926,0237e7001534d75c0b04040843d96fb7fb9f4a1513230d737eaa719b8058fe19,OS7090/V220279/Willem/Award Instrument/IASCD_SF424_and_Justification_22323_(1)_20260227.pdf,VERAS,Y,duplicate_filename;duplicate_content
DOC-a7f90d1b90af-1,DOC-AWARD-INST,Award Instrument,Award,OS7090,V220279,OS7090,MILESTONE_20260227.pdf,.pdf,application/pdf,117163,a7f90d1b90af3f40d0d5ac5d0c279fb33876ca25365063a6dc8a2df8f3addbd9,OS7090/V220279/Willem/Award Instrument/MILESTONE_20260227.pdf,VERAS,Y,duplicate_filename;duplicate_content
DOC-fb11e87f8fdb-3,DOC-AWARD-INST,Award Instrument,Award,OS7090,V220279,OS7090,NPTribe_SF424_and_Justification_22223_(2)_V01_20260227.pdf,.pdf,application/pdf,223402,fb11e87f8fdbb2c72c4d67a73456aceda801b4e6f5fedcf3e2b8fa61b02466b1,OS7090/V220279/Willem/Award Instrument/NPTribe_SF424_and_Justification_22223_(2)_V01_20260227.pdf,VERAS,Y,duplicate_filename;duplicate_content
DOC-929217000c34-1,DOC-AWARD-INST,Award Instrument,Award,OS7090,V220279,OS7090,Negotiation_Response_Cover_Letter_Signed_V01_20260227.pdf,.pdf,application/pdf,310063,929217000c34b2a55b280dfc31d76cf15dd07e6270586c5bbf9cf0526508464a,OS7090/V220279/Willem/Award Instrument/Negotiation_Response_Cover_Letter_Signed_V01_20260227.pdf,VERAS,Y,duplicate_filename;duplicate_content
DOC-074d3e4bca9e-3,DOC-AWARD-INST,Award Instrument,Award,OS7090,V220279,OS7090,Revised_Narrative_V01_20260227.pdf,.pdf,application/pdf,828414,074d3e4bca9e2c0b8778cb476930da836fb64679ef511d69bf91db3b1e0f50f4,OS7090/V220279/Willem/Award Instrument/Revised_Narrative_V01_20260227.pdf,VERAS,Y,duplicate_filename;duplicate_content
DOC-b9e3565dd481-3,DOC-AWARD-INST,Award Instrument,Award,OS7090,V220279,OS7090,SF424A_Final_V01_20260227.pdf,.pdf,application/pdf,470389,b9e3565dd481adc51e70fbc549debfecc102bb67f55f26ccfa7c6ace91517c58,OS7090/V220279/Willem/Award Instrument/SF424A_Final_V01_20260227.pdf,VERAS,Y,duplicate_filename;duplicate_content
DOC-741af68b60f2-3,DOC-AWARD-INST,Award Instrument,Award,OS7090,V220279,OS7090,Statement_Current_Pending Support_v01_20260227.pdf,.pdf,application/pdf,249687,741af68b60f21ccf5f3be18e233ce10de73f3d007ed1fb82b7f52dddd9010a86,OS7090/V220279/Willem/Award Instrument/Statement_Current_Pending Support_v01_20260227.pdf,VERAS,Y,duplicate_filename;duplicate_content
DOC-49707484562c-3,DOC-AWARD-INST,Award Instrument,Award,OS7090,V220279,OS7090,Subaward_CDA_Tribe_V01_20260227.pdf,.pdf,application/pdf,307720,49707484562caf6919d3e7e9f8168a6ab415b3eaff634d2aa9de7da6cd13a24b,OS7090/V220279/Willem/Award Instrument/Subaward_CDA_Tribe_V01_20260227.pdf,VERAS,Y,duplicate_filename;duplicate_content
DOC-3c90cd9228dd-3,DOC-AWARD-INST,Award Instrument,Award,OS7090,V220279,OS7090,Subaward_IASCD_V01_20260227.pdf,.pdf,application/pdf,1221754,3c90cd9228dd50fbd62fc8ee7227a36da81c40a7a184f691b68e746728bbd691,OS7090/V220279/Willem/Award Instrument/Subaward_IASCD_V01_20260227.pdf,VERAS,Y,duplicate_filename;duplicate_content
DOC-a3348bd7af1a-1,DOC-AWARD-INST,Award Instrument,Award,OS7090,V220279,OS7090,Subaward_Nez_Perce_Tribe_Final_V01_20260227.pdf,.pdf,application/pdf,312485,a3348bd7af1aed21d91b22a78db610ec6cf9d2ff44f74c650e72f0103d432051,OS7090/V220279/Willem/Award Instrument/Subaward_Nez_Perce_Tribe_Final_V01_20260227.pdf,VERAS,Y,duplicate_filename;duplicate_content
DOC-5168829b4e30-1,DOC-AWARD-INST,Award Instrument,Award,OS7090,V220279,OS7090,Subaward_Packet_Arrowleaf_V01_20260227.pdf,.pdf,application/pdf,579008,5168829b4e30741481225aa466cd5e984eacb4c1f2fd281b73b1b1d86cca8591,OS7090/V220279/Willem/Award Instrument/Subaward_Packet_Arrowleaf_V01_20260227.pdf,VERAS,Y,duplicate_filename;duplicate_content
DOC-91cf10be687d-3,DOC-AWARD-INST,Award Instrument,Award,OS7090,V220279,OS7090,Subward_Desert_Mountian_GFB_V01_20260227.pdf,.pdf,application/pdf,282789,91cf10be687d5cefd270dd3e25bf4a838cfafd8e9dd8f433e453f5f46807e7f1,OS7090/V220279/Willem/Award Instrument/Subward_Desert_Mountian_GFB_V01_20260227.pdf,VERAS,Y,duplicate_filename;duplicate_content
DOC-b22d29f8f84f-5,DOC-AWARD-INST,Award Instrument,Award,OS7090,V220279,OS7090,TNC_NICRA_FY23_Signed_(2)_V01_20260227.pdf,.pdf,application/pdf,205983,b22d29f8f84f5896dab86dca45f11e411cc1b6ce761d1e89548358a81f460d16,OS7090/V220279/Willem/Award Instrument/TNC_NICRA_FY23_Signed_(2)_V01_20260227.pdf,VERAS,Y,duplicate_filename;duplicate_content
DOC-f18d1e588d4f-1,DOC-AWARD-INST,Award Instrument,Award,OS7090,V220279,OS7090,TNC_SUBAWARD_FINAL_20260227.pdf,.pdf,application/pdf,387410,f18d1e588d4fcf3782fb0a3fb19056accfbfe97346f48339f00807d19845c55e,OS7090/V220279/Willem/Award Instrument/TNC_SUBAWARD_FINAL_20260227.pdf,VERAS,Y,duplicate_filename;duplicate_content
DOC-68eab719c7d2-5,DOC-AWARD-INST,Award Instrument,Award,OS7090,V220279,OS7090,V220279_NR233A750004G038_AWD_V01_.pdf,.pdf,application/pdf,2865471,68eab719c7d285306503ac9be1dbfe5a0dfdbcfc7a8cbc0fb5b06ae564496344,OS7090/V220279/Willem/Award Instrument/V220279_NR233A750004G038_AWD_V01_.pdf,VERAS,Y,duplicate_filename;duplicate_content
DOC-191e354065ba-1,DOC-AWARD-INST,Award Instrument,Award,OS7090,V220279,OS7090,V220279_NR233A750004G038_Budget_By_Index_Breakdown_V01_20260227.csv,.csv,text/csv,1516,191e354065ba154aef787ef6cead00e19070dc425fec6411400528d49def39d6,OS7090/V220279/Willem/Award Instrument/V220279_NR233A750004G038_Budget_By_Index_Breakdown_V01_20260227.csv,Banner,Y,duplicate_filename;duplicate_content
DOC-b9970564d39f-2,DOC-AWARD-INST,Award Instrument,Award,OS7090,V220279,OS7090,V220279_NR233A750004G038_Budget_Justification_Arrowleaf_3.14_(1)_V01_20260227.pdf,.pdf,application/pdf,261191,b9970564d39fd660aa3aeebb958a0e7b5dd6d74e2204f757a505da926b7abbc5,OS7090/V220279/Willem/Award Instrument/V220279_NR233A750004G038_Budget_Justification_Arrowleaf_3.14_(1)_V01_20260227.pdf,VERAS,Y,duplicate_filename;duplicate_content
DOC-50ae8a608759-5,DOC-AWARD-INST,Award Instrument,Award,OS7090,V220279,OS7090,V220279_NR233A750004G038_Budget_Justification_Arrowleaf_3.14_(2)_V01_20260227.pdf,.pdf,application/pdf,665055,50ae8a608759d9a1e2889666d0ff71115c260fd63f17ed63795da7cb9aee5110,OS7090/V220279/Willem/Award Instrument/V220279_NR233A750004G038_Budget_Justification_Arrowleaf_3.14_(2)_V01_20260227.pdf,VERAS,Y,duplicate_filename;duplicate_content
DOC-71d549eb00cb-2,DOC-AWARD-INST,Award Instrument,Award,OS7090,V220279,OS7090,V220279_NR233A750004G038_Budget_Justification_CSCI_IASCD_314_(1)_V01_20260227.pdf,.pdf,application/pdf,252927,71d549eb00cb7919cd96ce39c9cb044febeb610e1acf55eacc662c69efdf1eb6,OS7090/V220279/Willem/Award Instrument/V220279_NR233A750004G038_Budget_Justification_CSCI_IASCD_314_(1)_V01_20260227.pdf,VERAS,Y,duplicate_filename;duplicate_content
DOC-a11dfb5f3a85-3,DOC-AWARD-INST,Award Instrument,Award,OS7090,V220279,OS7090,V220279_NR233A750004G038_Budget_Justification_CSCI_IASCD_314_(2)_V01_20260227.pdf,.pdf,application/pdf,166232,a11dfb5f3a85a174b10abe0de17a473362af93accad7e1f882d9cda489a25d0f,OS7090/V220279/Willem/Award Instrument/V220279_NR233A750004G038_Budget_Justification_CSCI_IASCD_314_(2)_V01_20260227.pdf,VERAS,Y,duplicate_filename;duplicate_content
DOC-b22d29f8f84f-6,DOC-AWARD-INST,Award Instrument,Award,OS7090,V220279,OS7090,V220279_NR233A750004G038_CdA_Tribe_Updated_2023_Indirect_Rate_Agreement_(1)_V01_20260227.pdf,.pdf,application/pdf,205983,b22d29f8f84f5896dab86dca45f11e411cc1b6ce761d1e89548358a81f460d16,OS7090/V220279/Willem/Award Instrument/V220279_NR233A750004G038_CdA_Tribe_Updated_2023_Indirect_Rate_Agreement_(1)_V01_20260227.pdf,VERAS,Y,duplicate_filename;duplicate_content
DOC-3b16d37a4b57-3,DOC-AWARD-INST,Award Instrument,Award,OS7090,V220279,OS7090,V220279_NR233A750004G038_CdA_Tribe_Updated_2023_Indirect_Rate_Agreement_(2)_V01_20260227.pdf,.pdf,application/pdf,257675,3b16d37a4b576261bbadee7a4180aab8aac21e53b1376231bfea1b922b245a97,OS7090/V220279/Willem/Award Instrument/V220279_NR233A750004G038_CdA_Tribe_Updated_2023_Indirect_Rate_Agreement_(2)_V01_20260227.pdf,VERAS,Y,duplicate_filename;duplicate_content
DOC-8c0c407e44f3-2,DOC-AWARD-INST,Award Instrument,Award,OS7090,V220279,OS7090,V220279_NR233A750004G038_FE_Award_V01_2026027.pdf,.pdf,application/pdf,3382549,8c0c407e44f39e1802587aaaa069dd4e0923ca806e77c0ece9f0114d118d07c8,OS7090/V220279/Willem/Award Instrument/V220279_NR233A750004G038_FE_Award_V01_2026027.pdf,VERAS,Y,duplicate_filename;duplicate_content
DOC-af93b68dc855-3,DOC-AWARD-INST,Award Instrument,Award,OS7090,V220279,OS7090,V220279_NR233A750004G038_FE_MOD2_V01_20260227.pdf,.pdf,application/pdf,2578136,af93b68dc855455c16991032808851875ea2a8dcc31e05e759ae5e09952f8be8,OS7090/V220279/Willem/Award Instrument/V220279_NR233A750004G038_FE_MOD2_V01_20260227.pdf,VERAS,Y,duplicate_filename;duplicate_content
DOC-330e6441bada-5,DOC-AWARD-INST,Award Instrument,Award,OS7090,V220279,OS7090,V220279_NR233A750004G038_GAD_Prior_Approval_Idaho_Complete_V01_20260227.pdf,.pdf,application/pdf,253269,330e6441bada4fa6f856f97917b9b0807ac7030a46ba290c607575fd612c877b,OS7090/V220279/Willem/Award Instrument/V220279_NR233A750004G038_GAD_Prior_Approval_Idaho_Complete_V01_20260227.pdf,VERAS,Y,duplicate_filename;duplicate_content
DOC-7ce1e84ed806-2,DOC-AWARD-INST,Award Instrument,Award,OS7090,V220279,OS7090,V220279_NR233A750004G038_IASCD_SF424_and_Justification_22323_(2)_20260227.pdf,.pdf,application/pdf,311620,7ce1e84ed806016ed61361be0fccaa54e363b167831497d0368aeb9bb4cdc4cd,OS7090/V220279/Willem/Award Instrument/V220279_NR233A750004G038_IASCD_SF424_and_Justification_22323_(2)_20260227.pdf,VERAS,Y,duplicate_filename;duplicate_content
DOC-f0c47b49b867-3,DOC-AWARD-INST,Award Instrument,Award,OS7090,V220279,OS7090,V220279_NR233A750004G038_IASCD_SF424_and_justification_3.7.23_V01_20260227.pdf,.pdf,application/pdf,241437,f0c47b49b867d9abea71cb283adccdf9c803ff8ec6617b63815282abef6d9b54,OS7090/V220279/Willem/Award Instrument/V220279_NR233A750004G038_IASCD_SF424_and_justification_3.7.23_V01_20260227.pdf,VERAS,Y,duplicate_filename;duplicate_content
DOC-ddcbdb9db2fd-3,DOC-AWARD-INST,Award Instrument,Award,OS7090,V220279,OS7090,V220279_NR233A750004G038_NPT_SF424_and_justification_3.6.23_(1)_V01_20260227.pdf,.pdf,application/pdf,175799,ddcbdb9db2fdfdbaa0127492ff13927af47bf0e5627cdaf3983a21340350e7f4,OS7090/V220279/Willem/Award Instrument/V220279_NR233A750004G038_NPT_SF424_and_justification_3.6.23_(1)_V01_20260227.pdf,VERAS,Y,duplicate_filename;duplicate_content
DOC-7d135b43058d-2,DOC-AWARD-INST,Award Instrument,Award,OS7090,V220279,OS7090,V220279_NR233A750004G038_NPTribe_SF424_and_Justification_22223_(1)_V01_20260227.pdf,.pdf,application/pdf,230090,7d135b43058d64017bd4dbbb5f47b15fc37c0c951ec09309d8fc8be60fb05b0b,OS7090/V220279/Willem/Award Instrument/V220279_NR233A750004G038_NPTribe_SF424_and_Justification_22223_(1)_V01_20260227.pdf,VERAS,Y,duplicate_filename;duplicate_content
DOC-d2893f4b020c-3,DOC-AWARD-INST,Award Instrument,Award,OS7090,V220279,OS7090,V220279_NR233A750004G038_PRAPP_BUDGET_20241212_V01_20260227.pdf,.pdf,application/pdf,3670220,d2893f4b020c98912f2707a920755c39817f507c9d801afb5b2a1c741e672efe,OS7090/V220279/Willem/Award Instrument/V220279_NR233A750004G038_PRAPP_BUDGET_20241212_V01_20260227.pdf,VERAS,Y,duplicate_filename;duplicate_content
DOC-29be3b92364e-4,DOC-AWARD-INST,Award Instrument,Award,OS7090,V220279,OS7090,V220279_NR233A750004G038_Regents_of_the_University_of_Idaho_AMD2_KH_Signed_V01_20260227.pdf,.pdf,application/pdf,2962516,29be3b92364ed1c37e201450db9feb2c82b4f979e261b378ff544503443e197d,OS7090/V220279/Willem/Award Instrument/V220279_NR233A750004G038_Regents_of_the_University_of_Idaho_AMD2_KH_Signed_V01_20260227.pdf,VERAS,Y,duplicate_filename;duplicate_content
DOC-eadaa595ac41-3,DOC-AWARD-INST,Award Instrument,Award,OS7090,V220279,OS7090,V220279_NR233A750004G038_SCA_Signed_REsolution_V01_20260227.pdf,.pdf,application/pdf,405377,eadaa595ac41f7348f0b2f8dbb2d7fd7b4504b07effd16d3e431ca09d0f2a4d5,OS7090/V220279/Willem/Award Instrument/V220279_NR233A750004G038_SCA_Signed_REsolution_V01_20260227.pdf,VERAS,Y,duplicate_filename;duplicate_content
DOC-50ae8a608759-6,DOC-AWARD-INST,Award Instrument,Award,OS7090,V220279,OS7090,V220279_NR233A750004G038_TNC_NICRA_FY23_Signed_(1)_V01_20260227.pdf,.pdf,application/pdf,665055,50ae8a608759d9a1e2889666d0ff71115c260fd63f17ed63795da7cb9aee5110,OS7090/V220279/Willem/Award Instrument/V220279_NR233A750004G038_TNC_NICRA_FY23_Signed_(1)_V01_20260227.pdf,VERAS,Y,duplicate_filename;duplicate_content
DOC-54c52f31f723-3,DOC-AWARD-INST,Award Instrument,Award,OS7090,V220279,OS7090,V220279_NR233A750004G038_TNC_SF424_justification_and_LOC_3.6.23_(1)_V01_20260227.pdf,.pdf,application/pdf,267474,54c52f31f72354f4b4a748cf082849ceb32d4c34d679e39d45acf68cd776cd75,OS7090/V220279/Willem/Award Instrument/V220279_NR233A750004G038_TNC_SF424_justification_and_LOC_3.6.23_(1)_V01_20260227.pdf,VERAS,Y,duplicate_filename;duplicate_content
DOC-f9a156994c92-3,DOC-AWARD-INST,Award Instrument,Award,OS7090,V220279,OS7090,V220279_NR233A750004G038_TRMLTR_V01_20260227.pdf,.pdf,application/pdf,120462,f9a156994c926c017c04bc47ba5c740819708af990f73a8273a6483f1cedecd7,OS7090/V220279/Willem/Award Instrument/V220279_NR233A750004G038_TRMLTR_V01_20260227.pdf,VERAS,Y,duplicate_filename;duplicate_content
DOC-ceea16518c42-3,DOC-AWARD-INST,Award Instrument,Award,OS7090,V220279,OS7090,V220279_NR233A750004G038_UI_Climate_Smart_Commoddities_Grant_V01_20260227.pdf,.pdf,application/pdf,67161,ceea16518c424f05c37ed8c8fe67c12be4a705747696f334ce0d7802a5f27a9a,OS7090/V220279/Willem/Award Instrument/V220279_NR233A750004G038_UI_Climate_Smart_Commoddities_Grant_V01_20260227.pdf,VERAS,Y,duplicate_filename;duplicate_content
DOC-95732f02222b-6,DOC-AWARD-INST,Award Instrument,Award,OS7090,V220279,OS7090,V220279_NR233A750004G038_UIdaho_SF424_and_justification_2.22.23_V01_20260227.pdf,.pdf,application/pdf,447292,95732f02222bad8ca00f4900693718f9b3f0f74e37ac70e6dc75d200853688eb,OS7090/V220279/Willem/Award Instrument/V220279_NR233A750004G038_UIdaho_SF424_and_justification_2.22.23_V01_20260227.pdf,VERAS,Y,duplicate_filename;duplicate_content
DOC-95732f02222b-7,DOC-AWARD-INST,Award Instrument,Award,OS7090,V220279,OS7090,V220279_NR233A750004G038_UIdaho_SF424_and_justification_22223_V01_20260227.pdf,.pdf,application/pdf,447292,95732f02222bad8ca00f4900693718f9b3f0f74e37ac70e6dc75d200853688eb,OS7090/V220279/Willem/Award Instrument/V220279_NR233A750004G038_UIdaho_SF424_and_justification_22223_V01_20260227.pdf,VERAS,Y,duplicate_filename;duplicate_content
DOC-c13b78142d5e-2,DOC-AWARD-INST,Award Instrument,Award,OS7090,V220279,OS7090,V220279_NR233A750004G038_UIdaho_SF424_and_justification_3.15_(1)_V01_20260227.pdf,.pdf,application/pdf,455342,c13b78142d5e17152f77b707a4ca55ff40d04a4bd4a53d208811a5f1a52e7d94,OS7090/V220279/Willem/Award Instrument/V220279_NR233A750004G038_UIdaho_SF424_and_justification_3.15_(1)_V01_20260227.pdf,VERAS,Y,duplicate_filename;duplicate_content
DOC-ed91d6e14596-3,DOC-AWARD-INST,Award Instrument,Award,OS7090,V220279,OS7090,V220279_NR233A750004G038_UIdaho_SF424_and_justification_3.15_(2)_V01_20260227.pdf,.pdf,application/pdf,206604,ed91d6e145963d7390a9e3f80c78086fb2bb0fa9fe33088a6dea121a8d1de225,OS7090/V220279/Willem/Award Instrument/V220279_NR233A750004G038_UIdaho_SF424_and_justification_3.15_(2)_V01_20260227.pdf,VERAS,Y,duplicate_filename;duplicate_content
DOC-b3db0a22f48a-3,DOC-AWARD-INST,Award Instrument,Award,OS7090,V220279,OS7090,V220279_NR233A750004G038_UIdaho_SF424_and_justification_3.7.23_(2)_V01_20260227.pdf,.pdf,application/pdf,449579,b3db0a22f48a43db1107c7d99e1abd9db0a4f7bb2970e2621effb21b8858ec5e,OS7090/V220279/Willem/Award Instrument/V220279_NR233A750004G038_UIdaho_SF424_and_justification_3.7.23_(2)_V01_20260227.pdf,VERAS,Y,duplicate_filename;duplicate_content
DOC-68eab719c7d2-6,DOC-AWARD-INST,Award Instrument,Award,OS7090,V220279,OS7090,V220279_NR233A750004G038_awd_V01_20260227.pdf,.pdf,application/pdf,2865471,68eab719c7d285306503ac9be1dbfe5a0dfdbcfc7a8cbc0fb5b06ae564496344,OS7090/V220279/Willem/Award Instrument/V220279_NR233A750004G038_awd_V01_20260227.pdf,VERAS,Y,duplicate_filename;duplicate_content
DOC-948e84e3530e-3,DOC-AWARD-INST,Award Instrument,Award,OS7090,V220279,OS7090,V220279_NR233A750004G038_revised_narrative_final_3 7 23_(1)_V01_20260227.pdf,.pdf,application/pdf,697630,948e84e3530ee338558ea1a66ed24ba54f3d0e0e1f6df02d7bf7c9c2bbc4360e,OS7090/V220279/Willem/Award Instrument/V220279_NR233A750004G038_revised_narrative_final_3 7 23_(1)_V01_20260227.pdf,VERAS,Y,duplicate_filename;duplicate_content
DOC-6fbfd59d2c48-3,DOC-AWARD-INST,Award Instrument,Award,OS7090,V220279,OS7090,V220279_NR233A750004G038_termination_notice_V01_20260227.pdf,.pdf,application/pdf,177805,6fbfd59d2c481bdb68a2bbe1c8b24b713eb24f96fa5c226e057164831d488e8a,OS7090/V220279/Willem/Award Instrument/V220279_NR233A750004G038_termination_notice_V01_20260227.pdf,VERAS,Y,duplicate_filename;duplicate_content
DOC-096e966c9824,DOC-ORIG-BUDGET,Original Budget,Proposal,V220279,V220279,OS7090,V220279_NR233A75000G038_BUDGET_20220505_20260306.xlsx,.xlsx,application/vnd.openxmlformats-officedocument.spreadsheetml.sheet,120160,096e966c9824ffb5579398e25c14655f70228bffa8c05ee126935abbb2c47f12,OS7090/V220279/Willem/Budget/V220279_NR233A75000G038_BUDGET_20220505_20260306.xlsx,VERAS,N,
DOC-2a0e6d3faf43,DOC-ORIG-BUDGET,Original Budget,Proposal,V220279,V220279,OS7090,V220279_NR233A75000G038_BUDGET_INDEX_BREAKDOWN_20230424_20260306.xlsx,.xlsx,application/vnd.openxmlformats-officedocument.spreadsheetml.sheet,18394,2a0e6d3faf43d91de9162115219416d5777a522f5ef77dff994ad938973d893f,OS7090/V220279/Willem/Budget/V220279_NR233A75000G038_BUDGET_INDEX_BREAKDOWN_20230424_20260306.xlsx,VERAS,N,
DOC-14569245b31a,DOC-ORIG-BUDGET,Original Budget,Proposal,V220279,V220279,OS7090,V220279_NR233A75000G038_BUDGET_NARRATIVE_20260306.docx,.docx,application/vnd.openxmlformats-officedocument.wordprocessingml.document,61216,14569245b31ac8028be028282348ac8ca34bbda67bdab8fbe46c4fc222645b38,OS7090/V220279/Willem/Budget/V220279_NR233A75000G038_BUDGET_NARRATIVE_20260306.docx,VERAS,N,
DOC-8065b3b9a47e,DOC-ORIG-BUDGET,Original Budget,Proposal,V220279,V220279,OS7090,V220279_NR233A75000G038_BUDGET_SUMMARY_20250108_20260306.xlsx,.xlsx,application/vnd.openxmlformats-officedocument.spreadsheetml.sheet,13344,8065b3b9a47ef449ba0296d8c46f29aa9506ee11740d3966b34ab1881ad16ad9,OS7090/V220279/Willem/Budget/V220279_NR233A75000G038_BUDGET_SUMMARY_20250108_20260306.xlsx,VERAS,N,
DOC-ef8a389ae2f3,DOC-ORIG-BUDGET,Original Budget,Proposal,V220279,V220279,OS7090,V220279_NR233A75000G038_NEW_INDEX_20231016_20260306.xlsx,.xlsx,application/vnd.openxmlformats-officedocument.spreadsheetml.sheet,10955,ef8a389ae2f36fb5e11135b2e6e55a24f107863b0418c9fc9006b2edb9c2bdce,OS7090/V220279/Willem/Budget/V220279_NR233A75000G038_NEW_INDEX_20231016_20260306.xlsx,VERAS,N,
DOC-1f601531ac38,DOC-ORIG-BUDGET,Original Budget,Proposal,V220279,V220279,OS7090,V220279_NR233A75000G038_UGA_BUDGET_IAMP_FINAL_20240326_20260306.xlsx,.xlsx,application/vnd.openxmlformats-officedocument.spreadsheetml.sheet,74399,1f601531ac38cca09429938564100bd7f236594ae630e6a726596632fc4b74cf,OS7090/V220279/Willem/Budget/V220279_NR233A75000G038_UGA_BUDGET_IAMP_FINAL_20240326_20260306.xlsx,VERAS,N,
DOC-e3b0c44298fc,DOC-PROP-CORR,Proposal Correspondence,Proposal,V220279,V220279,OS7090,V220279_NR233A750004G038_Initiative_Regents_University_of_Idaho_20260305.pdf,.pdf,application/pdf,0,e3b0c44298fc1c149afbf4c8996fb92427ae41e4649b934ca495991b7852b855,OS7090/V220279/Willem/Correspondence/V220279_NR233A750004G038_Initiative_Regents_University_of_Idaho_20260305.pdf,VERAS,N,duplicate_content
DOC-e3b0c44298fc-1,DOC-PROP-CORR,Proposal Correspondence,Proposal,V220279,V220279,OS7090,V220279_NR233A75000G038_ADVANCING_MARKETS_INITIATIVE_20260305.pdf,.pdf,application/pdf,0,e3b0c44298fc1c149afbf4c8996fb92427ae41e4649b934ca495991b7852b855,OS7090/V220279/Willem/Correspondence/V220279_NR233A75000G038_ADVANCING_MARKETS_INITIATIVE_20260305.pdf,VERAS,Y,duplicate_content
DOC-8f6a0dcf9cfe,DOC-PROP-CORR,Proposal Correspondence,Proposal,V220279,V220279,OS7090,V220279_NR233A75000G038_AMP_INITIATIVE_20260305.pdf,.pdf,application/pdf,1532598,8f6a0dcf9cfef4586888d87ada151817a565790591cbf5cf21cb8aad817618e2,OS7090/V220279/Willem/Correspondence/V220279_NR233A75000G038_AMP_INITIATIVE_20260305.pdf,VERAS,N,
DOC-0786678348e6,DOC-PROP-CORR,Proposal Correspondence,Proposal,V220279,V220279,OS7090,V220279_NR233A75000G038_AWARD_READY_FOR_SIGN_20260305.pdf,.pdf,application/pdf,288673,0786678348e645e7357d97611138d59f6187522365a1ab4e56f8a29912294a1c,OS7090/V220279/Willem/Correspondence/V220279_NR233A75000G038_AWARD_READY_FOR_SIGN_20260305.pdf,VERAS,N,
DOC-fd08cb41ab09,DOC-PROP-CORR,Proposal Correspondence,Proposal,V220279,V220279,OS7090,V220279_NR233A75000G038_CONTACT_CHANGE_20260305.pdf,.pdf,application/pdf,409750,fd08cb41ab09573fe02e5fc0728ca0f9bf0552b428db4c1d0ffa3b03346a850e,OS7090/V220279/Willem/Correspondence/V220279_NR233A75000G038_CONTACT_CHANGE_20260305.pdf,VERAS,N,
DOC-c2deacca5ff1,DOC-PROP-CORR,Proposal Correspondence,Proposal,V220279,V220279,OS7090,V220279_NR233A75000G038_CONTACT_CHANGE_SUB_20260305.pdf,.pdf,application/pdf,393331,c2deacca5ff1296098b383e2b5b8c1936d05f711302d5b21fd782f9e4eeed765,OS7090/V220279/Willem/Correspondence/V220279_NR233A75000G038_CONTACT_CHANGE_SUB_20260305.pdf,VERAS,N,
DOC-e3b0c44298fc-2,DOC-PROP-CORR,Proposal Correspondence,Proposal,V220279,V220279,OS7090,V220279_NR233A75000G038_Emails_with_PI_20260305.pdf,.pdf,application/pdf,0,e3b0c44298fc1c149afbf4c8996fb92427ae41e4649b934ca495991b7852b855,OS7090/V220279/Willem/Correspondence/V220279_NR233A75000G038_Emails_with_PI_20260305.pdf,VERAS,Y,duplicate_content
DOC-123d01cc74ea,DOC-PROP-CORR,Proposal Correspondence,Proposal,V220279,V220279,OS7090,V220279_NR233A75000G038_F&A_DISTRIBUTION_CODE_20260305.pdf,.pdf,application/pdf,722834,123d01cc74ea9667e8c83e9616e5d122727688f03a1fc4a2a39b7747ac6321da,OS7090/V220279/Willem/Correspondence/V220279_NR233A75000G038_F&A_DISTRIBUTION_CODE_20260305.pdf,VERAS,N,
DOC-eec7cb3f1956,DOC-PROP-CORR,Proposal Correspondence,Proposal,V220279,V220279,OS7090,V220279_NR233A75000G038_INTERNAL_REVIEW_COMPLETE_20260305.pdf,.pdf,application/pdf,30367,eec7cb3f19569f9a019e86abb81c7a1178e18221567e26ae63b8925263b6641f,OS7090/V220279/Willem/Correspondence/V220279_NR233A75000G038_INTERNAL_REVIEW_COMPLETE_20260305.pdf,VERAS,N,
DOC-46496049f94a,DOC-PROP-CORR,Proposal Correspondence,Proposal,V220279,V220279,OS7090,V220279_NR233A75000G038_PERFORMANCE_REPORT_ACCEPTED_20260305.pdf,.pdf,application/pdf,94140,46496049f94ad6c9af36d79bb50a6b9ea801841324d47ff3917241ef533c851e,OS7090/V220279/Willem/Correspondence/V220279_NR233A75000G038_PERFORMANCE_REPORT_ACCEPTED_20260305.pdf,VERAS,N,
DOC-e37d43af8270,DOC-PROP-CORR,Proposal Correspondence,Proposal,V220279,V220279,OS7090,V220279_NR233A75000G038_PERFORMANCE_REPORT_DUE_20260305.pdf,.pdf,application/pdf,132982,e37d43af827030677402cc7e8e93efa73d27b54865cfc9909fb47c46aef3003f,OS7090/V220279/Willem/Correspondence/V220279_NR233A75000G038_PERFORMANCE_REPORT_DUE_20260305.pdf,VERAS,N,
DOC-ea152042bb42,DOC-PROP-CORR,Proposal Correspondence,Proposal,V220279,V220279,OS7090,V220279_NR233A75000G038_Prior_Approv_20260305.pdf,.pdf,application/pdf,95497,ea152042bb42589285b80f0af6b08a928e6621b6fde152e494c5b8f770a70888,OS7090/V220279/Willem/Correspondence/V220279_NR233A75000G038_Prior_Approv_20260305.pdf,VERAS,N,
DOC-4d288218d404,DOC-PROP-CORR,Proposal Correspondence,Proposal,V220279,V220279,OS7090,V220279_NR233A75000G038_Proposal_Form_Ready_For_Review_20260305.pdf,.pdf,application/pdf,267992,4d288218d4047202250c5a4a9da9ef143f94d7360248e0a51e0db21bfd8273e1,OS7090/V220279/Willem/Correspondence/V220279_NR233A75000G038_Proposal_Form_Ready_For_Review_20260305.pdf,VERAS,N,
DOC-ee9eae7f6bf0,DOC-PROP-CORR,Proposal Correspondence,Proposal,V220279,V220279,OS7090,V220279_NR233A75000G038_REGENTS_SIGN_REQUEST_20260305.pdf,.pdf,application/pdf,681254,ee9eae7f6bf0a1c94d1179f20b6daa66f86e8b8ce039a2aafca0b28ea30a1318,OS7090/V220279/Willem/Correspondence/V220279_NR233A75000G038_REGENTS_SIGN_REQUEST_20260305.pdf,VERAS,N,
DOC-6e31afd394a9,DOC-PROP-CORR,Proposal Correspondence,Proposal,V220279,V220279,OS7090,V220279_NR233A75000G038_SUBMISSION_TO_NRCS_20260305.pdf,.pdf,application/pdf,1315628,6e31afd394a9bd778484871ec302f73d230b622e7b44c6de13e35b71710f4058,OS7090/V220279/Willem/Correspondence/V220279_NR233A75000G038_SUBMISSION_TO_NRCS_20260305.pdf,VERAS,N,
DOC-55e49c23a82e,DOC-PROP-CORR,Proposal Correspondence,Proposal,V220279,V220279,OS7090,V220279_NR233A75000G038_SUBMITTED_FE_20260305.pdf,.pdf,application/pdf,263182,55e49c23a82e3ba6d72d4246f25d9f218ccf881c937f8ef3824ffab4476b8ba8,OS7090/V220279/Willem/Correspondence/V220279_NR233A75000G038_SUBMITTED_FE_20260305.pdf,VERAS,N,
DOC-e3b0c44298fc-3,DOC-PROP-CORR,Proposal Correspondence,Proposal,V220279,V220279,OS7090,V220279_NR233A75000G038_TERMINATION_NOTICE_20260305.pdf,.pdf,application/pdf,0,e3b0c44298fc1c149afbf4c8996fb92427ae41e4649b934ca495991b7852b855,OS7090/V220279/Willem/Correspondence/V220279_NR233A75000G038_TERMINATION_NOTICE_20260305.pdf,VERAS,Y,duplicate_content
DOC-4bee76fa6f1e,DOC-PROP-CORR,Proposal Correspondence,Proposal,V220279,V220279,OS7090,V220279_NR233A75000G038_TERMINATION_OF_AGREEMENT_20260305.pdf,.pdf,application/pdf,786577,4bee76fa6f1e10326cbeab97fb85fde71efae6943380d0a9212545652b362523,OS7090/V220279/Willem/Correspondence/V220279_NR233A75000G038_TERMINATION_OF_AGREEMENT_20260305.pdf,VERAS,N,
DOC-f10eef58a125,DOC-PROP-CORR,Proposal Correspondence,Proposal,V220279,V220279,OS7090,V220279_NR233A75000G038_TERMINATION_QUESTION_20260305.pdf,.pdf,application/pdf,347976,f10eef58a12544c249e7f733ccf49f6d4dde0e77dc7e50386af48446d7bd6d0e,OS7090/V220279/Willem/Correspondence/V220279_NR233A75000G038_TERMINATION_QUESTION_20260305.pdf,VERAS,N,
DOC-4b01dc6ab953,DOC-PROP-CORR,Proposal Correspondence,Proposal,V220279,V220279,OS7090,V220279_NR233A75000G038_UPDATED_CLOSEOUT_INFO_20260305.pdf,.pdf,application/pdf,458246,4b01dc6ab9537f3f73c999c5c8216b0742bf1885e898f890b10b7e1fa3d6c40d,OS7090/V220279/Willem/Correspondence/V220279_NR233A75000G038_UPDATED_CLOSEOUT_INFO_20260305.pdf,VERAS,N,
DOC-05c4e4881c6e,DOC-PROP-CORR,Proposal Correspondence,Proposal,V220279,V220279,OS7090,V220279_NR233A75000G038_URGENT_QUESTION_20260305.pdf,.pdf,application/pdf,478893,05c4e4881c6e67d1afcb9e20021a3c54e746fbd70783897d9892fc34def47b10,OS7090/V220279/Willem/Correspondence/V220279_NR233A75000G038_URGENT_QUESTION_20260305.pdf,VERAS,N,
DOC-61ab243d4f7f,DOC-LINKED-SUB,Linked Submissions,Proposal,V220279,V220279,OS7090,V220279_NR233A750004G038_AWARD_ACCEPTANCE_NOTICE_V01_20260304.pdf,.pdf,application/pdf,110303,61ab243d4f7fbbb23235ba86a4e67414606f7f38897342099449cfc74aeeb948,OS7090/V220279/Willem/Linked Submissions/Award Acceptance Notice/V220279_NR233A750004G038_AWARD_ACCEPTANCE_NOTICE_V01_20260304.pdf,VERAS,N,
DOC-76464ae4917e,DOC-LINKED-SUB,Linked Submissions,Proposal,V220279,V220279,OS7090,V220279_NR233A750004G038_AWARD_ACCEPTANCE_V02_20260304OTICE_.pdf,.pdf,application/pdf,78118,76464ae4917e256d87d636fceba396618066730052a9ff068869f3ff742d0fed,OS7090/V220279/Willem/Linked Submissions/Award Acceptance Notice/V220279_NR233A750004G038_AWARD_ACCEPTANCE_V02_20260304OTICE_.pdf,VERAS,N,
DOC-efea7f2ff319,DOC-LINKED-SUB,Linked Submissions,Proposal,V220279,V220279,OS7090,V220279_NR233A750004G038_POST_AWARD_ADMIN_PROCESSING_20250324_20260304.pdf,.pdf,application/pdf,146592,efea7f2ff3197ba3fefa99fad77c836b3820bc7a0a2a4d3c92fcd4a4d3d49962,OS7090/V220279/Willem/Linked Submissions/Post Award Admin Processing/V220279_NR233A750004G038_POST_AWARD_ADMIN_PROCESSING_20250324_20260304.pdf,VERAS,N,
DOC-efa796c08356-2,DOC-LINKED-SUB,Linked Submissions,Proposal,V220279,V220279,OS7090,V220279_NR233A750004G038_ADD_INDEX_CHIBISA_20231023_20260304.pdf,.pdf,application/pdf,287977,efa796c08356c2381b5b5dafd333a63633882c7238088880036c3fe62eff1f13,OS7090/V220279/Willem/Linked Submissions/Post Award Mod Processing/V220279_NR233A750004G038_ADD_INDEX_CHIBISA_20231023_20260304.pdf,VERAS,Y,duplicate_content
DOC-e7c5d894602d,DOC-LINKED-SUB,Linked Submissions,Proposal,V220279,V220279,OS7090,V220279_NR233A750004G038_POST_AWARD_AMENDMENT_20231023_20260304.pdf,.pdf,application/pdf,45564,e7c5d894602d99f77d525ac469159e56dc9c7bebb51933d0b471ab1e8904b589,OS7090/V220279/Willem/Linked Submissions/Post Award Mod Processing/V220279_NR233A750004G038_POST_AWARD_AMENDMENT_20231023_20260304.pdf,VERAS,N,
DOC-805907e3178e,DOC-LINKED-SUB,Linked Submissions,Proposal,V220279,V220279,OS7090,V220279_NR233A750004G038_POST_AWARD_AMENDMENT_20250122_20260304.pdf,.pdf,application/pdf,72860,805907e3178eddd34453b86cfce91d4121a10a5dfa354700043e99592f99cd23,OS7090/V220279/Willem/Linked Submissions/Post Award Mod Processing/V220279_NR233A750004G038_POST_AWARD_AMENDMENT_20250122_20260304.pdf,VERAS,N,
DOC-29be3b92364e-5,DOC-LINKED-SUB,Linked Submissions,Proposal,V220279,V220279,OS7090,V220279_NR233A750004G038_POST_AWARD_AMENDMENT_SIGNED_20250122_20260304.pdf,.pdf,application/pdf,2962516,29be3b92364ed1c37e201450db9feb2c82b4f979e261b378ff544503443e197d,OS7090/V220279/Willem/Linked Submissions/Post Award Mod Processing/V220279_NR233A750004G038_POST_AWARD_AMENDMENT_SIGNED_20250122_20260304.pdf,VERAS,Y,duplicate_content
DOC-62112a161195,DOC-LINKED-SUB,Linked Submissions,Proposal,V220279,V220279,OS7090,V220279_NR233A750004G038_SPONSOR_PRIOR_APPROVAL_REQUEST_20230511_20260304.pdf,.pdf,application/pdf,89634,62112a161195e47ff1f18a4bd44a37975f04eb0be793b9f34714a45508c04d70,OS7090/V220279/Willem/Linked Submissions/Sponsor Prior Approval Request/V220279_NR233A750004G038_SPONSOR_PRIOR_APPROVAL_REQUEST_20230511_20260304.pdf,VERAS,N,
DOC-6f9de6082f91,DOC-LINKED-SUB,Linked Submissions,Proposal,V220279,V220279,OS7090,V220279_NR233A750004G038_SPONSOR_PRIOR_APPROVAL_REQUEST_20230907_20260304.pdf,.pdf,application/pdf,61964,6f9de6082f91a298c044ad4c61caca9955ef0ad5c1454cd14865657e64220c34,OS7090/V220279/Willem/Linked Submissions/Sponsor Prior Approval Request/V220279_NR233A750004G038_SPONSOR_PRIOR_APPROVAL_REQUEST_20230907_20260304.pdf,VERAS,N,
DOC-1677c2818ab8,DOC-LINKED-SUB,Linked Submissions,Proposal,V220279,V220279,OS7090,V220279_NR233A750004G038_SPONSOR_PRIOR_APPROVAL_REQUEST_20231222_20260304.pdf,.pdf,application/pdf,823728,1677c2818ab845c0acfc408418329b370c5627484c6a172e5e153371e04524d9,OS7090/V220279/Willem/Linked Submissions/Sponsor Prior Approval Request/V220279_NR233A750004G038_SPONSOR_PRIOR_APPROVAL_REQUEST_20231222_20260304.pdf,VERAS,N,
DOC-1adcebdefad2,DOC-LINKED-SUB,Linked Submissions,Proposal,V220279,V220279,OS7090,V220279_NR233A750004G038_SPONSOR_PRIOR_APPROVAL_REQUEST_20240402_20260304.pdf,.pdf,application/pdf,1022027,1adcebdefad2e9360aca04df5e021edaf490e18408abf21e10842f601016d588,OS7090/V220279/Willem/Linked Submissions/Sponsor Prior Approval Request/V220279_NR233A750004G038_SPONSOR_PRIOR_APPROVAL_REQUEST_20240402_20260304.pdf,VERAS,N,
DOC-4e2a11b70760,DOC-LINKED-SUB,Linked Submissions,Proposal,V220279,V220279,OS7090,V220279_NR233A750004G038_SPONSOR_PRIOR_APPROVAL_REQUEST_20240508_20260304.pdf,.pdf,application/pdf,248171,4e2a11b7076055ec9a849fe91296b05547cb9813060ef7963127e2d248f9f315,OS7090/V220279/Willem/Linked Submissions/Sponsor Prior Approval Request/V220279_NR233A750004G038_SPONSOR_PRIOR_APPROVAL_REQUEST_20240508_20260304.pdf,VERAS,N,
DOC-eee0a447d6c9,DOC-LINKED-SUB,Linked Submissions,Proposal,V220279,V220279,OS7090,V220279_NR233A750004G038_SPONSOR_PRIOR_APPROVAL_REQUEST_20240624_20260304.pdf,.pdf,application/pdf,253729,eee0a447d6c932e116118a5d050385921c85e52cd1d80cc0f677001b79fa4d82,OS7090/V220279/Willem/Linked Submissions/Sponsor Prior Approval Request/V220279_NR233A750004G038_SPONSOR_PRIOR_APPROVAL_REQUEST_20240624_20260304.pdf,VERAS,N,
DOC-9d660115f5b8,DOC-LINKED-SUB,Linked Submissions,Proposal,V220279,V220279,OS7090,V220279_NR233A750004G038_SPONSOR_PRIOR_APPROVAL_REQUEST_20240626_20260304.pdf,.pdf,application/pdf,426787,9d660115f5b8a0257b08cf1d60be58cdbde23344f5307120f01ae0a7a493f010,OS7090/V220279/Willem/Linked Submissions/Sponsor Prior Approval Request/V220279_NR233A750004G038_SPONSOR_PRIOR_APPROVAL_REQUEST_20240626_20260304.pdf,VERAS,N,
DOC-a2a834e8eaa4,DOC-LINKED-SUB,Linked Submissions,Proposal,V220279,V220279,OS7090,V220279_NR233A750004G038_SPONSOR_PRIOR_APPROVAL_REQUEST_20241024_20260304.pdf,.pdf,application/pdf,2937149,a2a834e8eaa40204d80312b371406226225a359c57a85a2fe0f03d846d0dd40f,OS7090/V220279/Willem/Linked Submissions/Sponsor Prior Approval Request/V220279_NR233A750004G038_SPONSOR_PRIOR_APPROVAL_REQUEST_20241024_20260304.pdf,VERAS,N,
DOC-b529a7d9af31,DOC-LINKED-SUB,Linked Submissions,Proposal,V220279,V220279,OS7090,V220279_NR233A750004G038_SPONSOR_PRIOR_APPROVAL_REQUEST_20250618_20260304.pdf,.pdf,application/pdf,65279841,b529a7d9af31d8d3348ad38b5eb144a4ee84574982856d469e0de7fae2e60eff,OS7090/V220279/Willem/Linked Submissions/Sponsor Prior Approval Request/V220279_NR233A750004G038_SPONSOR_PRIOR_APPROVAL_REQUEST_20250618_20260304.pdf,VERAS,N,
DOC-2b06c15efb92,DOC-POST-AWARD-NF,Post Award Submission notes and forms,Award,OS7090,V220279,OS7090,V220279_NR233A750004G038_Correspondence_V01_20260303.pdf,.pdf,application/pdf,4720024,2b06c15efb922eafcf98d54eefb2befb80cd52c431257eeddc0a7b0f54047a11,OS7090/V220279/Willem/Post Award Submission Notes and Forms/Correspondence/V220279_NR233A750004G038_Correspondence_V01_20260303.pdf,VERAS,N,
DOC-8715c670e964,DOC-POST-AWARD-NF,Post Award Submission notes and forms,Award,OS7090,V220279,OS7090,V220279_NR233A750004G038_Correspondence_V02_20260303.pdf,.pdf,application/pdf,1320446,8715c670e964b568bfbfcfbca5c73db668d67c4746ee434df5c694cf6373b282,OS7090/V220279/Willem/Post Award Submission Notes and Forms/Correspondence/V220279_NR233A750004G038_Correspondence_V02_20260303.pdf,VERAS,N,
DOC-b68e1632ddab,DOC-POST-AWARD-NF,Post Award Submission notes and forms,Award,OS7090,V220279,OS7090,V220279_NR233A750004G038_Correspondence_V03_20260303.pdf,.pdf,application/pdf,2611117,b68e1632ddabb3278c4a87a201db856c757a9d306d2f5051ea46084bdda890b1,OS7090/V220279/Willem/Post Award Submission Notes and Forms/Correspondence/V220279_NR233A750004G038_Correspondence_V03_20260303.pdf,VERAS,N,
DOC-bb252cf83bcc,DOC-POST-AWARD-NF,Post Award Submission notes and forms,Award,OS7090,V220279,OS7090,V220279_NR233A750004G038_Correspondence_V04_20260303.pdf,.pdf,application/pdf,99592,bb252cf83bcc932099d1f4b73fa6f591a1d3f2d9bdd593ba54d811b4774c5210,OS7090/V220279/Willem/Post Award Submission Notes and Forms/Correspondence/V220279_NR233A750004G038_Correspondence_V04_20260303.pdf,VERAS,N,
DOC-bd753e1da949-1,DOC-POST-AWARD-NF,Post Award Submission notes and forms,Award,OS7090,V220279,OS7090,V220279_NR233A750004G038_AMENDED_BUDGET_NARRATIVE_20260303.docx,.docx,application/vnd.openxmlformats-officedocument.wordprocessingml.document,1922681,bd753e1da9492b99349870da71c17c8b32dea7f7f0efc56a0a4948b17952c7d7,OS7090/V220279/Willem/Post Award Submission Notes and Forms/Submission Components/V220279_NR233A750004G038_AMENDED_BUDGET_NARRATIVE_20260303.docx,VERAS,Y,duplicate_content
DOC-cd14aedf63a7,DOC-POST-AWARD-NF,Post Award Submission notes and forms,Award,OS7090,V220279,OS7090,V220279_NR233A750004G038_MISC_20260303.pdf,.pdf,application/pdf,1590255,cd14aedf63a773e8d49fe1d8a63328d0266dfa3a20ebaff38207f1faa34545a4,OS7090/V220279/Willem/Post Award Submission Notes and Forms/Submission Components/V220279_NR233A750004G038_MISC_20260303.pdf,VERAS,N,duplicate_filename;duplicate_content
DOC-f8f5dbf84078-1,DOC-POST-AWARD-NF,Post Award Submission notes and forms,Award,OS7090,V220279,OS7090,V220279_NR233A750004G038_PROJECT_NARRATIVE_V01_20260303.docx,.docx,application/vnd.openxmlformats-officedocument.wordprocessingml.document,143274,f8f5dbf840786c787ca85d40a141ee94d457ab538a298c8c4b8966e9edf01969,OS7090/V220279/Willem/Post Award Submission Notes and Forms/Submission Components/V220279_NR233A750004G038_PROJECT_NARRATIVE_V01_20260303.docx,VERAS,Y,duplicate_content
DOC-23aed05228e5-1,DOC-POST-AWARD-NF,Post Award Submission notes and forms,Award,OS7090,V220279,OS7090,V220279_NR233A750004G038_PROJECT_NARRATIVE_V02_20260303.docx,.docx,application/vnd.openxmlformats-officedocument.wordprocessingml.document,867119,23aed05228e57c8c09a87c43a92bc7429b01d7831938ca0400853288d1ed98e4,OS7090/V220279/Willem/Post Award Submission Notes and Forms/Submission Components/V220279_NR233A750004G038_PROJECT_NARRATIVE_V02_20260303.docx,VERAS,Y,duplicate_content
DOC-2d07bc42f25b,DOC-POST-AWARD-NF,Post Award Submission notes and forms,Award,OS7090,V220279,OS7090,V220279_NR233A750004G038_SPONSOR_PRIOR_APROV_20260303.pdf,.pdf,application/pdf,65279841,2d07bc42f25b4b4b4e0ef3d31c5bfd1d43dce6b9380b6356b708a6ae94b38d8e,OS7090/V220279/Willem/Post Award Submission Notes and Forms/Submission Components/V220279_NR233A750004G038_SPONSOR_PRIOR_APROV_20260303.pdf,VERAS,N,
DOC-b53991130800-1,DOC-POST-AWARD-NF,Post Award Submission notes and forms,Award,OS7090,V220279,OS7090,V220279_NR233A750004G038_SUBRECIPIENT_BUDGET_JUST_V01_20260303.docx,.docx,application/vnd.openxmlformats-officedocument.wordprocessingml.document,40119,b53991130800f2d828a9d167205797f35174b0e14912049ba4d017a7c86e63fe,OS7090/V220279/Willem/Post Award Submission Notes and Forms/Submission Components/V220279_NR233A750004G038_SUBRECIPIENT_BUDGET_JUST_V01_20260303.docx,VERAS,Y,duplicate_content
DOC-7a223918de61-1,DOC-POST-AWARD-NF,Post Award Submission notes and forms,Award,OS7090,V220279,OS7090,V220279_NR233A750004G038_SUBRECIPIENT_BUDGET_JUST_V02_20260303.docx,.docx,application/vnd.openxmlformats-officedocument.wordprocessingml.document,36798,7a223918de61ef693606f533a31393b5bc7cb2d3a7a1ddece225a4946b629d8a,OS7090/V220279/Willem/Post Award Submission Notes and Forms/Submission Components/V220279_NR233A750004G038_SUBRECIPIENT_BUDGET_JUST_V02_20260303.docx,VERAS,Y,duplicate_content
DOC-5bb15054b541-1,DOC-POST-AWARD-NF,Post Award Submission notes and forms,Award,OS7090,V220279,OS7090,V220279_NR233A750004G038_SUBRECIPIENT_BUDGET_JUST_V03_20260303.docx,.docx,application/vnd.openxmlformats-officedocument.wordprocessingml.document,48007,5bb15054b5417514569ec62d039581e71c58a4d24a730e2b25e60558b060acce,OS7090/V220279/Willem/Post Award Submission Notes and Forms/Submission Components/V220279_NR233A750004G038_SUBRECIPIENT_BUDGET_JUST_V03_20260303.docx,VERAS,Y,duplicate_content
DOC-50a05bdaca70-1,DOC-POST-AWARD-NF,Post Award Submission notes and forms,Award,OS7090,V220279,OS7090,V220279_NR233A750004G038_SUBRECIPIENT_BUDGET_JUST_V04_20260303.docx,.docx,application/vnd.openxmlformats-officedocument.wordprocessingml.document,102776,50a05bdaca705919d87ac8991d43bf605c121c8a89dab79e0d4fc68ef7499b9b,OS7090/V220279/Willem/Post Award Submission Notes and Forms/Submission Components/V220279_NR233A750004G038_SUBRECIPIENT_BUDGET_JUST_V04_20260303.docx,VERAS,Y,duplicate_content
DOC-88a677ca9ac5-1,DOC-POST-AWARD-NF,Post Award Submission notes and forms,Award,OS7090,V220279,OS7090,V220279_NR233A750004G038_SUBRECIPIENT_BUDGET_JUST_V05.docx,.docx,application/vnd.openxmlformats-officedocument.wordprocessingml.document,36497,88a677ca9ac5febcc16d3527de88d2d60971b7e51aa1d4f9b956c32cf028f179,OS7090/V220279/Willem/Post Award Submission Notes and Forms/Submission Components/V220279_NR233A750004G038_SUBRECIPIENT_BUDGET_JUST_V05.docx,VERAS,Y,duplicate_content
DOC-e8fb7e9d9a93-1,DOC-POST-AWARD-NF,Post Award Submission notes and forms,Award,OS7090,V220279,OS7090,V220279_NR233A750004G038_SUBRECIPIENT_BUDGET_JUST_V06.docx,.docx,application/vnd.openxmlformats-officedocument.wordprocessingml.document,47559,e8fb7e9d9a9364431bdefb714b4dd5325ac6bd528d1d68e0516d0ccab92cab8b,OS7090/V220279/Willem/Post Award Submission Notes and Forms/Submission Components/V220279_NR233A750004G038_SUBRECIPIENT_BUDGET_JUST_V06.docx,VERAS,Y,duplicate_content
DOC-824317cef79b-1,DOC-POST-AWARD-NF,Post Award Submission notes and forms,Award,OS7090,V220279,OS7090,V220279_NR233A750004G038_SUBRECIPIENT_BUDGET_JUST_V07_20260303.docx,.docx,application/vnd.openxmlformats-officedocument.wordprocessingml.document,48064,824317cef79b4eb6603444a94626b62350e1f8d1627937ba7c0cd0b6aec2a565,OS7090/V220279/Willem/Post Award Submission Notes and Forms/Submission Components/V220279_NR233A750004G038_SUBRECIPIENT_BUDGET_JUST_V07_20260303.docx,VERAS,Y,duplicate_content
DOC-d0ff4efbc6d0-1,DOC-POST-AWARD-NF,Post Award Submission notes and forms,Award,OS7090,V220279,OS7090,V220279_NR233A750004G038_SUBRECIPIENT_BUDGET_JUST_V08_20260303.docx,.docx,application/vnd.openxmlformats-officedocument.wordprocessingml.document,97237,d0ff4efbc6d0f563002434b55658b3d476b2cfaa87b275598a6de33392053a56,OS7090/V220279/Willem/Post Award Submission Notes and Forms/Submission Components/V220279_NR233A750004G038_SUBRECIPIENT_BUDGET_JUST_V08_20260303.docx,VERAS,Y,duplicate_content
DOC-18011fe7fa96-1,DOC-POST-AWARD-NF,Post Award Submission notes and forms,Award,OS7090,V220279,OS7090,V220279_NR233A750004G038_SUBRECIPIENT_STATEMENT_OF WORK_V02_20260303.docx,.docx,application/vnd.openxmlformats-officedocument.wordprocessingml.document,21391,18011fe7fa9634aabb52798006e6f4151cbd08ca3ee37548fd54633adae58d5e,OS7090/V220279/Willem/Post Award Submission Notes and Forms/Submission Components/V220279_NR233A750004G038_SUBRECIPIENT_STATEMENT_OF WORK_V02_20260303.docx,VERAS,Y,duplicate_content
DOC-ef2ed6a8d4c0-1,DOC-POST-AWARD-NF,Post Award Submission notes and forms,Award,OS7090,V220279,OS7090,V220279_NR233A750004G038_SUBRECIPIENT_STATEMENT_OF_WORK_V01_20260303.docx,.docx,application/vnd.openxmlformats-officedocument.wordprocessingml.document,24263,ef2ed6a8d4c09a526b94496c4d0e624e8d0105b85c4a22131dcefe3da3553ed4,OS7090/V220279/Willem/Post Award Submission Notes and Forms/Submission Components/V220279_NR233A750004G038_SUBRECIPIENT_STATEMENT_OF_WORK_V01_20260303.docx,VERAS,Y,duplicate_content
DOC-3269cd8e2aeb-1,DOC-POST-AWARD-NF,Post Award Submission notes and forms,Award,OS7090,V220279,OS7090,V220279_NR233A750004G038_SUBRECIPIENT_STATEMENT_OF_WORK_V03_20260303.docx,.docx,application/vnd.openxmlformats-officedocument.wordprocessingml.document,29520,3269cd8e2aeb98270ea4dede7fc082ef19022e5809dc1b188cce1be1ee8126c3,OS7090/V220279/Willem/Post Award Submission Notes and Forms/Submission Components/V220279_NR233A750004G038_SUBRECIPIENT_STATEMENT_OF_WORK_V03_20260303.docx,VERAS,Y,duplicate_content
DOC-a85b757fb4c7-1,DOC-POST-AWARD-NF,Post Award Submission notes and forms,Award,OS7090,V220279,OS7090,V220279_NR233A750004G038_SUBRECIPIENT_STATEMENT_OF_WORK_V04_20260303.docx,.docx,application/vnd.openxmlformats-officedocument.wordprocessingml.document,43058,a85b757fb4c77ab7a4f7c95453a332a301bf2e8a6dc22769422763495f840f01,OS7090/V220279/Willem/Post Award Submission Notes and Forms/Submission Components/V220279_NR233A750004G038_SUBRECIPIENT_STATEMENT_OF_WORK_V04_20260303.docx,VERAS,Y,duplicate_content
DOC-8786e0be7f31-1,DOC-POST-AWARD-NF,Post Award Submission notes and forms,Award,OS7090,V220279,OS7090,V220279_NR233A750004G038_SUBRECIPIENT_STATEMENT_OF_WORK_V05_20260303.docx,.docx,application/vnd.openxmlformats-officedocument.wordprocessingml.document,22132,8786e0be7f316e3efceab7166a2364bbf48b7b75bd809ded5933eb6dba434971,OS7090/V220279/Willem/Post Award Submission Notes and Forms/Submission Components/V220279_NR233A750004G038_SUBRECIPIENT_STATEMENT_OF_WORK_V05_20260303.docx,VERAS,Y,duplicate_content
DOC-4c89c7e7027e-1,DOC-POST-AWARD-NF,Post Award Submission notes and forms,Award,OS7090,V220279,OS7090,V220279_NR233A750004G038_SUBRECIPIENT_STATEMENT_OF_WORK_V06_20260303.docx,.docx,application/vnd.openxmlformats-officedocument.wordprocessingml.document,33975,4c89c7e7027e6807ca364093ff277a7de88876c5423e50376b104ac309b948f1,OS7090/V220279/Willem/Post Award Submission Notes and Forms/Submission Components/V220279_NR233A750004G038_SUBRECIPIENT_STATEMENT_OF_WORK_V06_20260303.docx,VERAS,Y,duplicate_content
DOC-44d63c332152-1,DOC-POST-AWARD-NF,Post Award Submission notes and forms,Award,OS7090,V220279,OS7090,V220279_NR233A750004G038_SUBRECIPIENT_STATEMENT_OF_WORK_V07_20260303.docx,.docx,application/vnd.openxmlformats-officedocument.wordprocessingml.document,40837,44d63c332152f3a493c0097e340ff97eb8a34e76aba11b2dbe70fadc6055521c,OS7090/V220279/Willem/Post Award Submission Notes and Forms/Submission Components/V220279_NR233A750004G038_SUBRECIPIENT_STATEMENT_OF_WORK_V07_20260303.docx,VERAS,Y,duplicate_content
DOC-e66b2e51b8cf-1,DOC-POST-AWARD-NF,Post Award Submission notes and forms,Award,OS7090,V220279,OS7090,V220279_NR233A750004G038_SUBRECIPIENT_STATEMENT_OF_WORK_V08_20260303.docx,.docx,application/vnd.openxmlformats-officedocument.wordprocessingml.document,29279,e66b2e51b8cf6c5e67f1a3fadb875d0d6ec5d7441dc88da915ece2c162a86e60,OS7090/V220279/Willem/Post Award Submission Notes and Forms/Submission Components/V220279_NR233A750004G038_SUBRECIPIENT_STATEMENT_OF_WORK_V08_20260303.docx,VERAS,Y,duplicate_content
DOC-bd753e1da949-2,DOC-POST-AWARD-NF,Post Award Submission notes and forms,Award,OS7090,V220279,OS7090,V220279_NR233A750004G038_BUDGET_NARRATIVE_AMENDED_20260303.docx,.docx,application/vnd.openxmlformats-officedocument.wordprocessingml.document,1922681,bd753e1da9492b99349870da71c17c8b32dea7f7f0efc56a0a4948b17952c7d7,OS7090/V220279/Willem/Post Award Submission Notes and Forms/Submission Routing Signoff/V220279_NR233A750004G038_BUDGET_NARRATIVE_AMENDED_20260303.docx,VERAS,Y,duplicate_content
DOC-f8f5dbf84078-2,DOC-POST-AWARD-NF,Post Award Submission notes and forms,Award,OS7090,V220279,OS7090,V220279_NR233A750004G038_GAD_STATEMENT_OF_WORK_20260303.docx,.docx,application/vnd.openxmlformats-officedocument.wordprocessingml.document,143274,f8f5dbf840786c787ca85d40a141ee94d457ab538a298c8c4b8966e9edf01969,OS7090/V220279/Willem/Post Award Submission Notes and Forms/Submission Routing Signoff/V220279_NR233A750004G038_GAD_STATEMENT_OF_WORK_20260303.docx,VERAS,Y,duplicate_content
DOC-ae2e704848e8,DOC-POST-AWARD-NF,Post Award Submission notes and forms,Award,OS7090,V220279,OS7090,V220279_NR233A750004G038_MISC_20260303.pdf,.pdf,application/pdf,1680974,ae2e704848e8f3200732defb4931a9035023f4ea16c35e811f3728f599ee6068,OS7090/V220279/Willem/Post Award Submission Notes and Forms/Submission Routing Signoff/V220279_NR233A750004G038_MISC_20260303.pdf,VERAS,N,duplicate_filename
DOC-23aed05228e5-2,DOC-POST-AWARD-NF,Post Award Submission notes and forms,Award,OS7090,V220279,OS7090,V220279_NR233A750004G038_PROJECT_NARRATIVE_AMENDED_V02_20260303.docx,.docx,application/vnd.openxmlformats-officedocument.wordprocessingml.document,867119,23aed05228e57c8c09a87c43a92bc7429b01d7831938ca0400853288d1ed98e4,OS7090/V220279/Willem/Post Award Submission Notes and Forms/Submission Routing Signoff/V220279_NR233A750004G038_PROJECT_NARRATIVE_AMENDED_V02_20260303.docx,VERAS,Y,duplicate_content
DOC-4b9d896dc84e,DOC-POST-AWARD-NF,Post Award Submission notes and forms,Award,OS7090,V220279,OS7090,V220279_NR233A750004G038_SPONSOR_APPROVAL_REQUEST_20260303.pdf,.pdf,application/pdf,65279841,4b9d896dc84ea164ee871cef7c8e5a681aa50bfc1d94f0b8bd14a5cb3a8b32bb,OS7090/V220279/Willem/Post Award Submission Notes and Forms/Submission Routing Signoff/V220279_NR233A750004G038_SPONSOR_APPROVAL_REQUEST_20260303.pdf,VERAS,N,
DOC-c8a5865834fe,DOC-PROPOSAL,Proposal,Proposal,V220279,V220279,OS7090,V220279_NR233A750004G038_PROPOSAL_20260302.pdf,.pdf,application/pdf,23892335,c8a5865834fedab56a35ef8f0279cd299b798b31af33064e5d0f96969f6a3309,OS7090/V220279/Willem/Proposal/V220279_NR233A750004G038_PROPOSAL_20260302.pdf,VERAS,N,
DOC-be38ad06431b,DOC-PROPOSAL,Proposal,Proposal,V220279,V220279,OS7090,V220279_NR233A750004G038_PROPOSAL_APPLICATION_20260303.pdf,.pdf,application/pdf,23151911,be38ad06431b025de1637945960fc01fad2a747a237b141211b7b6bb51d76bd2,OS7090/V220279/Willem/Proposal/V220279_NR233A750004G038_PROPOSAL_APPLICATION_20260303.pdf,VERAS,N,
DOC-cd14aedf63a7-1,DOC-PROPOSAL,Proposal,Proposal,V220279,V220279,OS7090,V220279_NR233A75000G038_AGREEMENTS_DIVISION_SUBMISSION_MEMO_20260306.pdf,.pdf,application/pdf,1590255,cd14aedf63a773e8d49fe1d8a63328d0266dfa3a20ebaff38207f1faa34545a4,OS7090/V220279/Willem/Proposal/V220279_NR233A75000G038_AGREEMENTS_DIVISION_SUBMISSION_MEMO_20260306.pdf,VERAS,Y,duplicate_content
DOC-7d8df0449a21,DOC-PROPOSAL,Proposal,Proposal,V220279,V220279,OS7090,V220279_NR233A75000G038_BUDGET_INFO_NON_CONSTRUCTION_20260306.pdf,.pdf,application/pdf,97437,7d8df0449a21c0112baf3fadb4c0226a2baf7ccf8cf05f84b7feaec659fffb3f,OS7090/V220279/Willem/Proposal/V220279_NR233A75000G038_BUDGET_INFO_NON_CONSTRUCTION_20260306.pdf,VERAS,N,
DOC-c02a2508b661,DOC-PROPOSAL,Proposal,Proposal,V220279,V220279,OS7090,V220279_NR233A75000G038_CAS_EXEMPTION_20260306.pdf,.pdf,application/pdf,285968,c02a2508b661cd58fd862569fde0c1ca52a40340b63b55fdd7991d2c7fd01923,OS7090/V220279/Willem/Proposal/V220279_NR233A75000G038_CAS_EXEMPTION_20260306.pdf,VERAS,N,
DOC-3a70e3595810,DOC-PROPOSAL,Proposal,Proposal,V220279,V220279,OS7090,V220279_NR233A75000G038_CSC_IAMP_REVISED_PROJECT_NARRATIVE_AFTER_IASCD_RESTRUCTURE_20260306.docx,.docx,application/vnd.openxmlformats-officedocument.wordprocessingml.document,811965,3a70e3595810de156e4562d66a9d6f3b2281267f18954f235018195d91d5116d,OS7090/V220279/Willem/Proposal/V220279_NR233A75000G038_CSC_IAMP_REVISED_PROJECT_NARRATIVE_AFTER_IASCD_RESTRUCTURE_20260306.docx,VERAS,N,
DOC-f1bd149cc1cb,DOC-PROPOSAL,Proposal,Proposal,V220279,V220279,OS7090,V220279_NR233A75000G038_ENVIRONMENTAL_LETTER_REGENTS_UI_FINAL_20260306.pdf,.pdf,application/pdf,220863,f1bd149cc1cb785470a0cfeb2d917f30494020b5aa05770940347f3074dc1ad7,OS7090/V220279/Willem/Proposal/V220279_NR233A75000G038_ENVIRONMENTAL_LETTER_REGENTS_UI_FINAL_20260306.pdf,VERAS,N,
DOC-5f0a196b6a5a,DOC-PROPOSAL,Proposal,Proposal,V220279,V220279,OS7090,V220279_NR233A75000G038_EXPIRED_INDIRECT_RATE_SUBRECIPIENT_CDA_TRIBE_20260306.pdf,.pdf,application/pdf,134249,5f0a196b6a5ade55822a8fe7d080e35e39589e19eb7bad21a36b24915d28aa4d,OS7090/V220279/Willem/Proposal/V220279_NR233A75000G038_EXPIRED_INDIRECT_RATE_SUBRECIPIENT_CDA_TRIBE_20260306.pdf,VERAS,N,
DOC-9bd7fa84f6e7,DOC-PROPOSAL,Proposal,Proposal,V220279,V220279,OS7090,V220279_NR233A75000G038_FPAC_PAYMENT_REQUEST_PREP_SUB_20260306.pdf,.pdf,application/pdf,2776758,9bd7fa84f6e7c49c55bbfb33f135faa78345251b416347ee349452a18a588bdc,OS7090/V220279/Willem/Proposal/V220279_NR233A75000G038_FPAC_PAYMENT_REQUEST_PREP_SUB_20260306.pdf,VERAS,N,
DOC-1c2e66bbd265,DOC-PROPOSAL,Proposal,Proposal,V220279,V220279,OS7090,V220279_NR233A75000G038_FULL_ANNOUCEMENT_USDA_NRCS_COMM_20260306.pdf,.pdf,application/pdf,995836,1c2e66bbd265ac104ef3c415393d598d15b29775c0df118bac2659d03d8fc759,OS7090/V220279/Willem/Proposal/V220279_NR233A75000G038_FULL_ANNOUCEMENT_USDA_NRCS_COMM_20260306.pdf,VERAS,N,
DOC-95285e848601,DOC-PROPOSAL,Proposal,Proposal,V220279,V220279,OS7090,V220279_NR233A75000G038_GADBET_WORKBOOK_20260306.xlsx,.xlsx,application/vnd.openxmlformats-officedocument.spreadsheetml.sheet,29448,95285e8486011f411ff3a613ae9dcfe0d56bc91e224b3215d87150f03d91c1d0,OS7090/V220279/Willem/Proposal/V220279_NR233A75000G038_GADBET_WORKBOOK_20260306.xlsx,VERAS,N,
DOC-6cd1df377dd2,DOC-PROPOSAL,Proposal,Proposal,V220279,V220279,OS7090,V220279_NR233A75000G038_GADBET_WORKBOOK_UPDATED_20260306.xlsx,.xlsx,application/vnd.openxmlformats-officedocument.spreadsheetml.sheet,34758,6cd1df377dd220bfb028eedf8060518d39b9154b92650d37d30ca82a0e9ec249,OS7090/V220279/Willem/Proposal/V220279_NR233A75000G038_GADBET_WORKBOOK_UPDATED_20260306.xlsx,VERAS,N,
DOC-a871a24d216d,DOC-PROPOSAL,Proposal,Proposal,V220279,V220279,OS7090,V220279_NR233A75000G038_KF_LLC_LETTER_20260306.pdf,.pdf,application/pdf,64921,a871a24d216df147e96cd97659b7bfc92d332463f764d64b25c5d06313456fd7,OS7090/V220279/Willem/Proposal/V220279_NR233A75000G038_KF_LLC_LETTER_20260306.pdf,VERAS,N,
DOC-ac55414d058d,DOC-PROPOSAL,Proposal,Proposal,V220279,V220279,OS7090,V220279_NR233A75000G038_LETTERS_OF_SUPPORT_V01_20260306.pdf,.pdf,application/pdf,19311092,ac55414d058df737f06a2028b601d42c3890d02ebff19645f10bee54cf46a3cf,OS7090/V220279/Willem/Proposal/V220279_NR233A75000G038_LETTERS_OF_SUPPORT_V01_20260306.pdf,VERAS,N,
DOC-3924f14a167c,DOC-PROPOSAL,Proposal,Proposal,V220279,V220279,OS7090,V220279_NR233A75000G038_LETTERS_OF_SUPPORT_V02_20260306.pdf,.pdf,application/pdf,19453538,3924f14a167cdeb6b5fa386df3d6150e5f4a83d0642a6389eeb0fd04bb52edbc,OS7090/V220279/Willem/Proposal/V220279_NR233A75000G038_LETTERS_OF_SUPPORT_V02_20260306.pdf,VERAS,N,
DOC-50c513a96057,DOC-PROPOSAL,Proposal,Proposal,V220279,V220279,OS7090,V220279_NR233A75000G038_LETTERS_OF_SUPPORT_V03_20260306.pdf,.pdf,application/pdf,19005676,50c513a96057985fb5bae56095ad862b4d228cbddc13e6a80b5e873879535e69,OS7090/V220279/Willem/Proposal/V220279_NR233A75000G038_LETTERS_OF_SUPPORT_V03_20260306.pdf,VERAS,N,
DOC-d97a0851a658,DOC-PROPOSAL,Proposal,Proposal,V220279,V220279,OS7090,V220279_NR233A75000G038_LETTER_OF_SUPPORT_TNC_20260306.pdf,.pdf,application/pdf,108679,d97a0851a6589f8e1a91e96b34b4530f23838e567ffc0704a563a051b79502d4,OS7090/V220279/Willem/Proposal/V220279_NR233A75000G038_LETTER_OF_SUPPORT_TNC_20260306.pdf,VERAS,N,
DOC-4bcc126c2ba8,DOC-PROPOSAL,Proposal,Proposal,V220279,V220279,OS7090,V220279_NR233A75000G038_LETTER_OF_SUPPORT_WAVE_FOUNDATION_20260306.pdf,.pdf,application/pdf,166130,4bcc126c2ba850a409c923f82fa19cdc7fc973751e1210058e6687c9e0156c52,OS7090/V220279/Willem/Proposal/V220279_NR233A75000G038_LETTER_OF_SUPPORT_WAVE_FOUNDATION_20260306.pdf,VERAS,N,
DOC-6a85bb198ce3,DOC-PROPOSAL,Proposal,Proposal,V220279,V220279,OS7090,V220279_NR233A75000G038_NP_SWC_SCOPE_OF_WORK_20260306.docx,.docx,application/vnd.openxmlformats-officedocument.wordprocessingml.document,20874,6a85bb198ce3100e347c1414eb8e6b48f0c04adbf3fb52d23f5e41a56e3bd5c2,OS7090/V220279/Willem/Proposal/V220279_NR233A75000G038_NP_SWC_SCOPE_OF_WORK_20260306.docx,VERAS,N,
DOC-d921fa8e72bf,DOC-PROPOSAL,Proposal,Proposal,V220279,V220279,OS7090,V220279_NR233A75000G038_PARTERNSHIPS_MEMO_1_20260306.pdf,.pdf,application/pdf,270006,d921fa8e72bf11b0239b11f6f7911bebbaa2e6fd2cdb7d1f6ca4ea16ecdcba47,OS7090/V220279/Willem/Proposal/V220279_NR233A75000G038_PARTERNSHIPS_MEMO_1_20260306.pdf,VERAS,N,
DOC-2946512fea90,DOC-PROPOSAL,Proposal,Proposal,V220279,V220279,OS7090,V220279_NR233A75000G038_PARTNERSHIPS_MEMO_2_20260306.pdf,.pdf,application/pdf,248521,2946512fea90e559d872ad4c58362264d323e425760c333c3594d06f8acf5b0f,OS7090/V220279/Willem/Proposal/V220279_NR233A75000G038_PARTNERSHIPS_MEMO_2_20260306.pdf,VERAS,N,
DOC-792952b7e4b6,DOC-PROPOSAL,Proposal,Proposal,V220279,V220279,OS7090,V220279_NR233A75000G038_PREAPPROVAL_REQUEST_20260306.pdf,.pdf,application/pdf,94687,792952b7e4b60f69853e06d135789eda9638deb38ceb1f82dc1837818dada950,OS7090/V220279/Willem/Proposal/V220279_NR233A75000G038_PREAPPROVAL_REQUEST_20260306.pdf,VERAS,N,
DOC-a6e5b4418e99,DOC-PROPOSAL,Proposal,Proposal,V220279,V220279,OS7090,V220279_NR233A75000G038_PRIOR_APPROVAL_REQUEST_IAMP_RESTRUCTURE_FINAL_20260306.pdf,.pdf,application/pdf,172739,a6e5b4418e999a8550e4475dcb4cc3b2b8e767121017c84471acbad8da68572b,OS7090/V220279/Willem/Proposal/V220279_NR233A75000G038_PRIOR_APPROVAL_REQUEST_IAMP_RESTRUCTURE_FINAL_20260306.pdf,VERAS,N,
DOC-85d2cf2c89fc,DOC-PROPOSAL,Proposal,Proposal,V220279,V220279,OS7090,V220279_NR233A75000G038_PROJECT_NARRATIVE_FINAL_20260306.pdf,.pdf,application/pdf,679436,85d2cf2c89fc7c30824cb9d9d451fd04c7d98d9c280655bd4434cd7b8bf53d30,OS7090/V220279/Willem/Proposal/V220279_NR233A75000G038_PROJECT_NARRATIVE_FINAL_20260306.pdf,VERAS,N,
DOC-f8f5dbf84078-3,DOC-PROPOSAL,Proposal,Proposal,V220279,V220279,OS7090,V220279_NR233A75000G038_PROJECT_NARRATIVE_V01_20260306.docx,.docx,application/vnd.openxmlformats-officedocument.wordprocessingml.document,143274,f8f5dbf840786c787ca85d40a141ee94d457ab538a298c8c4b8966e9edf01969,OS7090/V220279/Willem/Proposal/V220279_NR233A75000G038_PROJECT_NARRATIVE_V01_20260306.docx,VERAS,Y,duplicate_content
DOC-23aed05228e5-3,DOC-PROPOSAL,Proposal,Proposal,V220279,V220279,OS7090,V220279_NR233A75000G038_PROJECT_NARRATIVE_V02_20260306.docx,.docx,application/vnd.openxmlformats-officedocument.wordprocessingml.document,867119,23aed05228e57c8c09a87c43a92bc7429b01d7831938ca0400853288d1ed98e4,OS7090/V220279/Willem/Proposal/V220279_NR233A75000G038_PROJECT_NARRATIVE_V02_20260306.docx,VERAS,Y,duplicate_content
DOC-6ea0d7c5eda6,DOC-PROPOSAL,Proposal,Proposal,V220279,V220279,OS7090,V220279_NR233A75000G038_PROJECT_REPORTING_WORKBOOK_20260305.xlsx,.xlsx,application/vnd.openxmlformats-officedocument.spreadsheetml.sheet,6931940,6ea0d7c5eda63f53db1c17a6876a7e8a7aa1ff159680ee3a5c70da0c9f1b3dd8,OS7090/V220279/Willem/Proposal/V220279_NR233A75000G038_PROJECT_REPORTING_WORKBOOK_20260305.xlsx,VERAS,N,
DOC-20a618be61e3,DOC-PROPOSAL,Proposal,Proposal,V220279,V220279,OS7090,V220279_NR233A75000G038_REBUDGETING_BETWEEN_INDICIES_20260306.pdf,.pdf,application/pdf,283365,20a618be61e318492f1ecdec7785edffd4b727128f5cff4e8efcef1ab1e89b8f,OS7090/V220279/Willem/Proposal/V220279_NR233A75000G038_REBUDGETING_BETWEEN_INDICIES_20260306.pdf,VERAS,N,
DOC-79d256093aea,DOC-PROPOSAL,Proposal,Proposal,V220279,V220279,OS7090,V220279_NR233A75000G038_RESTRUCUTRE_PRIOR_APPROVAL_COVER_LETTER_20260306.pdf,.pdf,application/pdf,263631,79d256093aeaa0e0f90ac76abc8227137d8981c3f587832c3bebb5bc4905f26c,OS7090/V220279/Willem/Proposal/V220279_NR233A75000G038_RESTRUCUTRE_PRIOR_APPROVAL_COVER_LETTER_20260306.pdf,VERAS,N,
DOC-ace0603f55fc,DOC-PROPOSAL,Proposal,Proposal,V220279,V220279,OS7090,V220279_NR233A75000G038_SALMONSAFE_LETTER_OF_SUPPORT_20260305.pdf,.pdf,application/pdf,90729,ace0603f55fca0dc2fe4938f59dda6cfa9b8aba0b6b8c252b856d261b6bb0774,OS7090/V220279/Willem/Proposal/V220279_NR233A75000G038_SALMONSAFE_LETTER_OF_SUPPORT_20260305.pdf,VERAS,N,
DOC-566011a5a201,DOC-PROPOSAL,Proposal,Proposal,V220279,V220279,OS7090,V220279_NR233A75000G038_SCOPE_IASCD_20260306.pdf,.pdf,application/pdf,174118,566011a5a201f1b183c8f013806c25d8530213a546baaa63150bd9a1f5f51c88,OS7090/V220279/Willem/Proposal/V220279_NR233A75000G038_SCOPE_IASCD_20260306.pdf,VERAS,N,
DOC-64f5e2ae0f02,DOC-PROPOSAL,Proposal,Proposal,V220279,V220279,OS7090,V220279_NR233A75000G038_SF424-V1.0_REBUDGETING_FILE_20260306.pdf,.pdf,application/pdf,149500,64f5e2ae0f02528d9c876e3b21a8ef7d3a891b6ea6de6b1e51f5c688e62692d3,OS7090/V220279/Willem/Proposal/V220279_NR233A75000G038_SF424-V1.0_REBUDGETING_FILE_20260306.pdf,VERAS,N,
DOC-04244a4c950e,DOC-PROPOSAL,Proposal,Proposal,V220279,V220279,OS7090,V220279_NR233A75000G038_SPECIFICS-OF_SWC_DISTRICT_CONTRACT_FINAL_20260306.docx,.docx,application/vnd.openxmlformats-officedocument.wordprocessingml.document,27098,04244a4c950e4533bf4c17314b58904b77f486e93ded4f1c304b907090b9a816,OS7090/V220279/Willem/Proposal/V220279_NR233A75000G038_SPECIFICS-OF_SWC_DISTRICT_CONTRACT_FINAL_20260306.docx,VERAS,N,
DOC-0310653a1b31,DOC-PROPOSAL,Proposal,Proposal,V220279,V220279,OS7090,V220279_NR233A75000G038_SWC_SCOPE_OF_WORK_20260306.docx,.docx,application/vnd.openxmlformats-officedocument.wordprocessingml.document,20831,0310653a1b314316a18ad3509e2eaf39c8d816cb56a4ccbbc621cc0541e61be1,OS7090/V220279/Willem/Proposal/V220279_NR233A75000G038_SWC_SCOPE_OF_WORK_20260306.docx,VERAS,N,
DOC-81415d806b46,DOC-PROPOSAL,Proposal,Proposal,V220279,V220279,OS7090,V220279_NR233A75000G038_VOLUNTARY_COMMITTED_SHARE_COST_SHARE_20260306.pdf,.pdf,application/pdf,1003642,81415d806b467540d37ba732810a544d1dc2aed2aad79873e712b563c722f58e,OS7090/V220279/Willem/Proposal/V220279_NR233A75000G038_VOLUNTARY_COMMITTED_SHARE_COST_SHARE_20260306.pdf,VERAS,N,
DOC-43fd0bf6328d,DOC-SPA-CHECK,SPA Checklist,Proposal,V220279,V220279,OS7090,V220279_NR233A750004G038_SPA_CHECKLIST_20260302.pdf,.pdf,application/pdf,77313,43fd0bf6328d96e002e1d9a9f4f9c5f5c6e36a971357330dd60fc14a45d29f0b,OS7090/V220279/Willem/SPA Checklist/V220279_NR233A750004G038_SPA_CHECKLIST_20260302.pdf,VERAS,N,
DOC-581a24a804d3-3,DOC-SUBAWARD,Subawards,Award,OS7090,V220279,OS7090,V220279_OS7090-909992_SUBAWARD_MOD01_20260302.pdf,.pdf,application/pdf,11873932,581a24a804d35c797308c688d0939d1b33ba5729d0b4b8c76cb5e0900b2e068e,OS7090/V220279/Willem/Subawards/CDA TRIBE/V220279_OS7090-909992_SUBAWARD_MOD01_20260302.pdf,VERAS,Y,duplicate_content
DOC-c8a9c6861180-3,DOC-SUBAWARD,Subawards,Award,OS7090,V220279,OS7090,V220279_OS7090-909992_SUBAWARD_MOD02_20260302.pdf,.pdf,application/pdf,6851528,c8a9c6861180f2ce3fa375dd61d865e2de89cab3bff3e15c5c319b6a50054f50,OS7090/V220279/Willem/Subawards/CDA TRIBE/V220279_OS7090-909992_SUBAWARD_MOD02_20260302.pdf,VERAS,Y,duplicate_content
DOC-9ce322fbf8ba-2,DOC-SUBAWARD,Subawards,Award,OS7090,V220279,OS7090,V220279_OS7090_909992_SUBAWARD_20260302.pdf,.pdf,application/pdf,14749979,9ce322fbf8bae7e38d56db2eb0fc656fd8d9039020602d5c5d2c52b0bb887b8a,OS7090/V220279/Willem/Subawards/CDA TRIBE/V220279_OS7090_909992_SUBAWARD_20260302.pdf,VERAS,Y,duplicate_content
DOC-6146e8c1071f-2,DOC-SUBAWARD,Subawards,Award,OS7090,V220279,OS7090,V220279_OS7090_SUBAWARD_20260302.pdf,.pdf,application/pdf,9756485,6146e8c1071f1fecb6db01bddafeb879a51c297ad0216e83a9e9db3fb9ded5fa,OS7090/V220279/Willem/Subawards/CDA TRIBE/V220279_OS7090_SUBAWARD_20260302.pdf,VERAS,Y,duplicate_content
DOC-50b5e35a6182-3,DOC-SUBAWARD,Subawards,Award,OS7090,V220279,OS7090,V220279_OS7090-909990_AMENDMENT_20260302.pdf,.pdf,application/pdf,9513960,50b5e35a6182dd2b00c216b97a91c13fe00387dcb077a4a925e7e7922d26d3ad,OS7090/V220279/Willem/Subawards/DESERT MOUNTAIN GRASSFED BEEF/V220279_OS7090-909990_AMENDMENT_20260302.pdf,VERAS,Y,duplicate_content
DOC-4bdad69ca7ec-3,DOC-SUBAWARD,Subawards,Award,OS7090,V220279,OS7090,V220279_OS7090-909990_AMENDMENT_FE_20260302.pdf,.pdf,application/pdf,3967541,4bdad69ca7ec59dc19e96ecd8196b3fc15e305fe7bb5cdf47cfad62f518838dd,OS7090/V220279/Willem/Subawards/DESERT MOUNTAIN GRASSFED BEEF/V220279_OS7090-909990_AMENDMENT_FE_20260302.pdf,VERAS,Y,duplicate_content
DOC-906f84e88797-3,DOC-SUBAWARD,Subawards,Award,OS7090,V220279,OS7090,V220279_OS7090-909990_AMENDMENT_V01_20260302.pdf,.pdf,application/pdf,642797,906f84e8879717dae85a6b6eb3ec5a6e7fbed5fb46eccedb85eb319a93235337,OS7090/V220279/Willem/Subawards/DESERT MOUNTAIN GRASSFED BEEF/V220279_OS7090-909990_AMENDMENT_V01_20260302.pdf,VERAS,Y,duplicate_content
DOC-c8003150c433-3,DOC-SUBAWARD,Subawards,Award,OS7090,V220279,OS7090,V220279_OS7090-909990_AMENDMENT_V02_20260302.pdf,.pdf,application/pdf,6861952,c8003150c433aa7dece421972c3d02e67e8af377c9e1a4363da5ffb281d8fd2b,OS7090/V220279/Willem/Subawards/DESERT MOUNTAIN GRASSFED BEEF/V220279_OS7090-909990_AMENDMENT_V02_20260302.pdf,VERAS,Y,duplicate_content
DOC-616185bf7a21-3,DOC-SUBAWARD,Subawards,Award,OS7090,V220279,OS7090,V220279_OS7090-909990_SUBAWARD_20260302.pdf,.pdf,application/pdf,14173253,616185bf7a21b76f3aacc1bd2ae36341727bf758a2d225ca6aeeac392cfb31e4,OS7090/V220279/Willem/Subawards/DESERT MOUNTAIN GRASSFED BEEF/V220279_OS7090-909990_SUBAWARD_20260302.pdf,VERAS,Y,duplicate_content
DOC-68a679123bf1-2,DOC-SUBAWARD,Subawards,Award,OS7090,V220279,OS7090,V220279_OS7090_909994_SUBAWARD_20260302.pdf,.pdf,application/pdf,3392431,68a679123bf165a9ff71743bfa3faf7f95851284d59fb95eb266f4c5436a0470,OS7090/V220279/Willem/Subawards/IDAHO ASSOCIATION OF SOIL CONSERVATION DISTRICTS/V220279_OS7090_909994_SUBAWARD_20260302.pdf,VERAS,Y,duplicate_content
DOC-d174c7229ab5-3,DOC-SUBAWARD,Subawards,Award,OS7090,V220279,OS7090,V220279_OS7090_909994_SUBAWARD_SIGNED_20260302.pdf,.pdf,application/pdf,13606682,d174c7229ab5bf81402246f9ebb187e255f9545fa2d408d5894b93d6290c432a,OS7090/V220279/Willem/Subawards/IDAHO ASSOCIATION OF SOIL CONSERVATION DISTRICTS/V220279_OS7090_909994_SUBAWARD_SIGNED_20260302.pdf,VERAS,Y,duplicate_content
DOC-675d4d14dfe5-3,DOC-SUBAWARD,Subawards,Award,OS7090,V220279,OS7090,V220279_OS7090-909981_SUBAWARD_CORRECTED_20260302.pdf,.pdf,application/pdf,9453013,675d4d14dfe5d5798edd060c02ea2058aa4f56b78a6e64257b5d4c3f753fcb2a,OS7090/V220279/Willem/Subawards/LATAH SOIL AND WATER CONSERVATION DISTRICT/V220279_OS7090-909981_SUBAWARD_CORRECTED_20260302.pdf,VERAS,Y,duplicate_content
DOC-b3a77b028d09-3,DOC-SUBAWARD,Subawards,Award,OS7090,V220279,OS7090,V220279_OS7090_909981_AMENDMENT_V01_20260302.pdf,.pdf,application/pdf,8400181,b3a77b028d09e7ea116db34f1798c46e019c242dd98348ec5ce95b7f90fa8261,OS7090/V220279/Willem/Subawards/LATAH SOIL AND WATER CONSERVATION DISTRICT/V220279_OS7090_909981_AMENDMENT_V01_20260302.pdf,VERAS,Y,duplicate_content
DOC-42555e7645b6-3,DOC-SUBAWARD,Subawards,Award,OS7090,V220279,OS7090,V220279_OS7090_909981_AMENDMENT_V02_FE_20260302.pdf,.pdf,application/pdf,4141373,42555e7645b6e779563d42cf5b84187e38b29209cecdfa58d310f6b4213e52c1,OS7090/V220279/Willem/Subawards/LATAH SOIL AND WATER CONSERVATION DISTRICT/V220279_OS7090_909981_AMENDMENT_V02_FE_20260302.pdf,VERAS,Y,duplicate_content
DOC-9d029f5cabef-2,DOC-SUBAWARD,Subawards,Award,OS7090,V220279,OS7090,V220279_OS7090_909981_SUBAWARD_20260302.pdf,.pdf,application/pdf,7145137,9d029f5cabeffc0828f757e236ec909d824ffc330c7985623866e7396cef61ea,OS7090/V220279/Willem/Subawards/LATAH SOIL AND WATER CONSERVATION DISTRICT/V220279_OS7090_909981_SUBAWARD_20260302.pdf,VERAS,Y,duplicate_content
DOC-7bae36396496-3,DOC-SUBAWARD,Subawards,Award,OS7090,V220279,OS7090,V220279_OS7090_909980_AMENDMENT_20260302.pdf,.pdf,application/pdf,8685239,7bae3639649639e2d8beb85aa22a7ba1baad12418dea866a34bc4415874008f6,OS7090/V220279/Willem/Subawards/NEZ PERCE SOIL AND WATER CONSERVATION DISTRICT/V220279_OS7090_909980_AMENDMENT_20260302.pdf,VERAS,Y,duplicate_content
DOC-cf31925af975-2,DOC-SUBAWARD,Subawards,Award,OS7090,V220279,OS7090,V220279_OS7090_909980_SUBAWARD_20260302.pdf,.pdf,application/pdf,7718417,cf31925af975fde127a1ce7af59a560549bb03c1fd6b5f925e7a703d7176a7e8,OS7090/V220279/Willem/Subawards/NEZ PERCE SOIL AND WATER CONSERVATION DISTRICT/V220279_OS7090_909980_SUBAWARD_20260302.pdf,VERAS,Y,duplicate_content
DOC-4722314d0953-3,DOC-SUBAWARD,Subawards,Award,OS7090,V220279,OS7090,V220279_OS7070_909991_AMENDMENT_V02_20260302.pdf,.pdf,application/pdf,7096261,4722314d0953bd7537905618e9b6aab31d37763d86305a740baae973e6a77626,OS7090/V220279/Willem/Subawards/NEZ PERCE TRIBE/V220279_OS7070_909991_AMENDMENT_V02_20260302.pdf,VERAS,Y,duplicate_content
DOC-981a73ce8f0c-3,DOC-SUBAWARD,Subawards,Award,OS7090,V220279,OS7090,V220279_OS7090_909911_SUBAWARD_20260302.pdf,.pdf,application/pdf,17005403,981a73ce8f0cae981d47e264a093bf957f488cdd4f8e4d92fc3598c12798c446,OS7090/V220279/Willem/Subawards/NEZ PERCE TRIBE/V220279_OS7090_909911_SUBAWARD_20260302.pdf,VERAS,Y,duplicate_content
DOC-11e501136ca0-3,DOC-SUBAWARD,Subawards,Award,OS7090,V220279,OS7090,V220279_OS7090_909991_AMENDMENT_V01_FE_202060302.pdf,.pdf,application/pdf,554896,11e501136ca088de0dabe1d15b8a17b63f001d4fe1b472267f54c8552749019e,OS7090/V220279/Willem/Subawards/NEZ PERCE TRIBE/V220279_OS7090_909991_AMENDMENT_V01_FE_202060302.pdf,VERAS,Y,duplicate_content
DOC-2e39b96b8af4-3,DOC-SUBAWARD,Subawards,Award,OS7090,V220279,OS7090,V220279_OS7090_909989_AMENDMENT_V01_20260302.pdf,.pdf,application/pdf,7793266,2e39b96b8af4c693694dbc84a465a17053b1a7fbb2332f78a1dac3fc9dd3ce6c,OS7090/V220279/Willem/Subawards/SAULGILL LLC/V220279_OS7090_909989_AMENDMENT_V01_20260302.pdf,VERAS,Y,duplicate_content
DOC-ef2a43a11a90-3,DOC-SUBAWARD,Subawards,Award,OS7090,V220279,OS7090,V220279_OS7090_909989_AMENDMENT_V02_20260302.pdf,.pdf,application/pdf,6876855,ef2a43a11a90bab1df03f17f5c834e681fe58355e70faa1e9e9356ed960ba4c1,OS7090/V220279/Willem/Subawards/SAULGILL LLC/V220279_OS7090_909989_AMENDMENT_V02_20260302.pdf,VERAS,Y,duplicate_content
DOC-a0938e2a77cf-3,DOC-SUBAWARD,Subawards,Award,OS7090,V220279,OS7090,V220279_OS7090_909989_SUBAWARD_20260302.pdf,.pdf,application/pdf,14333232,a0938e2a77cf2bf3b5ca7b9c9f2101147af721d9cd3de091d84ff2a50f4eeacd,OS7090/V220279/Willem/Subawards/SAULGILL LLC/V220279_OS7090_909989_SUBAWARD_20260302.pdf,VERAS,Y,duplicate_content
DOC-1140c6c97ab7-3,DOC-SUBAWARD,Subawards,Award,OS7090,V220279,OS7090,V220279_OS7090_90993_SUBAWARD_20260302.pdf,.pdf,application/pdf,9600720,1140c6c97ab7f78f4928784c9f1a20ef2bed7b63a92b4ce3d794543681707b25,OS7090/V220279/Willem/Subawards/THE NATURE CONSERVANCY/V220279_OS7090_90993_SUBAWARD_20260302.pdf,VERAS,Y,duplicate_content
DOC-579dfa2ecaa9-3,DOC-SUBAWARD,Subawards,Award,OS7090,V220279,OS7090,V220279_OS7090_909993_AMENDMENT_V01_20260302.pdf,.pdf,application/pdf,9945552,579dfa2ecaa99225cdfc79025d0fbe3d69fe531b89abbe54bf1b073bd0e7c02e,OS7090/V220279/Willem/Subawards/THE NATURE CONSERVANCY/V220279_OS7090_909993_AMENDMENT_V01_20260302.pdf,VERAS,Y,duplicate_content
DOC-3d112e734eb2-3,DOC-SUBAWARD,Subawards,Award,OS7090,V220279,OS7090,V220279_OS7090_909993_AMENDMENT_V02_20260302.pdf,.pdf,application/pdf,7216584,3d112e734eb2805f59c23c1209d381bddba77d62b088b3cee399a6187c975626,OS7090/V220279/Willem/Subawards/THE NATURE CONSERVANCY/V220279_OS7090_909993_AMENDMENT_V02_20260302.pdf,VERAS,Y,duplicate_content
DOC-279a01ea6ee4-3,DOC-SUBAWARD,Subawards,Award,OS7090,V220279,OS7090,V220279_OS7090_909982_AMENDMENT_20260302.pdf,.pdf,application/pdf,7535319,279a01ea6ee415cd59ef9b7d9a0e130972693ee4aa5d60ca0a77356b624932c4,OS7090/V220279/Willem/Subawards/UNIVERSITY OF GEORGIA RESEARCH FOUNDATION INC/V220279_OS7090_909982_AMENDMENT_20260302.pdf,VERAS,Y,duplicate_content
DOC-7202afb85cd0-3,DOC-SUBAWARD,Subawards,Award,OS7090,V220279,OS7090,V220279_OS7090_909982_SUBAWARD_20260302.pdf,.pdf,application/pdf,99692163,7202afb85cd0d34b9d081bf03fe290646ac18b69def01f15451ed2b84e157a84,OS7090/V220279/Willem/Subawards/UNIVERSITY OF GEORGIA RESEARCH FOUNDATION INC/V220279_OS7090_909982_SUBAWARD_20260302.pdf,VERAS,Y,duplicate_content
DOC-7b9f0e5be8f5,DOC-AWARD-INST,Award Instrument,Award,SI3394,V220843,SI3394,08900D_5P20GM103408-19_NIH-NOA-Revised _20260313.pdf,.pdf,application/pdf,110171,7b9f0e5be8f58e83c854715596ca1a85ab55d343b1bbc25e48baa394bc2b0001,SI3394/08900D/Award Instrument/08900D_5P20GM103408-19_NIH-NOA-Revised _20260313.pdf,VERAS,N,duplicate_content
DOC-7b9f0e5be8f5-1,DOC-AWARD-INST,Award Instrument,Award,SI3394,V220843,SI3394,08900D_5P20GM103408-20S1_NIH-NOA_20260313.pdf,.pdf,application/pdf,110171,7b9f0e5be8f58e83c854715596ca1a85ab55d343b1bbc25e48baa394bc2b0001,SI3394/08900D/Award Instrument/08900D_5P20GM103408-20S1_NIH-NOA_20260313.pdf,VERAS,Y,duplicate_content
DOC-47af528a07a3,DOC-AWARD-INST,Award Instrument,Award,SI3394,V220843,SI3394,08900D_5P20GM103408-20_NIH_NOA_20260313.pdf,.pdf,application/pdf,115253,47af528a07a39b15bf2db52ad05f4939093c857d003ffc68616dcdf76eb361fc,SI3394/08900D/Award Instrument/08900D_5P20GM103408-20_NIH_NOA_20260313.pdf,VERAS,N,
DOC-fb0215c11382,DOC-AWARD-INST,Award Instrument,Award,SI3394,V220843,SI3394,08900D_5P20GM103408-20v_NIH-NOA_20260313.pdf,.pdf,application/pdf,164321,fb0215c113821dd44015e5483d7c9a18c0abfda611ee5c3bab580d0ab80af53d,SI3394/08900D/Award Instrument/08900D_5P20GM103408-20v_NIH-NOA_20260313.pdf,VERAS,N,
DOC-e5cf2fd88a94,DOC-AWARD-INST,Award Instrument,Award,SI3394,V220843,SI3394,08900D_5P20GM103408_21S2_20260313.pdf,.pdf,application/pdf,601852,e5cf2fd88a94434bd685fc0cef226907f6f5e03ad63e987d966db8ca49604adc,SI3394/08900D/Award Instrument/08900D_5P20GM103408_21S2_20260313.pdf,VERAS,N,
DOC-d14be3b6bd1c,DOC-AWARD-INST,Award Instrument,Award,SI3394,V220843,SI3394,08900D_5P20GM103408_23REVISED_20260313.pdf,.pdf,application/pdf,290695,d14be3b6bd1ca4022b1f42c5474afb88f7e43c0cfabc6ecde569552b307346e8,SI3394/08900D/Award Instrument/08900D_5P20GM103408_23REVISED_20260313.pdf,VERAS,N,duplicate_content
DOC-89b5b2514bb6,DOC-AWARD-INST,Award Instrument,Award,SI3394,V220843,SI3394,08900D_5P20GM103408_5P20GM103408-23-Noa_20260313.pdf,.pdf,application/pdf,244999,89b5b2514bb683082b96522ad51195967896a440ac311f52c05264600efcce6c,SI3394/08900D/Award Instrument/08900D_5P20GM103408_5P20GM103408-23-Noa_20260313.pdf,VERAS,N,
DOC-a29daaae541b,DOC-AWARD-INST,Award Instrument,Award,SI3394,V220843,SI3394,08900D_5P20GM103408_5P20GM103408-23S2-Noa_20260313.pdf,.pdf,application/pdf,230188,a29daaae541b8fe13cb048842c2074e6cacd0bec48c6b19f42eedc08c2a31826,SI3394/08900D/Award Instrument/08900D_5P20GM103408_5P20GM103408-23S2-Noa_20260313.pdf,VERAS,N,
DOC-fa81367129e9,DOC-AWARD-INST,Award Instrument,Award,SI3394,V220843,SI3394,08900D_5P20GM103408_5P20GM103408-23_20260313.pdf,.pdf,application/pdf,161970,fa81367129e971bc1eb184901031367bfceb851c2e3662ecab19cfc81d34125a,SI3394/08900D/Award Instrument/08900D_5P20GM103408_5P20GM103408-23_20260313.pdf,VERAS,N,
DOC-ca93b4974bb2,DOC-AWARD-INST,Award Instrument,Award,SI3394,V220843,SI3394,08900D_5P20GM103408_ACH Program Income_20260313.pdf,.pdf,application/pdf,176011,ca93b4974bb23cb35c6999311146be01903b7491fb503012373f943c288077d5,SI3394/08900D/Award Instrument/08900D_5P20GM103408_ACH Program Income_20260313.pdf,VERAS,N,
DOC-0831b6d0b845,DOC-AWARD-INST,Award Instrument,Award,SI3394,V220843,SI3394,08900D_5P20GM103408_B. Johnson NIH package_20260313.pdf,.pdf,application/pdf,3236039,0831b6d0b84518595bff890918ec49459965dc7baa41c96c8935b7657c20ae2a,SI3394/08900D/Award Instrument/08900D_5P20GM103408_B. Johnson NIH package_20260313.pdf,VERAS,N,
DOC-ba1cf06caac4,DOC-AWARD-INST,Award Instrument,Award,SI3394,V220843,SI3394,08900D_5P20GM103408_B. Johnson Pilot Project_20260313.pdf,.pdf,application/pdf,1946431,ba1cf06caac402f0c541e2121be4063f046cce14cba7ccd7b2a692553d855868,SI3394/08900D/Award Instrument/08900D_5P20GM103408_B. Johnson Pilot Project_20260313.pdf,VERAS,N,
DOC-254436930510,DOC-AWARD-INST,Award Instrument,Award,SI3394,V220843,SI3394,08900D_5P20GM103408_B. Richardson NIH Package Signed_20260313.pdf,.pdf,application/pdf,6370650,25443693051024540fe215c4911a1caa2a6aac3c53c4f76da519326f62d8b490,SI3394/08900D/Award Instrument/08900D_5P20GM103408_B. Richardson NIH Package Signed_20260313.pdf,VERAS,N,
DOC-d359b9d19890,DOC-AWARD-INST,Award Instrument,Award,SI3394,V220843,SI3394,08900D_5P20GM103408_BSU AR PA 10-24-2019 S_20260313.pdf,.pdf,application/pdf,423974,d359b9d198903536b68ce9461897ca3d1a385c712f78fe58c5f19ff34cda05a0,SI3394/08900D/Award Instrument/08900D_5P20GM103408_BSU AR PA 10-24-2019 S_20260313.pdf,VERAS,N,
DOC-4dc8f00f9cb2,DOC-AWARD-INST,Award Instrument,Award,SI3394,V220843,SI3394,08900D_5P20GM103408_Budget -carryforward request_20260313.pdf,.pdf,application/pdf,157599,4dc8f00f9cb2f057a5b6c5d9803ed27bff63610834f408e92139c2fa91be46b5,SI3394/08900D/Award Instrument/08900D_5P20GM103408_Budget -carryforward request_20260313.pdf,VERAS,N,
DOC-ee4ce659a460,DOC-AWARD-INST,Award Instrument,Award,SI3394,V220843,SI3394,08900D_5P20GM103408_CWI Oppenheimber PHS IRB Request_20260313.pdf,.pdf,application/pdf,4603608,ee4ce659a46087f2f3f96548023985109afcc5887006aa474a9624301fe87c92,SI3394/08900D/Award Instrument/08900D_5P20GM103408_CWI Oppenheimber PHS IRB Request_20260313.pdf,VERAS,N,
DOC-c11dc50245b6,DOC-AWARD-INST,Award Instrument,Award,SI3394,V220843,SI3394,08900D_5P20GM103408_CWI Summer Project with Human subject Research_20260313.docx,.docx,application/vnd.openxmlformats-officedocument.wordprocessingml.document,962198,c11dc50245b6b197e75aa4ac81e8427255dc78df4ce18a2976a5f6c7ca0a8ada,SI3394/08900D/Award Instrument/08900D_5P20GM103408_CWI Summer Project with Human subject Research_20260313.docx,VERAS,N,
DOC-8fa59dba25bd,DOC-AWARD-INST,Award Instrument,Award,SI3394,V220843,SI3394,08900D_5P20GM103408_Carryforward request updated_20260313.pdf,.pdf,application/pdf,107204,8fa59dba25bd50604d86f7d1eafe788172dce0eb5ba702e649ef02718ab3c135,SI3394/08900D/Award Instrument/08900D_5P20GM103408_Carryforward request updated_20260313.pdf,VERAS,N,duplicate_content
DOC-91b033c44fcd,DOC-AWARD-INST,Award Instrument,Award,SI3394,V220843,SI3394,08900D_5P20GM103408_D. Xu Face Page_20260313.pdf,.pdf,application/pdf,226500,91b033c44fcd288ae3708b09089903ae13333e98a011711957a4be660dd5ad6e,SI3394/08900D/Award Instrument/08900D_5P20GM103408_D. Xu Face Page_20260313.pdf,VERAS,N,
DOC-1c9c75ea5014,DOC-AWARD-INST,Award Instrument,Award,SI3394,V220843,SI3394,08900D_5P20GM103408_D. Xu PHSHumanSubjectsAndClinicalTrialsInfo-V1_20260313.pdf,.pdf,application/pdf,2607053,1c9c75ea50148bf12c0ed74aad794835f90577badf014da98891259b9ebea9a4,SI3394/08900D/Award Instrument/08900D_5P20GM103408_D. Xu PHSHumanSubjectsAndClinicalTrialsInfo-V1_20260313.pdf,VERAS,N,
DOC-bbc6a5fbd536,DOC-AWARD-INST,Award Instrument,Award,SI3394,V220843,SI3394,08900D_5P20GM103408_Early Set-Up Dianna Mitchell_20260313.pdf,.pdf,application/pdf,168741,bbc6a5fbd53618946ebae67b50e198b0fe94ff23d665f2906e2206dec50ef594,SI3394/08900D/Award Instrument/08900D_5P20GM103408_Early Set-Up Dianna Mitchell_20260313.pdf,VERAS,N,
DOC-63f789471cca,DOC-AWARD-INST,Award Instrument,Award,SI3394,V220843,SI3394,08900D_5P20GM103408_Early Setup Request_20260313.pdf,.pdf,application/pdf,470655,63f789471ccac644ae3bfbe17c5c1cdf9d6030468ffcbe9b686793eb2f910848,SI3394/08900D/Award Instrument/08900D_5P20GM103408_Early Setup Request_20260313.pdf,VERAS,N,
DOC-49a52b049052,DOC-AWARD-INST,Award Instrument,Award,SI3394,V220843,SI3394,08900D_5P20GM103408_FY22 Carryover approval_20260313.pdf,.pdf,application/pdf,159802,49a52b049052000a5923b8f25fe53a1550a0433b382059ea336fb37042686a19,SI3394/08900D/Award Instrument/08900D_5P20GM103408_FY22 Carryover approval_20260313.pdf,VERAS,N,
DOC-85963f6a3e2f,DOC-AWARD-INST,Award Instrument,Award,SI3394,V220843,SI3394,08900D_5P20GM103408_G. Uzer NIH Package1_20260313.pdf,.pdf,application/pdf,3688145,85963f6a3e2f4ebf820db75e83c3fb9aed34911238c28640d1ffe0eb272af687,SI3394/08900D/Award Instrument/08900D_5P20GM103408_G. Uzer NIH Package1_20260313.pdf,VERAS,N,
DOC-6e9d4e4cab59,DOC-AWARD-INST,Award Instrument,Award,SI3394,V220843,SI3394,08900D_5P20GM103408_G. Uzer NIH Package_20260313.pdf,.pdf,application/pdf,4546272,6e9d4e4cab59928f91b05f957012ebe97e7dfaa1f4a54ed5d7ba7c216f97bafa,SI3394/08900D/Award Instrument/08900D_5P20GM103408_G. Uzer NIH Package_20260313.pdf,VERAS,N,
DOC-e98807aa202d,DOC-AWARD-INST,Award Instrument,Award,SI3394,V220843,SI3394,08900D_5P20GM103408_G. Uzer OSP Package_20260313.pdf,.pdf,application/pdf,2618724,e98807aa202d4945b0b325e44623f46673fc40aee5c0231e6bc4c3824a218088,SI3394/08900D/Award Instrument/08900D_5P20GM103408_G. Uzer OSP Package_20260313.pdf,VERAS,N,
DOC-090cca047a65,DOC-AWARD-INST,Award Instrument,Award,SI3394,V220843,SI3394,08900D_5P20GM103408_GRT 205298 1650_20260313.pdf,.pdf,application/pdf,69371,090cca047a65b5a75e8638d015e251d2edfcb51554cc47efded03d1c70e9ead1,SI3394/08900D/Award Instrument/08900D_5P20GM103408_GRT 205298 1650_20260313.pdf,VERAS,N,
DOC-7481a36a9338,DOC-AWARD-INST,Award Instrument,Award,SI3394,V220843,SI3394,08900D_5P20GM103408_GRT Program Income_20260313.pdf,.pdf,application/pdf,68008,7481a36a9338968ca68c153cb6ef5bc00e0983a78de079a3f5284944ded0682c,SI3394/08900D/Award Instrument/08900D_5P20GM103408_GRT Program Income_20260313.pdf,VERAS,N,
DOC-d8dce4b74eed,DOC-AWARD-INST,Award Instrument,Award,SI3394,V220843,SI3394,08900D_5P20GM103408_ID. Xu NIH Package_20260313.pdf,.pdf,application/pdf,3777099,d8dce4b74eed9a95dd68b6d5db044d900aaa364f4a11bbce27ccca8f155ea467,SI3394/08900D/Award Instrument/08900D_5P20GM103408_ID. Xu NIH Package_20260313.pdf,VERAS,N,
DOC-d4f5a8bb5958,DOC-AWARD-INST,Award Instrument,Award,SI3394,V220843,SI3394,08900D_5P20GM103408_INBRE Updated Spreadsheet_20260313.pdf,.pdf,application/pdf,246292,d4f5a8bb595827efd695184f0988987537349114050fd258345ad4db63e50110,SI3394/08900D/Award Instrument/08900D_5P20GM103408_INBRE Updated Spreadsheet_20260313.pdf,VERAS,N,
DOC-11bc93824674,DOC-AWARD-INST,Award Instrument,Award,SI3394,V220843,SI3394,08900D_5P20GM103408_INBRE-4 OVERALL BUDGET- Year 1_20260313.xlsx,.xlsx,application/vnd.openxmlformats-officedocument.spreadsheetml.sheet,31497,11bc93824674ea4345577cfd7e5f87b71093455e3bd906b7e536efcd652b6c75,SI3394/08900D/Award Instrument/08900D_5P20GM103408_INBRE-4 OVERALL BUDGET- Year 1_20260313.xlsx,VERAS,N,
DOC-dc0ea6ba883e,DOC-AWARD-INST,Award Instrument,Award,SI3394,V220843,SI3394,08900D_5P20GM103408_INBRE-4 OVERALL BUDGET_20260313.xlsx,.xlsx,application/vnd.openxmlformats-officedocument.spreadsheetml.sheet,27060,dc0ea6ba883ef5bcdfacff356ae8705f8c7d4c7454b4dd453ce40e1a5ab89e42,SI3394/08900D/Award Instrument/08900D_5P20GM103408_INBRE-4 OVERALL BUDGET_20260313.xlsx,VERAS,N,
DOC-9202861393a7,DOC-AWARD-INST,Award Instrument,Award,SI3394,V220843,SI3394,08900D_5P20GM103408_INBRE-4 year 2 index assignment V3_20260313.xlsx,.xlsx,application/vnd.openxmlformats-officedocument.spreadsheetml.sheet,28665,9202861393a7a65c518b007b074e7fd1566014c43ce7bda265c86dedb4ed1f09,SI3394/08900D/Award Instrument/08900D_5P20GM103408_INBRE-4 year 2 index assignment V3_20260313.xlsx,VERAS,N,
DOC-2529f0682d6c,DOC-AWARD-INST,Award Instrument,Award,SI3394,V220843,SI3394,08900D_5P20GM103408_MOD #22 - MM & MT_20260313.pdf,.pdf,application/pdf,495430,2529f0682d6c062d70cca1ee61800bfec01840e3ebd09e4a10e56e57ed9ed482,SI3394/08900D/Award Instrument/08900D_5P20GM103408_MOD #22 - MM & MT_20260313.pdf,VERAS,N,
DOC-517b6f9ee685,DOC-AWARD-INST,Award Instrument,Award,SI3394,V220843,SI3394,08900D_5P20GM103408_NIH Package L. Montrose_20260313.pdf,.pdf,application/pdf,3612151,517b6f9ee6851336e29ef2d3b63ef770c98e2ce2a77cb40f8b2cc4bfcf7839bc,SI3394/08900D/Award Instrument/08900D_5P20GM103408_NIH Package L. Montrose_20260313.pdf,VERAS,N,
DOC-8e0e3cc94856,DOC-AWARD-INST,Award Instrument,Award,SI3394,V220843,SI3394,08900D_5P20GM103408_NIH Packet for N. Johnston1_20260313.pdf,.pdf,application/pdf,1918355,8e0e3cc9485694e83e0085ae01121dde9b780861a37bd80afe0f7ddebb218427,SI3394/08900D/Award Instrument/08900D_5P20GM103408_NIH Packet for N. Johnston1_20260313.pdf,VERAS,N,
DOC-ad5cc44ad4bb,DOC-AWARD-INST,Award Instrument,Award,SI3394,V220843,SI3394,08900D_5P20GM103408_NIH Packet for N. Johnston_20260313.pdf,.pdf,application/pdf,2738591,ad5cc44ad4bb25c8e162f773b4015e1081adaa50822df5e9b747fad55a0e4fcf,SI3394/08900D/Award Instrument/08900D_5P20GM103408_NIH Packet for N. Johnston_20260313.pdf,VERAS,N,
DOC-5b4b40c78d3c,DOC-AWARD-INST,Award Instrument,Award,SI3394,V220843,SI3394,08900D_5P20GM103408_NIH certificate of course completion_20260313.pdf,.pdf,application/pdf,523665,5b4b40c78d3c43609b7dd38dbf5fcf16faedd62cb91774fbe0669ff8dda7845f,SI3394/08900D/Award Instrument/08900D_5P20GM103408_NIH certificate of course completion_20260313.pdf,VERAS,N,
DOC-4e0cf03a5f5d,DOC-AWARD-INST,Award Instrument,Award,SI3394,V220843,SI3394,08900D_5P20GM103408_NIH_NOA_20260313 (1).pdf,.pdf,application/pdf,106822,4e0cf03a5f5dcc8d8daab1df3c005b02301ab399710778cd1193e86d1d94668b,SI3394/08900D/Award Instrument/08900D_5P20GM103408_NIH_NOA_20260313 (1).pdf,VERAS,N,
DOC-59117cc812f4,DOC-AWARD-INST,Award Instrument,Award,SI3394,V220843,SI3394,08900D_5P20GM103408_NIH_NOA_20260313.pdf,.pdf,application/pdf,562777,59117cc812f4640d3969931c0855a5d0be33c4e252e2b6a12e635c3867b9edd1,SI3394/08900D/Award Instrument/08900D_5P20GM103408_NIH_NOA_20260313.pdf,VERAS,N,
DOC-5efe3eb08471,DOC-AWARD-INST,Award Instrument,Award,SI3394,V220843,SI3394,08900D_5P20GM103408_NIH_NOA_5P20GM103408-20_20260313.pdf,.pdf,application/pdf,115132,5efe3eb0847167f351d951d1e49c28162f2e738e2a79ac5f344e8a4b5292a618,SI3394/08900D/Award Instrument/08900D_5P20GM103408_NIH_NOA_5P20GM103408-20_20260313.pdf,VERAS,N,
DOC-72f5463e3979,DOC-AWARD-INST,Award Instrument,Award,SI3394,V220843,SI3394,08900D_5P20GM103408_NON-IRB_20260313.pdf,.pdf,application/pdf,541517,72f5463e397940ad98b17bae34991c89c8bb238ae85aae15249f6ddfcee2da4a,SI3394/08900D/Award Instrument/08900D_5P20GM103408_NON-IRB_20260313.pdf,VERAS,N,
DOC-c9962d1ca666,DOC-AWARD-INST,Award Instrument,Award,SI3394,V220843,SI3394,08900D_5P20GM103408_NoA - INBRE Carry Forward_20260313.pdf,.pdf,application/pdf,592821,c9962d1ca6668b9c72e51df18edb62a1e3594da6c5cbb84d70ff7c4443497fba,SI3394/08900D/Award Instrument/08900D_5P20GM103408_NoA - INBRE Carry Forward_20260313.pdf,VERAS,N,
DOC-7de9d638dd3f,DOC-AWARD-INST,Award Instrument,Award,SI3394,V220843,SI3394,08900D_5P20GM103408_Oppenheimer_PHS_human_subjects_20260313.pdf,.pdf,application/pdf,3652531,7de9d638dd3feb0bcfb73d153910f08c77cc400cb16f65eec7bdc7ee305e478e,SI3394/08900D/Award Instrument/08900D_5P20GM103408_Oppenheimer_PHS_human_subjects_20260313.pdf,VERAS,N,
DOC-fc7a04adc2d5,DOC-AWARD-INST,Award Instrument,Award,SI3394,V220843,SI3394,08900D_5P20GM103408_Original requset (note this was modified)_20260313.pdf,.pdf,application/pdf,108675,fc7a04adc2d52b8acaa5a84bec4f0dcf292b1bd919e1c6f4b86f54acf39f9526,SI3394/08900D/Award Instrument/08900D_5P20GM103408_Original requset (note this was modified)_20260313.pdf,VERAS,N,duplicate_content
DOC-545afcb18bcd,DOC-AWARD-INST,Award Instrument,Award,SI3394,V220843,SI3394,08900D_5P20GM103408_PHSHumanSubjectsAndClinicalTrialsInfo-V1.0_20260313.pdf,.pdf,application/pdf,2059371,545afcb18bcd976bc747e1818ab90e8616588e8d68d65bb2efc9d67b2d56bd3a,SI3394/08900D/Award Instrument/08900D_5P20GM103408_PHSHumanSubjectsAndClinicalTrialsInfo-V1.0_20260313.pdf,VERAS,N,
DOC-7c56afb6469f,DOC-AWARD-INST,Award Instrument,Award,SI3394,V220843,SI3394,08900D_5P20GM103408_Package for OSP N. Johnston_20260313.pdf,.pdf,application/pdf,2404263,7c56afb6469f32e6d84ed07ebda67d26f8a03642bb493c28b07eeb37bc1457e5,SI3394/08900D/Award Instrument/08900D_5P20GM103408_Package for OSP N. Johnston_20260313.pdf,VERAS,N,
DOC-6a72fcb77e50,DOC-AWARD-INST,Award Instrument,Award,SI3394,V220843,SI3394,08900D_5P20GM103408_Prior approval from V231116_20260313.pdf,.pdf,application/pdf,157300,6a72fcb77e50d5b7d6c417c53be5b5041ccf79084bfc433fee79cec59501c026,SI3394/08900D/Award Instrument/08900D_5P20GM103408_Prior approval from V231116_20260313.pdf,VERAS,N,duplicate_content
DOC-bd9bd6ebca20,DOC-AWARD-INST,Award Instrument,Award,SI3394,V220843,SI3394,08900D_5P20GM103408_Proposal Approval Email_20260313.pdf,.pdf,application/pdf,307584,bd9bd6ebca20f908cd9457f8a92ed84e6b6e548d627937172b142f2f304ba9d4,SI3394/08900D/Award Instrument/08900D_5P20GM103408_Proposal Approval Email_20260313.pdf,VERAS,N,
DOC-6b0c82ef824b,DOC-AWARD-INST,Award Instrument,Award,SI3394,V220843,SI3394,08900D_5P20GM103408_Rest of MOD #22 Funding_20260313.pdf,.pdf,application/pdf,500942,6b0c82ef824bd61f37e54aae77587abd2119fb288560a6b7e914539dde866e53,SI3394/08900D/Award Instrument/08900D_5P20GM103408_Rest of MOD #22 Funding_20260313.pdf,VERAS,N,
DOC-b96861b6fd4f,DOC-AWARD-INST,Award Instrument,Award,SI3394,V220843,SI3394,08900D_5P20GM103408_Revised_20260313.pdf,.pdf,application/pdf,490223,b96861b6fd4f7a011d35c5012ebe308f97c6cf922cdaa9abd365e534568bc92f,SI3394/08900D/Award Instrument/08900D_5P20GM103408_Revised_20260313.pdf,VERAS,N,
DOC-6cc882f47463,DOC-AWARD-INST,Award Instrument,Award,SI3394,V220843,SI3394,08900D_5P20GM103408_S. Long OSP Package_20260313.pdf,.pdf,application/pdf,3636614,6cc882f4746394d3d9812c6285e19a1d0f4a70c17916657e7c2bcf3daa85e4d0,SI3394/08900D/Award Instrument/08900D_5P20GM103408_S. Long OSP Package_20260313.pdf,VERAS,N,
DOC-8a6e04a83682,DOC-AWARD-INST,Award Instrument,Award,SI3394,V220843,SI3394,08900D_5P20GM103408_S. Long Pilot Project_20260313.pdf,.pdf,application/pdf,1608327,8a6e04a836825d27f12d5b5f0fabf6bbceaed57b69d28989c07ad0514b0df01c,SI3394/08900D/Award Instrument/08900D_5P20GM103408_S. Long Pilot Project_20260313.pdf,VERAS,N,
DOC-b0def5335625,DOC-AWARD-INST,Award Instrument,Award,SI3394,V220843,SI3394,08900D_5P20GM103408_S. Long package for NIH_20260313.pdf,.pdf,application/pdf,2989086,b0def5335625a7af9edf59f77dd603cec52580ade33f91d2ddf8e5d9e7d99d84,SI3394/08900D/Award Instrument/08900D_5P20GM103408_S. Long package for NIH_20260313.pdf,VERAS,N,
DOC-69a937595f79,DOC-AWARD-INST,Award Instrument,Award,SI3394,V220843,SI3394,08900D_5P20GM103408_S. PU NIH Package_20260313.pdf,.pdf,application/pdf,3011357,69a937595f79f1eb42ffae790bef9d7549746fc82b63ce18adf80a966a28e806,SI3394/08900D/Award Instrument/08900D_5P20GM103408_S. PU NIH Package_20260313.pdf,VERAS,N,
DOC-854b602d9cbe,DOC-AWARD-INST,Award Instrument,Award,SI3394,V220843,SI3394,08900D_5P20GM103408_S. Pu NIH Package1_20260313.pdf,.pdf,application/pdf,3173809,854b602d9cbe4ba0fcb27389d3b50d4949d7fff27e04a4bd283b0850339dbb66,SI3394/08900D/Award Instrument/08900D_5P20GM103408_S. Pu NIH Package1_20260313.pdf,VERAS,N,
DOC-8e2e46d7f069,DOC-AWARD-INST,Award Instrument,Award,SI3394,V220843,SI3394,08900D_5P20GM103408_Skibiel early set-up_20260313.pdf,.pdf,application/pdf,174276,8e2e46d7f0691ee74cb74f4ed17289eee9a453a9d368a22bdd55112ab37db51a,SI3394/08900D/Award Instrument/08900D_5P20GM103408_Skibiel early set-up_20260313.pdf,VERAS,N,
DOC-963ce65315c5,DOC-AWARD-INST,Award Instrument,Award,SI3394,V220843,SI3394,08900D_5P20GM103408_Stack_20260313.pdf,.pdf,application/pdf,116071,963ce65315c5e5fb422b9675ad9e2a3fcf8a24aa55d05cb7bafdb974a4049bf6,SI3394/08900D/Award Instrument/08900D_5P20GM103408_Stack_20260313.pdf,VERAS,N,
DOC-08ecf221d538,DOC-AWARD-INST,Award Instrument,Award,SI3394,V220843,SI3394,08900D_5P20GM103408_Subawardee AOR Letter_20260313.pdf,.pdf,application/pdf,99365,08ecf221d53896ecd4e35bafb338a3e92a932d2a047ec17d38ef8876e3940510,SI3394/08900D/Award Instrument/08900D_5P20GM103408_Subawardee AOR Letter_20260313.pdf,VERAS,N,
DOC-f0071e90d193,DOC-AWARD-INST,Award Instrument,Award,SI3394,V220843,SI3394,08900D_5P20GM103408_Subawardee_AOR_Letter_20260313.pdf,.pdf,application/pdf,147240,f0071e90d19388bff5452f5b9471bfb7f5682fafd9954b3f6529cb47185eb8c8,SI3394/08900D/Award Instrument/08900D_5P20GM103408_Subawardee_AOR_Letter_20260313.pdf,VERAS,N,
DOC-797635b91e00,DOC-AWARD-INST,Award Instrument,Award,SI3394,V220843,SI3394,08900D_5P20GM103408_Team Science NOSI Mitchell Stenkamp NCTE2_20260313.pdf,.pdf,application/pdf,245613,797635b91e00b9a1aaa30fa1a5b5222851631913e10ec6585286b4713b6c8077,SI3394/08900D/Award Instrument/08900D_5P20GM103408_Team Science NOSI Mitchell Stenkamp NCTE2_20260313.pdf,VERAS,N,duplicate_content
DOC-8330bb9475ae,DOC-AWARD-INST,Award Instrument,Award,SI3394,V220843,SI3394,08900D_5P20GM103408_Updated equip budget_20260313.docx,.docx,application/vnd.openxmlformats-officedocument.wordprocessingml.document,32431,8330bb9475aec502d7bcadcf914fc9ee6bdefeffe8a16f151a4bd86afd80adac,SI3394/08900D/Award Instrument/08900D_5P20GM103408_Updated equip budget_20260313.docx,VERAS,N,
DOC-8074e8283293,DOC-AWARD-INST,Award Instrument,Award,SI3394,V220843,SI3394,08900D_5P20GM103408_VAS_Hall_20260313.pdf,.pdf,application/pdf,93601,8074e8283293623ebd1ad6cb4e5c971563afbea2f0bce2fc9d47e7bb336ff7ba,SI3394/08900D/Award Instrument/08900D_5P20GM103408_VAS_Hall_20260313.pdf,VERAS,N,
DOC-a7e8730db504,DOC-AWARD-INST,Award Instrument,Award,SI3394,V220843,SI3394,08900D_5P20GM103408_VAS_Pu INBRE4 Pilot _20260313.pdf,.pdf,application/pdf,11345,a7e8730db5041f9bd92cac22b3274a707a15e14390dc02ad0810222f70d9bf59,SI3394/08900D/Award Instrument/08900D_5P20GM103408_VAS_Pu INBRE4 Pilot _20260313.pdf,VERAS,N,
DOC-a84c5ff44e71,DOC-AWARD-INST,Award Instrument,Award,SI3394,V220843,SI3394,08900D_5P20GM103408_xu letter_20260313.pdf,.pdf,application/pdf,44795,a84c5ff44e7165a0fe540f4fc1b40db7fb2cedc3a2e9920ba8a447ed66011aeb,SI3394/08900D/Award Instrument/08900D_5P20GM103408_xu letter_20260313.pdf,VERAS,N,
DOC-6aba85e5cc70,DOC-UNCATEGORIZED,Uncategorized Nested Record,Proposal,08900D,08900D,SI3394,08900D_5P20GM103408_Early setup_20260313.pdf,.pdf,application/pdf,263817,6aba85e5cc70c275a73cdf2b0e01463839efa8ce5733a6acb324b31f8f819f01,SI3394/08900D/Early Setup/08900D_5P20GM103408_Early setup_20260313.pdf,VERAS,N,uncategorized_nested_record
DOC-17c3b22168d7,DOC-UNCATEGORIZED,Uncategorized Nested Record,Proposal,08900D,08900D,SI3394,08900D_5P20GM103408_027180_General Information_20260313.pdf,.pdf,application/pdf,144532,17c3b22168d7da4f66f173e3d5b67708a358d82059c5ae304e6e78ce425fb927,SI3394/08900D/Post Award and Submission/Completed Submissions/027180_Sponsor Prior Approval Request_2024327/08900D_5P20GM103408_027180_General Information_20260313.pdf,VERAS,N,uncategorized_nested_record
DOC-98cb00a576e8,DOC-PROP-CORR,Proposal Correspondence,Proposal,08900D,08900D,SI3394,08900D_5P20GM103408_027180_End-date extension_20260313.pdf,.pdf,application/pdf,48605,98cb00a576e886d17b690225b4af368b8965701ac24e29e8e4183ae8110605b6,SI3394/08900D/Post Award and Submission/Completed Submissions/027180_Sponsor Prior Approval Request_2024327/Correspondence/08900D_5P20GM103408_027180_End-date extension_20260313.pdf,VERAS,N,
DOC-ed19b57f43a9,DOC-PROP-CORR,Proposal Correspondence,Proposal,08900D,08900D,SI3394,08900D_5P20GM103408_027180_Modification to award received_20260313.pdf,.pdf,application/pdf,46800,ed19b57f43a98d99d7724fd7315a47016070b6833f447dd79a95cd87dc20306d,SI3394/08900D/Post Award and Submission/Completed Submissions/027180_Sponsor Prior Approval Request_2024327/Correspondence/08900D_5P20GM103408_027180_Modification to award received_20260313.pdf,VERAS,N,
DOC-0ac0d0680af1,DOC-PROP-CORR,Proposal Correspondence,Proposal,08900D,08900D,SI3394,08900D_5P20GM103408_027180_NoA_20260313.pdf,.pdf,application/pdf,41423,0ac0d0680af15d29959a65cd5c4b642dc002af60f2ed8f9e7b2bb911592d19c3,SI3394/08900D/Post Award and Submission/Completed Submissions/027180_Sponsor Prior Approval Request_2024327/Correspondence/08900D_5P20GM103408_027180_NoA_20260313.pdf,VERAS,N,
DOC-abd5f468b0a5,DOC-PROP-CORR,Proposal Correspondence,Proposal,08900D,08900D,SI3394,08900D_5P20GM103408_027180_Team Science NOSI_20260313.pdf,.pdf,application/pdf,50510,abd5f468b0a5e30ac8edba5da55de42285cb54aaa17a397fd39a4a549fe587fe,SI3394/08900D/Post Award and Submission/Completed Submissions/027180_Sponsor Prior Approval Request_2024327/Correspondence/08900D_5P20GM103408_027180_Team Science NOSI_20260313.pdf,VERAS,N,
DOC-6117523945bf,DOC-UNCATEGORIZED,Uncategorized Nested Record,Proposal,08900D,08900D,SI3394,08900D_5P20GM103408_027180_Comments_20260313.pdf,.pdf,application/pdf,178498,6117523945bf821a118dfe28cf2ce417b776f8a04fa6a9cb9577cb6f0611c0e5,SI3394/08900D/Post Award and Submission/Completed Submissions/027180_Sponsor Prior Approval Request_2024327/Outcome/08900D_5P20GM103408_027180_Comments_20260313.pdf,VERAS,N,uncategorized_nested_record
DOC-797635b91e00-1,DOC-UNCATEGORIZED,Uncategorized Nested Record,Proposal,08900D,08900D,SI3394,08900D_5P20GM103408_027180_Team Science NOSI Mitchell Stenkamp NCTE_20260313.pdf,.pdf,application/pdf,245613,797635b91e00b9a1aaa30fa1a5b5222851631913e10ec6585286b4713b6c8077,SI3394/08900D/Post Award and Submission/Completed Submissions/027180_Sponsor Prior Approval Request_2024327/Outcome/08900D_5P20GM103408_027180_Team Science NOSI Mitchell Stenkamp NCTE_20260313.pdf,VERAS,Y,uncategorized_nested_record;duplicate_content
DOC-c1f20b7073d2,DOC-PROP-CORR,Proposal Correspondence,Proposal,08900D,08900D,SI3394,08900D_5P20GM103408_027180_Signoff _20260313.pdf,.pdf,application/pdf,109496,c1f20b7073d2c357a57626f107921bcb0093e955d589e43d2c3e561ff8fd6939,SI3394/08900D/Post Award and Submission/Completed Submissions/027180_Sponsor Prior Approval Request_2024327/Submission History/08900D_5P20GM103408_027180_Signoff _20260313.pdf,VERAS,N,
DOC-fc859ee5b751,DOC-SUBMIT-EXP,Submission Export,Proposal,08900D,08900D,SI3394,08900D_5P20GM103408_027180_Submission History_20260313.png,.png,image/png,105302,fc859ee5b751fa83760a374ffedf95c710bf62154354b042df31c03f2064f348,SI3394/08900D/Post Award and Submission/Completed Submissions/027180_Sponsor Prior Approval Request_2024327/Submission History/08900D_5P20GM103408_027180_Submission History_20260313.png,VERAS,N,
DOC-e1d422cf7053,DOC-PROP-CORR,Proposal Correspondence,Proposal,08900D,08900D,SI3394,08900D_5P20GM103408_027183_Correspondence_20260313.pdf,.pdf,application/pdf,41427,e1d422cf7053887ebe5a7f02d33f2c727772bd6f6d1e82592a9309acc899ffdf,SI3394/08900D/Post Award and Submission/Completed Submissions/027183_Sponsor Prior Approval Request_2024327/08900D_5P20GM103408_027183_Correspondence_20260313.pdf,VERAS,N,
DOC-bc20fe73ac0e,DOC-UNCATEGORIZED,Uncategorized Nested Record,Proposal,08900D,08900D,SI3394,08900D_5P20GM103408_027183_General Information_20260313.pdf,.pdf,application/pdf,139874,bc20fe73ac0e4098ff4f593244050e75385917a83b815692c2dfbc17dc7efa0a,SI3394/08900D/Post Award and Submission/Completed Submissions/027183_Sponsor Prior Approval Request_2024327/08900D_5P20GM103408_027183_General Information_20260313.pdf,VERAS,N,uncategorized_nested_record
DOC-04aef298ba49,DOC-PROP-CORR,Proposal Correspondence,Proposal,08900D,08900D,SI3394,08900D_5P20GM103408_027183_Signoff _20260313.png,.png,image/png,79964,04aef298ba4932f9d8482f37aaea203e356070317c6f48b7fed27e5cdede11b6,SI3394/08900D/Post Award and Submission/Completed Submissions/027183_Sponsor Prior Approval Request_2024327/Submission History/08900D_5P20GM103408_027183_Signoff _20260313.png,VERAS,N,
DOC-7fce8c33d5f0,DOC-SUBMIT-EXP,Submission Export,Proposal,08900D,08900D,SI3394,08900D_5P20GM103408_027183_Submission History_20260313.png,.png,image/png,96510,7fce8c33d5f0c9cc26b409e65c183500daf04d359fcce77001830f86109eaba8,SI3394/08900D/Post Award and Submission/Completed Submissions/027183_Sponsor Prior Approval Request_2024327/Submission History/08900D_5P20GM103408_027183_Submission History_20260313.png,VERAS,N,
DOC-088e1873d151,DOC-UNCATEGORIZED,Uncategorized Nested Record,Proposal,08900D,08900D,SI3394,08900D_5P20GM103408_028511_General Information_20260313.pdf,.pdf,application/pdf,139691,088e1873d151a3b04f4ce17a941e538134ba06be2da1c9cee7903bf13e704ecd,SI3394/08900D/Post Award and Submission/Submission in Process/08900D_5P20GM103408_028511_General Information_20260313.pdf,VERAS,N,uncategorized_nested_record
DOC-76f5c8e67bc0,DOC-UNCATEGORIZED,Uncategorized Nested Record,Proposal,08900D,08900D,SI3394,08900D_5P20GM103408_028511_Pre-Revie screening_20260313.pdf,.pdf,application/pdf,134226,76f5c8e67bc0515f35a2166419183095b2e3b6cfe759dd8220f0584b2eb07772,SI3394/08900D/Post Award and Submission/Submission in Process/08900D_5P20GM103408_028511_Pre-Revie screening_20260313.pdf,VERAS,N,uncategorized_nested_record
DOC-5be6123cc5af,DOC-SUBMIT-EXP,Submission Export,Proposal,08900D,08900D,SI3394,08900D_5P20GM103408_028511_SubmissionComponents_20260313.pdf,.pdf,application/pdf,491056,5be6123cc5af960c42cc8e518dc0b6307e6b37d87a7df7551dd563933cc58be8,SI3394/08900D/Post Award and Submission/Submission in Process/08900D_5P20GM103408_028511_SubmissionComponents_20260313.pdf,VERAS,N,
DOC-0978a78a3323,DOC-PROP-CORR,Proposal Correspondence,Proposal,08900D,08900D,SI3394,08900D_5P20GM103408_028511_Carryforward authorization processed_20260313.pdf,.pdf,application/pdf,50770,0978a78a332399428913a9b9baa927f3b3283e9572041b02e3aa960bc08e1283,SI3394/08900D/Post Award and Submission/Submission in Process/Correspondence/08900D_5P20GM103408_028511_Carryforward authorization processed_20260313.pdf,VERAS,N,
DOC-600660bba30b,DOC-PROP-CORR,Proposal Correspondence,Proposal,08900D,08900D,SI3394,08900D_5P20GM103408_028511_Prior approval revisions_20260313.pdf,.pdf,application/pdf,334438,600660bba30b0a7007aa23949f49d2114f30f29c344213717ecf859da3cfbf39,SI3394/08900D/Post Award and Submission/Submission in Process/Correspondence/08900D_5P20GM103408_028511_Prior approval revisions_20260313.pdf,VERAS,N,
DOC-d14be3b6bd1c-1,DOC-UNCATEGORIZED,Uncategorized Nested Record,Proposal,08900D,08900D,SI3394,08900D_5P20GM103408_028511_23REVISED_20260313.pdf,.pdf,application/pdf,290695,d14be3b6bd1ca4022b1f42c5474afb88f7e43c0cfabc6ecde569552b307346e8,SI3394/08900D/Post Award and Submission/Submission in Process/Outcome/08900D_5P20GM103408_028511_23REVISED_20260313.pdf,VERAS,Y,uncategorized_nested_record;duplicate_content
DOC-8fa59dba25bd-1,DOC-UNCATEGORIZED,Uncategorized Nested Record,Proposal,08900D,08900D,SI3394,08900D_5P20GM103408_028511_Carryforward requset updated_20260313.pdf,.pdf,application/pdf,107204,8fa59dba25bd50604d86f7d1eafe788172dce0eb5ba702e649ef02718ab3c135,SI3394/08900D/Post Award and Submission/Submission in Process/Outcome/08900D_5P20GM103408_028511_Carryforward requset updated_20260313.pdf,VERAS,Y,uncategorized_nested_record;duplicate_content
DOC-fc7a04adc2d5-1,DOC-UNCATEGORIZED,Uncategorized Nested Record,Proposal,08900D,08900D,SI3394,08900D_5P20GM103408_028511_Original requset (note this was modified)_20260313.pdf,.pdf,application/pdf,108675,fc7a04adc2d52b8acaa5a84bec4f0dcf292b1bd919e1c6f4b86f54acf39f9526,SI3394/08900D/Post Award and Submission/Submission in Process/Outcome/08900D_5P20GM103408_028511_Original requset (note this was modified)_20260313.pdf,VERAS,Y,uncategorized_nested_record;duplicate_content
DOC-fbcdf1ceca64,DOC-UNCATEGORIZED,Uncategorized Nested Record,Proposal,08900D,08900D,SI3394,08900D_5P20GM103408_028511_Outcome_20260313.pdf,.pdf,application/pdf,152552,fbcdf1ceca64f191e9c1fc2243607f189e7c2ab48ae29066756296e004fd1dfb,SI3394/08900D/Post Award and Submission/Submission in Process/Outcome/08900D_5P20GM103408_028511_Outcome_20260313.pdf,VERAS,N,uncategorized_nested_record
DOC-6a72fcb77e50-1,DOC-UNCATEGORIZED,Uncategorized Nested Record,Proposal,08900D,08900D,SI3394,08900D_5P20GM103408_028511_Prior approval from V231116_20260313.pdf,.pdf,application/pdf,157300,6a72fcb77e50d5b7d6c417c53be5b5041ccf79084bfc433fee79cec59501c026,SI3394/08900D/Post Award and Submission/Submission in Process/Outcome/08900D_5P20GM103408_028511_Prior approval from V231116_20260313.pdf,VERAS,Y,uncategorized_nested_record;duplicate_content
DOC-78858ce564fd,DOC-PROP-CORR,Proposal Correspondence,Proposal,08900D,08900D,SI3394,08900D_5P20GM103408_028511_Signoff_20260313.pdf,.pdf,application/pdf,104675,78858ce564fddee74ac52352170ba1c481c4c85e44b72398b475acac5e058596,SI3394/08900D/Post Award and Submission/Submission in Process/Submission History/08900D_5P20GM103408_028511_Signoff_20260313.pdf,VERAS,N,
DOC-6182f26b51d8,DOC-SUBMIT-EXP,Submission Export,Proposal,08900D,08900D,SI3394,08900D_5P20GM103408_028511_Submission history_20260313.pdf,.pdf,application/pdf,128435,6182f26b51d8270a211a59917542dc2f9727105a29ad7079b90d3adc41f92f88,SI3394/08900D/Post Award and Submission/Submission in Process/Submission History/08900D_5P20GM103408_028511_Submission history_20260313.pdf,VERAS,N,
DOC-f785d4d6430c,DOC-PROPOSAL,Proposal,Proposal,08900D,08900D,SI3394,08900D_5P20GM103408_Proposal Application_20260313.pdf,.pdf,application/pdf,104368,f785d4d6430c9065c5225956319a02cbe999a78e5c50b9a0377dfe2a5e731262,SI3394/08900D/Proposal/08900D_5P20GM103408_Proposal Application_20260313.pdf,VERAS,N,
DOC-efd49b3c58f6,DOC-AWARD-INST,Award Instrument,Award,SI3394,V220843,SI3394,V200474_5P20GM103408_AWARD_20260305.pdf,.pdf,application/pdf,88154,efd49b3c58f62fc2f04df0e8b9f27d3cbd8b35c0204a8dfd64c156467d3c549e,SI3394/V200474/Award Instrument/V200474_5P20GM103408_AWARD_20260305.pdf,VERAS,N,duplicate_filename
DOC-159c9ea7a8de,DOC-AWARD-INST,Award Instrument,Award,SI3394,V220843,SI3394,V200474_5P20GM103408_CSI_EQUIP_REQ_20260305.pdf,.pdf,application/pdf,448703,159c9ea7a8dec5f6f41b35673825c147c0d1c7ba150ea73e151b4eaeddd087f4,SI3394/V200474/Award Instrument/V200474_5P20GM103408_CSI_EQUIP_REQ_20260305.pdf,VERAS,N,
DOC-7f26c4da81fa,DOC-ORIG-BUDGET,Original Budget,Proposal,V220843,V220843,SI3394,V200474_5P20GM103408_BUDGET_APPROV_20260305.docx,.docx,application/vnd.openxmlformats-officedocument.wordprocessingml.document,34376,7f26c4da81fa2e4fe7b8da0cb9fa18e60374b1d18bfb87dce27c0bebcaa1dc95,SI3394/V200474/Budget/V200474_5P20GM103408_BUDGET_APPROV_20260305.docx,VERAS,N,
DOC-552afcc28041,DOC-ORIG-BUDGET,Original Budget,Proposal,V220843,V220843,SI3394,V200474_5P20GM103408_BUDGET_MOD_20260305.doc,.doc,application/msword,95232,552afcc2804177bcf6a7543adcf5a2ad6fe5f8cd3babcb2c70581dfd41da20a2,SI3394/V200474/Budget/V200474_5P20GM103408_BUDGET_MOD_20260305.doc,VERAS,N,
DOC-9ff5fdb917ca,DOC-ORIG-BUDGET,Original Budget,Proposal,V220843,V220843,SI3394,V200474_5P20GM103408_BUDGET_NARRATIVE_APPROV_20260305.docx,.docx,application/vnd.openxmlformats-officedocument.wordprocessingml.document,33993,9ff5fdb917ca3a4bdcdc15f98e538486ffa252f21569cc1d868ecd8e97dc88fc,SI3394/V200474/Budget/V200474_5P20GM103408_BUDGET_NARRATIVE_APPROV_20260305.docx,VERAS,N,
DOC-6164f320dd7f,DOC-PROP-CORR,Proposal Correspondence,Proposal,V220843,V220843,SI3394,V200474_5P20GM103408_BUDGET_REALLOCATION_EQUIP_20260305.pdf,.pdf,application/pdf,473944,6164f320dd7f43afdfd9a5615f2bb6a0086cd6ff4595a0ffdc9ec17da54eed85,SI3394/V200474/Correspondence/V200474_5P20GM103408_BUDGET_REALLOCATION_EQUIP_20260305.pdf,VERAS,N,
DOC-e262e0db662c,DOC-PROP-CORR,Proposal Correspondence,Proposal,V220843,V220843,SI3394,V200474_5P20GM103408_INDEX_ESTABLISHED_20260305.pdf,.pdf,application/pdf,308925,e262e0db662c6dc0d7e986e49b48e519e5377c294e7ec72e435c53ebe520bfb0,SI3394/V200474/Correspondence/V200474_5P20GM103408_INDEX_ESTABLISHED_20260305.pdf,VERAS,N,duplicate_filename
DOC-5aeaa395c48d,DOC-PROP-CORR,Proposal Correspondence,Proposal,V220843,V220843,SI3394,V200474_5P20GM103408_NoA_20260305.pdf,.pdf,application/pdf,124224,5aeaa395c48d5e3255481c6ba66a1127ad59d7ba64dd7d985d97fffea307c756,SI3394/V200474/Correspondence/V200474_5P20GM103408_NoA_20260305.pdf,VERAS,N,duplicate_filename
DOC-00d6a80a44f0,DOC-PROP-CORR,Proposal Correspondence,Proposal,V220843,V220843,SI3394,V200474_5P20GM103408_PILOT_PROGRAM_REQUEST_20260305.pdf,.pdf,application/pdf,946036,00d6a80a44f07deda22d02de3906e224b0a7f3e7283bffe2f50fb7cd0d7087ac,SI3394/V200474/Correspondence/V200474_5P20GM103408_PILOT_PROGRAM_REQUEST_20260305.pdf,VERAS,N,
DOC-5f9403e3f85c,DOC-POST-AWARD-NF,Post Award Submission notes and forms,Award,SI3394,V220843,SI3394,V200474_5P20GM103408_BUDGET_REALLOCATION_20260305.pdf,.pdf,application/pdf,473944,5f9403e3f85c450e2d8c4d985eccf8bc5f2e9d7c95246e8a6d50906383996ba8,SI3394/V200474/Post Award Submission Notes and Forms/Correspondence/V200474_5P20GM103408_BUDGET_REALLOCATION_20260305.pdf,VERAS,N,
DOC-5f1ac7808fb4,DOC-POST-AWARD-NF,Post Award Submission notes and forms,Award,SI3394,V220843,SI3394,V200474_5P20GM103408_INDEX_ESTABLISHED_20260305.pdf,.pdf,application/pdf,308925,5f1ac7808fb403a28fea2c2748ad9a620cf376fa8aca4cd6c9a5eb3ab88ab619,SI3394/V200474/Post Award Submission Notes and Forms/Correspondence/V200474_5P20GM103408_INDEX_ESTABLISHED_20260305.pdf,VERAS,N,duplicate_filename
DOC-d6975a137084,DOC-POST-AWARD-NF,Post Award Submission notes and forms,Award,SI3394,V220843,SI3394,V200474_5P20GM103408_NoA_20260305.pdf,.pdf,application/pdf,124224,d6975a137084fd83223d1eaded1f2b4433e112f5c2a7244f0353bd3bb730b531,SI3394/V200474/Post Award Submission Notes and Forms/Correspondence/V200474_5P20GM103408_NoA_20260305.pdf,VERAS,N,duplicate_filename
DOC-97ac5275550f,DOC-POST-AWARD-NF,Post Award Submission notes and forms,Award,SI3394,V220843,SI3394,V200474_5P20GM103408_PILOT_PROJECT_REQ_20260305.pdf,.pdf,application/pdf,946036,97ac5275550f704cf29645cb0319c79ad995fcfe5ee308d8a2e7e671044c56a0,SI3394/V200474/Post Award Submission Notes and Forms/Correspondence/V200474_5P20GM103408_PILOT_PROJECT_REQ_20260305.pdf,VERAS,N,
DOC-c224fbb31201,DOC-POST-AWARD-NF,Post Award Submission notes and forms,Award,SI3394,V220843,SI3394,V200474_5P20GM103408_AWARD_20260305.pdf,.pdf,application/pdf,89470,c224fbb3120162eb74f862e7fd3c17caccb2dc1de0f6428aebfd711d5259662e,SI3394/V200474/Post Award Submission Notes and Forms/V200474_5P20GM103408_AWARD_20260305.pdf,VERAS,N,duplicate_filename
DOC-ecc1ddd75e9a,DOC-PROPOSAL,Proposal,Proposal,V220843,V220843,SI3394,V200474_5P20GM103408_PROJECT_ABSTRACT_20260305.pdf,.pdf,application/pdf,119132,ecc1ddd75e9a0b7fe4c400f417aebb537e93b8082fed8a9dbec97821f69efbe1,SI3394/V200474/Proposal/V200474_5P20GM103408_PROJECT_ABSTRACT_20260305.pdf,VERAS,N,
DOC-4b12276da8ec,DOC-PROPOSAL,Proposal,Proposal,V220843,V220843,SI3394,V200474_5P20GM103408_PROJECT_SUMMARY_20260305.pdf,.pdf,application/pdf,827558,4b12276da8ec328af4359aa3c88a9b98c472d13d34206ea67cfce93ad8fcf659,SI3394/V200474/Proposal/V200474_5P20GM103408_PROJECT_SUMMARY_20260305.pdf,VERAS,N,
DOC-879f50aeb13d,DOC-PROPOSAL,Proposal,Proposal,V220843,V220843,SI3394,V200474_5P20GM103408_SPECIFIC_AIMS_20260305.pdf,.pdf,application/pdf,119925,879f50aeb13d64212e204038c4453a9642eebade8fd674d07ef04e06cc92bae3,SI3394/V200474/Proposal/V200474_5P20GM103408_SPECIFIC_AIMS_20260305.pdf,VERAS,N,
DOC-f18f38ad8df8,DOC-SPA-CHECK,SPA Checklist,Proposal,V220843,V220843,SI3394,V200474_5P20GM103408_SPA_CHECKLIST_20260305.pdf,.pdf,application/pdf,55597,f18f38ad8df8c0467f075b817a08324c0c53f4b908fcea3899f68974d333adf8,SI3394/V200474/SPA Checklist/V200474_5P20GM103408_SPA_CHECKLIST_20260305.pdf,VERAS,N,
DOC-5a8bf3a03976,DOC-SUBAWARD,Subawards,Award,SI3394,V220843,SI3394,V200474_5P20GM103408_BSU_FINANCIAL_TRACK_20260305.pdf,.pdf,application/pdf,103283,5a8bf3a0397652e9fdb60b6a1f32d44bd847ee64290fe98be358c823f547275f,SI3394/V200474/Subawards/V200474_5P20GM103408_BSU_FINANCIAL_TRACK_20260305.pdf,VERAS,N,
DOC-729a46d0b367,DOC-SUBAWARD,Subawards,Award,SI3394,V220843,SI3394,V200474_5P20GM103408_COLL_OF_IDAHO_FINANCIAL_TRACK_20260305.pdf,.pdf,application/pdf,103547,729a46d0b36776bab2e9a36c3b0d0b5cd568254f98fce51a62989a5ac4b69559,SI3394/V200474/Subawards/V200474_5P20GM103408_COLL_OF_IDAHO_FINANCIAL_TRACK_20260305.pdf,VERAS,N,
DOC-277b0ce9ed5a,DOC-SUBAWARD,Subawards,Award,SI3394,V220843,SI3394,V200474_5P20GM103408_SUBAWARD_AGREEMENT_BSU_20260305.pdf,.pdf,application/pdf,4695424,277b0ce9ed5a187ab149d90dfd238818273be776239a6b5fc6c22542cb41b1dd,SI3394/V200474/Subawards/V200474_5P20GM103408_SUBAWARD_AGREEMENT_BSU_20260305.pdf,VERAS,N,
DOC-b64e7612d9f9,DOC-SUBAWARD,Subawards,Award,SI3394,V220843,SI3394,V200474_5P20GM103408_SUBAWARD_AGREEMENT_COLL_OF_IDAHO_20260305.pdf,.pdf,application/pdf,5866351,b64e7612d9f93cc06a404cb45dbb94281c5338f04a8f1c2bd95db73d64e981ad,SI3394/V200474/Subawards/V200474_5P20GM103408_SUBAWARD_AGREEMENT_COLL_OF_IDAHO_20260305.pdf,VERAS,N,
DOC-8e4dc87d5895,DOC-PROP-CORR,Proposal Correspondence,Proposal,V220843,V220843,SI3394,V200513_5P20GM103408_AOR_ASSIGNMENT_20260306.pdf,.pdf,application/pdf,50137,8e4dc87d5895048dded6c30e94adf22ad80186fb5dece32b2b3b0f952d93e9e0,SI3394/V200513/Correspondence/V200513_5P20GM103408_AOR_ASSIGNMENT_20260306.pdf,VERAS,N,
DOC-a675efb6a803,DOC-PROP-CORR,Proposal Correspondence,Proposal,V220843,V220843,SI3394,V200513_5P20GM103408_AOR_OUTCOME_APPROV_20260306.pdf,.pdf,application/pdf,100431,a675efb6a803a2db40ca583e6410731609f8f99ae2cf715c6210e6527e2c62a0,SI3394/V200513/Correspondence/V200513_5P20GM103408_AOR_OUTCOME_APPROV_20260306.pdf,VERAS,N,
DOC-1e64baa5f7f4,DOC-PROP-CORR,Proposal Correspondence,Proposal,V220843,V220843,SI3394,V200513_5P20GM103408_CONCURRENT_SUPPORT_20260306.pdf,.pdf,application/pdf,1810774,1e64baa5f7f4e87c73a6816685cf144ede4a1b7fc6a3718e68f6cb83b099718d,SI3394/V200513/Correspondence/V200513_5P20GM103408_CONCURRENT_SUPPORT_20260306.pdf,VERAS,N,
DOC-b91fd748bc36,DOC-PROP-CORR,Proposal Correspondence,Proposal,V220843,V220843,SI3394,V200513_5P20GM103408_INBRE_ADVANCE_SPENDING_REQUEST_20260306.pdf,.pdf,application/pdf,422896,b91fd748bc36e5f18014fe80212ecd3370e037f4a0a616cb1b13a3b909a513e0,SI3394/V200513/Correspondence/V200513_5P20GM103408_INBRE_ADVANCE_SPENDING_REQUEST_20260306.pdf,VERAS,N,
DOC-9bfaf5fb380d,DOC-PROP-CORR,Proposal Correspondence,Proposal,V220843,V220843,SI3394,V200513_5P20GM103408_INDEX_SETUP_SUBAWARD_REQUEST_20260306.pdf,.pdf,application/pdf,523587,9bfaf5fb380d3a146f2cd960468ef056d656e6a03a51183a29f7e1ca6c0102eb,SI3394/V200513/Correspondence/V200513_5P20GM103408_INDEX_SETUP_SUBAWARD_REQUEST_20260306.pdf,VERAS,N,
DOC-e3b0c44298fc-4,DOC-PROP-CORR,Proposal Correspondence,Proposal,V220843,V220843,SI3394,V200513_5P20GM103408_NIH_PILOT_PROJECT_APPROV_20260306.pdf,.pdf,application/pdf,0,e3b0c44298fc1c149afbf4c8996fb92427ae41e4649b934ca495991b7852b855,SI3394/V200513/Correspondence/V200513_5P20GM103408_NIH_PILOT_PROJECT_APPROV_20260306.pdf,VERAS,Y,duplicate_content
DOC-e3b0c44298fc-5,DOC-PROP-CORR,Proposal Correspondence,Proposal,V220843,V220843,SI3394,V200513_5P20GM103408_NIH_UPDATE_20260306.pdf,.pdf,application/pdf,0,e3b0c44298fc1c149afbf4c8996fb92427ae41e4649b934ca495991b7852b855,SI3394/V200513/Correspondence/V200513_5P20GM103408_NIH_UPDATE_20260306.pdf,VERAS,Y,duplicate_content
DOC-9c8b50ee395c,DOC-PROP-CORR,Proposal Correspondence,Proposal,V220843,V220843,SI3394,V200513_5P20GM103408_PROPOSAL_READY_FOR_SIGN_VERAS_20260306.pdf,.pdf,application/pdf,148259,9c8b50ee395caa57eb211b7f7c6408ec71bf38f4a882581cc6572a3b45d2a2d2,SI3394/V200513/Correspondence/V200513_5P20GM103408_PROPOSAL_READY_FOR_SIGN_VERAS_20260306.pdf,VERAS,N,
DOC-aa78e56aee93,DOC-PROP-CORR,Proposal Correspondence,Proposal,V220843,V220843,SI3394,V200513_5P20GM103408_REQUEST_TO_SPONSOR_20260306.pdf,.pdf,application/pdf,182945,aa78e56aee93e5a63e490a7c9446cb748423b59474d330ecf1b84727cbdc4c58,SI3394/V200513/Correspondence/V200513_5P20GM103408_REQUEST_TO_SPONSOR_20260306.pdf,VERAS,N,
DOC-45a5010d0703,DOC-PROP-CORR,Proposal Correspondence,Proposal,V220843,V220843,SI3394,V200513_5P20GM103408_VERAS_PROPOSAL_READY_FOR_SIGN_20260306.pdf,.pdf,application/pdf,129451,45a5010d070326122f2378c84bd64575690aedbfd82cd3c41b70493b52aa3aef,SI3394/V200513/Correspondence/V200513_5P20GM103408_VERAS_PROPOSAL_READY_FOR_SIGN_20260306.pdf,VERAS,N,
DOC-a4c4c9da6be9,DOC-PROPOSAL,Proposal,Proposal,V220843,V220843,SI3394,V200513_5P20GM103408_BSU_BIO_SKETCH_20260306.pdf,.pdf,application/pdf,166685,a4c4c9da6be95796f72d1ac0ea2851232b1e96225a9f0214f9e098929774a393,SI3394/V200513/Proposal/V200513_5P20GM103408_BSU_BIO_SKETCH_20260306.pdf,VERAS,N,
DOC-48e144a1ab6d,DOC-PROPOSAL,Proposal,Proposal,V220843,V220843,SI3394,V200513_5P20GM103408_BSU_BUDGET_20260306.pdf,.pdf,application/pdf,9890,48e144a1ab6d96e1202ae1cda35c499934d01313c6a7640b3e02dd5e484e76fa,SI3394/V200513/Proposal/V200513_5P20GM103408_BSU_BUDGET_20260306.pdf,VERAS,N,
DOC-950d9ef86897,DOC-PROPOSAL,Proposal,Proposal,V220843,V220843,SI3394,V200513_5P20GM103408_BSU_FACEPAGE_20260306.pdf,.pdf,application/pdf,233121,950d9ef86897e42393938fa0950ccb0eb1f54819efddf211325b3bb5aa1ffe82,SI3394/V200513/Proposal/V200513_5P20GM103408_BSU_FACEPAGE_20260306.pdf,VERAS,N,
DOC-ebb43be0db4f,DOC-PROPOSAL,Proposal,Proposal,V220843,V220843,SI3394,V200513_5P20GM103408_BSU_JUSTIFICATION_20260306.pdf,.pdf,application/pdf,205605,ebb43be0db4f994e7cd0f0c60998ebc2a4b64385c7905fdfee933fecfe36b700,SI3394/V200513/Proposal/V200513_5P20GM103408_BSU_JUSTIFICATION_20260306.pdf,VERAS,N,
DOC-8eba4fdcf2af,DOC-PROPOSAL,Proposal,Proposal,V220843,V220843,SI3394,V200513_5P20GM103408_BSU_SUBRECIPIENT_COMMITMENT_FORM_20260305.pdf,.pdf,application/pdf,719365,8eba4fdcf2af3c6f33430fe4a1f3e2ed10af01d0bb5fa5280ac3dedc3415039a,SI3394/V200513/Proposal/V200513_5P20GM103408_BSU_SUBRECIPIENT_COMMITMENT_FORM_20260305.pdf,VERAS,N,
DOC-8416330e33ad,DOC-PROPOSAL,Proposal,Proposal,V220843,V220843,SI3394,V200513_5P20GM103408_EAC_RAIN__LETTER_20260306.pdf,.pdf,application/pdf,171322,8416330e33ada50aa961048225d3a6d26c9858a3e8d6b25f2f509225b8e20e63,SI3394/V200513/Proposal/V200513_5P20GM103408_EAC_RAIN__LETTER_20260306.pdf,VERAS,N,
DOC-cb9a50339836,DOC-PROPOSAL,Proposal,Proposal,V220843,V220843,SI3394,V200513_5P20GM103408_INBRE_COVER_LETTER_20260306.docx,.docx,application/vnd.openxmlformats-officedocument.wordprocessingml.document,31961,cb9a503398362804edcac913d33c53c86b24b6f184dce46f64d53a573e076c6d,SI3394/V200513/Proposal/V200513_5P20GM103408_INBRE_COVER_LETTER_20260306.docx,VERAS,N,
DOC-5c614148d026,DOC-PROPOSAL,Proposal,Proposal,V220843,V220843,SI3394,V200513_5P20GM103408_PROJECT_NARRATIVE_20260306.pdf,.pdf,application/pdf,165303,5c614148d026e30ef41b7864302f404b26e2dd54939d7683815d5c0476ee4031,SI3394/V200513/Proposal/V200513_5P20GM103408_PROJECT_NARRATIVE_20260306.pdf,VERAS,N,
DOC-875fff1b4270,DOC-PROPOSAL,Proposal,Proposal,V220843,V220843,SI3394,V200513_5P20GM103408_PROPOSAL_20260306.pdf,.pdf,application/pdf,1840251,875fff1b4270f596898bd35e0c358a89acc1e05cdd2aca50aeb5d052b7e3f2ef,SI3394/V200513/Proposal/V200513_5P20GM103408_PROPOSAL_20260306.pdf,VERAS,N,
DOC-c299f48d1ea4,DOC-AWARD-INST,Award Instrument,Award,SI3394,V220843,SI3394,V210273_5P20GM103408_BUDGET_UI_MITCHELL_20260309.pdf,.pdf,application/pdf,173825,c299f48d1ea46a00f1c97755147addb496ff21e2a7304d0f193ff4ba47672fde,SI3394/V210273/Award Instrument/V210273_5P20GM103408_BUDGET_UI_MITCHELL_20260309.pdf,VERAS,N,duplicate_content
DOC-2ace1f21d7ab,DOC-AWARD-INST,Award Instrument,Award,SI3394,V220843,SI3394,V210273_5P20GM103408_NIH_NOAH_AWARD_INFO_V01_20260309.pdf,.pdf,application/pdf,393155,2ace1f21d7abb4f05da789516e27e93aaa32de3f987192669cd509ec5fc1c539,SI3394/V210273/Award Instrument/V210273_5P20GM103408_NIH_NOAH_AWARD_INFO_V01_20260309.pdf,VERAS,N,duplicate_content
DOC-2ace1f21d7ab-1,DOC-AWARD-INST,Award Instrument,Award,SI3394,V220843,SI3394,V210273_5P20GM103408_NIH_NOA_AWARD_INFO_V02_20260309.pdf,.pdf,application/pdf,393155,2ace1f21d7abb4f05da789516e27e93aaa32de3f987192669cd509ec5fc1c539,SI3394/V210273/Award Instrument/V210273_5P20GM103408_NIH_NOA_AWARD_INFO_V02_20260309.pdf,VERAS,Y,duplicate_content
DOC-7bee3aaec2bd,DOC-ORIG-BUDGET,Original Budget,Proposal,V220843,V220843,SI3394,V210273_5P20GM103408_BUDGET_JUSTIFICATION_20260309.pdf,.pdf,application/pdf,215911,7bee3aaec2bd536177fa2dbb1ab9037e70afa67730ce33dd2ccd06b1bd67340b,SI3394/V210273/Budget/V210273_5P20GM103408_BUDGET_JUSTIFICATION_20260309.pdf,VERAS,N,duplicate_content
DOC-3cf9dedad5f7,DOC-ORIG-BUDGET,Original Budget,Proposal,V220843,V220843,SI3394,V210273_5P20GM103408_BUDGET_REQUEST_INBRE_20260309.pdf,.pdf,application/pdf,105296,3cf9dedad5f7df607095cec0065b9e05a97beb4caeb0628791c7b42770304249,SI3394/V210273/Budget/V210273_5P20GM103408_BUDGET_REQUEST_INBRE_20260309.pdf,VERAS,N,duplicate_content
DOC-f6ea623228f9,DOC-ORIG-BUDGET,Original Budget,Proposal,V220843,V220843,SI3394,V210273_5P20GM103408_BUDGET_SECTION_8_20260309.png,.png,image/png,86039,f6ea623228f961d0f5d4cf0cb74219015734c14b860c14d832470669edbdc5da,SI3394/V210273/Budget/V210273_5P20GM103408_BUDGET_SECTION_8_20260309.png,VERAS,N,
DOC-712dcba4b158,DOC-PROP-CORR,Proposal Correspondence,Proposal,V220843,V220843,SI3394,V210273_5P20GM103408_AOR_ASSIGNMENT_202603009.pdf,.pdf,application/pdf,52635,712dcba4b15816e8cfe6b90cb38df455894857282a5f89b0201b6dfe26d492fa,SI3394/V210273/Correspondence/V210273_5P20GM103408_AOR_ASSIGNMENT_202603009.pdf,VERAS,N,
DOC-f6253fa6a424,DOC-PROP-CORR,Proposal Correspondence,Proposal,V220843,V220843,SI3394,V210273_5P20GM103408_AOR_OUTCOME_APPROVAL_20260309.pdf,.pdf,application/pdf,175556,f6253fa6a42408a460dd7c586e19bd0e227b3c35b507e051a56c0607152ec624,SI3394/V210273/Correspondence/V210273_5P20GM103408_AOR_OUTCOME_APPROVAL_20260309.pdf,VERAS,N,
DOC-e3b0c44298fc-6,DOC-PROP-CORR,Proposal Correspondence,Proposal,V220843,V220843,SI3394,V210273_5P20GM103408_CONCURRENT_SUPPORT_20260309.pdf,.pdf,application/pdf,0,e3b0c44298fc1c149afbf4c8996fb92427ae41e4649b934ca495991b7852b855,SI3394/V210273/Correspondence/V210273_5P20GM103408_CONCURRENT_SUPPORT_20260309.pdf,VERAS,Y,duplicate_content
DOC-d0d5178e9aa5,DOC-PROP-CORR,Proposal Correspondence,Proposal,V220843,V220843,SI3394,V210273_5P20GM103408_INBRE_NEW_SUPPLEMENT_20260309.pdf,.pdf,application/pdf,433186,d0d5178e9aa50e16bab1b9264dc4943f388a363dff42ccd65d9b92cfd0c865a4,SI3394/V210273/Correspondence/V210273_5P20GM103408_INBRE_NEW_SUPPLEMENT_20260309.pdf,VERAS,N,duplicate_filename
DOC-9361737c2fac,DOC-PROP-CORR,Proposal Correspondence,Proposal,V220843,V220843,SI3394,V210273_5P20GM103408_INBRE_NEW_SUPPLEMENT_V02_20260309.pdf,.pdf,application/pdf,174423,9361737c2fac08a3d92cdaa797ae52041e1a55c1b43d86e61a534b4fa3d9dfb1,SI3394/V210273/Correspondence/V210273_5P20GM103408_INBRE_NEW_SUPPLEMENT_V02_20260309.pdf,VERAS,N,
DOC-4e6ded2284eb,DOC-PROP-CORR,Proposal Correspondence,Proposal,V220843,V220843,SI3394,V210273_5P20GM103408_INBRE_SPENDING_REQUEST_20260309.pdf,.pdf,application/pdf,422896,4e6ded2284eb3060178f19e997c28e452f9c61f4e4b023f7b0ed0b24700b6f7e,SI3394/V210273/Correspondence/V210273_5P20GM103408_INBRE_SPENDING_REQUEST_20260309.pdf,VERAS,N,
DOC-82c1908f4091,DOC-PROP-CORR,Proposal Correspondence,Proposal,V220843,V220843,SI3394,V210273_5P20GM103408_INTERNAL_REVIEW_ASSIGNMENT_20260309.pdf,.pdf,application/pdf,45767,82c1908f409138649a123f9592feffbf25690ac23ced45a1ac279ef6f249b18a,SI3394/V210273/Correspondence/V210273_5P20GM103408_INTERNAL_REVIEW_ASSIGNMENT_20260309.pdf,VERAS,N,
DOC-539afd7cf065,DOC-PROP-CORR,Proposal Correspondence,Proposal,V220843,V220843,SI3394,V210273_5P20GM103408_INTERNAL_REVIEW_COMPLETE_20260309.pdf,.pdf,application/pdf,37068,539afd7cf065b3b3a2ce75c834cf4710788e2a4155642f6836b83b39a99d2027,SI3394/V210273/Correspondence/V210273_5P20GM103408_INTERNAL_REVIEW_COMPLETE_20260309.pdf,VERAS,N,
DOC-f5c3f6b5c943,DOC-PROP-CORR,Proposal Correspondence,Proposal,V220843,V220843,SI3394,V210273_5P20GM103408_NEW_INDEXES_ESTABLISHED_20260309.pdf,.pdf,application/pdf,308515,f5c3f6b5c943fef69892a686fa3fe6cf23cad452b17b3ab43c142c0799b86660,SI3394/V210273/Correspondence/V210273_5P20GM103408_NEW_INDEXES_ESTABLISHED_20260309.pdf,VERAS,N,
DOC-fc3be715be31,DOC-PROP-CORR,Proposal Correspondence,Proposal,V220843,V220843,SI3394,V210273_5P20GM103408_VERAS_PROPOSAL_READY_FOR_SIGN_20260309.pdf,.pdf,application/pdf,129574,fc3be715be313742f4b194bcd9d1342ee88be8b1bd850b890fb492e31ff5dfc7,SI3394/V210273/Correspondence/V210273_5P20GM103408_VERAS_PROPOSAL_READY_FOR_SIGN_20260309.pdf,VERAS,N,
DOC-a55c9fa21f0b,DOC-LINKED-SUB,Linked Submissions,Proposal,V220843,V220843,SI3394,V210273_5P20GM103408_POST-AWARD_MOD_PROCESSING_FORM.pdf,.pdf,application/pdf,72287,a55c9fa21f0bfc5211c0759f626667790abc48d38442eacbfe67ebae24e2c651,SI3394/V210273/Linked Submissions/V210273_5P20GM103408_POST-AWARD_MOD_PROCESSING_FORM.pdf,VERAS,N,
DOC-5eb5cf0ebe73,DOC-POST-AWARD-NF,Post Award Submission notes and forms,Award,SI3394,V220843,SI3394,V210273_5P20GM103408_INBRE_NEW_SUPPLEMENT_20260309.pdf,.pdf,application/pdf,435043,5eb5cf0ebe73feed0760d11d7feee700f80418ea8ddd55ab7a1e531439db05a3,SI3394/V210273/Post Award Submission notes and forms/Correspondence/V210273_5P20GM103408_INBRE_NEW_SUPPLEMENT_20260309.pdf,VERAS,N,duplicate_filename
DOC-3c1acca6498c,DOC-POST-AWARD-NF,Post Award Submission notes and forms,Award,SI3394,V220843,SI3394,V210273_5P20GM103408_INBRE_NEW_SUPPLEMENT_20260310.pdf,.pdf,application/pdf,179140,3c1acca6498c4997e29e3ae3bb55f1b9059946f32d262880f944a48836fd81ed,SI3394/V210273/Post Award Submission notes and forms/Correspondence/V210273_5P20GM103408_INBRE_NEW_SUPPLEMENT_20260310.pdf,VERAS,N,
DOC-76d424b764ba,DOC-POST-AWARD-NF,Post Award Submission notes and forms,Award,SI3394,V220843,SI3394,V210273_5P20GM103408_NEW_INDEXES_20260306.pdf,.pdf,application/pdf,310444,76d424b764ba5a8b17018b1e2aebe8134ad7ecf2d700f9d45a51eff82e99885d,SI3394/V210273/Post Award Submission notes and forms/Correspondence/V210273_5P20GM103408_NEW_INDEXES_20260306.pdf,VERAS,N,
DOC-4ca079e2bfca,DOC-POST-AWARD-NF,Post Award Submission notes and forms,Award,SI3394,V220843,SI3394,V210273_520GM103408_SIGNOFF_DEAN_20260310.png,.png,image/png,102518,4ca079e2bfcab239cc7d1ca14ec0ec1fda9982f0a100ad3b4dd30e883f7ef588,SI3394/V210273/Post Award Submission notes and forms/Signoffs/V210273_520GM103408_SIGNOFF_DEAN_20260310.png,VERAS,N,
DOC-d53b25fe7957,DOC-POST-AWARD-NF,Post Award Submission notes and forms,Award,SI3394,V220843,SI3394,V210273_5P20GM103408_SIGNOFF_CO-PI_20260310.png,.png,image/png,132259,d53b25fe79570cf9b7536c53ab394a837efa05fa898f96d604b3b1738d70ef66,SI3394/V210273/Post Award Submission notes and forms/Signoffs/V210273_5P20GM103408_SIGNOFF_CO-PI_20260310.png,VERAS,N,
DOC-458eb476c664,DOC-POST-AWARD-NF,Post Award Submission notes and forms,Award,SI3394,V220843,SI3394,V210273_5P20GM103408_SIGNOFF_PI_20260310.png,.png,image/png,134029,458eb476c664e2045902458d3513cb91aa56451986cfd4ac40683b7e195b5813,SI3394/V210273/Post Award Submission notes and forms/Signoffs/V210273_5P20GM103408_SIGNOFF_PI_20260310.png,VERAS,N,
DOC-2ace1f21d7ab-2,DOC-POST-AWARD-NF,Post Award Submission notes and forms,Award,SI3394,V220843,SI3394,V210273_5P20GM103408_NIH_NOA_AWARD_NOTICE_20260309.pdf,.pdf,application/pdf,393155,2ace1f21d7abb4f05da789516e27e93aaa32de3f987192669cd509ec5fc1c539,SI3394/V210273/Post Award Submission notes and forms/V210273_5P20GM103408_NIH_NOA_AWARD_NOTICE_20260309.pdf,VERAS,Y,duplicate_content
DOC-7cb5fbbaffe1,DOC-POST-AWARD-NF,Post Award Submission notes and forms,Award,SI3394,V220843,SI3394,V210273_5P20GM103408_ROUTING_SIGNOFF_20260309.png,.png,image/png,22609,7cb5fbbaffe103582d65050df858e7856111c94d27ffaee286d55e70272a84fd,SI3394/V210273/Post Award Submission notes and forms/V210273_5P20GM103408_ROUTING_SIGNOFF_20260309.png,VERAS,N,
DOC-1d20ce5dd99e,DOC-POST-AWARD-NF,Post Award Submission notes and forms,Award,SI3394,V220843,SI3394,V210273_5P20GM103408_SUBMISSION_COMPONENTS_MOD_20260310.pdf,.pdf,application/pdf,3026856,1d20ce5dd99e0c7db3aebccb5ba648a55bf26e7d662223d7c6a10c8a35125b1d,SI3394/V210273/Post Award Submission notes and forms/V210273_5P20GM103408_SUBMISSION_COMPONENTS_MOD_20260310.pdf,VERAS,N,
DOC-c299f48d1ea4-1,DOC-POST-AWARD-NF,Post Award Submission notes and forms,Award,SI3394,V220843,SI3394,V210273_5P20GM103408_UI_BUDGET_MITCHELL_20260310.pdf,.pdf,application/pdf,173825,c299f48d1ea46a00f1c97755147addb496ff21e2a7304d0f193ff4ba47672fde,SI3394/V210273/Post Award Submission notes and forms/V210273_5P20GM103408_UI_BUDGET_MITCHELL_20260310.pdf,VERAS,Y,duplicate_content
DOC-807ca12378aa,DOC-PROPOSAL,Proposal,Proposal,V220843,V220843,SI3394,V210273_5P20GM103408_BIOSKETCH_INBRE_20260309.pdf,.pdf,application/pdf,203201,807ca12378aaa7d15d8dbce3648a455dce7f4043abd52a5cfc8f0ba052b1a8cd,SI3394/V210273/Proposal/V210273_5P20GM103408_BIOSKETCH_INBRE_20260309.pdf,VERAS,N,
DOC-0084d43466af,DOC-PROPOSAL,Proposal,Proposal,V220843,V220843,SI3394,V210273_5P20GM103408_BIOSKETCH_SUPPLEMENTS_20260309.pdf,.pdf,application/pdf,203673,0084d43466afff9f2903eabc07ffa18cf738510a7f25f5b1d33cd26f66bac661,SI3394/V210273/Proposal/V210273_5P20GM103408_BIOSKETCH_SUPPLEMENTS_20260309.pdf,VERAS,N,
DOC-8a6efe65eb68,DOC-PROPOSAL,Proposal,Proposal,V220843,V220843,SI3394,V210273_5P20GM103408_EQUIPMENT_20260309.pdf,.pdf,application/pdf,120348,8a6efe65eb6864825a2d6a61b4fedc413aabaa5917713d3cc4949fab27f2f800,SI3394/V210273/Proposal/V210273_5P20GM103408_EQUIPMENT_20260309.pdf,VERAS,N,
DOC-d2836313727f,DOC-PROPOSAL,Proposal,Proposal,V220843,V220843,SI3394,V210273_5P20GM103408_FACILITIES_&_OTHER_20260309.pdf,.pdf,application/pdf,188535,d2836313727f9a967f5cfbd91280ad1be58e38aa75330e761cef9ddf079c6cba,SI3394/V210273/Proposal/V210273_5P20GM103408_FACILITIES_&_OTHER_20260309.pdf,VERAS,N,
DOC-583147ee2786,DOC-PROPOSAL,Proposal,Proposal,V220843,V220843,SI3394,V210273_5P20GM103408_IACUC_APPROVAL_V01_20260309.pdf,.pdf,application/pdf,123671,583147ee27863947570e8d7599924f8b8f6cec208eeb90f5c48e5abbfb84bf52,SI3394/V210273/Proposal/V210273_5P20GM103408_IACUC_APPROVAL_V01_20260309.pdf,VERAS,N,
DOC-437b7a7ba019,DOC-PROPOSAL,Proposal,Proposal,V220843,V220843,SI3394,V210273_5P20GM103408_IACUC_APPROVAL_V02_20260309.pdf,.pdf,application/pdf,123282,437b7a7ba01975f2afe1cc07cc9c74c7c067398355fa06e6fd8a4f2913c62980,SI3394/V210273/Proposal/V210273_5P20GM103408_IACUC_APPROVAL_V02_20260309.pdf,VERAS,N,
DOC-7d3331798ca2,DOC-PROPOSAL,Proposal,Proposal,V220843,V220843,SI3394,V210273_5P20GM103408_LETTER_OF_SUPPORT_20260309.pdf,.pdf,application/pdf,364733,7d3331798ca249e0191f691d8874756a3c789d142ed209955ac18bec8897b1db,SI3394/V210273/Proposal/V210273_5P20GM103408_LETTER_OF_SUPPORT_20260309.pdf,VERAS,N,
DOC-a506d5aee20d,DOC-PROPOSAL,Proposal,Proposal,V220843,V220843,SI3394,V210273_5P20GM103408_PROJECT_SUMMARY_20260309.pdf,.pdf,application/pdf,145557,a506d5aee20db490daa3494933ab30d7738919b738ba08f8d06c47489ef003f7,SI3394/V210273/Proposal/V210273_5P20GM103408_PROJECT_SUMMARY_20260309.pdf,VERAS,N,
DOC-9b474f1e8fa0,DOC-PROPOSAL,Proposal,Proposal,V220843,V220843,SI3394,V210273_5P20GM103408_PROPOSAL APPLICATION_20260309.pdf,.pdf,application/pdf,2688292,9b474f1e8fa0cbae4de054af6c22220c4dbcc57a0b4daad1b78ba82bad7327d9,SI3394/V210273/Proposal/V210273_5P20GM103408_PROPOSAL APPLICATION_20260309.pdf,VERAS,N,
DOC-8bc59a8f6a14,DOC-PROPOSAL,Proposal,Proposal,V220843,V220843,SI3394,V210273_5P20GM103408_REFERENCES_20260309.pdf,.pdf,application/pdf,149056,8bc59a8f6a147301f3e4cec8a0dc747666abba2d1392da1aed11b3ea97127be5,SI3394/V210273/Proposal/V210273_5P20GM103408_REFERENCES_20260309.pdf,VERAS,N,
DOC-2cfe2fe5a187,DOC-PROPOSAL,Proposal,Proposal,V220843,V220843,SI3394,V210273_5P20GM103408_RESEARCH_STRATEGY_20260309.pdf,.pdf,application/pdf,620916,2cfe2fe5a187b40871d1a62e667ae17d43af4b30c0e1c75cbb4ba5aecbb82b43,SI3394/V210273/Proposal/V210273_5P20GM103408_RESEARCH_STRATEGY_20260309.pdf,VERAS,N,
DOC-f842e415247b,DOC-PROPOSAL,Proposal,Proposal,V220843,V220843,SI3394,V210273_5P20GM103408_SPECIFIC_AIMS_20260309.pdf,.pdf,application/pdf,117582,f842e415247bf03ee21c1973c81480cc30f5a2217ffed9a3e543dea5d416b79d,SI3394/V210273/Proposal/V210273_5P20GM103408_SPECIFIC_AIMS_20260309.pdf,VERAS,N,
DOC-bdb47f2dc4a8,DOC-PROPOSAL,Proposal,Proposal,V220843,V220843,SI3394,V210273_5P20GM103408_VERTEBRATE_ANIMALS_SECTION_20260309.pdf,.pdf,application/pdf,118788,bdb47f2dc4a82b9c3e71cb314daaf58630056da2ec4aaf275c5670870935b77e,SI3394/V210273/Proposal/V210273_5P20GM103408_VERTEBRATE_ANIMALS_SECTION_20260309.pdf,VERAS,N,
DOC-29df98fa7e01,DOC-SPA-CHECK,SPA Checklist,Proposal,V220843,V220843,SI3394,V210273_5P20GM103408_SPA_CHECKLIST_20260309.pdf,.pdf,application/pdf,66670,29df98fa7e01c0f38e97095d682362fe87e2d4f25eedf2e1763f7432518811a5,SI3394/V210273/SPA Checklist/V210273_5P20GM103408_SPA_CHECKLIST_20260309.pdf,VERAS,N,
DOC-7bee3aaec2bd-1,DOC-SUBAWARD,Subawards,Award,SI3394,V220843,SI3394,V210273_5P20GM103408_SUBRECIPIENT_BUDGET_JUSTIFICATION_20260310.pdf,.pdf,application/pdf,215911,7bee3aaec2bd536177fa2dbb1ab9037e70afa67730ce33dd2ccd06b1bd67340b,SI3394/V210273/Subaward/V210273_5P20GM103408_SUBRECIPIENT_BUDGET_JUSTIFICATION_20260310.pdf,VERAS,Y,duplicate_content
DOC-3cf9dedad5f7-1,DOC-SUBAWARD,Subawards,Award,SI3394,V220843,SI3394,V210273_5P20GM103408_SUBRECIPIENT_INBRE_SUPPLEMENT_REQUEST_20260310.pdf,.pdf,application/pdf,105296,3cf9dedad5f7df607095cec0065b9e05a97beb4caeb0628791c7b42770304249,SI3394/V210273/Subaward/V210273_5P20GM103408_SUBRECIPIENT_INBRE_SUPPLEMENT_REQUEST_20260310.pdf,VERAS,Y,duplicate_content
DOC-cdb2376c7339,DOC-AWARD-INST,Award Instrument,Award,SI3394,V220843,SI3394,New_Award_Notification___V220198.pdf,.pdf,application/pdf,151689,cdb2376c73396dceda526d9cf0fa088d66252cf242d84aab2dfdae8afdfba60f,SI3394/V220198/AWARD INSTRUMENT/New_Award_Notification___V220198.pdf,VERAS,N,duplicate_content
DOC-5941ea0ff653,DOC-PROP-CORR,Proposal Correspondence,Proposal,V220843,V220843,SI3394,CORRESPONDENCE.pdf,.pdf,application/pdf,443091,5941ea0ff653d3bcfa8f146457269fb87103e0890bceb2bd6b095ebd62da771f,SI3394/V220198/Correspondence/CORRESPONDENCE.pdf,VERAS,N,
DOC-0f89bce5bc4b,DOC-PROP-CORR,Proposal Correspondence,Proposal,V220843,V220843,SI3394,V220198_Correspondence_V1.pdf,.pdf,application/pdf,94607,0f89bce5bc4b1f2651029e150739815532e7123d997cb690b5101c22c8c95403,SI3394/V220198/Correspondence/V220198_Correspondence_V1.pdf,VERAS,N,
DOC-8fa6d0202dc3,DOC-PROP-CORR,Proposal Correspondence,Proposal,V220843,V220843,SI3394,V220198_Correspondence_V10.pdf,.pdf,application/pdf,220298,8fa6d0202dc35b5090330319e12fbaac16521f1377167c7730efd62df65163b7,SI3394/V220198/Correspondence/V220198_Correspondence_V10.pdf,VERAS,N,
DOC-cd888b15c2cb,DOC-PROP-CORR,Proposal Correspondence,Proposal,V220843,V220843,SI3394,V220198_Correspondence_V11.pdf,.pdf,application/pdf,139937,cd888b15c2cb81e347116b2e30a991770f06db7a180bf2db3d885dc543c9ec36,SI3394/V220198/Correspondence/V220198_Correspondence_V11.pdf,VERAS,N,
DOC-7952676ef791,DOC-PROP-CORR,Proposal Correspondence,Proposal,V220843,V220843,SI3394,V220198_Correspondence_V12.pdf,.pdf,application/pdf,139935,7952676ef791080c2cc029553ec9dc8db57c190a346d202d8bf0d23d50646823,SI3394/V220198/Correspondence/V220198_Correspondence_V12.pdf,VERAS,N,
DOC-d198d4e4994a,DOC-PROP-CORR,Proposal Correspondence,Proposal,V220843,V220843,SI3394,V220198_Correspondence_V13.pdf,.pdf,application/pdf,220524,d198d4e4994a5246d24aee320acf4b6328033d9487fde19255cdc62a54c1250b,SI3394/V220198/Correspondence/V220198_Correspondence_V13.pdf,VERAS,N,
DOC-b3acb11dd50e,DOC-PROP-CORR,Proposal Correspondence,Proposal,V220843,V220843,SI3394,V220198_Correspondence_V14.pdf,.pdf,application/pdf,139935,b3acb11dd50e4df5396979d340e152439ec611d1b09133be683fa9e1d00627b1,SI3394/V220198/Correspondence/V220198_Correspondence_V14.pdf,VERAS,N,
DOC-f227340c1ebd,DOC-PROP-CORR,Proposal Correspondence,Proposal,V220843,V220843,SI3394,V220198_Correspondence_V15.pdf,.pdf,application/pdf,220526,f227340c1ebdd001ddf0496a5b5153495c27c03962b305d393144553d7520b7d,SI3394/V220198/Correspondence/V220198_Correspondence_V15.pdf,VERAS,N,
DOC-c22cd2fc0a74,DOC-PROP-CORR,Proposal Correspondence,Proposal,V220843,V220843,SI3394,V220198_Correspondence_V16.pdf,.pdf,application/pdf,220296,c22cd2fc0a74852e75653906428b810ad0f82aca4ed5e5bcef747c6664ab8fd1,SI3394/V220198/Correspondence/V220198_Correspondence_V16.pdf,VERAS,N,
DOC-edf1241bad08,DOC-PROP-CORR,Proposal Correspondence,Proposal,V220843,V220843,SI3394,V220198_Correspondence_V17.pdf,.pdf,application/pdf,139937,edf1241bad0814e058011fe223a5e933c0013b0d9eb9e129136b1bccc1a3b53f,SI3394/V220198/Correspondence/V220198_Correspondence_V17.pdf,VERAS,N,
DOC-06ad54c333b8,DOC-PROP-CORR,Proposal Correspondence,Proposal,V220843,V220843,SI3394,V220198_Correspondence_V18.pdf,.pdf,application/pdf,231945,06ad54c333b821360db0a52a68752678cc34028041df9ae4350a33517e23de7e,SI3394/V220198/Correspondence/V220198_Correspondence_V18.pdf,VERAS,N,
DOC-8c53af21a9b9,DOC-PROP-CORR,Proposal Correspondence,Proposal,V220843,V220843,SI3394,V220198_Correspondence_V19.pdf,.pdf,application/pdf,220298,8c53af21a9b985e56277afd6e2e9c825a725c3afc8706449078a07b1f701cff0,SI3394/V220198/Correspondence/V220198_Correspondence_V19.pdf,VERAS,N,
DOC-e9f212e78aa9,DOC-PROP-CORR,Proposal Correspondence,Proposal,V220843,V220843,SI3394,V220198_Correspondence_V2.pdf,.pdf,application/pdf,378343,e9f212e78aa9ebd3385cf283525178acb56a67434c9ce1d05cca5c8e9d50f840,SI3394/V220198/Correspondence/V220198_Correspondence_V2.pdf,VERAS,N,
DOC-1574dd52ca84,DOC-PROP-CORR,Proposal Correspondence,Proposal,V220843,V220843,SI3394,V220198_Correspondence_V20.pdf,.pdf,application/pdf,53683,1574dd52ca8441781728cfd2cbc2f6cfcae6a43f8c8f0b61976609227bc2ca3d,SI3394/V220198/Correspondence/V220198_Correspondence_V20.pdf,VERAS,N,
DOC-2545f8d3c19b,DOC-PROP-CORR,Proposal Correspondence,Proposal,V220843,V220843,SI3394,V220198_Correspondence_V21.pdf,.pdf,application/pdf,70900,2545f8d3c19bdbc190abd1572310ef4a4c89cc14ea76be85dafa0f2cd05af455,SI3394/V220198/Correspondence/V220198_Correspondence_V21.pdf,VERAS,N,
DOC-a845b5906d6b,DOC-PROP-CORR,Proposal Correspondence,Proposal,V220843,V220843,SI3394,V220198_Correspondence_V22.pdf,.pdf,application/pdf,231947,a845b5906d6b28c52eb30069ad902868850f8d673950968e2a99cbd5d0277fcc,SI3394/V220198/Correspondence/V220198_Correspondence_V22.pdf,VERAS,N,
DOC-ecadb4696367,DOC-PROP-CORR,Proposal Correspondence,Proposal,V220843,V220843,SI3394,V220198_Correspondence_V23.pdf,.pdf,application/pdf,443093,ecadb46963678f552fde63984f98d8a3170d28b93e84484baa643fcf908e66d3,SI3394/V220198/Correspondence/V220198_Correspondence_V23.pdf,VERAS,N,
DOC-1a28d6957b4c,DOC-PROP-CORR,Proposal Correspondence,Proposal,V220843,V220843,SI3394,V220198_Correspondence_V3.pdf,.pdf,application/pdf,516741,1a28d6957b4c97c7b5aae9b45bf819e673954b93339dc5df3044bbf33cfda22c,SI3394/V220198/Correspondence/V220198_Correspondence_V3.pdf,VERAS,N,
DOC-8eb7a11f1a60,DOC-PROP-CORR,Proposal Correspondence,Proposal,V220843,V220843,SI3394,V220198_Correspondence_V4.pdf,.pdf,application/pdf,516743,8eb7a11f1a60038c321a2c1a74e2ce05ad289ee3738dc9d764f1a80172c747c7,SI3394/V220198/Correspondence/V220198_Correspondence_V4.pdf,VERAS,N,
DOC-0f815696dcab,DOC-PROP-CORR,Proposal Correspondence,Proposal,V220843,V220843,SI3394,V220198_Correspondence_V5.pdf,.pdf,application/pdf,53393,0f815696dcabdb61ef79ca7bd02b4b7d2ad834944aa284f583e0e377ffb18ecd,SI3394/V220198/Correspondence/V220198_Correspondence_V5.pdf,VERAS,N,
DOC-7ec2686601bd,DOC-PROP-CORR,Proposal Correspondence,Proposal,V220843,V220843,SI3394,V220198_Correspondence_V6.pdf,.pdf,application/pdf,183646,7ec2686601bd2f4cd8ba0ee4c9780bb32ea3d1a942f466b99e18528a2ce42935,SI3394/V220198/Correspondence/V220198_Correspondence_V6.pdf,VERAS,N,
DOC-45fc648562c9,DOC-PROP-CORR,Proposal Correspondence,Proposal,V220843,V220843,SI3394,V220198_Correspondence_V7.pdf,.pdf,application/pdf,53391,45fc648562c967fdb3dea40034385c90551d2a9b2dddaa95ffdedf65e5c33371,SI3394/V220198/Correspondence/V220198_Correspondence_V7.pdf,VERAS,N,
DOC-dd10f7286a54,DOC-PROP-CORR,Proposal Correspondence,Proposal,V220843,V220843,SI3394,V220198_Correspondence_V8.pdf,.pdf,application/pdf,183648,dd10f7286a549bb94672778af517544ef954c53058efabbe37f033e47619548a,SI3394/V220198/Correspondence/V220198_Correspondence_V8.pdf,VERAS,N,
DOC-122e7975f81c,DOC-PROP-CORR,Proposal Correspondence,Proposal,V220843,V220843,SI3394,V220198_Correspondence_V9.pdf,.pdf,application/pdf,220296,122e7975f81ccb2a2936b02ceb8c4fca329d77b51f0f8ab686ee72d5aab53850,SI3394/V220198/Correspondence/V220198_Correspondence_V9.pdf,VERAS,N,
DOC-50a62cd9ed1a,DOC-PROP-CORR,Proposal Correspondence,Proposal,V220843,V220843,SI3394,V220198_Correspondence_V01_20260303.png,.png,image/png,58209,50a62cd9ed1a99bf909e983da9bda890ce85397f664632c8f97aaa413cd13704,SI3394/V220198/Linked submissions/V220198_Proposal Form_V01_20260303/Correspondence/V220198_Correspondence_V01_20260303.png,VERAS,N,
DOC-bb78bda51d4b,DOC-PROP-CORR,Proposal Correspondence,Proposal,V220843,V220843,SI3394,V220198_Correspondence_V02_20260303.png,.png,image/png,58597,bb78bda51d4be9d6778489b84497574279a38ac583f143a7bc44369d3e08d069,SI3394/V220198/Linked submissions/V220198_Proposal Form_V01_20260303/Correspondence/V220198_Correspondence_V02_20260303.png,VERAS,N,
DOC-24588f93834e,DOC-PROP-CORR,Proposal Correspondence,Proposal,V220843,V220843,SI3394,V220198_Correspondence_V03_20260303.png,.png,image/png,67190,24588f93834ea0aec9b2c5f80b4c5bd4fa97d90c27bb5574321ddef17db9e035,SI3394/V220198/Linked submissions/V220198_Proposal Form_V01_20260303/Correspondence/V220198_Correspondence_V03_20260303.png,VERAS,N,
DOC-d032e12ee992,DOC-PROP-CORR,Proposal Correspondence,Proposal,V220843,V220843,SI3394,V220198_Correspondence_V04_20260303.png,.png,image/png,108421,d032e12ee99262445b1a97408c60c541a8d1900d9aff41dd8a67e2750f5b3319,SI3394/V220198/Linked submissions/V220198_Proposal Form_V01_20260303/Correspondence/V220198_Correspondence_V04_20260303.png,VERAS,N,
DOC-76be4164d18b,DOC-PROP-CORR,Proposal Correspondence,Proposal,V220843,V220843,SI3394,V220198_Correspondence_V05_20260303.png,.png,image/png,91363,76be4164d18ba76c85193e17ba3003fefd66db7061e8059362df1d21ae1d75e4,SI3394/V220198/Linked submissions/V220198_Proposal Form_V01_20260303/Correspondence/V220198_Correspondence_V05_20260303.png,VERAS,N,
DOC-30f7b03a645a,DOC-PROP-CORR,Proposal Correspondence,Proposal,V220843,V220843,SI3394,V220198_Correspondence_V06_20260303.png,.png,image/png,92417,30f7b03a645aa0edd0a6e191b052de2e790eda039df276e8222ed25be5113817,SI3394/V220198/Linked submissions/V220198_Proposal Form_V01_20260303/Correspondence/V220198_Correspondence_V06_20260303.png,VERAS,N,
DOC-f91b8b880593,DOC-SUBMIT-EXP,Submission Export,Proposal,V220843,V220843,SI3394,V220198_pre_submissions_V01_20260303.png,.png,image/png,100779,f91b8b880593768fb58cd05d659bddfee3e35bedc581c746793bf65f714dcf6b,SI3394/V220198/Linked submissions/V220198_Proposal Form_V01_20260303/Submission history/V220198_pre_submissions_V01_20260303.png,VERAS,N,
DOC-aa406cfd58dd,DOC-SUBMIT-EXP,Submission Export,Proposal,V220843,V220843,SI3394,V220198_pre_submissions_V02_20260303.png,.png,image/png,109534,aa406cfd58dd5c1ce903284abdec0b1e9e31393f4e12876ffa6bb37664f80bb4,SI3394/V220198/Linked submissions/V220198_Proposal Form_V01_20260303/Submission history/V220198_pre_submissions_V02_20260303.png,VERAS,N,
DOC-a10b83a3b47d,DOC-SUBMIT-EXP,Submission Export,Proposal,V220843,V220843,SI3394,V220198_pre_submissions_V03_20260303.png,.png,image/png,102201,a10b83a3b47d16ddc9bdc716df2d6b57470fd5ed2e6d4c0a0a9333d0d725d40b,SI3394/V220198/Linked submissions/V220198_Proposal Form_V01_20260303/Submission history/V220198_pre_submissions_V03_20260303.png,VERAS,N,
DOC-c3f3407ad80c,DOC-SUBMIT-EXP,Submission Export,Proposal,V220843,V220843,SI3394,V220198_pre_submissions_V04_20260303.png,.png,image/png,44575,c3f3407ad80ca76f23bd557608c93ad3d6bd96bc4f709c3cbb1ce36268775a6f,SI3394/V220198/Linked submissions/V220198_Proposal Form_V01_20260303/Submission history/V220198_pre_submissions_V04_20260303.png,VERAS,N,
DOC-3aeda5c7be44,DOC-SUBMIT-EXP,Submission Export,Proposal,V220843,V220843,SI3394,V220198_pre_submissions_V05_20260303.png,.png,image/png,102313,3aeda5c7be44eb8f16edbba89e05d44ecc9d137e59eff38129adc394f856390b,SI3394/V220198/Linked submissions/V220198_Proposal Form_V01_20260303/Submission history/V220198_pre_submissions_V05_20260303.png,VERAS,N,
DOC-dd9c2e15dde9,DOC-SUBMIT-EXP,Submission Export,Proposal,V220843,V220843,SI3394,V220198_pre_submissions_V06_20260303.png,.png,image/png,125656,dd9c2e15dde90bdaf7cb9c85f8f4c7d76f9449dc5c0d7e94abe4b26b90cafd14,SI3394/V220198/Linked submissions/V220198_Proposal Form_V01_20260303/Submission history/V220198_pre_submissions_V06_20260303.png,VERAS,N,
DOC-cdb2376c7339-1,DOC-UNCATEGORIZED,Uncategorized Nested Record,Award,SI3394,V220843,SI3394,V220198_Outcome_20260303.pdf,.pdf,application/pdf,151689,cdb2376c73396dceda526d9cf0fa088d66252cf242d84aab2dfdae8afdfba60f,SI3394/V220198/Linked submissions/V220198_Proposal Form_V01_20260303/V220198_Outcome_20260303.pdf,VERAS,Y,uncategorized_nested_record;duplicate_filename;duplicate_content
DOC-f748b7bdbca7,DOC-SUBMIT-EXP,Submission Export,Proposal,V220843,V220843,SI3394,V220198_Submission_Components_20260303.pdf,.pdf,application/pdf,402458,f748b7bdbca7333ac9af1832b4ec08662f117c17ba654d2a1742a0fd9b0ab9ca,SI3394/V220198/Linked submissions/V220198_Proposal Form_V01_20260303/V220198_Submission_Components_20260303.pdf,VERAS,N,
DOC-35e6eb67f8fd,DOC-SUBMIT-EXP,Submission Export,Proposal,V220843,V220843,SI3394,SubmissionComponents16824_WKUVDXZZ.pdf,.pdf,application/pdf,402458,35e6eb67f8fd6638a4accc4c454daf2401d7cc51afd8c108b7a7be5188a23f01,SI3394/V220198/SubmissionComponents16824_WKUVDXZZ.pdf,VERAS,N,
DOC-b9048432f84c,DOC-PROPOSAL,Proposal,Proposal,V220843,V220843,SI3394,V220198_PROPOSAL_20260302.pdf,.pdf,application/pdf,1077978,b9048432f84c6993d30755a42dd76bcb270ec4aec007e2ad9c753acdc5c58bfa,SI3394/V220198/V220198_PROPOSAL_20260302.pdf,VERAS,N,
DOC-0cdb4433a3eb,DOC-SPA-CHECK,SPA Checklist,Proposal,V220843,V220843,SI3394,V220198_SPA_CHECKLIST_20260302.pdf,.pdf,application/pdf,74929,0cdb4433a3ebda6c7f6e5c7fe8fb347f86317a5a8b1e6c2449b1b376fdc96bc9,SI3394/V220198/V220198_SPA_CHECKLIST_20260302.pdf,VERAS,N,
DOC-1853bf77a67c,DOC-PROP-CORR,Proposal Correspondence,Proposal,V220843,V220843,SI3394,V220198_Correspondence_V01_20230303.png,.png,image/png,93053,1853bf77a67ce033e330e0e6e3d885422dbb30ec0096c885fb0833fa0f009446,SI3394/V220198/post award notes/Correspondence/V220198_Correspondence_V01_20230303.png,VERAS,N,
DOC-e0d6726c71bc,DOC-PROP-CORR,Proposal Correspondence,Proposal,V220843,V220843,SI3394,V220198_Correspondence_V02_20230303.png,.png,image/png,92682,e0d6726c71bc4369e3af1b5b4b78837654998e572119828cb08e9748d621162d,SI3394/V220198/post award notes/Correspondence/V220198_Correspondence_V02_20230303.png,VERAS,N,
DOC-e192cdd2b7b5,DOC-PROP-CORR,Proposal Correspondence,Proposal,V220843,V220843,SI3394,V220198_Correspondence_V03_20230303.png,.png,image/png,114193,e192cdd2b7b582a8a54f243327c79433cdb2a4f57b075b6f81d8631e82cc1475,SI3394/V220198/post award notes/Correspondence/V220198_Correspondence_V03_20230303.png,VERAS,N,
DOC-d3708658e47c,DOC-PROP-CORR,Proposal Correspondence,Proposal,V220843,V220843,SI3394,V220198_Correspondence_V04_20230303.png,.png,image/png,72939,d3708658e47c626084aa6f1e0ad61dc6cc35084cbd0aa86a955da1143d624283,SI3394/V220198/post award notes/Correspondence/V220198_Correspondence_V04_20230303.png,VERAS,N,
DOC-b4aebf0b3bbb,DOC-PROP-CORR,Proposal Correspondence,Proposal,V220843,V220843,SI3394,V220198_Correspondence_V05_20230303.png,.png,image/png,63107,b4aebf0b3bbb3a4168340700b849b4a673fe9df1d71ef80ba95052d556636af9,SI3394/V220198/post award notes/Correspondence/V220198_Correspondence_V05_20230303.png,VERAS,N,
DOC-eed0a98e4200,DOC-PROP-CORR,Proposal Correspondence,Proposal,V220843,V220843,SI3394,V220198_Correspondence_V06_20230303.png,.png,image/png,61230,eed0a98e42004394c92fefac6468129eafd8bb5b2e14e88fc2ba87d135c7789a,SI3394/V220198/post award notes/Correspondence/V220198_Correspondence_V06_20230303.png,VERAS,N,
DOC-cdb2376c7339-2,DOC-UNCATEGORIZED,Uncategorized Nested Record,Award,SI3394,V220843,SI3394,V220198_Outcome_20260303.pdf,.pdf,application/pdf,151689,cdb2376c73396dceda526d9cf0fa088d66252cf242d84aab2dfdae8afdfba60f,SI3394/V220198/post award notes/Outcome/V220198_Outcome_20260303.pdf,VERAS,Y,uncategorized_nested_record;duplicate_filename;duplicate_content
DOC-82a417c234a8,DOC-SUBMIT-EXP,Submission Export,Proposal,V220843,V220843,SI3394,V220198_Pre Submission_V01_20230303.png,.png,image/png,113208,82a417c234a80b0c06c5ef147611eaf431c626318b7832d29a4de9caf3c2f23e,SI3394/V220198/post award notes/Submission History/V220198_Pre Submission_V01_20230303.png,VERAS,N,
DOC-0b2ab1ba9ce8,DOC-SUBMIT-EXP,Submission Export,Proposal,V220843,V220843,SI3394,V220198_Pre Submission_V02_20230303.png,.png,image/png,44907,0b2ab1ba9ce85bd57c437d567e793a6237afb743a78513231578aba7d003306c,SI3394/V220198/post award notes/Submission History/V220198_Pre Submission_V02_20230303.png,VERAS,N,
DOC-4dcc384b1498,DOC-SUBMIT-EXP,Submission Export,Proposal,V220843,V220843,SI3394,V220198_Pre Submission_V03_20230303.png,.png,image/png,95675,4dcc384b1498ad99ae0bc504bce27da91dc1ba2ba68a71fc02f69d65c3f6558d,SI3394/V220198/post award notes/Submission History/V220198_Pre Submission_V03_20230303.png,VERAS,N,
DOC-d71dc46aee3f,DOC-SUBMIT-EXP,Submission Export,Proposal,V220843,V220843,SI3394,V220198_Pre Submission_V04_20230303.png,.png,image/png,123238,d71dc46aee3f28e295dd95d9d2aa04ce137a1aad7a5382ed0670682b8479c033,SI3394/V220198/post award notes/Submission History/V220198_Pre Submission_V04_20230303.png,VERAS,N,
DOC-2155b641264b,DOC-SUBMIT-EXP,Submission Export,Proposal,V220843,V220843,SI3394,V220198_Pre Submission_V05_20230303.png,.png,image/png,100821,2155b641264bb157cc79da384399ffffd4d6b9fb0adcdd26261126e9350f6459,SI3394/V220198/post award notes/Submission History/V220198_Pre Submission_V05_20230303.png,VERAS,N,
DOC-6ca96cee07d4,DOC-SUBMIT-EXP,Submission Export,Proposal,V220843,V220843,SI3394,V220198_Pre Submission_V06_20230303.png,.png,image/png,102814,6ca96cee07d4811dff926e37d8774a68a6709ec73d426bbaa7fbdcfb023e09e4,SI3394/V220198/post award notes/Submission History/V220198_Pre Submission_V06_20230303.png,VERAS,N,
DOC-6ec9cdf73743,DOC-SUBMIT-EXP,Submission Export,Proposal,V220843,V220843,SI3394,V220198_Submission Components_20260303.pdf,.pdf,application/pdf,402458,6ec9cdf737434f3afc762e1273146d9c498f0a77b9bb7f50b6ba800a39cc6a7e,SI3394/V220198/post award notes/V220198_Submission Components_20260303.pdf,VERAS,N,
DOC-9934cca5a090,DOC-UNCATEGORIZED,Uncategorized Nested Record,Award,SI3394,V220843,SI3394,V220198_INBRE_PH_data_02_2022_47.5_from_sponsor_ 20260303.xlsx,.xlsx,application/vnd.openxmlformats-officedocument.spreadsheetml.sheet,9775,9934cca5a090b4105b1b33aae926c947378a16de8e9ec4e11ccd8e1be9a54c01,SI3394/V220198/sub awards/V220198_INBRE_PH_data_02_2022_47.5_from_sponsor_ 20260303.xlsx,VERAS,N,uncategorized_nested_record
DOC-3b8875213c1d,DOC-ORIG-BUDGET,Original Budget,Proposal,V220843,V220843,SI3394,V220198_UI_Budget_jg3_20260303.pdf,.pdf,application/pdf,246360,3b8875213c1dda64fdd7ea28b1d75d97edb9ce2f279e7e344f2385a2d400495f,SI3394/V220198/sub awards/V220198_UI_Budget_jg3_20260303.pdf,VERAS,N,
DOC-e9d2de473013,DOC-ORIG-BUDGET,Original Budget,Proposal,V220843,V220843,SI3394,V220281_Budget_Justification_20260310.pdf,.pdf,application/pdf,191665,e9d2de4730136992e80129d7f1a76b5e448bc978d4865963370ec51ecf70ac10,SI3394/V220281/Original Budget/V220281_Budget_Justification_20260310.pdf,VERAS,N,
DOC-6376226cbfd0,DOC-ORIG-BUDGET,Original Budget,Proposal,V220843,V220843,SI3394,V220281_OriginalBudget_V01_20260310.png,.png,image/png,10829,6376226cbfd0648d92fa8fee67319b5a4c40043402f1008a126203013bfd95a6,SI3394/V220281/Original Budget/V220281_OriginalBudget_V01_20260310.png,VERAS,N,
DOC-a37c45725463,DOC-ORIG-BUDGET,Original Budget,Proposal,V220843,V220843,SI3394,V220281_OriginalBudget_V02_20260310.png,.png,image/png,14128,a37c45725463ce1e1492751b0ed3125a19d0354a9c653cb2c3f13361819552ac,SI3394/V220281/Original Budget/V220281_OriginalBudget_V02_20260310.png,VERAS,N,
DOC-2c3225de43d1,DOC-PROPOSAL,Proposal,Proposal,V220843,V220843,SI3394,V220281_Proposal_20260310.pdf,.pdf,application/pdf,30976610,2c3225de43d1f78f0c183bc4dfdaae3d473e0a97e262a858591219972d8a0621,SI3394/V220281/PROPOSAL/V220281_Proposal_20260310.pdf,VERAS,N,
DOC-990be0f49374,DOC-POST-AWARD-NF,Post Award Submission notes and forms,Award,SI3394,V220843,SI3394,V220281_Correspondence_V01_20260311.pdf,.pdf,application/pdf,616142,990be0f49374e9b347df2d87b9a30f568a744c108c919dab3f473610ca9a2f95,SI3394/V220281/Post Award Submission notes and forms/Post award admin processing/Correspondence/V220281_Correspondence_V01_20260311.pdf,VERAS,N,duplicate_filename
DOC-9ddd01d378f0,DOC-POST-AWARD-NF,Post Award Submission notes and forms,Award,SI3394,V220843,SI3394,V220281_Correspondence_V02_20260311.pdf,.pdf,application/pdf,616142,9ddd01d378f0611da37ebc1c42c5f9d1227ee047218fa26a40b81a68814aafa0,SI3394/V220281/Post Award Submission notes and forms/Post award admin processing/Correspondence/V220281_Correspondence_V02_20260311.pdf,VERAS,N,
DOC-69375e99d43f,DOC-POST-AWARD-NF,Post Award Submission notes and forms,Award,SI3394,V220843,SI3394,V220281_SubmissionComplete_20260311.pdf,.pdf,application/pdf,996728,69375e99d43fcbdeb36094ebc48767f4d73ff3f1b5be739d5ce43d9f7741a615,SI3394/V220281/Post Award Submission notes and forms/Post award admin processing/V220281_SubmissionComplete_20260311.pdf,VERAS,N,duplicate_filename
DOC-be95d2312e67,DOC-POST-AWARD-NF,Post Award Submission notes and forms,Award,SI3394,V220843,SI3394,V220281_SubmissionComponents_20260311.pdf,.pdf,application/pdf,996728,be95d2312e677077a8205e3b982076fc8ff9d6b0a2034e5c5525c9a8dbb49289,SI3394/V220281/Post Award Submission notes and forms/Post award admin processing/V220281_SubmissionComponents_20260311.pdf,VERAS,N,duplicate_filename
DOC-d3d60eb10d80,DOC-POST-AWARD-NF,Post Award Submission notes and forms,Award,SI3394,V220843,SI3394,V220281_Correspondence_V01_20260311.pdf,.pdf,application/pdf,500498,d3d60eb10d8014a192fa3817ede3cd8bd46161015987d4bca61b91389b03a2a1,SI3394/V220281/Post Award Submission notes and forms/Proposal Form/Correspondence/V220281_Correspondence_V01_20260311.pdf,VERAS,N,duplicate_filename
DOC-e2c7bc5c4e8c,DOC-POST-AWARD-NF,Post Award Submission notes and forms,Award,SI3394,V220843,SI3394,V220281_Correspondence_V03_20260311.pdf,.pdf,application/pdf,500498,e2c7bc5c4e8c1863ee81476392450d7d3397eabd6ad38a0a29b8398f6d298ad7,SI3394/V220281/Post Award Submission notes and forms/Proposal Form/Correspondence/V220281_Correspondence_V03_20260311.pdf,VERAS,N,
DOC-e8db9238b984,DOC-POST-AWARD-NF,Post Award Submission notes and forms,Award,SI3394,V220843,SI3394,V220281_Correspondence_V04_20260311.pdf,.pdf,application/pdf,124606,e8db9238b9848577df0989c73b2113a11dd7b23efec9201327ee687d785bf466,SI3394/V220281/Post Award Submission notes and forms/Proposal Form/Correspondence/V220281_Correspondence_V04_20260311.pdf,VERAS,N,
DOC-c2c15c1b7765,DOC-POST-AWARD-NF,Post Award Submission notes and forms,Award,SI3394,V220843,SI3394,sV220281_Correspondence_V02_20260311.pdf,.pdf,application/pdf,124606,c2c15c1b7765439b5ba1929f10275a25989979b425b0bff4706fc05f046e38f0,SI3394/V220281/Post Award Submission notes and forms/Proposal Form/Correspondence/sV220281_Correspondence_V02_20260311.pdf,VERAS,N,
DOC-2bb6d9cb6c24,DOC-POST-AWARD-NF,Post Award Submission notes and forms,Award,SI3394,V220843,SI3394,V220281_Outcome_20260311.pdf,.pdf,application/pdf,156457,2bb6d9cb6c24a09687e789771843751cb377b92a9eabb8b4b0d6b51baff87ec2,SI3394/V220281/Post Award Submission notes and forms/Proposal Form/V220281_Outcome_20260311.pdf,VERAS,N,duplicate_content
DOC-94b33a8e55c9,DOC-POST-AWARD-NF,Post Award Submission notes and forms,Award,SI3394,V220843,SI3394,V220281_SubmissionComplete_20260311.pdf,.pdf,application/pdf,31133762,94b33a8e55c94b2d68fffe3e7a949acdb8736d9ab6f1c25c2c26a83482642b5b,SI3394/V220281/Post Award Submission notes and forms/Proposal Form/V220281_SubmissionComplete_20260311.pdf,VERAS,N,duplicate_filename
DOC-a6e77f3a8ffd,DOC-POST-AWARD-NF,Post Award Submission notes and forms,Award,SI3394,V220843,SI3394,V220281_SubmissionComponents_20260311.pdf,.pdf,application/pdf,31133762,a6e77f3a8ffd778fb02f0caf13b5e580d974d6a9c780967a7bfb8fb5aa345286,SI3394/V220281/Post Award Submission notes and forms/Proposal Form/V220281_SubmissionComponents_20260311.pdf,VERAS,N,duplicate_filename
DOC-9f0ceb3c0302,DOC-PROP-CORR,Proposal Correspondence,Proposal,V220843,V220843,SI3394,V220281_Correspondence_V01_20260310.pdf,.pdf,application/pdf,614490,9f0ceb3c0302e2f6beddf9e625801d6a745ca4333eb6b56bbc30d1cf52bba0f7,SI3394/V220281/Proposal Correspondence/V220281_Correspondence_V01_20260310.pdf,VERAS,N,
DOC-fd11d98fa0c8,DOC-PROP-CORR,Proposal Correspondence,Proposal,V220843,V220843,SI3394,V220281_Correspondence_V02_20260310.pdf,.pdf,application/pdf,443093,fd11d98fa0c83e95490797c58425452bb4fa4f88e231e6fe63a9edb9bb78ee5e,SI3394/V220281/Proposal Correspondence/V220281_Correspondence_V02_20260310.pdf,VERAS,N,
DOC-2f1355e706cc,DOC-PROP-CORR,Proposal Correspondence,Proposal,V220843,V220843,SI3394,V220281_Correspondence_V03_20260310.pdf,.pdf,application/pdf,443091,2f1355e706ccccbbe50c80810eb03410e6596ce668a444871bf6f96b26417df9,SI3394/V220281/Proposal Correspondence/V220281_Correspondence_V03_20260310.pdf,VERAS,N,
DOC-e5df702aa7c9,DOC-PROP-CORR,Proposal Correspondence,Proposal,V220843,V220843,SI3394,V220281_Correspondence_V04_20260310.pdf,.pdf,application/pdf,495482,e5df702aa7c9b582abdbd9403436ed06222d37ad0eebf6fd9eb3da197b938bcb,SI3394/V220281/Proposal Correspondence/V220281_Correspondence_V04_20260310.pdf,VERAS,N,
DOC-707d05911338,DOC-PROP-CORR,Proposal Correspondence,Proposal,V220843,V220843,SI3394,V220281_Correspondence_V05_20260310.pdf,.pdf,application/pdf,614488,707d05911338b83eb184f7e96677095ac9d8d3bcc176e439d315f8cd89e5831c,SI3394/V220281/Proposal Correspondence/V220281_Correspondence_V05_20260310.pdf,VERAS,N,
DOC-1cb732f22a68,DOC-PROP-CORR,Proposal Correspondence,Proposal,V220843,V220843,SI3394,V220281_Correspondence_V06_20260310.pdf,.pdf,application/pdf,41863,1cb732f22a6881aee3de88a62c13535692b54e1f30d2d60b7de035fad24a6bbc,SI3394/V220281/Proposal Correspondence/V220281_Correspondence_V06_20260310.pdf,VERAS,N,
DOC-1b75ef18a07d,DOC-PROP-CORR,Proposal Correspondence,Proposal,V220843,V220843,SI3394,V220281_Correspondence_V07_20260310.pdf,.pdf,application/pdf,183896,1b75ef18a07d9bb95e72c921189412415980ed4bf3e80d0ab565ef383f8616b3,SI3394/V220281/Proposal Correspondence/V220281_Correspondence_V07_20260310.pdf,VERAS,N,
DOC-899613b66561,DOC-PROP-CORR,Proposal Correspondence,Proposal,V220843,V220843,SI3394,V220281_Correspondence_V08_20260310.pdf,.pdf,application/pdf,183898,899613b66561f53ca8d9f52601ed7390998596c20a359cf4522d257574166964,SI3394/V220281/Proposal Correspondence/V220281_Correspondence_V08_20260310.pdf,VERAS,N,
DOC-d0a196694af6,DOC-PROP-CORR,Proposal Correspondence,Proposal,V220843,V220843,SI3394,V220281_Correspondence_V09_20260310.pdf,.pdf,application/pdf,120612,d0a196694af6baf7503ea6932cc86c6cd84634dcc9c12132152c683232a0e5c5,SI3394/V220281/Proposal Correspondence/V220281_Correspondence_V09_20260310.pdf,VERAS,N,
DOC-fa276eca6adf,DOC-PROP-CORR,Proposal Correspondence,Proposal,V220843,V220843,SI3394,V220281_Correspondence_V10_20260310.pdf,.pdf,application/pdf,495484,fa276eca6adf1fd35599a0d5a7921f1e57ad2adbb637b439f11d29b6d053a0b1,SI3394/V220281/Proposal Correspondence/V220281_Correspondence_V10_20260310.pdf,VERAS,N,
DOC-542188a5449d,DOC-PROP-CORR,Proposal Correspondence,Proposal,V220843,V220843,SI3394,V220281_Correspondence_V11_20260310.pdf,.pdf,application/pdf,120610,542188a5449decb57a958d796916e0c8963644b9f61ba8c99a4f4a28d2c43213,SI3394/V220281/Proposal Correspondence/V220281_Correspondence_V11_20260310.pdf,VERAS,N,
DOC-1c21964b39e0,DOC-PROP-CORR,Proposal Correspondence,Proposal,V220843,V220843,SI3394,V220281_Correspondence_V12_20260310.pdf,.pdf,application/pdf,135364,1c21964b39e0ccc9ded81de11af5e7e4b976c6ebae35eb1642a6dc3e4a048b9f,SI3394/V220281/Proposal Correspondence/V220281_Correspondence_V12_20260310.pdf,VERAS,N,
DOC-84c5d66ab4fe,DOC-PROP-CORR,Proposal Correspondence,Proposal,V220843,V220843,SI3394,V220281_Correspondence_V13_20260310.pdf,.pdf,application/pdf,41865,84c5d66ab4fec2dc909c59f5e72e84937867c65801ced6fb605024f0b3434c2b,SI3394/V220281/Proposal Correspondence/V220281_Correspondence_V13_20260310.pdf,VERAS,N,
DOC-69caa46dfb45,DOC-PROP-CORR,Proposal Correspondence,Proposal,V220843,V220843,SI3394,V220281_Correspondence_V14_20260310.pdf,.pdf,application/pdf,135406,69caa46dfb450d56ea3f2623b8e3efdfeb897eacb4b181a1ffa018685baa5652,SI3394/V220281/Proposal Correspondence/V220281_Correspondence_V14_20260310.pdf,VERAS,N,
DOC-8216fa77ac52,DOC-PROP-CORR,Proposal Correspondence,Proposal,V220843,V220843,SI3394,V220281_Correspondence_V15_20260310.pdf,.pdf,application/pdf,135404,8216fa77ac528e37319c01682e29dbea48923abc3a1487bd64cb5e03310e0da6,SI3394/V220281/Proposal Correspondence/V220281_Correspondence_V15_20260310.pdf,VERAS,N,
DOC-8fd79e27bc8d,DOC-PROP-CORR,Proposal Correspondence,Proposal,V220843,V220843,SI3394,V220281_Correspondence_V16_20260310.pdf,.pdf,application/pdf,135635,8fd79e27bc8d3b8865e0be10f04eab0a9540fa7fd19a4c74427352d3a0a5f57e,SI3394/V220281/Proposal Correspondence/V220281_Correspondence_V16_20260310.pdf,VERAS,N,
DOC-e90160e984de,DOC-PROP-CORR,Proposal Correspondence,Proposal,V220843,V220843,SI3394,V220281_Correspondence_V17_20260310.pdf,.pdf,application/pdf,218053,e90160e984deb6f74f1e595a62dd2e953900fe4b18f85ae8d9a58bc09e0e0486,SI3394/V220281/Proposal Correspondence/V220281_Correspondence_V17_20260310.pdf,VERAS,N,
DOC-377cadd882ca,DOC-PROP-CORR,Proposal Correspondence,Proposal,V220843,V220843,SI3394,V220281_Correspondence_V19_20260310.pdf,.pdf,application/pdf,218051,377cadd882ca53bff3e34e2f21e840c84d1aa05a13f64f625cc2369bc9586474,SI3394/V220281/Proposal Correspondence/V220281_Correspondence_V19_20260310.pdf,VERAS,N,
DOC-3b66276ed1f4,DOC-PROP-CORR,Proposal Correspondence,Proposal,V220843,V220843,SI3394,V220281_Correspondence_V20_20260310.pdf,.pdf,application/pdf,135362,3b66276ed1f4893ab458cecb2152156a796a47a29bf4d3dc15b31085773b457f,SI3394/V220281/Proposal Correspondence/V220281_Correspondence_V20_20260310.pdf,VERAS,N,
DOC-68d3a38d3b10,DOC-PROP-CORR,Proposal Correspondence,Proposal,V220843,V220843,SI3394,V220281_Correspondence_V21_20260310.pdf,.pdf,application/pdf,135805,68d3a38d3b10c295f0c66bd0091e9f3a301d145666387f3f877c147a5485695e,SI3394/V220281/Proposal Correspondence/V220281_Correspondence_V21_20260310.pdf,VERAS,N,
DOC-f699ca4a7682,DOC-PROP-CORR,Proposal Correspondence,Proposal,V220843,V220843,SI3394,V220281_Correspondence_V22_20260310.pdf,.pdf,application/pdf,229083,f699ca4a7682f3ebac36ad8f3c3328bf77be3b0d722325872c901d07f07d46d4,SI3394/V220281/Proposal Correspondence/V220281_Correspondence_V22_20260310.pdf,VERAS,N,
DOC-5c573f5c4915,DOC-PROP-CORR,Proposal Correspondence,Proposal,V220843,V220843,SI3394,V220281_Correspondence_V23_20260310.pdf,.pdf,application/pdf,229081,5c573f5c491542fff1593690454c247746aeba3ed06a5137d109c467a992b677,SI3394/V220281/Proposal Correspondence/V220281_Correspondence_V23_20260310.pdf,VERAS,N,
DOC-7f9b4ef804b2,DOC-PROP-CORR,Proposal Correspondence,Proposal,V220843,V220843,SI3394,V220281_Correspondence_V24_20260310.pdf,.pdf,application/pdf,135803,7f9b4ef804b22f3796027df492a4e2f9b3b81a9daa69751079487881b9087d66,SI3394/V220281/Proposal Correspondence/V220281_Correspondence_V24_20260310.pdf,VERAS,N,
DOC-355e784b5afd,DOC-PROP-CORR,Proposal Correspondence,Proposal,V220843,V220843,SI3394,V220281_Correspondence_V25_20260310.pdf,.pdf,application/pdf,135637,355e784b5afdada6aa535b74a2c47f4d201bbbd39de3f83d8fe1f99583ba6cb3,SI3394/V220281/Proposal Correspondence/V220281_Correspondence_V25_20260310.pdf,VERAS,N,
DOC-4207b7160500,DOC-PROP-CORR,Proposal Correspondence,Proposal,V220843,V220843,SI3394,V220281_Correspondence_V26_20260310.pdf,.pdf,application/pdf,17522,4207b7160500cf9f20c4b503bcdac059f7c433f488ad7d33f5ee95759094fa47,SI3394/V220281/Proposal Correspondence/V220281_Correspondence_V26_20260310.pdf,VERAS,N,
DOC-359a1a8c2f7d,DOC-PROP-CORR,Proposal Correspondence,Proposal,V220843,V220843,SI3394,V220281_Correspondence_V28_20260310.pdf,.pdf,application/pdf,70900,359a1a8c2f7d149f78a7f4f1d34c33d4caa4364a408bb105a3be349177b4108d,SI3394/V220281/Proposal Correspondence/V220281_Correspondence_V28_20260310.pdf,VERAS,N,
DOC-688377133f39,DOC-PROP-CORR,Proposal Correspondence,Proposal,V220843,V220843,SI3394,V220281_Correspondence_V29_20260310.pdf,.pdf,application/pdf,54663,688377133f39f22efd7c28801d88869d29e8e3086d19ea599594f48146bfcfeb,SI3394/V220281/Proposal Correspondence/V220281_Correspondence_V29_20260310.pdf,VERAS,N,
DOC-d6e2bc9589fc,DOC-SPA-CHECK,SPA Checklist,Proposal,V220843,V220843,SI3394,V220281_SPACHECKLIST_20260310.pdf,.pdf,application/pdf,74309,d6e2bc9589fcdc121b907c16ef0203bda5df5962361b40dcf64a0323811e4ab7,SI3394/V220281/SPA CHECKLIST/V220281_SPACHECKLIST_20260310.pdf,VERAS,N,
DOC-2bb6d9cb6c24-1,DOC-AWARD-INST,Award Instrument,Award,SI3394,V220843,SI3394,V220281_Award Instrument_20260310.pdf,.pdf,application/pdf,156457,2bb6d9cb6c24a09687e789771843751cb377b92a9eabb8b4b0d6b51baff87ec2,SI3394/V220281/V220281_Award Instrument_20260310.pdf,VERAS,Y,duplicate_content
DOC-d532dde31f80,DOC-UNCATEGORIZED,Uncategorized Nested Record,Award,SI3394,V220843,SI3394,Screenshot 2026-03-11 140813.png,.png,image/png,46711,d532dde31f80f1fbb358f54a6065eb61542673a9c924ef0739151ea1918eeb16,SI3394/V220281/sub awards/Screenshot 2026-03-11 140813.png,VERAS,N,uncategorized_nested_record
DOC-fd9df6fbe7c3,DOC-UNCATEGORIZED,Uncategorized Nested Record,Award,SI3394,V220843,SI3394,Screenshot 2026-03-11 140952.png,.png,image/png,50583,fd9df6fbe7c3b9067f9464e137eb03af27166078cdb7c507c09ffa27ac944892,SI3394/V220281/sub awards/Screenshot 2026-03-11 140952.png,VERAS,N,uncategorized_nested_record
DOC-79ae4e0a6582,DOC-UNCATEGORIZED,Uncategorized Nested Record,Award,SI3394,V220843,SI3394,Screenshot 2026-03-11 141252.png,.png,image/png,28793,79ae4e0a65823bf2f7a54c28ca14379bc8f5ca0af7f82ef2faf96fb76d65f353,SI3394/V220281/sub awards/Screenshot 2026-03-11 141252.png,VERAS,N,uncategorized_nested_record
DOC-fd795bc9dae7,DOC-PROPOSAL,Proposal,Proposal,V220843,V220843,SI3394,V220843_Proposal_V01_20260317.pdf,.pdf,application/pdf,365114,fd795bc9dae73800fd36a8e948bfa46a3dee6f121c99d709adfe7ef10629adfc,SI3394/V220843/Proposal/V220843_Proposal_V01_20260317.pdf,VERAS,N,
DOC-979882c6c87e,DOC-PROPOSAL,Proposal,Proposal,V220843,V220843,SI3394,V220843_Proposal_V02_20260317.pdf,.pdf,application/pdf,1860707,979882c6c87e9a211f22ba68349faa2aad26193f156a4b43e03352bf163d7630,SI3394/V220843/Proposal/V220843_Proposal_V02_20260317.pdf,VERAS,N,
DOC-fe02c662e665,DOC-PROPOSAL,Proposal,Proposal,V220843,V220843,SI3394,V220843_Proposal_V03_20260317.pdf,.pdf,application/pdf,316774,fe02c662e665fc15ebc0b156eaebb01619c179887b055057308bf6ab2bd7cff4,SI3394/V220843/Proposal/V220843_Proposal_V03_20260317.pdf,VERAS,N,
DOC-05ae90f25883,DOC-PROPOSAL,Proposal,Proposal,V220843,V220843,SI3394,V220843_Proposal_V04_20260317.pdf,.pdf,application/pdf,142402,05ae90f2588360022b4496ddd63c3b5d69375cc4d0c01b0c1c242340979e4c3f,SI3394/V220843/Proposal/V220843_Proposal_V04_20260317.pdf,VERAS,N,
DOC-2ec11848b1a7,DOC-PROPOSAL,Proposal,Proposal,V220843,V220843,SI3394,V220843_Proposal_V05_20260317.pdf,.pdf,application/pdf,66731,2ec11848b1a780ab478cba49807eb1d99b0671828d314fd81c15914912e0fece,SI3394/V220843/Proposal/V220843_Proposal_V05_20260317.pdf,VERAS,N,
DOC-df278f22395c,DOC-PROPOSAL,Proposal,Proposal,V220843,V220843,SI3394,V220843_Proposal_V07_20260317.pdf,.pdf,application/pdf,10198,df278f22395c81e9ede1168c561d2307616fe176a364569809ce0081f515fe99,SI3394/V220843/Proposal/V220843_Proposal_V07_20260317.pdf,VERAS,N,
DOC-226fa30a2a8c,DOC-PROPOSAL,Proposal,Proposal,V220843,V220843,SI3394,V220843_Proposal_V08_20260317.pdf,.pdf,application/pdf,130607,226fa30a2a8c7548b4b928b6964d8c27a2deaeef6ca6924e9cfdebbf5c1133a9,SI3394/V220843/Proposal/V220843_Proposal_V08_20260317.pdf,VERAS,N,
DOC-9621a09bcf13,DOC-PROPOSAL,Proposal,Proposal,V220843,V220843,SI3394,V220843_Proposal_V09_20260317.pdf,.pdf,application/pdf,15153,9621a09bcf138a3bcf8e3fb82d736113472b8dda108852a621be112522bf652f,SI3394/V220843/Proposal/V220843_Proposal_V09_20260317.pdf,VERAS,N,
DOC-f95cbba192b8,DOC-PROPOSAL,Proposal,Proposal,V220843,V220843,SI3394,V220843_Proposal_V10_20260317.pdf,.pdf,application/pdf,83811,f95cbba192b8f4df3fa133195060e7829ec35cb01cac4628569b31d24fa73b7a,SI3394/V220843/Proposal/V220843_Proposal_V10_20260317.pdf,VERAS,N,
DOC-76dd8296ecea,DOC-PROPOSAL,Proposal,Proposal,V220843,V220843,SI3394,V220843_Proposal_V11_20260317.pdf,.pdf,application/pdf,102482,76dd8296eceaccf32cb1fd7ff085f2ed0cd5859083cb8f158ec994fc008b4c26,SI3394/V220843/Proposal/V220843_Proposal_V11_20260317.pdf,VERAS,N,
DOC-c5e164d8f867,DOC-PROPOSAL,Proposal,Proposal,V220843,V220843,SI3394,V220843_Proposal_V12_20260317.pdf,.pdf,application/pdf,247609,c5e164d8f86715c72dea6a93654f4c0fff55970c55a9b7f2c2542e7b05ae6a08,SI3394/V220843/Proposal/V220843_Proposal_V12_20260317.pdf,VERAS,N,
DOC-933c6b94f700,DOC-AWARD-INST,Award Instrument,Award,SI3394,V220843,SI3394,V230181_P20GM103408_Award_Instrument_Equipment_Supplement_V01_20260306.pdf,.pdf,application/pdf,257321,933c6b94f700119e525681da813ff0c285047d48835876e8f6112715a6f614a3,SI3394/V230181/Award Instrument/V230181_P20GM103408_Award_Instrument_Equipment_Supplement_V01_20260306.pdf,VERAS,N,duplicate_content
DOC-c611ac227f99,DOC-AWARD-INST,Award Instrument,Award,SI3394,V220843,SI3394,V230181_P20GM103408_Award_Instrument_NOA_V01_20260306.pdf,.pdf,application/pdf,231119,c611ac227f99573bb50e2c14501d48f65fa20a88b8d52a109675416abc8587b3,SI3394/V230181/Award Instrument/V230181_P20GM103408_Award_Instrument_NOA_V01_20260306.pdf,VERAS,N,duplicate_content
DOC-0c3774ac3ed7,DOC-AWARD-INST,Award Instrument,Award,SI3394,V220843,SI3394,V230181_P20GM103408_Award_Instrument_Noa_Award_V01_20260306.pdf,.pdf,application/pdf,181044,0c3774ac3ed7cf168e010ec04d03ea9b33945642007c749162381e192dc7d663,SI3394/V230181/Award Instrument/V230181_P20GM103408_Award_Instrument_Noa_Award_V01_20260306.pdf,VERAS,N,duplicate_content
DOC-dbdc8688b759,DOC-ORIG-BUDGET,Original Budget,Proposal,V220843,V220843,SI3394,V230181_P20GM103408_Original_Budget_Basic_Budget_20260306.pdf,.pdf,application/pdf,1892,dbdc8688b75972c037d88e547c1dbf276206ee2936c6d5c5c272b0aedc73bde1,SI3394/V230181/Original Budget/V230181_P20GM103408_Original_Budget_Basic_Budget_20260306.pdf,VERAS,N,
DOC-3e4782505e33,DOC-ORIG-BUDGET,Original Budget,Proposal,V220843,V220843,SI3394,V230181_P20GM103408_Original_Budget_Budget_20260306.xlsx,.xlsx,application/vnd.openxmlformats-officedocument.spreadsheetml.sheet,14468,3e4782505e33ba4af391c8355bf1ab8f9bdbf5d0a23b396ed5e4e19681aa0c2a,SI3394/V230181/Original Budget/V230181_P20GM103408_Original_Budget_Budget_20260306.xlsx,VERAS,N,
DOC-e7bfa8c7c649,DOC-ORIG-BUDGET,Original Budget,Proposal,V220843,V220843,SI3394,V230181_P20GM103408_Original_Budget_Budget_Justificaiton_20260306.pdf,.pdf,application/pdf,49787,e7bfa8c7c649163b85550d7ac79cb191f894fe0bab9343c84a8940299f1dbf91,SI3394/V230181/Original Budget/V230181_P20GM103408_Original_Budget_Budget_Justificaiton_20260306.pdf,VERAS,N,
DOC-9cc34f532bce,DOC-ORIG-BUDGET,Original Budget,Proposal,V220843,V220843,SI3394,V230181_P20GM103408_Original_Budget_Budget_Setup_20260306.jpeg,.jpeg,image/jpeg,164602,9cc34f532bce4c0f34a3b9913e0a7c1478d29f076a44f846822b1c61a4ecc461,SI3394/V230181/Original Budget/V230181_P20GM103408_Original_Budget_Budget_Setup_20260306.jpeg,VERAS,N,
DOC-c611ac227f99-1,DOC-PROP-CORR,Proposal Correspondence,Proposal,V220843,V220843,SI3394,V230181_P20GM103408_Submission_021449_Proposal_Form_Corresondence_NoA_Award_20230103_20260306.pdf,.pdf,application/pdf,231119,c611ac227f99573bb50e2c14501d48f65fa20a88b8d52a109675416abc8587b3,SI3394/V230181/Post Award Submission notes and Forms/021449_Proposal_Form_20230301/Correspondence/V230181_P20GM103408_Submission_021449_Proposal_Form_Corresondence_NoA_Award_20230103_20260306.pdf,VERAS,Y,duplicate_content
DOC-06ac7e6704a5,DOC-PROP-CORR,Proposal Correspondence,Proposal,V220843,V220843,SI3394,V230181_P20GM103408_Submission_021449_Proposal_Form_Correspondence_NoA_20230703_20260306.pdf,.pdf,application/pdf,40355,06ac7e6704a58b3eaf67c9851b9f8b1388cbb447b89ba0bdfaf47e4cd0027267,SI3394/V230181/Post Award Submission notes and Forms/021449_Proposal_Form_20230301/Correspondence/V230181_P20GM103408_Submission_021449_Proposal_Form_Correspondence_NoA_20230703_20260306.pdf,VERAS,N,
DOC-be36f346a310,DOC-PROPOSAL,Proposal,Proposal,V220843,V220843,SI3394,V230181_P20GM103408_Submission_021449_Proposal_Form_General_Information_20260306.jpeg,.jpeg,image/jpeg,297602,be36f346a31075ad96228672217b7fe64af071ace0ae28ab735c67919f74a1c7,SI3394/V230181/Post Award Submission notes and Forms/021449_Proposal_Form_20230301/General Information/V230181_P20GM103408_Submission_021449_Proposal_Form_General_Information_20260306.jpeg,VERAS,N,
DOC-98898cda8f7d,DOC-PROPOSAL,Proposal,Proposal,V220843,V220843,SI3394,V230181_P20GM103408_Submission_021449_Proposal_Form_Internal_Submission_Routing_20260306.jpeg,.jpeg,image/jpeg,132889,98898cda8f7d4e931e643129dac65283fb7746b5be11478586edc2c9b2b88875,SI3394/V230181/Post Award Submission notes and Forms/021449_Proposal_Form_20230301/Internal Submission Routing/V230181_P20GM103408_Submission_021449_Proposal_Form_Internal_Submission_Routing_20260306.jpeg,VERAS,N,
DOC-074b2b3a71cd,DOC-PROPOSAL,Proposal,Proposal,V220843,V220843,SI3394,V230181_P20GM103408_Submission_021449_Proposal_Form_Outcome_20260306.jpeg,.jpeg,image/jpeg,174988,074b2b3a71cd41c88c89b0ff2588a48a3fe713f17b24549d6a3b9a047079e7e7,SI3394/V230181/Post Award Submission notes and Forms/021449_Proposal_Form_20230301/Outcome/V230181_P20GM103408_Submission_021449_Proposal_Form_Outcome_20260306.jpeg,VERAS,N,
DOC-9d073fd7dd96,DOC-PROPOSAL,Proposal,Proposal,V220843,V220843,SI3394,V230181_P20GM103408_Submission_021449_Proposal_Form_Pre-review_Screening_20260306.jpeg,.jpeg,image/jpeg,137660,9d073fd7dd96a4ad3b8d7197185742afb46519743ec807aa7930fc1c915aab0c,SI3394/V230181/Post Award Submission notes and Forms/021449_Proposal_Form_20230301/Pre-review Screening/V230181_P20GM103408_Submission_021449_Proposal_Form_Pre-review_Screening_20260306.jpeg,VERAS,N,
DOC-fa0463ccf292,DOC-PROPOSAL,Proposal,Proposal,V220843,V220843,SI3394,V230181_P20GM103408_Submission_021449_Proposal_Form_Submission_Complete_20260306.jpeg,.jpeg,image/jpeg,164492,fa0463ccf292199460dff620fb3d8935296ef7d1ad98be261db3c383e3ea9648,SI3394/V230181/Post Award Submission notes and Forms/021449_Proposal_Form_20230301/Submission Complete/V230181_P20GM103408_Submission_021449_Proposal_Form_Submission_Complete_20260306.jpeg,VERAS,N,
DOC-933c6b94f700-1,DOC-POST-AWARD-NF,Post Award Submission notes and forms,Award,SI3394,V220843,SI3394,V230181_P20GM103408_Submission_021449_Proposal_Form_Submission_Components_Equipment_Supplement_20260306.pdf,.pdf,application/pdf,257321,933c6b94f700119e525681da813ff0c285047d48835876e8f6112715a6f614a3,SI3394/V230181/Post Award Submission notes and Forms/021449_Proposal_Form_20230301/Submission Components/V230181_P20GM103408_Submission_021449_Proposal_Form_Submission_Components_Equipment_Supplement_20260306.pdf,VERAS,Y,duplicate_content
DOC-23bc170f4e74,DOC-PROPOSAL,Proposal,Proposal,V220843,V220843,SI3394,V230181_P20GM103408_Submission_021449_Proposal_Form_Submission_History_20260306.jpeg,.jpeg,image/jpeg,358691,23bc170f4e74cd49c57267c73a36fd0751b0c7c37c61bfb0564a86431502a5a5,SI3394/V230181/Post Award Submission notes and Forms/021449_Proposal_Form_20230301/Submission History/V230181_P20GM103408_Submission_021449_Proposal_Form_Submission_History_20260306.jpeg,VERAS,N,
DOC-ed2feb99801d,DOC-PROPOSAL,Proposal,Proposal,V220843,V220843,SI3394,V230181_P20GM103408_Submission_021449_Proposal_Form_Submission_History_Assign_Department_Personnel_Signoff_20260306.jpeg,.jpeg,image/jpeg,126561,ed2feb99801d56ad2160a33d036846dc95f44bd5c299951232e8725c855026c2,SI3394/V230181/Post Award Submission notes and Forms/021449_Proposal_Form_20230301/Submission History/V230181_P20GM103408_Submission_021449_Proposal_Form_Submission_History_Assign_Department_Personnel_Signoff_20260306.jpeg,VERAS,N,
DOC-2ff2abd7ceee,DOC-PROPOSAL,Proposal,Proposal,V220843,V220843,SI3394,V230181_P20GM103408_Submission_021449_Proposal_Form_Submission_History_Carolyn_H_Bohach_PI_Signoff_20260306.jpeg,.jpeg,image/jpeg,302842,2ff2abd7ceee734730e8dc5d8647ce5c6d44ae2607ebf713396348d04d4f782e,SI3394/V230181/Post Award Submission notes and Forms/021449_Proposal_Form_20230301/Submission History/V230181_P20GM103408_Submission_021449_Proposal_Form_Submission_History_Carolyn_H_Bohach_PI_Signoff_20260306.jpeg,VERAS,N,
DOC-aa9f901546db,DOC-PROPOSAL,Proposal,Proposal,V220843,V220843,SI3394,V230181_P20GM103408_Submission_021449_Proposal_Form_Submission_History_Robert_Collier_Dept_Chair_Signoff_20260306.jpeg,.jpeg,image/jpeg,226743,aa9f901546db02d60f0208f3711a0e823ed92863def9bb6d2124450431c31a02,SI3394/V230181/Post Award Submission notes and Forms/021449_Proposal_Form_20230301/Submission History/V230181_P20GM103408_Submission_021449_Proposal_Form_Submission_History_Robert_Collier_Dept_Chair_Signoff_20260306.jpeg,VERAS,N,
DOC-8b43b79aebeb,DOC-PROPOSAL,Proposal,Proposal,V220843,V220843,SI3394,V230181_P20GM103408_Submission_021449_Proposal_Form_Submission_History_Terry_K_Evans_College_Dean_Signoff_20260306.jpeg,.jpeg,image/jpeg,227045,8b43b79aebeb2b7f76da463121dee0f023d0948b18c7177d607435777aaef618,SI3394/V230181/Post Award Submission notes and Forms/021449_Proposal_Form_20230301/Submission History/V230181_P20GM103408_Submission_021449_Proposal_Form_Submission_History_Terry_K_Evans_College_Dean_Signoff_20260306.jpeg,VERAS,N,
DOC-c019e5cdb10a,DOC-PROP-CORR,Proposal Correspondence,Proposal,V220843,V220843,SI3394,V230181_P20GM103408_Submissions_023648_Post_Award_Mod_Processing_Form_Correspondence_Mod_Processed_Additional_Money_Allocated_20230703_20260310.pdf,.pdf,application/pdf,55117,c019e5cdb10a9d016e210ee920047479d11bdb4a3d7a56fc981074eb4d15275d,SI3394/V230181/Post Award Submission notes and Forms/023648_Post Award Mod Processing Form_20230703/Correspondence/V230181_P20GM103408_Submissions_023648_Post_Award_Mod_Processing_Form_Correspondence_Mod_Processed_Additional_Money_Allocated_20230703_20260310.pdf,VERAS,N,
DOC-c611ac227f99-2,DOC-PROP-CORR,Proposal Correspondence,Proposal,V220843,V220843,SI3394,V230181_P20GM103408_Submissions_023648_Post_Award_Mod_Processing_Form_Correspondence_Award_20260310.pdf,.pdf,application/pdf,231119,c611ac227f99573bb50e2c14501d48f65fa20a88b8d52a109675416abc8587b3,SI3394/V230181/Post Award Submission notes and Forms/023648_Post Award Mod Processing Form_20230703/Correspondence/V230181_P20GM103408_Submissions_023648_Post_Award_Mod_Processing_Form_Correspondence_NoA_PI_Carolyn_Bohach_20230703__20260310/V230181_P20GM103408_Submissions_023648_Post_Award_Mod_Processing_Form_Correspondence_Award_20260310.pdf,VERAS,Y,duplicate_content
DOC-097fabece3d6,DOC-PROP-CORR,Proposal Correspondence,Proposal,V220843,V220843,SI3394,V230181_P20GM103408_Submissions_023648_Post_Award_Mod_Processing_Form_Correspondence_Email_20260310.pdf,.pdf,application/pdf,40358,097fabece3d6b78854649a7ab8cd5ce66ceb641fc0c623ccc303802623e58f1e,SI3394/V230181/Post Award Submission notes and Forms/023648_Post Award Mod Processing Form_20230703/Correspondence/V230181_P20GM103408_Submissions_023648_Post_Award_Mod_Processing_Form_Correspondence_NoA_PI_Carolyn_Bohach_20230703__20260310/V230181_P20GM103408_Submissions_023648_Post_Award_Mod_Processing_Form_Correspondence_Email_20260310.pdf,VERAS,N,
DOC-d7720f9ab1b7,DOC-PROP-CORR,Proposal Correspondence,Proposal,V220843,V220843,SI3394,V230181_P20GM103408_Submissions_023648_Post_Award_Mod_Processing_Form_Correspondence_Re_Mod_Processed_20230705_20260310.pdf,.pdf,application/pdf,109036,d7720f9ab1b7f4331c80a2aec98a732f8046fc5c8ad90de30681467712388ce4,SI3394/V230181/Post Award Submission notes and Forms/023648_Post Award Mod Processing Form_20230703/Correspondence/V230181_P20GM103408_Submissions_023648_Post_Award_Mod_Processing_Form_Correspondence_Re_Mod_Processed_20230705_20260310.pdf,VERAS,N,
DOC-8ebdc1f4e1ab,DOC-AWARD-INST,Award Instrument,Award,SI3394,V220843,SI3394,V230181_P20GM103408_Submissions_023648_Post_Award_Mod_Processing_Form_General_Information_20260310.jpeg,.jpeg,image/jpeg,269843,8ebdc1f4e1ab731b851117ef19aa56f6e158287ea069b29d40a17b2763fc8826,SI3394/V230181/Post Award Submission notes and Forms/023648_Post Award Mod Processing Form_20230703/General Information/V230181_P20GM103408_Submissions_023648_Post_Award_Mod_Processing_Form_General_Information_20260310.jpeg,VERAS,N,
DOC-3e5e6ff074ac,DOC-AWARD-INST,Award Instrument,Award,SI3394,V220843,SI3394,V230181_P20GM103408_Submissions_023648_Post_Award_Mod_Processing_Form_Internal_Submission_Routing_20260310.jpeg,.jpeg,image/jpeg,131940,3e5e6ff074ace6daee721a318081ec4cc7e4974bbbe6bd5a1e9577a737bfd83a,SI3394/V230181/Post Award Submission notes and Forms/023648_Post Award Mod Processing Form_20230703/Internal Submission Routing/V230181_P20GM103408_Submissions_023648_Post_Award_Mod_Processing_Form_Internal_Submission_Routing_20260310.jpeg,VERAS,N,
DOC-1f5f62a60f86,DOC-AWARD-INST,Award Instrument,Award,SI3394,V220843,SI3394,V230181_P20GM103408_Submissions_023648_Post_Award_Mod_Processing_Form_Outcome_20260310.jpeg,.jpeg,image/jpeg,188888,1f5f62a60f8619219055272ad0e796b3ab632425bacc006e7894f5414e4f92e0,SI3394/V230181/Post Award Submission notes and Forms/023648_Post Award Mod Processing Form_20230703/Outcome/V230181_P20GM103408_Submissions_023648_Post_Award_Mod_Processing_Form_Outcome_20260310.jpeg,VERAS,N,
DOC-933c6b94f700-2,DOC-AWARD-INST,Award Instrument,Award,SI3394,V220843,SI3394,V230181_P20GM103408_Submissions_023648_Post_Award_Mod_Processing_Form_Outcome_Equipment_Supplement_20260310.pdf,.pdf,application/pdf,257321,933c6b94f700119e525681da813ff0c285047d48835876e8f6112715a6f614a3,SI3394/V230181/Post Award Submission notes and Forms/023648_Post Award Mod Processing Form_20230703/Outcome/V230181_P20GM103408_Submissions_023648_Post_Award_Mod_Processing_Form_Outcome_Equipment_Supplement_20260310.pdf,VERAS,Y,duplicate_content
DOC-e8152444fb59,DOC-AWARD-INST,Award Instrument,Award,SI3394,V220843,SI3394,V230181_P20GM103408_Submissions_023648_Post_Award_Mod_Processing_Form_Pre-Review_Screening_20260310.jpeg,.jpeg,image/jpeg,158722,e8152444fb59dd227fd1cd4f4234f7064801245cbe31e3186d013bba19c28696,SI3394/V230181/Post Award Submission notes and Forms/023648_Post Award Mod Processing Form_20230703/Pre-review Screening/V230181_P20GM103408_Submissions_023648_Post_Award_Mod_Processing_Form_Pre-Review_Screening_20260310.jpeg,VERAS,N,
DOC-df1a6a9edd18,DOC-AWARD-INST,Award Instrument,Award,SI3394,V220843,SI3394,V230181_P20GM103408_Submissions_023648_Post_Award_Mod_Processing_Form_Submission_Complete_20260310.jpeg,.jpeg,image/jpeg,165298,df1a6a9edd18693768628557cdd686c1d1e1390e39195136225f51c1e20966a6,SI3394/V230181/Post Award Submission notes and Forms/023648_Post Award Mod Processing Form_20230703/Submission Complete/V230181_P20GM103408_Submissions_023648_Post_Award_Mod_Processing_Form_Submission_Complete_20260310.jpeg,VERAS,N,
DOC-9aab5e6bc904,DOC-POST-AWARD-NF,Post Award Submission notes and forms,Award,SI3394,V220843,SI3394,V230181_P20GM103408_Submissions_023648_Post_Award_Mod_Processing_Form_Submission__Components_Packet_20260310.pdf,.pdf,application/pdf,218124,9aab5e6bc9042d9682c1d071135c4c753c0da8461f6b311b9562bfcc4323945f,SI3394/V230181/Post Award Submission notes and Forms/023648_Post Award Mod Processing Form_20230703/Submission Components/V230181_P20GM103408_Submissions_023648_Post_Award_Mod_Processing_Form_Submission__Components_Packet_20260310.pdf,VERAS,N,
DOC-00e4eae13510,DOC-AWARD-INST,Award Instrument,Award,SI3394,V220843,SI3394,V230181_P20GM103408_Submissions_023648_Post_Award_Mod_Processing_Form_Submission_History_20260310.jpeg,.jpeg,image/jpeg,275309,00e4eae135102e60ca4ba1264d94ef84ae92f0931929c1b1cdd9c889a491df27,SI3394/V230181/Post Award Submission notes and Forms/023648_Post Award Mod Processing Form_20230703/Submission History/V230181_P20GM103408_Submissions_023648_Post_Award_Mod_Processing_Form_Submission_History_20260310.jpeg,VERAS,N,
DOC-45620020cbbd,DOC-AWARD-INST,Award Instrument,Award,SI3394,V220843,SI3394,V230181_P20GM103408_Submissions_023648_Post_Award_Mod_Processing_Form_Submission_History_Kayla_Blades_Submitter_Signoff_20260310.jpeg,.jpeg,image/jpeg,226470,45620020cbbdcf5152ac4cef4e665bbb9bca3b667953253082a82bbd1990557d,SI3394/V230181/Post Award Submission notes and Forms/023648_Post Award Mod Processing Form_20230703/Submission History/V230181_P20GM103408_Submissions_023648_Post_Award_Mod_Processing_Form_Submission_History_Kayla_Blades_Submitter_Signoff_20260310.jpeg,VERAS,N,
DOC-7d14067f5d1f,DOC-UNCATEGORIZED,Uncategorized Nested Record,Award,SI3394,V220843,SI3394,Screenshot_10-3-2026_15642_veras.uidaho.edu.jpeg,.jpeg,image/jpeg,177007,7d14067f5d1fff68cf37c70a30704b2e574cc84527d2bae2e9ea37e8bf202365,SI3394/V230181/Post Award Submission notes and Forms/023649_Award Acceptance Notice_20230703/General Information/Screenshot_10-3-2026_15642_veras.uidaho.edu.jpeg,VERAS,N,uncategorized_nested_record
DOC-c2959ebcd402,DOC-UNCATEGORIZED,Uncategorized Nested Record,Award,SI3394,V220843,SI3394,Screenshot_10-3-2026_15859_veras.uidaho.edu.jpeg,.jpeg,image/jpeg,130951,c2959ebcd402f1a321264f86f6dc52712eaf67d0546698833b3d9f95423b32cf,SI3394/V230181/Post Award Submission notes and Forms/023649_Award Acceptance Notice_20230703/Internal Submission Routing/Screenshot_10-3-2026_15859_veras.uidaho.edu.jpeg,VERAS,N,uncategorized_nested_record
DOC-1ccaacb1e4a1,DOC-UNCATEGORIZED,Uncategorized Nested Record,Award,SI3394,V220843,SI3394,Screenshot_10-3-2026_15958_veras.uidaho.edu.jpeg,.jpeg,image/jpeg,168039,1ccaacb1e4a1bdf2da9e30ce601c548ff545025d3631f0ee9e73c3fbf084584f,SI3394/V230181/Post Award Submission notes and Forms/023649_Award Acceptance Notice_20230703/Outcome/Screenshot_10-3-2026_15958_veras.uidaho.edu.jpeg,VERAS,N,uncategorized_nested_record
DOC-c611ac227f99-3,DOC-AWARD-INST,Award Instrument,Award,SI3394,V220843,SI3394,V230181 SI3394 3P20GM103408-23S2-Noa.pdf,.pdf,application/pdf,231119,c611ac227f99573bb50e2c14501d48f65fa20a88b8d52a109675416abc8587b3,SI3394/V230181/Post Award Submission notes and Forms/023649_Award Acceptance Notice_20230703/Outcome/V230181 SI3394 3P20GM103408-23S2-Noa.pdf,VERAS,Y,duplicate_content
DOC-71c8db4232ae,DOC-UNCATEGORIZED,Uncategorized Nested Record,Award,SI3394,V220843,SI3394,Screenshot_10-3-2026_15846_veras.uidaho.edu.jpeg,.jpeg,image/jpeg,135009,71c8db4232ae1485e3a66c035b8c269a692a0b355f36334d16c3ee3cfcc33e46,SI3394/V230181/Post Award Submission notes and Forms/023649_Award Acceptance Notice_20230703/Pre-review Screening/Screenshot_10-3-2026_15846_veras.uidaho.edu.jpeg,VERAS,N,uncategorized_nested_record
DOC-7bdee52ec3e5,DOC-UNCATEGORIZED,Uncategorized Nested Record,Award,SI3394,V220843,SI3394,Screenshot_10-3-2026_151021_veras.uidaho.edu.jpeg,.jpeg,image/jpeg,164266,7bdee52ec3e520290fe1ae9d444b4c6895f0e552cb63a0622f134b70903e1f3e,SI3394/V230181/Post Award Submission notes and Forms/023649_Award Acceptance Notice_20230703/Submission Complete/Screenshot_10-3-2026_151021_veras.uidaho.edu.jpeg,VERAS,N,uncategorized_nested_record
DOC-d7a27d22658b,DOC-POST-AWARD-NF,Post Award Submission notes and forms,Award,SI3394,V220843,SI3394,SubmissionComponents23649_LTBRJYCQ_.pdf,.pdf,application/pdf,222554,d7a27d22658ba224e9798544381589779ac4d696b5d5e856e4dbe33019388f52,SI3394/V230181/Post Award Submission notes and Forms/023649_Award Acceptance Notice_20230703/Submission Components/SubmissionComponents23649_LTBRJYCQ_.pdf,VERAS,N,
DOC-3b7a00329850,DOC-UNCATEGORIZED,Uncategorized Nested Record,Award,SI3394,V220843,SI3394,Screenshot_10-3-2026_15753_veras.uidaho.edu.jpeg,.jpeg,image/jpeg,193516,3b7a0032985053ebdcebf250a076914a8af3e3dbf55d95bb13ea3147dca8b408,SI3394/V230181/Post Award Submission notes and Forms/023649_Award Acceptance Notice_20230703/Submission History/Screenshot_10-3-2026_15753_veras.uidaho.edu.jpeg,VERAS,N,uncategorized_nested_record
DOC-f7f5569f303f,DOC-UNCATEGORIZED,Uncategorized Nested Record,Award,SI3394,V220843,SI3394,Screenshot_10-3-2026_15824_veras.uidaho.edu.jpeg,.jpeg,image/jpeg,302599,f7f5569f303fe419e3ba34415b96c86b751510e0a0774fb1ad66ea052332f8b2,SI3394/V230181/Post Award Submission notes and Forms/023649_Award Acceptance Notice_20230703/Submission History/Screenshot_10-3-2026_15824_veras.uidaho.edu.jpeg,VERAS,N,uncategorized_nested_record
DOC-a5fef6c3c553,DOC-PROPOSAL,Proposal,Proposal,V220843,V220843,SI3394,V230181_P20GM103408_Proposal_20260306.pdf,.pdf,application/pdf,1350742,a5fef6c3c553a7acbd1a3f73122d73f188847bcd8b03be756d551e4d07118512,SI3394/V230181/Proposal/V230181_P20GM103408_Proposal_20260306.pdf,VERAS,N,
DOC-ddcf569b003b,DOC-PROP-CORR,Proposal Correspondence,Proposal,V220843,V220843,SI3394,V230181_P20GM103408_Proposal_Correspondence_AOR_Assignment_20230228_20260306.pdf,.pdf,application/pdf,32876,ddcf569b003b54793eac56ef31e6f9fedcf4fdf637ad4e77bed1c79fa45755e8,SI3394/V230181/Proposal Correspondence/V230181_P20GM103408_Proposal_Correspondence_AOR_Assignment_20230228_20260306.pdf,VERAS,N,
DOC-8082cc26a5a1,DOC-PROP-CORR,Proposal Correspondence,Proposal,V220843,V220843,SI3394,V230181_P20GM103408_Proposal_Correspondence_AOR_Outcome_Approved_20230228_20260306.pdf,.pdf,application/pdf,43366,8082cc26a5a124f85226887d1a35acc0d6d7893e1fd9584bc2ffde7b25d34167,SI3394/V230181/Proposal Correspondence/V230181_P20GM103408_Proposal_Correspondence_AOR_Outcome_Approved_20230228_20260306.pdf,VERAS,N,
DOC-20d1050c547e,DOC-PROP-CORR,Proposal Correspondence,Proposal,V220843,V220843,SI3394,V230181_P20GM103408_Proposal_Correspondence_An_Award_Acceptance_Notice_Form_Received_20230703_20260306.pdf,.pdf,application/pdf,45794,20d1050c547eaedc0fb7f9e15decbbfbbf3ab71187a10f18fd7dd11879d8d329,SI3394/V230181/Proposal Correspondence/V230181_P20GM103408_Proposal_Correspondence_An_Award_Acceptance_Notice_Form_Received_20230703_20260306/V230181_P20GM103408_Proposal_Correspondence_An_Award_Acceptance_Notice_Form_Received_20230703_20260306.pdf,VERAS,N,
DOC-eb97e4d63efb,DOC-PROP-CORR,Proposal Correspondence,Proposal,V220843,V220843,SI3394,V230181_P20GM103408_Proposal_Correspondence_An_Award_Acceptance_Notice_Form_Recieved_PDF_20230703_20260306.pdf,.pdf,application/pdf,75579,eb97e4d63efb916d327aa1772c3d029d4d590c7172b8d97064e2f11ba6852be6,SI3394/V230181/Proposal Correspondence/V230181_P20GM103408_Proposal_Correspondence_An_Award_Acceptance_Notice_Form_Received_20230703_20260306/V230181_P20GM103408_Proposal_Correspondence_An_Award_Acceptance_Notice_Form_Recieved_PDF_20230703_20260306.pdf,VERAS,N,
DOC-250ae8bf33b0,DOC-PROP-CORR,Proposal Correspondence,Proposal,V220843,V220843,SI3394,V230181_P20GM103408_Proposal_Correspondence_Award_Acceptance_Notice_Recieved_20230703_20260306.pdf,.pdf,application/pdf,32646,250ae8bf33b0463ebd16844db5f001c0eeef82ca555d8e6749b74ee03f7cce7e,SI3394/V230181/Proposal Correspondence/V230181_P20GM103408_Proposal_Correspondence_Award_Acceptance_Notice_Recieved_20230703_20260306.pdf,VERAS,N,
DOC-1bdecc4c87d9,DOC-PROP-CORR,Proposal Correspondence,Proposal,V220843,V220843,SI3394,V230181_P20GM103408_Proposal_Correspondence_Equipment_Supplement_Extended_20240501_20260306.pdf,.pdf,application/pdf,47301,1bdecc4c87d94f9acd3090ae71c54b9f8b50e229be2e9cbc64222a742c9b0ecf,SI3394/V230181/Proposal Correspondence/V230181_P20GM103408_Proposal_Correspondence_Equipment_Supplement_Extended_20240501_20260306/V230181_P20GM103408_Proposal_Correspondence_Equipment_Supplement_Extended_20240501_20260306.pdf,VERAS,N,
DOC-0c3774ac3ed7-1,DOC-PROP-CORR,Proposal Correspondence,Proposal,V220843,V220843,SI3394,V230181_P20GM103408_Proposal_Correspondence_Equipment_Supplement_Extended_Supplemental_Funding_Award_20240501_20260306.pdf,.pdf,application/pdf,181044,0c3774ac3ed7cf168e010ec04d03ea9b33945642007c749162381e192dc7d663,SI3394/V230181/Proposal Correspondence/V230181_P20GM103408_Proposal_Correspondence_Equipment_Supplement_Extended_20240501_20260306/V230181_P20GM103408_Proposal_Correspondence_Equipment_Supplement_Extended_Supplemental_Funding_Award_20240501_20260306.pdf,VERAS,Y,duplicate_content
DOC-0af4190e6fa5,DOC-PROP-CORR,Proposal Correspondence,Proposal,V220843,V220843,SI3394,V230181_P20GM103408_Proposal_Correspondence_Modification_Processed_Additional_Money_Allocated_20230705_20260306.pdf,.pdf,application/pdf,47516,0af4190e6fa57f00cc382743fff39cee193f238e174e0a7a8da03db9d4011fcd,SI3394/V230181/Proposal Correspondence/V230181_P20GM103408_Proposal_Correspondence_Modification_Processed_Additional_Money_Allocated_20230705_20260306/V230181_P20GM103408_Proposal_Correspondence_Modification_Processed_Additional_Money_Allocated_20230705_20260306.pdf,VERAS,N,
DOC-c611ac227f99-4,DOC-PROP-CORR,Proposal Correspondence,Proposal,V220843,V220843,SI3394,V230181_P20GM103408_Proposal_Correspondence_Modification_Processed_Additional_Money_Allocated_Supplemental_Funding_Award_20230705_20260306.pdf,.pdf,application/pdf,231119,c611ac227f99573bb50e2c14501d48f65fa20a88b8d52a109675416abc8587b3,SI3394/V230181/Proposal Correspondence/V230181_P20GM103408_Proposal_Correspondence_Modification_Processed_Additional_Money_Allocated_20230705_20260306/V230181_P20GM103408_Proposal_Correspondence_Modification_Processed_Additional_Money_Allocated_Supplemental_Funding_Award_20230705_20260306.pdf,VERAS,Y,duplicate_content
DOC-873add354ca0,DOC-PROP-CORR,Proposal Correspondence,Proposal,V220843,V220843,SI3394,V230181_P20GM103408_Proposal_Correspondence_NOTICE_Proposal_Signoff_Removed_20230228_20260306.pdf,.pdf,application/pdf,37264,873add354ca02a9b2b69bfad048032a37a22b36df44cbe68d085a251672c23c4,SI3394/V230181/Proposal Correspondence/V230181_P20GM103408_Proposal_Correspondence_NOTICE_Proposal_Signoff_Removed_20230228_20260306.pdf,VERAS,N,
DOC-c65bd0ceb0bd,DOC-PROP-CORR,Proposal Correspondence,Proposal,V220843,V220843,SI3394,V230181_P20GM103408_Proposal_Correspondence_NoA_PI_Carolyn_Bohach_1_20230703_20260306.pdf,.pdf,application/pdf,37846,c65bd0ceb0bda5dd6b3b2d8c8f2eb2cb78e0722fb270fa276ea538780fed5a89,SI3394/V230181/Proposal Correspondence/V230181_P20GM103408_Proposal_Correspondence_NoA_PI_Carolyn_Bohach_1_20230703_20260306/V230181_P20GM103408_Proposal_Correspondence_NoA_PI_Carolyn_Bohach_1_20230703_20260306.pdf,VERAS,N,
DOC-c611ac227f99-5,DOC-PROP-CORR,Proposal Correspondence,Proposal,V220843,V220843,SI3394,V230181_P20GM103408_Proposal_Correspondence_NoA_PI_Carolyn_Bohach_Award_1_20230703_20260306.pdf,.pdf,application/pdf,231119,c611ac227f99573bb50e2c14501d48f65fa20a88b8d52a109675416abc8587b3,SI3394/V230181/Proposal Correspondence/V230181_P20GM103408_Proposal_Correspondence_NoA_PI_Carolyn_Bohach_1_20230703_20260306/V230181_P20GM103408_Proposal_Correspondence_NoA_PI_Carolyn_Bohach_Award_1_20230703_20260306.pdf,VERAS,Y,duplicate_content
DOC-c5f0cad233c4,DOC-PROP-CORR,Proposal Correspondence,Proposal,V220843,V220843,SI3394,V230181_P20GM103408_Proposal_Correspondence_NoA_PI_Carolyn_Bohach_2_20230703_20260306.pdf,.pdf,application/pdf,37846,c5f0cad233c4e197c66773aceb5b55628db9f9637fb23ef85621824f286121a6,SI3394/V230181/Proposal Correspondence/V230181_P20GM103408_Proposal_Correspondence_NoA_PI_Carolyn_Bohach_2_20230703_20260306/V230181_P20GM103408_Proposal_Correspondence_NoA_PI_Carolyn_Bohach_2_20230703_20260306.pdf,VERAS,N,
DOC-c611ac227f99-6,DOC-PROP-CORR,Proposal Correspondence,Proposal,V220843,V220843,SI3394,V230181_P20GM103408_Proposal_Correspondence_NoA_PI_Carolyn_Bohach_Award_2_20230703_20260306.pdf,.pdf,application/pdf,231119,c611ac227f99573bb50e2c14501d48f65fa20a88b8d52a109675416abc8587b3,SI3394/V230181/Proposal Correspondence/V230181_P20GM103408_Proposal_Correspondence_NoA_PI_Carolyn_Bohach_2_20230703_20260306/V230181_P20GM103408_Proposal_Correspondence_NoA_PI_Carolyn_Bohach_Award_2_20230703_20260306.pdf,VERAS,Y,duplicate_content
DOC-8c961a6f76f5,DOC-PROP-CORR,Proposal Correspondence,Proposal,V220843,V220843,SI3394,V230181_P20GM103408_Proposal_Correspondence_Proposal_Form_OR_Award_Ready_Signoff_20230703_20260306.pdf,.pdf,application/pdf,72056,8c961a6f76f5d290439cc182495c3cf574994b664fef9ecc97b30d0825fb011a,SI3394/V230181/Proposal Correspondence/V230181_P20GM103408_Proposal_Correspondence_Proposal_Form_OR_Award_Ready_Signoff_20230703_20260306.pdf,VERAS,N,
DOC-2c744b34c8f3,DOC-PROP-CORR,Proposal Correspondence,Proposal,V220843,V220843,SI3394,V230181_P20GM103408_Proposal_Correspondence_Proposal_Ready_Signoff_VERAS_20230218_20260306.pdf,.pdf,application/pdf,70372,2c744b34c8f3beae5e8e9f4055288b09210fb2bc1a068e0961bfaa251d43093a,SI3394/V230181/Proposal Correspondence/V230181_P20GM103408_Proposal_Correspondence_Proposal_Ready_Signoff_VERAS_20230218_20260306.pdf,VERAS,N,
DOC-438a66484906,DOC-PROP-CORR,Proposal Correspondence,Proposal,V220843,V220843,SI3394,V230181_P20GM103408_Proposal_Correspondence_Proposal_Ready_Signoff_VERAS_20230227_20260306.pdf,.pdf,application/pdf,70456,438a66484906e98f1e7ead6ed1fc1497090952e5fb7e624e3406f9b9a700803e,SI3394/V230181/Proposal Correspondence/V230181_P20GM103408_Proposal_Correspondence_Proposal_Ready_Signoff_VERAS_20230227_20260306.pdf,VERAS,N,
DOC-4817ce802ed3,DOC-PROP-CORR,Proposal Correspondence,Proposal,V220843,V220843,SI3394,V230181_P20GM103408_Proposal_Correspondence_Proposal_Submission_Sent_OSP_Final_Review_20230228_20260306.pdf,.pdf,application/pdf,42426,4817ce802ed39f82db5629b96f646c5bb55ea20cd171cbeeb66f66073007749f,SI3394/V230181/Proposal Correspondence/V230181_P20GM103408_Proposal_Correspondence_Proposal_Submission_Sent_OSP_Final_Review_20230228_20260306.pdf,VERAS,N,
DOC-d344160d8855,DOC-PROP-CORR,Proposal Correspondence,Proposal,V220843,V220843,SI3394,V230181_P20GM103408_Proposal_Correspondence_REMINDER_VERAS_Proposal_Ready_Review_Signoff_20230228_20260306.pdf,.pdf,application/pdf,61905,d344160d88554272c34ca3f3608266c4f607a31a07f9c54e50124f3b43988e4c,SI3394/V230181/Proposal Correspondence/V230181_P20GM103408_Proposal_Correspondence_REMINDER_VERAS_Proposal_Ready_Review_Signoff_20230228_20260306.pdf,VERAS,N,
DOC-202cdeceea83,DOC-PROP-CORR,Proposal Correspondence,Proposal,V220843,V220843,SI3394,V230181_P20GM103408_Proposal_Correspondence_RE_Modification_Processed_Additional_Money_Allocated_20230705_20260306.pdf,.pdf,application/pdf,106238,202cdeceea832c07bb889849626434f69c5564dd72f82b924ba9b06c5125faac,SI3394/V230181/Proposal Correspondence/V230181_P20GM103408_Proposal_Correspondence_RE_Modification_Processed_Additional_Money_Allocated_20230705_20260306.pdf,VERAS,N,
DOC-6a08b030c4e9,DOC-PROP-CORR,Proposal Correspondence,Proposal,V220843,V220843,SI3394,V230181_P20GM103408_Proposal_Correspondence_Re_INBE_Advancing_Spending_Request_20250611_20260306.pdf,.pdf,application/pdf,65300,6a08b030c4e968d1e9f3fd195c8cb099edb551cd69f126057221dbea5f1f50fe,SI3394/V230181/Proposal Correspondence/V230181_P20GM103408_Proposal_Correspondence_Re_INBE_Advancing_Spending_Request_20250611_20260306.pdf,VERAS,N,
DOC-fdf71c88234b,DOC-PROP-CORR,Proposal Correspondence,Proposal,V220843,V220843,SI3394,V230181_P20GM103408_Proposal_Correspondence_VERAS_Proposal_Ready_Review_Signoff_20230228_20260306.pdf,.pdf,application/pdf,60614,fdf71c88234b65be6427e67702404a0a707d23cd847cec4000e964f9a298c692,SI3394/V230181/Proposal Correspondence/V230181_P20GM103408_Proposal_Correspondence_VERAS_Proposal_Ready_Review_Signoff_20230228_20260306.pdf,VERAS,N,
DOC-ebb514bae370,DOC-PROP-CORR,Proposal Correspondence,Proposal,V220843,V220843,SI3394,V230181_P20GM103408_Proposal_Correspondence_VERAS_Proposal_Ready_Review_Signoff_2_20230228_20260306.pdf,.pdf,application/pdf,60614,ebb514bae3704b6877bd9b3aa63369870e9e3ee575a8853bddae7a4b6cb3ec81,SI3394/V230181/Proposal Correspondence/V230181_P20GM103408_Proposal_Correspondence_VERAS_Proposal_Ready_Review_Signoff_2_20230228_20260306.pdf,VERAS,N,
DOC-0be62e031bf5,DOC-PROP-CORR,Proposal Correspondence,Proposal,V220843,V220843,SI3394,V230181_P20GM103408_Proposal_Correspondence_VERAS_Proposal_Ready_Review_Signoff_3_20230228_20260306.pdf,.pdf,application/pdf,60632,0be62e031bf57e981f4c212b3ce7d837d4b889af184763eecf0d7d6ea42e6071,SI3394/V230181/Proposal Correspondence/V230181_P20GM103408_Proposal_Correspondence_VERAS_Proposal_Ready_Review_Signoff_3_20230228_20260306.pdf,VERAS,N,
DOC-ebb23831e3b0,DOC-SPA-CHECK,SPA Checklist,Proposal,V220843,V220843,SI3394,V230181_P20GM103408_SPA_Checklist_20260306.pdf,.pdf,application/pdf,75418,ebb23831e3b0d6b4ad15e32ac3294ae1efcad65272781e24b17be7178b8c2339,SI3394/V230181/SPA Checklist/V230181_P20GM103408_SPA_Checklist_20260306.pdf,VERAS,N,
DOC-b2ff7f5fa605,DOC-ORIG-BUDGET,Original Budget,Proposal,V250261,V250261,V250261,V250261_1P20GM152304_Original_Budget_Basic_Budget_20260306.jpeg,.jpeg,image/jpeg,53144,b2ff7f5fa605e0b52b7dc65b2e3011b050cabad16b1eb3838de260000ed0e4b8,V250261/Original Budget/V250261_1P20GM152304_Original_Budget_Basic_Budget_20260306.jpeg,VERAS,N,
DOC-f6e716de9402,DOC-ORIG-BUDGET,Original Budget,Proposal,V250261,V250261,V250261,V250261_1P20GM152304_Original_Budget_Budget_Setup_20260306.jpeg,.jpeg,image/jpeg,161173,f6e716de9402ef923c654b852605142225677b52b262ec4df021cd4a6e44728d,V250261/Original Budget/V250261_1P20GM152304_Original_Budget_Budget_Setup_20260306.jpeg,VERAS,N,
DOC-dfea59b10c25,DOC-ORIG-BUDGET,Original Budget,Proposal,V250261,V250261,V250261,V250261_1P20GM152304_Original_Budget_Merica_Budget_Template_20260306.xlsx,.xlsx,application/vnd.openxmlformats-officedocument.spreadsheetml.sheet,19330,dfea59b10c25a9c945087fcbd0f6db505e18313ef4bcb3ea51ce5616f0c73955,V250261/Original Budget/V250261_1P20GM152304_Original_Budget_Merica_Budget_Template_20260306.xlsx,VERAS,N,duplicate_content
DOC-e86b2512bb2c,DOC-ORIG-BUDGET,Original Budget,Proposal,V250261,V250261,V250261,V250261_1P20GM152304_Original_Budget_Merica_Budget_and_Justification_20260306.pdf,.pdf,application/pdf,919372,e86b2512bb2c6f50908792ba976bb0ad7d8d732c59d0af3874348ec11df961ed,V250261/Original Budget/V250261_1P20GM152304_Original_Budget_Merica_Budget_and_Justification_20260306.pdf,VERAS,N,duplicate_content
DOC-cc3a568d7010,DOC-POST-AWARD-NF,Post Award Submission notes and forms,Proposal,V250261,V250261,V250261,V250261_1P20GM152304_Submissions_Proposal_Form_General_Information_20260303.png,.png,image/png,120327,cc3a568d701032c680831bcbbe83baff9a4c39b1626ec12ea83f989eccb4449e,V250261/Post Award Submission notes and forms/031306_Proposal Form_20250401/General Information/V250261_1P20GM152304_Submissions_Proposal_Form_General_Information_20260303.png,VERAS,N,
DOC-6c7dc20748c1,DOC-POST-AWARD-NF,Post Award Submission notes and forms,Proposal,V250261,V250261,V250261,V250261_1P20GM152304_Submissions_Proposal_Form_Submission_Components_20260303.png,.png,image/png,141751,6c7dc20748c1ff6d3e629a591889284ce7ce96706e48ea85fa4848c0f8402e0b,V250261/Post Award Submission notes and forms/031306_Proposal Form_20250401/Submission Components/V250261_1P20GM152304_Submissions_Proposal_Form_Submission_Components_20260303.png,VERAS,N,
DOC-678d48b1635f,DOC-POST-AWARD-NF,Post Award Submission notes and forms,Proposal,V250261,V250261,V250261,V250261_1P20GM152304_Submissions_Proposal_Form_Submission_Components_Award_V01_20260303.pdf,.pdf,application/pdf,231354,678d48b1635f21d167d8a026d354b0729042f82a4b09ab3dc4576e7a974ece9b,V250261/Post Award Submission notes and forms/031306_Proposal Form_20250401/Submission Components/V250261_1P20GM152304_Submissions_Proposal_Form_Submission_Components_Award_V01_20260303.pdf,VERAS,N,duplicate_content
DOC-e917885c69f8,DOC-POST-AWARD-NF,Post Award Submission notes and forms,Proposal,V250261,V250261,V250261,V250261_1P20GM152304_Submissions_Proposal_Form_Submission_Components_BIOSKETCH_Egan_V01_20260303.pdf,.pdf,application/pdf,104178,e917885c69f871993f13a456bab1c3781e595455dc226e8c30df6e6129466008,V250261/Post Award Submission notes and forms/031306_Proposal Form_20250401/Submission Components/V250261_1P20GM152304_Submissions_Proposal_Form_Submission_Components_BIOSKETCH_Egan_V01_20260303.pdf,VERAS,N,
DOC-748979a6d88a,DOC-POST-AWARD-NF,Post Award Submission notes and forms,Proposal,V250261,V250261,V250261,V250261_1P20GM152304_Submissions_Proposal_Form_Submission_Components_BIOSKETCH_Merica_V01_20260303.pdf,.pdf,application/pdf,100620,748979a6d88ac9f181798acc9ba37664fc6bf49892f2d89c7583464f7cb3bdf5,V250261/Post Award Submission notes and forms/031306_Proposal Form_20250401/Submission Components/V250261_1P20GM152304_Submissions_Proposal_Form_Submission_Components_BIOSKETCH_Merica_V01_20260303.pdf,VERAS,N,
DOC-3c810172c937,DOC-POST-AWARD-NF,Post Award Submission notes and forms,Proposal,V250261,V250261,V250261,V250261_1P20GM152304_Submissions_Proposal_Form_Submission_Components_Basic_Budget_20260303.pdf,.pdf,application/pdf,1859,3c810172c937432bc936a316c09d925f2abba5d3d1b8b0ef7ec389854c2c06d2,V250261/Post Award Submission notes and forms/031306_Proposal Form_20250401/Submission Components/V250261_1P20GM152304_Submissions_Proposal_Form_Submission_Components_Basic_Budget_20260303.pdf,VERAS,N,
DOC-d54485e939c5,DOC-POST-AWARD-NF,Post Award Submission notes and forms,Proposal,V250261,V250261,V250261,V250261_1P20GM152304_Submissions_Proposal_Form_Submission_Components_Budget_Setup_20260303.png,.png,image/png,76563,d54485e939c5734635c1e9745a94f0774fc25ba6d1c382c553b1a03cc26e3bf7,V250261/Post Award Submission notes and forms/031306_Proposal Form_20250401/Submission Components/V250261_1P20GM152304_Submissions_Proposal_Form_Submission_Components_Budget_Setup_20260303.png,VERAS,N,
DOC-b1db7e0b8db4,DOC-POST-AWARD-NF,Post Award Submission notes and forms,Proposal,V250261,V250261,V250261,V250261_1P20GM152304_Submissions_Proposal_Form_Submission_Components_COBRE_RPL_Requirements_V03_20260304.png,.png,image/png,1011798,b1db7e0b8db4595c771881c6515d7fe9758e0d9acdf984383770279915beaa22,V250261/Post Award Submission notes and forms/031306_Proposal Form_20250401/Submission Components/V250261_1P20GM152304_Submissions_Proposal_Form_Submission_Components_COBRE_RPL_Requirements_V03_20260304.png,VERAS,N,
DOC-e0c131072a2b,DOC-POST-AWARD-NF,Post Award Submission notes and forms,Proposal,V250261,V250261,V250261,V250261_1P20GM152304_Submissions_Proposal_Form_Submission_Components_Consultant_V01_20260304.pdf,.pdf,application/pdf,938647,e0c131072a2b973578b42a5201dd3f30ac40472ad7d1b51e3344eb8b1afa2806,V250261/Post Award Submission notes and forms/031306_Proposal Form_20250401/Submission Components/V250261_1P20GM152304_Submissions_Proposal_Form_Submission_Components_Consultant_V01_20260304.pdf,VERAS,N,
DOC-ee516dfe9a38,DOC-POST-AWARD-NF,Post Award Submission notes and forms,Proposal,V250261,V250261,V250261,V250261_1P20GM152304_Submissions_Proposal_Form_Submission_Components_FACE_PAGE_398_fp1_Chris_Merica_V01_20260303.docx,.docx,application/vnd.openxmlformats-officedocument.wordprocessingml.document,33826,ee516dfe9a386dad60ce44376fddd33cf26adfeac5d8a3db7c4875e2238b8963,V250261/Post Award Submission notes and forms/031306_Proposal Form_20250401/Submission Components/V250261_1P20GM152304_Submissions_Proposal_Form_Submission_Components_FACE_PAGE_398_fp1_Chris_Merica_V01_20260303.docx,VERAS,N,
DOC-8c0e8a0ef058,DOC-POST-AWARD-NF,Post Award Submission notes and forms,Proposal,V250261,V250261,V250261,V250261_1P20GM152304_Submissions_Proposal_Form_Submission_Components_FACE_PAGE_398_fp1_Chris_Merica_V02_20260303.pdf,.pdf,application/pdf,240252,8c0e8a0ef05837cce5bd20f3bb69dd1d055b5ccca522a4c84767a2a39b1da988,V250261/Post Award Submission notes and forms/031306_Proposal Form_20250401/Submission Components/V250261_1P20GM152304_Submissions_Proposal_Form_Submission_Components_FACE_PAGE_398_fp1_Chris_Merica_V02_20260303.pdf,VERAS,N,
DOC-b735d118f0cb,DOC-POST-AWARD-NF,Post Award Submission notes and forms,Proposal,V250261,V250261,V250261,V250261_1P20GM152304_Submissions_Proposal_Form_Submission_Components_IRB_Outcome_Letter_V01_20260304.pdf,.pdf,application/pdf,63875,b735d118f0cb41191153388dfe01ef839053912e711d649dea069493e7bc133a,V250261/Post Award Submission notes and forms/031306_Proposal Form_20250401/Submission Components/V250261_1P20GM152304_Submissions_Proposal_Form_Submission_Components_IRB_Outcome_Letter_V01_20260304.pdf,VERAS,N,
DOC-dfea59b10c25-1,DOC-POST-AWARD-NF,Post Award Submission notes and forms,Proposal,V250261,V250261,V250261,V250261_1P20GM152304_Submissions_Proposal_Form_Submission_Components_Merica_Budget_Template_V01_20260303.xlsx,.xlsx,application/vnd.openxmlformats-officedocument.spreadsheetml.sheet,19330,dfea59b10c25a9c945087fcbd0f6db505e18313ef4bcb3ea51ce5616f0c73955,V250261/Post Award Submission notes and forms/031306_Proposal Form_20250401/Submission Components/V250261_1P20GM152304_Submissions_Proposal_Form_Submission_Components_Merica_Budget_Template_V01_20260303.xlsx,VERAS,Y,duplicate_content
DOC-e86b2512bb2c-1,DOC-POST-AWARD-NF,Post Award Submission notes and forms,Proposal,V250261,V250261,V250261,V250261_1P20GM152304_Submissions_Proposal_Form_Submission_Components_Merica_Budget_and_Justification_20260303.pdf,.pdf,application/pdf,919372,e86b2512bb2c6f50908792ba976bb0ad7d8d732c59d0af3874348ec11df961ed,V250261/Post Award Submission notes and forms/031306_Proposal Form_20250401/Submission Components/V250261_1P20GM152304_Submissions_Proposal_Form_Submission_Components_Merica_Budget_and_Justification_20260303.pdf,VERAS,Y,duplicate_content
DOC-36a81f44df9d,DOC-POST-AWARD-NF,Post Award Submission notes and forms,Proposal,V250261,V250261,V250261,V250261_1P20GM152304_Submissions_Proposal_Form_Submission_Components_Merica_References_V01_20260304.pdf,.pdf,application/pdf,512639,36a81f44df9d357c5098cba07af26ecf4431c8906d093fdf2795deb7d222af8b,V250261/Post Award Submission notes and forms/031306_Proposal Form_20250401/Submission Components/V250261_1P20GM152304_Submissions_Proposal_Form_Submission_Components_Merica_References_V01_20260304.pdf,VERAS,N,
DOC-338adf75a6c9,DOC-POST-AWARD-NF,Post Award Submission notes and forms,Proposal,V250261,V250261,V250261,V250261_1P20GM152304_Submissions_Proposal_Form_Submission_Components_Merica_Research_Strategy_V01_20260304.pdf,.pdf,application/pdf,668243,338adf75a6c9255696b60281a8dd4bdd911c439d7f5dcb3c683d2cd1bbf1ff77,V250261/Post Award Submission notes and forms/031306_Proposal Form_20250401/Submission Components/V250261_1P20GM152304_Submissions_Proposal_Form_Submission_Components_Merica_Research_Strategy_V01_20260304.pdf,VERAS,N,
DOC-c73e30873006,DOC-POST-AWARD-NF,Post Award Submission notes and forms,Proposal,V250261,V250261,V250261,V250261_1P20GM152304_Submissions_Proposal_Form_Submission_Components_NIH_Package_Merica-Egan_V03_20260303.pdf,.pdf,application/pdf,3576125,c73e308730066465b50d41df7661077eda7f959afa9b3970f80662d584b45079,V250261/Post Award Submission notes and forms/031306_Proposal Form_20250401/Submission Components/V250261_1P20GM152304_Submissions_Proposal_Form_Submission_Components_NIH_Package_Merica-Egan_V03_20260303.pdf,VERAS,N,
DOC-410cd0c39b3d,DOC-POST-AWARD-NF,Post Award Submission notes and forms,Proposal,V250261,V250261,V250261,V250261_1P20GM152304_Submissions_Proposal_Form_Submission_Components_Oxford_Julia_COBRE_AC_PP_Approval_250131_V03_20260304.pdf,.pdf,application/pdf,367733,410cd0c39b3d0a399d5c7034998b1fbfa807c43f50a8b8ea82c1ec73c9c23ece,V250261/Post Award Submission notes and forms/031306_Proposal Form_20250401/Submission Components/V250261_1P20GM152304_Submissions_Proposal_Form_Submission_Components_Oxford_Julia_COBRE_AC_PP_Approval_250131_V03_20260304.pdf,VERAS,N,
DOC-10844bbf0ec0,DOC-POST-AWARD-NF,Post Award Submission notes and forms,Proposal,V250261,V250261,V250261,V250261_1P20GM152304_Submissions_Proposal_Form_Submission_Components_PHSHumanSubjectsAndClinicalTrialsInfo_V03_20260304.pdf,.pdf,application/pdf,1411709,10844bbf0ec0fbea889efa79d24000ad1a0debd6576169bfe336ad73f3f222b3,V250261/Post Award Submission notes and forms/031306_Proposal Form_20250401/Submission Components/V250261_1P20GM152304_Submissions_Proposal_Form_Submission_Components_PHSHumanSubjectsAndClinicalTrialsInfo_V03_20260304.pdf,VERAS,N,
DOC-c01064f44017,DOC-POST-AWARD-NF,Post Award Submission notes and forms,Proposal,V250261,V250261,V250261,V250261_1P20GM152304_Submissions_Proposal_Form_Submission_Components_Project_Summary_398_fp2_Merica(tc)_V02_20260303.docx,.docx,application/vnd.openxmlformats-officedocument.wordprocessingml.document,35438,c01064f44017a47de68e0db2358d6764d8267666bfb763e62cc6b5a11cdf52b9,V250261/Post Award Submission notes and forms/031306_Proposal Form_20250401/Submission Components/V250261_1P20GM152304_Submissions_Proposal_Form_Submission_Components_Project_Summary_398_fp2_Merica(tc)_V02_20260303.docx,VERAS,N,
DOC-1084b0fab938,DOC-POST-AWARD-NF,Post Award Submission notes and forms,Proposal,V250261,V250261,V250261,V250261_1P20GM152304_Submissions_Proposal_Form_Submission_Components_Project_Summary_398_fp2_Merica_V01_20260303.docx,.docx,application/vnd.openxmlformats-officedocument.wordprocessingml.document,35085,1084b0fab93802d04f0356061b6bd1aca4ea7fb7b485b49c99a3eb79455a4ca7,V250261/Post Award Submission notes and forms/031306_Proposal Form_20250401/Submission Components/V250261_1P20GM152304_Submissions_Proposal_Form_Submission_Components_Project_Summary_398_fp2_Merica_V01_20260303.docx,VERAS,N,
DOC-42249076ce66,DOC-POST-AWARD-NF,Post Award Submission notes and forms,Proposal,V250261,V250261,V250261,V250261_1P20GM152304_Submissions_Proposal_Form_Submission_Components_citiCompletionCertificate_Egan_V01_20260304.pdf,.pdf,application/pdf,76637,42249076ce663d9b4be95fd3769602164b8eb55e41583ffdfff361ad3dcce7d7,V250261/Post Award Submission notes and forms/031306_Proposal Form_20250401/Submission Components/V250261_1P20GM152304_Submissions_Proposal_Form_Submission_Components_citiCompletionCertificate_Egan_V01_20260304.pdf,VERAS,N,
DOC-1a1ba5168e7d,DOC-POST-AWARD-NF,Post Award Submission notes and forms,Proposal,V250261,V250261,V250261,V250261_1P20GM152304_Submissions_Proposal_Form_Submission_Components_citiCompletionCertificate_Merica_V01_20260304.pdf,.pdf,application/pdf,76693,1a1ba5168e7d266b2d4883e6cd85ed36b35f155faccd384e3814a429334182bd,V250261/Post Award Submission notes and forms/031306_Proposal Form_20250401/Submission Components/V250261_1P20GM152304_Submissions_Proposal_Form_Submission_Components_citiCompletionCertificate_Merica_V01_20260304.pdf,VERAS,N,
DOC-ced43b65fa18,DOC-POST-AWARD-NF,Post Award Submission notes and forms,Proposal,V250261,V250261,V250261,V250261_Submissions_Proposal_Form_Submission_Components_1P20GM152304_Project_Summary_Merica_V01_20260303.pdf,.pdf,application/pdf,134409,ced43b65fa18c56c58e5a5a8b42165550177861d00d84835914a2c6ea121c259,V250261/Post Award Submission notes and forms/031306_Proposal Form_20250401/Submission Components/V250261_Submissions_Proposal_Form_Submission_Components_1P20GM152304_Project_Summary_Merica_V01_20260303.pdf,VERAS,N,
DOC-56358c0e71b5,DOC-POST-AWARD-NF,Post Award Submission notes and forms,Proposal,V250261,V250261,V250261,V250261_1P20GM152304_Submissions_Proposal_Form_Submission_History_1_20260304.pdf,.pdf,application/pdf,192013,56358c0e71b50f113cc7b79c879dd3bcb80c371565f3a4afcfc8b04560343360,V250261/Post Award Submission notes and forms/031306_Proposal Form_20250401/Submission History/V250261_1P20GM152304_Submissions_Proposal_Form_Submission_History_1_20260304.pdf,VERAS,N,
DOC-5a7be2e05001,DOC-POST-AWARD-NF,Post Award Submission notes and forms,Proposal,V250261,V250261,V250261,V250261_1P20GM152304_Submissions_Proposal_Form_Submission_History_2_20260304.pdf,.pdf,application/pdf,190019,5a7be2e05001f276daadac601aef6cc41db94e144a7d8ce317ccd54233635f85,V250261/Post Award Submission notes and forms/031306_Proposal Form_20250401/Submission History/V250261_1P20GM152304_Submissions_Proposal_Form_Submission_History_2_20260304.pdf,VERAS,N,
DOC-07a8c7feb379,DOC-PROPOSAL,Proposal,Proposal,V250261,V250261,V250261,V250261_1P20GM152304_Proposal_V01_20260303.pdf,.pdf,application/pdf,940710,07a8c7feb3791ef2b9de60ba624d86dd730c4f0f88fd1a4d280eafd40a83d3b0,V250261/Proposal/V250261_1P20GM152304_Proposal_V01_20260303.pdf,VERAS,N,
DOC-2db8fd4dc453,DOC-PROP-CORR,Proposal Correspondence,Proposal,V250261,V250261,V250261,V250261_1P20GM152304_Proposal_Correspondence_AOR_Assignment_20250328_20260305.jpeg,.jpeg,image/jpeg,127613,2db8fd4dc453460b48aea4e77a68d0060e31828c3b17a8b017f7447aa47098a2,V250261/Proposal Correspondence/V250261_1P20GM152304_Proposal_Correspondence_AOR_Assignment_20250328_20260305.jpeg,VERAS,N,
DOC-723938f07561,DOC-PROP-CORR,Proposal Correspondence,Proposal,V250261,V250261,V250261,V250261_1P20GM152304_Proposal_Correspondence_AOR_Assignment_20250331_20260305.jpeg,.jpeg,image/jpeg,120725,723938f07561646cc8834c1c8d66c33d799f7c7ac367eaa478a2a9b06259e0ca,V250261/Proposal Correspondence/V250261_1P20GM152304_Proposal_Correspondence_AOR_Assignment_20250331_20260305.jpeg,VERAS,N,
DOC-ba6558875374,DOC-PROP-CORR,Proposal Correspondence,Proposal,V250261,V250261,V250261,V250261_1P20GM152304_Proposal_Correspondence_AOR_Outcome_Approved_20250331_20260305.png,.png,image/png,50893,ba65588753745eff13acf2ae070e49025f497a991e19752033623c4c28fd15d0,V250261/Proposal Correspondence/V250261_1P20GM152304_Proposal_Correspondence_AOR_Outcome_Approved_20250331_20260305.png,VERAS,N,
DOC-09f5cc7a9cc1,DOC-PROP-CORR,Proposal Correspondence,Proposal,V250261,V250261,V250261,V250261_1P20GM152304_Proposal_Correspondence_Proposal_Submission_Sent_OSP_Final_Review_20250328_20260305.jpeg,.jpeg,image/jpeg,163805,09f5cc7a9cc1319c33bf2de0906fa41d8fe2e0603e73bbf1c6f5967ef7f99ffa,V250261/Proposal Correspondence/V250261_1P20GM152304_Proposal_Correspondence_Proposal_Submission_Sent_OSP_Final_Review_20250328_20260305.jpeg,VERAS,N,
DOC-85ebcf7986cf,DOC-PROP-CORR,Proposal Correspondence,Proposal,V250261,V250261,V250261,V250261_1P20GM152304_Proposal_Correspondence_VERAS_Proposal_Form_OR_Award_Ready_For_Signoff_1_20250328_20260305.jpeg,.jpeg,image/jpeg,342144,85ebcf7986cf60288df4ecaa9cce8028969a67eccdb1ade01ec9a11565d6df2f,V250261/Proposal Correspondence/V250261_1P20GM152304_Proposal_Correspondence_VERAS_Proposal_Form_OR_Award_Ready_For_Signoff_1_20250328_20260305.jpeg,VERAS,N,
DOC-163e460c1f5a,DOC-PROP-CORR,Proposal Correspondence,Proposal,V250261,V250261,V250261,V250261_1P20GM152304_Proposal_Correspondence_VERAS_Proposal_Form_OR_Award_Ready_For_Signoff_20250328_20260305.jpeg,.jpeg,image/jpeg,357603,163e460c1f5acf535fe6df4368c469cd007529ea95b65cb5772c77c8108d2263,V250261/Proposal Correspondence/V250261_1P20GM152304_Proposal_Correspondence_VERAS_Proposal_Form_OR_Award_Ready_For_Signoff_20250328_20260305.jpeg,VERAS,N,
DOC-e1b9ac9156fa,DOC-PROP-CORR,Proposal Correspondence,Proposal,V250261,V250261,V250261,V250261_1P20GM152304_Proposal_Correspondence_VERAS_Proposal_Form_OR_Award_Ready_For_Signoff_2_20250328_20260305.jpeg,.jpeg,image/jpeg,338142,e1b9ac9156fae61f8a54e4b25e0c77f693f1e3accaedc814f9ba9bbd73a7c1ca,V250261/Proposal Correspondence/V250261_1P20GM152304_Proposal_Correspondence_VERAS_Proposal_Form_OR_Award_Ready_For_Signoff_2_20250328_20260305.jpeg,VERAS,N,
DOC-c93c00c3d3c5,DOC-PROP-CORR,Proposal Correspondence,Proposal,V250261,V250261,V250261,V250261_1P20GM152304_Proposal_Correspondence_VERAS_Proposal_Form_OR_Award_Ready_For_Signoff_3_20250328_20260305.jpeg,.jpeg,image/jpeg,328880,c93c00c3d3c584d927475cce7803c7b02137a3863509898bfd143c6471c6bc02,V250261/Proposal Correspondence/V250261_1P20GM152304_Proposal_Correspondence_VERAS_Proposal_Form_OR_Award_Ready_For_Signoff_3_20250328_20260305.jpeg,VERAS,N,
DOC-fe07f381fad0,DOC-PROP-CORR,Proposal Correspondence,Proposal,V250261,V250261,V250261,V250261_1P20GM152304_Proposal_Correspondence_VERAS_Proposal_Form_OR_Award_Ready_For_Signoff_4_20250328_20260305.jpeg,.jpeg,image/jpeg,325159,fe07f381fad06119c0a63d8e61a41a76bddb3bfe9b3ba27f83d764ad54dfd9e6,V250261/Proposal Correspondence/V250261_1P20GM152304_Proposal_Correspondence_VERAS_Proposal_Form_OR_Award_Ready_For_Signoff_4_20250328_20260305.jpeg,VERAS,N,
DOC-545672a6120d,DOC-PROP-CORR,Proposal Correspondence,Proposal,V250261,V250261,V250261,V250261_1P20GM152304_Proposal_Correspondence_VERAS_Proposal_Form_OR_Award_Ready_For_Signoff_5_20250328_20260305.jpeg,.jpeg,image/jpeg,345358,545672a6120d2bd1d40f773061c64c2b40c841f5972c0b58244bb0311fdcf220,V250261/Proposal Correspondence/V250261_1P20GM152304_Proposal_Correspondence_VERAS_Proposal_Form_OR_Award_Ready_For_Signoff_5_20250328_20260305.jpeg,VERAS,N,
DOC-2eb8fbe7760e,DOC-SPA-CHECK,SPA Checklist,Proposal,V250261,V250261,V250261,V250261_1P20GM152304_SPA_Checklist_V01_20260303.pdf,.pdf,application/pdf,304744,2eb8fbe7760eb2a43d5f4447c51596d2c1266993473d9e60836fd85785fdb689,V250261/SPA Checklist/V250261_1P20GM152304_SPA_Checklist_V01_20260303.pdf,VERAS,N,
