project_id,project_title,project_status,lead_organization_id,sponsor_organization_id,start_date,end_date,source_proposal_number,needs_veras_title,title_source_type
PROJECT-08900D,DHHS NIH Idaho INBRE-4 Yr 1,Active,UI-LEAD,SPONSOR-DHHS1,2019-05-01,2025-04-30,08900D,N,proposal_title
PROJECT-10099-R,,Active,UI-LEAD,SPONSOR-DHHS1,2019-09-16,2025-07-31,10099-R,Y,
PROJECT-10197-R,,Active,UI-LEAD,SPONSOR-BALSTA,2019-05-15,2025-05-14,10197-R,Y,
PROJECT-16080,,Active,UI-LEAD,SPONSOR-NSF,2016-09-01,2025-08-31,16080,Y,
PROJECT-16290,,Active,UI-LEAD,SPONSOR-NSF,2016-09-01,2022-08-31,16290,Y,
PROJECT-16729,,Active,UI-LEAD,SPONSOR-ITD1,2019-09-18,2021-09-17,16729,Y,
PROJECT-16766,,Active,UI-LEAD,SPONSOR-NASA,2017-02-03,2023-09-30,16766,Y,
PROJECT-17045-R,,Active,UI-LEAD,SPONSOR-NSF,2018-05-15,2025-04-30,17045-R,Y,
PROJECT-17116-RR,,Active,UI-LEAD,SPONSOR-NIFA,2019-07-15,2024-07-14,17116-RR,Y,
PROJECT-17185-R,,Active,UI-LEAD,SPONSOR-DHHS1,2018-09-05,2025-06-30,17185-R,Y,
PROJECT-17296,,Active,UI-LEAD,SPONSOR-NIFA,2017-08-01,2023-07-31,17296,Y,
PROJECT-17301,,Active,UI-LEAD,SPONSOR-USOE3,2017-06-01,2022-09-30,17301,Y,
PROJECT-17303,,Active,UI-LEAD,SPONSOR-USOE3,2017-09-01,2022-08-31,17303,Y,
PROJECT-17422-R,,Active,UI-LEAD,SPONSOR-ISDE7,2021-07-01,2022-06-30,17422-R,Y,
PROJECT-17532,,Active,UI-LEAD,SPONSOR-DHHS1,2017-07-01,2023-06-30,17532,Y,
PROJECT-17570,,Active,UI-LEAD,SPONSOR-DHHS1,2018-06-01,2024-05-31,17570,Y,
PROJECT-17822,,Active,UI-LEAD,SPONSOR-NASA,2018-06-11,2025-06-10,17822,Y,
PROJECT-18037,,Active,UI-LEAD,SPONSOR-NSF,2018-05-01,2026-01-31,18037,Y,
PROJECT-18045B,,Active,UI-LEAD,SPONSOR-NIFA,2019-05-15,2024-05-14,18045B,Y,
PROJECT-18168,,Active,UI-LEAD,SPONSOR-WASSTA12,2018-07-17,2024-06-30,18168,Y,
PROJECT-18193,,Active,UI-LEAD,SPONSOR-NSF,2018-08-01,2022-07-31,18193,Y,
PROJECT-18373,,Active,UI-LEAD,SPONSOR-MICTEC,2018-10-01,2022-09-30,18373,Y,
PROJECT-18398,,Active,UI-LEAD,SPONSOR-DOE1,2018-10-01,2022-09-30,18398,Y,
PROJECT-18421,,Active,UI-LEAD,SPONSOR-USDFOR,2018-04-24,2022-12-31,18421,Y,
PROJECT-18534,,Active,UI-LEAD,SPONSOR-USDANRCS,2018-10-01,2022-09-30,18534,Y,
PROJECT-18571,,Active,UI-LEAD,SPONSOR-MINUNI,2018-09-01,2023-08-31,18571,Y,
PROJECT-18628-PR,,Active,UI-LEAD,SPONSOR-UTASTA,2018-08-20,2023-12-31,18628-PR,Y,
PROJECT-18645,,Active,UI-LEAD,SPONSOR-ALADEP,2018-07-05,2022-06-30,18645,Y,
PROJECT-18667,,Active,UI-LEAD,SPONSOR-NORCAR,2018-08-01,2023-08-31,18667,Y,
PROJECT-18686,,Active,UI-LEAD,SPONSOR-IDAAGR,2018-11-30,2022-06-30,18686,Y,
PROJECT-18691,,Active,UI-LEAD,SPONSOR-IEOOC,2018-11-21,2022-06-30,18691,Y,
PROJECT-18701,,Active,UI-LEAD,SPONSOR-UOFME,2019-07-01,2023-06-30,18701,Y,
PROJECT-18780B,,Active,UI-LEAD,SPONSOR-USDFOR,2018-06-22,2022-12-31,18780B,Y,
PROJECT-19024,,Active,UI-LEAD,SPONSOR-UARS5,2018-07-01,2023-06-30,19024,Y,
PROJECT-19032,,Active,UI-LEAD,SPONSOR-NSF,2019-03-01,2024-02-28,19032,Y,
PROJECT-19041,,Active,UI-LEAD,SPONSOR-NSF,2019-06-01,2026-05-31,19041,Y,
PROJECT-19061,,Active,UI-LEAD,SPONSOR-JOHHOP1,2019-07-15,2025-04-18,19061,Y,
PROJECT-19064,,Active,UI-LEAD,SPONSOR-USOE3,2018-10-01,2024-10-31,19064,Y,
PROJECT-19065,,Active,UI-LEAD,SPONSOR-DHHS1,2018-09-30,2024-09-29,19065,Y,
PROJECT-19071,,Active,UI-LEAD,SPONSOR-NIFA,2019-03-01,2023-05-14,19071,Y,
PROJECT-19078,,Active,UI-LEAD,SPONSOR-NIFA,2019-05-15,2025-05-14,19078,Y,
PROJECT-19093,,Active,UI-LEAD,SPONSOR-NIFA,2019-03-01,2025-02-28,19093,Y,
PROJECT-19103,,Active,UI-LEAD,SPONSOR-USBLM,2018-08-31,2028-08-30,19103,Y,
PROJECT-19133,,Active,UI-LEAD,SPONSOR-UARS5,2018-09-24,2023-09-23,19133,Y,
PROJECT-19143,,Active,UI-LEAD,SPONSOR-NIFA,2019-06-01,2023-05-31,19143,Y,
PROJECT-19157,,Active,UI-LEAD,SPONSOR-USOE1,2018-10-01,2023-09-30,19157,Y,
PROJECT-19183,,Active,UI-LEAD,SPONSOR-NSF,2019-08-15,2026-06-30,19183,Y,
PROJECT-19201,,Active,UI-LEAD,SPONSOR-NORCAR,2019-09-01,2024-08-31,19201,Y,
PROJECT-19252,,Active,UI-LEAD,SPONSOR-USDFOR,2019-07-01,2023-09-30,19252,Y,
PROJECT-19310,,Active,UI-LEAD,SPONSOR-NIFA,2018-10-01,2023-09-30,19310,Y,
PROJECT-19315,,Active,UI-LEAD,SPONSOR-WASSTA12,2019-10-01,2022-09-30,19315,Y,
PROJECT-19317,,Active,UI-LEAD,SPONSOR-INDLAN,2019-01-01,2022-09-30,19317,Y,
PROJECT-19350,,Active,UI-LEAD,SPONSOR-USFWS,2019-05-16,2024-07-31,19350,Y,
PROJECT-19393,,Active,UI-LEAD,SPONSOR-WASDFW,2019-04-01,2024-09-30,19393,Y,
PROJECT-19395,,Active,UI-LEAD,SPONSOR-AUSUNI1,2019-03-01,2025-09-30,19395,Y,
PROJECT-19403,,Active,UI-LEAD,SPONSOR-NORCAR,2019-10-01,2024-09-30,19403,Y,
PROJECT-19412,,Active,UI-LEAD,SPONSOR-UTASTA,2019-07-01,2024-05-30,19412,Y,
PROJECT-19427,,Active,UI-LEAD,SPONSOR-NSF,2019-07-01,2026-06-30,19427,Y,
PROJECT-19486,,Active,UI-LEAD,SPONSOR-NSF,2019-09-01,2025-08-31,19486,Y,
PROJECT-19553,,Active,UI-LEAD,SPONSOR-USDFOR,2020-07-07,2025-07-06,19553,Y,
PROJECT-19572,,Active,UI-LEAD,SPONSOR-USDANRCS,2019-07-24,2024-06-30,19572,Y,
PROJECT-19622,,Active,UI-LEAD,SPONSOR-COLSTA1,2019-09-01,2023-08-31,19622,Y,
PROJECT-19636,,Active,UI-LEAD,SPONSOR-IDACHE,2019-12-05,2022-06-30,19636,Y,
PROJECT-19642,,Active,UI-LEAD,SPONSOR-IDABEA1,2020-01-02,2022-06-30,19642,Y,
PROJECT-AQK327,,Active,UI-LEAD,SPONSOR-ITD1,2018-02-27,2023-05-19,AQK327,Y,
PROJECT-BKK618,,Active,UI-LEAD,SPONSOR-UTASTA,2017-08-21,2022-02-28,BKK618,Y,
PROJECT-BRK758,,Active,UI-LEAD,SPONSOR-NIFA,2017-09-01,2022-08-31,BRK758,Y,
PROJECT-BSK944,,Active,UI-LEAD,SPONSOR-SYNCRO,2017-10-23,2024-07-31,BSK944,Y,
PROJECT-DCK800,,Active,UI-LEAD,SPONSOR-MICRON,2013-09-23,2021-03-31,DCK800,Y,
PROJECT-EFK620,,Active,UI-LEAD,SPONSOR-USOE3,2017-09-01,2022-08-31,EFK620,Y,
PROJECT-EFK732,,Active,UI-LEAD,SPONSOR-USOE3,2017-11-01,2022-10-31,EFK732,Y,
PROJECT-EFK736,,Active,UI-LEAD,SPONSOR-USOE3,2017-09-01,2022-08-31,EFK736,Y,
PROJECT-ETK242,,Active,UI-LEAD,SPONSOR-USOE1,2016-10-01,2021-09-30,ETK242,Y,
PROJECT-GNK545,,Active,UI-LEAD,SPONSOR-USDFOR,2017-06-13,2022-06-30,GNK545,Y,
PROJECT-GNK829,,Active,UI-LEAD,SPONSOR-IDASTA34,2017-10-01,2022-12-31,GNK829,Y,
PROJECT-GNK869,,Active,UI-LEAD,SPONSOR-STILUM,2017-04-03,2023-06-30,GNK869,Y,
PROJECT-IMK113,,Active,UI-LEAD,SPONSOR-DHHS1,2018-05-22,2024-03-31,IMK113,Y,
PROJECT-JDK061,,Active,UI-LEAD,SPONSOR-NSF,2016-09-01,2021-06-30,JDK061,Y,
PROJECT-KBK550,,Active,UI-LEAD,SPONSOR-NSF,2018-08-01,2024-03-31,KBK550,Y,
PROJECT-KGK088,,Active,UI-LEAD,SPONSOR-DHHS1,2018-05-16,2025-04-30,KGK088,Y,
PROJECT-V19018,,Active,UI-LEAD,SPONSOR-USDFOR,2019-09-20,2024-09-03,V19018,Y,
PROJECT-V19034,,Active,UI-LEAD,SPONSOR-NIFA,2019-09-01,2024-08-31,V19034,Y,
PROJECT-V19057,,Active,UI-LEAD,SPONSOR-WASSTA12,2019-09-01,2025-06-30,V19057,Y,
PROJECT-V19126,,Active,UI-LEAD,SPONSOR-UARS5,2019-08-19,2024-08-18,V19126,Y,
PROJECT-V19145,,Active,UI-LEAD,SPONSOR-IDASTA34,2021-07-01,2022-06-30,V19145,Y,
PROJECT-V19173,"Creating a new bioeconomy for dairies to increase nutrient recycling, enhance productivity of crops, and stimulate prosperity in rural America",Active,UI-LEAD,SPONSOR-NIFA,2020-09-01,2026-08-31,V19173,N,proposal_title
PROJECT-V19223,,Active,UI-LEAD,SPONSOR-MONDEP4,2020-04-01,2022-10-31,V19223,Y,
PROJECT-V19263,,Active,UI-LEAD,SPONSOR-OHISTA2,2021-09-01,2025-08-31,V19263,Y,
PROJECT-V19277,,Active,UI-LEAD,SPONSOR-DHHS1,2020-08-01,2026-08-31,V19277,Y,
PROJECT-V19278,,Active,UI-LEAD,SPONSOR-NIFA,2020-05-15,2025-05-14,V19278,Y,
PROJECT-V19327,,Active,UI-LEAD,SPONSOR-NIFA,2020-03-01,2026-05-14,V19327,Y,
PROJECT-V19330,,Active,UI-LEAD,SPONSOR-XVERUNI,2020-06-01,2023-05-31,V19330,Y,
PROJECT-V19332,,Active,UI-LEAD,SPONSOR-UARS5,2019-08-01,2023-08-31,V19332,Y,
PROJECT-V19357,,Active,UI-LEAD,SPONSOR-WAKFOR,2020-03-19,2023-02-28,V19357,Y,
PROJECT-V19370,,Active,UI-LEAD,SPONSOR-NIFA,2020-05-01,2026-04-30,V19370,Y,
PROJECT-V19394,,Active,UI-LEAD,SPONSOR-USJUS,2019-10-01,2025-09-30,V19394,Y,
PROJECT-V19406,,Active,UI-LEAD,SPONSOR-NASA,2020-06-01,2026-05-31,V19406,Y,
PROJECT-V19429,,Active,UI-LEAD,SPONSOR-NIFA,2019-10-01,2024-09-30,V19429,Y,
PROJECT-V19443,,Active,UI-LEAD,SPONSOR-IDAFIS,2019-07-01,2025-12-31,V19443,Y,
PROJECT-V19456,,Active,UI-LEAD,SPONSOR-MULTIP,2019-12-01,2025-09-01,V19456,Y,
PROJECT-V19466,,Active,UI-LEAD,SPONSOR-USBLM,2020-09-30,2025-09-30,V19466,Y,
PROJECT-V19496,,Active,UI-LEAD,SPONSOR-WASSTA12,2020-09-01,2023-07-31,V19496,Y,
PROJECT-V19514,,Active,UI-LEAD,SPONSOR-STESTO2,2019-12-01,2025-09-30,V19514,Y,
PROJECT-V19534,,Active,UI-LEAD,SPONSOR-NSF,2020-08-01,2025-12-31,V19534,Y,
PROJECT-V19537,,Active,UI-LEAD,SPONSOR-NSF,2020-08-01,2025-07-31,V19537,Y,
PROJECT-V19598,,Active,UI-LEAD,SPONSOR-BRICOL6,2019-09-01,2022-12-24,V19598,Y,
PROJECT-V19629,,Active,UI-LEAD,SPONSOR-USDFOR,2020-05-20,2024-05-31,V19629,Y,
PROJECT-V19640,,Active,UI-LEAD,SPONSOR-AMECHE,2021-09-01,2025-08-31,V19640,Y,
PROJECT-V19706,,Active,UI-LEAD,SPONSOR-IDAFIS,2021-06-30,2024-06-30,V19706,Y,
PROJECT-V19714,,Active,UI-LEAD,SPONSOR-NASA,2020-08-20,2025-08-20,V19714,Y,
PROJECT-V19726,,Active,UI-LEAD,SPONSOR-ITD1,2021-03-01,2025-09-30,V19726,Y,
PROJECT-V19751,,Active,UI-LEAD,SPONSOR-USBLM,2020-09-30,2025-09-30,V19751,Y,
PROJECT-V19763,,Active,UI-LEAD,SPONSOR-EPA11,2020-09-01,2024-08-31,V19763,Y,
PROJECT-V19775,,Active,UI-LEAD,SPONSOR-MURCHA,2020-03-05,2023-05-01,V19775,Y,
PROJECT-V19828,,Active,UI-LEAD,SPONSOR-USOE1,2022-11-01,2026-10-31,V19828,Y,
PROJECT-V19891,,Active,UI-LEAD,SPONSOR-USOE1,2020-09-01,2025-08-31,V19891,Y,
PROJECT-V200004,,Active,UI-LEAD,SPONSOR-NEVUNI3,2020-10-01,2024-09-30,V200004,Y,
PROJECT-V200020,,Active,UI-LEAD,SPONSOR-USOE1,2020-07-01,2025-09-30,V200020,Y,
PROJECT-V200057,,Active,UI-LEAD,SPONSOR-DOE1,2020-10-01,2023-09-30,V200057,Y,
PROJECT-V200078,,Active,UI-LEAD,SPONSOR-USJUS,2020-10-01,2024-09-30,V200078,Y,
PROJECT-V200113,,Active,UI-LEAD,SPONSOR-NIFA,2020-09-01,2024-08-31,V200113,Y,
PROJECT-V200118,,Active,UI-LEAD,SPONSOR-UARS5,2020-04-01,2024-10-30,V200118,Y,
PROJECT-V200134,,Active,UI-LEAD,SPONSOR-NASA,2021-06-01,2025-05-31,V200134,Y,
PROJECT-V200187,,Active,UI-LEAD,SPONSOR-NASA,2021-01-01,2025-12-31,V200187,Y,
PROJECT-V200196,,Active,UI-LEAD,SPONSOR-SIMFOU1,2020-09-01,2025-08-31,V200196,Y,
PROJECT-V200256,,Active,UI-LEAD,SPONSOR-TEXBIO,2020-09-30,2025-05-31,V200256,Y,
PROJECT-V200274,,Active,UI-LEAD,SPONSOR-NIFA,2021-01-01,2023-12-31,V200274,Y,
PROJECT-V200276,,Active,UI-LEAD,SPONSOR-USBLM,2020-06-09,2022-06-30,V200276,Y,
PROJECT-V200284,,Active,UI-LEAD,SPONSOR-UARS5,2020-08-01,2024-10-31,V200284,Y,
PROJECT-V200292,,Active,UI-LEAD,SPONSOR-NIFA,2017-07-01,2022-08-14,V200292,Y,
PROJECT-V200312,,Active,UI-LEAD,SPONSOR-USARM,2020-05-22,2026-05-21,V200312,Y,
PROJECT-V200314,,Active,UI-LEAD,SPONSOR-NIFA,2021-01-01,2024-12-31,V200314,Y,
PROJECT-V200319,,Active,UI-LEAD,SPONSOR-NIFA,2021-01-01,2025-06-30,V200319,Y,
PROJECT-V200324,,Active,UI-LEAD,SPONSOR-IDANUR,2020-12-20,2023-06-30,V200324,Y,
PROJECT-V200333,,Active,UI-LEAD,SPONSOR-NASA,2021-01-01,2025-06-30,V200333,Y,
PROJECT-V200339,,Active,UI-LEAD,SPONSOR-IDAAGR,2020-12-22,2023-09-29,V200339,Y,
PROJECT-V200347,,Active,UI-LEAD,SPONSOR-IAC,2020-11-04,2023-06-30,V200347,Y,
PROJECT-V200369,,Active,UI-LEAD,SPONSOR-BSU,2022-01-20,2024-06-30,V200369,Y,
PROJECT-V200375,,Active,UI-LEAD,SPONSOR-IEOOC,2020-11-04,2023-06-30,V200375,Y,
PROJECT-V200388,,Active,UI-LEAD,SPONSOR-IDABEA1,2020-10-01,2023-06-30,V200388,Y,
PROJECT-V200393,,Active,UI-LEAD,SPONSOR-NIFA,2021-01-01,2023-12-31,V200393,Y,
PROJECT-V200409,,Active,UI-LEAD,SPONSOR-NIFA,2020-09-01,2026-08-31,V200409,Y,
PROJECT-V200417,,Active,UI-LEAD,SPONSOR-USNUC,2021-03-29,2025-06-30,V200417,Y,
PROJECT-V200432,,Active,UI-LEAD,SPONSOR-USGS,2020-11-12,2025-11-11,V200432,Y,
PROJECT-V200435,,Active,UI-LEAD,SPONSOR-NIFA,2021-05-01,2026-04-30,V200435,Y,
PROJECT-V200449,,Active,UI-LEAD,SPONSOR-NSF,2021-04-01,2025-03-31,V200449,Y,
PROJECT-V200455,,Active,UI-LEAD,SPONSOR-NEZTRI,2021-01-01,2024-03-31,V200455,Y,
PROJECT-V200465,,Active,UI-LEAD,SPONSOR-MURCHA,2020-10-01,2023-06-01,V200465,Y,
PROJECT-V200524,,Active,UI-LEAD,SPONSOR-NIFA,2021-02-01,2026-01-31,V200524,Y,
PROJECT-V200572,,Active,UI-LEAD,SPONSOR-USDFOR,2020-05-20,2023-05-31,V200572,Y,
PROJECT-V200575,,Active,UI-LEAD,SPONSOR-NIFA,2021-05-01,2026-04-30,V200575,Y,
PROJECT-V200582,,Active,UI-LEAD,SPONSOR-NIFA,2020-09-01,2024-08-31,V200582,Y,
PROJECT-V200599,,Active,UI-LEAD,SPONSOR-IDHW7,2020-07-01,2021-06-30,V200599,Y,
PROJECT-V200601,,Active,UI-LEAD,SPONSOR-NIFA,2021-08-01,2026-07-31,V200601,Y,
PROJECT-V200617,,Active,UI-LEAD,SPONSOR-USDFOR,2020-09-15,2025-09-15,V200617,Y,
PROJECT-V200634,,Active,UI-LEAD,SPONSOR-MULTIPLE,2013-10-01,2023-12-31,V200634,Y,
PROJECT-V200642,,Active,UI-LEAD,SPONSOR-NEVUNI3,2021-02-01,2026-01-31,V200642,Y,
PROJECT-V200658,,Active,UI-LEAD,SPONSOR-NIFA,2017-09-01,2022-08-31,V200658,Y,
PROJECT-V200675,,Active,UI-LEAD,SPONSOR-MICSTA,2021-01-01,2024-12-31,V200675,Y,
PROJECT-V200677,,Active,UI-LEAD,SPONSOR-UARS5,2019-05-01,2024-04-30,V200677,Y,
PROJECT-V200689,,Active,UI-LEAD,SPONSOR-USDRUS,2021-03-16,2026-03-16,V200689,Y,
PROJECT-V200692,,Active,UI-LEAD,SPONSOR-COLRIV,2020-07-01,2021-06-30,V200692,Y,
PROJECT-V200693,,Active,UI-LEAD,SPONSOR-INTSOC7,2020-10-01,2023-01-14,V200693,Y,
PROJECT-V200711,,Active,UI-LEAD,SPONSOR-USAPHIS,2020-08-01,2022-07-31,V200711,Y,
PROJECT-V200720,,Active,UI-LEAD,SPONSOR-MARUNI,2021-04-20,2026-03-31,V200720,Y,
PROJECT-V200723,,Active,UI-LEAD,SPONSOR-AMEPSY,2020-09-01,2021-08-31,V200723,Y,
PROJECT-V200755,,Active,UI-LEAD,SPONSOR-NIFA,2020-09-01,2025-08-31,V200755,Y,
PROJECT-V200791,,Active,UI-LEAD,SPONSOR-USDFOR,2020-09-01,2025-08-31,V200791,Y,
PROJECT-V200798,,Active,UI-LEAD,SPONSOR-NSF,2021-09-01,2026-08-31,V200798,Y,
PROJECT-V200801,,Active,UI-LEAD,SPONSOR-NSF,2021-03-01,2027-02-28,V200801,Y,
PROJECT-V200804,,Active,UI-LEAD,SPONSOR-WASSTA12,2021-09-27,2025-08-26,V200804,Y,
PROJECT-V200818,,Active,UI-LEAD,SPONSOR-WASSTA12,2022-09-01,2024-07-30,V200818,Y,
PROJECT-V200826,,Active,UI-LEAD,SPONSOR-NASA,2021-02-08,2027-02-07,V200826,Y,
PROJECT-V200846,,Active,UI-LEAD,SPONSOR-NIFA,2021-04-15,2026-04-14,V200846,Y,
PROJECT-V200848,,Active,UI-LEAD,SPONSOR-NIFA,2021-03-01,2025-02-28,V200848,Y,
PROJECT-V200852,,Active,UI-LEAD,SPONSOR-NATPOR,2020-09-01,2022-01-01,V200852,Y,
PROJECT-V200862,,Active,UI-LEAD,SPONSOR-NSF,2021-08-01,2026-07-31,V200862,Y,
PROJECT-V200863,,Active,UI-LEAD,SPONSOR-UARS5,2018-09-01,2023-08-31,V200863,Y,
PROJECT-V200866,,Active,UI-LEAD,SPONSOR-UOFW1,2023-03-01,2025-12-31,V200866,Y,
PROJECT-V200868,,Active,UI-LEAD,SPONSOR-HRC,2021-02-01,2024-01-31,V200868,Y,
PROJECT-V200888,,Active,UI-LEAD,SPONSOR-NIFA,2021-05-17,2024-06-14,V200888,Y,
PROJECT-V200890,,Active,UI-LEAD,SPONSOR-USDFOR,2020-08-05,2025-07-20,V200890,Y,
PROJECT-V200911,,Active,UI-LEAD,SPONSOR-RURDEV2,2020-09-01,2023-12-31,V200911,Y,
PROJECT-V200943,,Active,UI-LEAD,SPONSOR-ZEIBRO,2020-10-13,2021-07-13,V200943,Y,
PROJECT-V200960,,Active,UI-LEAD,SPONSOR-USBLM,2020-10-01,2025-07-01,V200960,Y,
PROJECT-V200993,,Active,UI-LEAD,SPONSOR-MONSTA1,2021-01-01,2024-12-31,V200993,Y,
PROJECT-V200994,,Active,UI-LEAD,SPONSOR-MISUNI1,2021-01-01,2025-02-28,V200994,Y,
PROJECT-V201012,,Active,UI-LEAD,SPONSOR-KANSTA,2021-01-01,2021-09-30,V201012,Y,
PROJECT-V201035,,Active,UI-LEAD,SPONSOR-WASSTA12,2021-06-16,2026-07-01,V201035,Y,
PROJECT-V201041,,Active,UI-LEAD,SPONSOR-UARS5,2020-09-01,2025-08-31,V201041,Y,
PROJECT-V201052,,Active,UI-LEAD,SPONSOR-NIFA,2020-10-01,2025-09-30,V201052,Y,
PROJECT-V201060,,Active,UI-LEAD,SPONSOR-NSF,2021-08-01,2026-07-31,V201060,Y,
PROJECT-V201078,,Active,UI-LEAD,SPONSOR-NSF,2021-10-01,2026-09-30,V201078,Y,
PROJECT-V201086,,Active,UI-LEAD,SPONSOR-WASSTA12,2021-04-01,2024-11-30,V201086,Y,
PROJECT-V201095,,Active,UI-LEAD,SPONSOR-DHHS1,2021-07-13,2025-03-31,V201095,Y,
PROJECT-V201102,,Active,UI-LEAD,SPONSOR-BSU,2025-01-01,2025-12-31,V201102,Y,
PROJECT-V201103,,Active,UI-LEAD,SPONSOR-BSU,2025-01-01,2025-12-31,V201103,Y,
PROJECT-V201105,,Active,UI-LEAD,SPONSOR-CITTWI,2021-01-01,2022-06-30,V201105,Y,
PROJECT-V201118,,Active,UI-LEAD,SPONSOR-DOE1,2021-08-01,2033-08-31,V201118,Y,
PROJECT-V201119,,Active,UI-LEAD,SPONSOR-USGS,2021-02-19,2025-06-25,V201119,Y,
PROJECT-V201121,,Active,UI-LEAD,SPONSOR-YALUNI1,2021-04-01,2022-12-31,V201121,Y,
PROJECT-V201126,,Active,UI-LEAD,SPONSOR-USGS,2021-02-16,2025-09-30,V201126,Y,
PROJECT-V201138,,Active,UI-LEAD,SPONSOR-USDFOR,2021-06-23,2026-05-31,V201138,Y,
PROJECT-V201142,,Active,UI-LEAD,SPONSOR-BATCON,2022-07-01,2023-12-31,V201142,Y,
PROJECT-V201150,,Active,UI-LEAD,SPONSOR-MONSTA1,2021-04-01,2024-03-31,V201150,Y,
PROJECT-V201158,,Active,UI-LEAD,SPONSOR-COULIB1,2021-04-01,2024-03-31,V201158,Y,
PROJECT-V201160,,Active,UI-LEAD,SPONSOR-GREPAT,2021-09-01,2022-12-31,V201160,Y,
PROJECT-V201178,,Active,UI-LEAD,SPONSOR-CONSCI1,2021-06-01,2023-09-30,V201178,Y,
PROJECT-V201188,,Active,UI-LEAD,SPONSOR-USGS,2021-02-15,2023-06-30,V201188,Y,
PROJECT-V201192,,Active,UI-LEAD,SPONSOR-USOE1,2021-09-01,2025-09-30,V201192,Y,
PROJECT-V201207,,Active,UI-LEAD,SPONSOR-DHHS1,2021-05-01,2025-04-30,V201207,Y,
PROJECT-V201224,,Active,UI-LEAD,SPONSOR-IDAPOW3,2021-01-01,2021-12-31,V201224,Y,
PROJECT-V201259,,Active,UI-LEAD,SPONSOR-USADRY,2021-07-01,2022-12-31,V201259,Y,
PROJECT-V201264,,Active,UI-LEAD,SPONSOR-WTFC,2021-03-08,2024-03-08,V201264,Y,
PROJECT-V201281,,Active,UI-LEAD,SPONSOR-KANSTA,2020-10-01,2021-09-30,V201281,Y,
PROJECT-V201292,,Active,UI-LEAD,SPONSOR-BLALAN,2022-07-01,2024-12-31,V201292,Y,
PROJECT-V201310,,Active,UI-LEAD,SPONSOR-IDWR,2021-02-16,2024-06-30,V201310,Y,
PROJECT-V201325,,Active,UI-LEAD,SPONSOR-NSF,2021-10-01,2026-09-30,V201325,Y,
PROJECT-V201328,,Active,UI-LEAD,SPONSOR-ORESTA3,2022-07-01,2025-06-30,V201328,Y,
PROJECT-V201337,,Active,UI-LEAD,SPONSOR-NSF,2022-01-01,2026-12-31,V201337,Y,
PROJECT-V210016,,Active,UI-LEAD,SPONSOR-IDABAR,2021-07-01,2023-06-30,V210016,Y,
PROJECT-V210034,,Active,UI-LEAD,SPONSOR-IDALAB1,2021-09-01,2022-08-31,V210034,Y,
PROJECT-V210038,,Active,UI-LEAD,SPONSOR-IDAWHE,2021-07-01,2022-06-30,V210038,Y,
PROJECT-V210039,,Active,UI-LEAD,SPONSOR-NIFA,2021-09-01,2024-06-30,V210039,Y,
PROJECT-V210041,,Active,UI-LEAD,SPONSOR-IDAWHE,2021-07-01,2022-06-30,V210041,Y,
PROJECT-V210042,,Active,UI-LEAD,SPONSOR-IDAWHE,2021-07-01,2022-06-30,V210042,Y,
PROJECT-V210045,,Active,UI-LEAD,SPONSOR-NASA,2021-10-01,2026-09-30,V210045,Y,
PROJECT-V210059,,Active,UI-LEAD,SPONSOR-NSF,2021-09-15,2025-04-18,V210059,Y,
PROJECT-V210060,,Active,UI-LEAD,SPONSOR-IDABAR,2021-07-01,2022-06-30,V210060,Y,
PROJECT-V210074,,Active,UI-LEAD,SPONSOR-USOE1,2021-09-01,2026-08-31,V210074,Y,
PROJECT-V210079,,Active,UI-LEAD,SPONSOR-IDAWHE,2021-07-01,2022-06-30,V210079,Y,
PROJECT-V210086,,Active,UI-LEAD,SPONSOR-NASA,2021-09-01,2026-08-31,V210086,Y,
PROJECT-V210096,,Active,UI-LEAD,SPONSOR-UCAL2,2018-10-01,2022-09-30,V210096,Y,
PROJECT-V210101,,Active,UI-LEAD,SPONSOR-NIFA,2021-06-15,2026-06-14,V210101,Y,
PROJECT-V210116,,Active,UI-LEAD,SPONSOR-FLOUNI,2021-07-01,2025-06-30,V210116,Y,
PROJECT-V210124,,Active,UI-LEAD,SPONSOR-NIFA,2021-08-25,2026-04-15,V210124,Y,
PROJECT-V210147,,Active,UI-LEAD,SPONSOR-IDAFOR4,2021-03-03,2023-06-30,V210147,Y,
PROJECT-V210148,,Active,UI-LEAD,SPONSOR-NIFA,2021-09-01,2025-08-31,V210148,Y,
PROJECT-V210149,,Active,UI-LEAD,SPONSOR-MONSTA1,2021-08-01,2023-12-31,V210149,Y,
PROJECT-V210150,,Active,UI-LEAD,SPONSOR-INDLAN,2021-03-01,2023-09-01,V210150,Y,
PROJECT-V210155,,Active,UI-LEAD,SPONSOR-NSF,2021-04-01,2025-03-31,V210155,Y,
PROJECT-V210178,,Active,UI-LEAD,SPONSOR-MARUNI,2021-09-01,2026-08-31,V210178,Y,
PROJECT-V210183,,Active,UI-LEAD,SPONSOR-DOE1,2021-08-15,2025-08-14,V210183,Y,
PROJECT-V210196,,Active,UI-LEAD,SPONSOR-ORESTA3,2021-09-01,2026-07-31,V210196,Y,
PROJECT-V210198,,Active,UI-LEAD,SPONSOR-IDHW7,2021-08-01,2024-06-01,V210198,Y,
PROJECT-V210199,,Active,UI-LEAD,SPONSOR-NIFA,2021-09-01,2026-08-31,V210199,Y,
PROJECT-V210205,,Active,UI-LEAD,SPONSOR-USDFOR,2020-09-24,2025-07-31,V210205,Y,
PROJECT-V210215,,Active,UI-LEAD,SPONSOR-USAPHIS,2021-08-13,2023-07-31,V210215,Y,
PROJECT-V210222,,Active,UI-LEAD,SPONSOR-NIFA,2021-09-01,2025-07-31,V210222,Y,
PROJECT-V210223,,Active,UI-LEAD,SPONSOR-NIFA,2021-09-01,2025-08-31,V210223,Y,
PROJECT-V210224,,Active,UI-LEAD,SPONSOR-MICSTA,2021-09-24,2025-01-28,V210224,Y,
PROJECT-V210228,,Active,UI-LEAD,SPONSOR-NIFA,2022-04-15,2024-11-14,V210228,Y,
PROJECT-V210240,,Active,UI-LEAD,SPONSOR-USAPHIS,2021-08-01,2023-07-31,V210240,Y,
PROJECT-V210244,,Active,UI-LEAD,SPONSOR-NIFA,2021-09-01,2024-08-31,V210244,Y,
PROJECT-V210251,,Active,UI-LEAD,SPONSOR-AMEMAL,2021-07-01,2022-06-30,V210251,Y,
PROJECT-V210253,,Active,UI-LEAD,SPONSOR-DOE1,2021-09-01,2025-08-31,V210253,Y,
PROJECT-V210255,,Active,UI-LEAD,SPONSOR-UARS5,2021-08-01,2024-07-31,V210255,Y,
PROJECT-V210258,,Active,UI-LEAD,SPONSOR-UARS5,2020-05-01,2023-10-31,V210258,Y,
PROJECT-V210266,,Active,UI-LEAD,SPONSOR-BATTELLE1,2021-11-29,2024-09-30,V210266,Y,
PROJECT-V210267,,Active,UI-LEAD,SPONSOR-BATTELLE1,2021-12-09,2024-09-30,V210267,Y,
PROJECT-V210268,,Active,UI-LEAD,SPONSOR-NIFA,2021-08-01,2025-07-31,V210268,Y,
PROJECT-V210272,,Active,UI-LEAD,SPONSOR-IDASTA34,2021-03-25,2023-06-30,V210272,Y,
PROJECT-V210275,,Active,UI-LEAD,SPONSOR-NIFA,2023-08-01,2028-07-31,V210275,Y,
PROJECT-V210278,,Active,UI-LEAD,SPONSOR-IDASTA34,2021-01-07,2023-12-31,V210278,Y,
PROJECT-V210282,,Active,UI-LEAD,SPONSOR-IDAAGR,2022-04-13,2024-06-30,V210282,Y,
PROJECT-V210283,,Active,UI-LEAD,SPONSOR-IDANUR,2021-10-01,2024-09-29,V210283,Y,
PROJECT-V210288,,Active,UI-LEAD,SPONSOR-USJUS,2021-10-01,2023-09-30,V210288,Y,
PROJECT-V210289,,Active,UI-LEAD,SPONSOR-NIFA,2021-09-01,2026-04-15,V210289,Y,
PROJECT-V210292,,Active,UI-LEAD,SPONSOR-IDAHOP,2021-10-01,2024-09-29,V210292,Y,
PROJECT-V210293,,Active,UI-LEAD,SPONSOR-IDABEA1,2021-10-01,2024-09-29,V210293,Y,
PROJECT-V210296,,Active,UI-LEAD,SPONSOR-IAC,2021-10-01,2023-09-30,V210296,Y,
PROJECT-V210297,,Active,UI-LEAD,SPONSOR-IDAAGR,2022-04-13,2024-09-29,V210297,Y,
PROJECT-V210303,,Active,UI-LEAD,SPONSOR-IEOOC,2022-01-01,2024-09-30,V210303,Y,
PROJECT-V210309,,Active,UI-LEAD,SPONSOR-UARS5,2019-05-01,2024-04-30,V210309,Y,
PROJECT-V210311,,Active,UI-LEAD,SPONSOR-WASSTA12,2021-04-01,2024-06-30,V210311,Y,
PROJECT-V210316,,Active,UI-LEAD,SPONSOR-SOUDAK,2022-01-01,2026-12-31,V210316,Y,
PROJECT-V210318,,Active,UI-LEAD,SPONSOR-NSF,2021-10-15,2026-09-30,V210318,Y,
PROJECT-V210323,,Active,UI-LEAD,SPONSOR-UCAL2,2022-01-01,2026-12-31,V210323,Y,
PROJECT-V210332,,Active,UI-LEAD,SPONSOR-IDAAGR,2022-07-01,2025-06-30,V210332,Y,
PROJECT-V210342,,Active,UI-LEAD,SPONSOR-NATCAT,2021-05-01,2022-11-01,V210342,Y,
PROJECT-V210351,,Active,UI-LEAD,SPONSOR-IDHW7,2021-10-01,2022-09-30,V210351,Y,
PROJECT-V210353,,Active,UI-LEAD,SPONSOR-USDFOR,2019-07-10,2023-07-31,V210353,Y,
PROJECT-V210357,,Active,UI-LEAD,SPONSOR-NIFA,2022-06-01,2024-11-30,V210357,Y,
PROJECT-V210358,,Active,UI-LEAD,SPONSOR-MASINS,2021-09-01,2025-08-31,V210358,Y,
PROJECT-V210361,,Active,UI-LEAD,SPONSOR-NIFA,2021-12-01,2026-11-30,V210361,Y,
PROJECT-V210371,,Active,UI-LEAD,SPONSOR-WASSTA12,2021-09-01,2023-08-31,V210371,Y,
PROJECT-V210374,,Active,UI-LEAD,SPONSOR-DHHS1,2020-10-01,2023-09-30,V210374,Y,
PROJECT-V210382,,Active,UI-LEAD,SPONSOR-ODFW3,2021-06-29,2024-06-30,V210382,Y,
PROJECT-V210392,Advancing Tribal Food System-based Economic Development in Northern Idaho,Active,UI-LEAD,SPONSOR-NIFA,2022-03-01,2026-02-28,V210392,N,proposal_title
PROJECT-V210395,,Active,UI-LEAD,SPONSOR-DOE1,2020-09-01,2026-08-31,V210395,Y,
PROJECT-V210407,,Active,UI-LEAD,SPONSOR-BATTELLE1,2021-11-23,2024-09-30,V210407,Y,
PROJECT-V210415,,Active,UI-LEAD,SPONSOR-NIFA,2022-03-01,2025-02-28,V210415,Y,
PROJECT-V210428,,Active,UI-LEAD,SPONSOR-USOE1,2021-08-03,2026-08-02,V210428,Y,
PROJECT-V210436,,Active,UI-LEAD,SPONSOR-XVERUNI,2022-01-01,2026-12-31,V210436,Y,
PROJECT-V210446,,Active,UI-LEAD,SPONSOR-ISDE1,2021-07-01,2022-06-30,V210446,Y,
PROJECT-V210449,,Active,UI-LEAD,SPONSOR-MERANI,2022-01-11,2022-09-30,V210449,Y,
PROJECT-V210457,,Active,UI-LEAD,SPONSOR-UOFW1,2021-04-01,2025-03-31,V210457,Y,
PROJECT-V210458,,Active,UI-LEAD,SPONSOR-UOFW1,2021-04-01,2025-03-31,V210458,Y,
PROJECT-V210461,,Active,UI-LEAD,SPONSOR-UARS5,2020-05-01,2023-04-30,V210461,Y,
PROJECT-V210468,,Active,UI-LEAD,SPONSOR-NIFA,2022-01-01,2026-12-31,V210468,Y,
PROJECT-V210473,,Active,UI-LEAD,SPONSOR-IOWSTA,2021-09-01,2024-05-31,V210473,Y,
PROJECT-V210479,,Active,UI-LEAD,SPONSOR-NIFA,2021-12-01,2026-11-30,V210479,Y,
PROJECT-V210483,,Active,UI-LEAD,SPONSOR-ENEMIN,2021-07-01,2022-06-30,V210483,Y,
PROJECT-V210488,,Active,UI-LEAD,SPONSOR-USBLM,2022-09-23,2026-09-30,V210488,Y,
PROJECT-V210492,,Active,UI-LEAD,SPONSOR-GALOPP,2021-07-24,2021-12-31,V210492,Y,
PROJECT-V210494,,Active,UI-LEAD,SPONSOR-UARS5,2019-09-01,2024-08-31,V210494,Y,
PROJECT-V210498,,Active,UI-LEAD,SPONSOR-NIFA,2022-04-01,2025-03-31,V210498,Y,
PROJECT-V210500,,Active,UI-LEAD,SPONSOR-MONCOM,2021-04-15,2021-12-31,V210500,Y,
PROJECT-V210501,,Active,UI-LEAD,SPONSOR-USFWS,2021-07-01,2025-06-30,V210501,Y,
PROJECT-V210504,,Active,UI-LEAD,SPONSOR-NIFA,2022-03-01,2025-02-28,V210504,Y,
PROJECT-V210509,,Active,UI-LEAD,SPONSOR-IDASTE2,2021-08-29,2023-05-15,V210509,Y,
PROJECT-V210511,,Active,UI-LEAD,SPONSOR-NIFA,2022-01-01,2026-12-31,V210511,Y,
PROJECT-V210514,,Active,UI-LEAD,SPONSOR-IDHW7,2021-07-01,2022-06-30,V210514,Y,
PROJECT-V210519,,Active,UI-LEAD,SPONSOR-NSF,2022-05-01,2026-04-30,V210519,Y,
PROJECT-V210526,,Active,UI-LEAD,SPONSOR-IDALAN,2021-09-01,2024-08-31,V210526,Y,
PROJECT-V210545,,Active,UI-LEAD,SPONSOR-IDHW7,2021-07-15,2022-09-30,V210545,Y,
PROJECT-V210553,,Active,UI-LEAD,SPONSOR-NSF,2022-05-15,2028-04-30,V210553,Y,
PROJECT-V210557,,Active,UI-LEAD,SPONSOR-WASDNR,2021-07-01,2023-06-30,V210557,Y,
PROJECT-V210578,,Active,UI-LEAD,SPONSOR-ISDE1,2021-07-01,2022-06-30,V210578,Y,
PROJECT-V210579,,Active,UI-LEAD,SPONSOR-NIFA,2022-07-01,2025-12-31,V210579,Y,
PROJECT-V210582,,Active,UI-LEAD,SPONSOR-NASA,2022-01-01,2026-12-31,V210582,Y,
PROJECT-V210583,,Active,UI-LEAD,SPONSOR-SNARIV45,2023-04-01,2024-03-31,V210583,Y,
PROJECT-V210586,,Active,UI-LEAD,SPONSOR-MCCFOO1,2021-09-01,2023-12-31,V210586,Y,
PROJECT-V210588,,Active,UI-LEAD,SPONSOR-NEVUNI3,2022-01-01,2026-12-31,V210588,Y,
PROJECT-V210589,,Active,UI-LEAD,SPONSOR-NIFA,2021-10-01,2026-09-30,V210589,Y,
PROJECT-V210590,,Active,UI-LEAD,SPONSOR-NATSEC2,2021-09-14,2024-09-14,V210590,Y,
PROJECT-V210591,,Active,UI-LEAD,SPONSOR-ASPRHO,2022-01-01,2025-12-31,V210591,Y,
PROJECT-V210602,,Active,UI-LEAD,SPONSOR-NSF,2022-01-15,2027-09-30,V210602,Y,
PROJECT-V210607,,Active,UI-LEAD,SPONSOR-USNPS,2021-09-01,2024-09-30,V210607,Y,
PROJECT-V210617,,Active,UI-LEAD,SPONSOR-FEDCOM,2022-07-01,2023-06-30,V210617,Y,
PROJECT-V210620,,Active,UI-LEAD,SPONSOR-NIFA,2022-07-01,2027-02-28,V210620,Y,
PROJECT-V210621,,Active,UI-LEAD,SPONSOR-USDANRCS,2021-09-10,2026-09-09,V210621,Y,
PROJECT-V210622,,Active,UI-LEAD,SPONSOR-NSF,2020-09-01,2025-08-31,V210622,Y,
PROJECT-V210624,,Active,UI-LEAD,SPONSOR-NSF,2022-02-01,2026-01-31,V210624,Y,
PROJECT-V210625,,Active,UI-LEAD,SPONSOR-IDHW7,2021-06-01,2022-09-30,V210625,Y,
PROJECT-V210626,,Active,UI-LEAD,SPONSOR-IDHW7,2021-06-01,2022-09-30,V210626,Y,
PROJECT-V210627,,Active,UI-LEAD,SPONSOR-IDHW7,2021-07-15,2022-09-30,V210627,Y,
PROJECT-V210628,,Active,UI-LEAD,SPONSOR-IDHW7,2021-06-01,2022-09-30,V210628,Y,
PROJECT-V210631,,Active,UI-LEAD,SPONSOR-IDHW7,2021-06-01,2022-09-30,V210631,Y,
PROJECT-V210632,,Active,UI-LEAD,SPONSOR-NSF,2022-03-01,2027-02-28,V210632,Y,
PROJECT-V210634,,Active,UI-LEAD,SPONSOR-SPEFOU,2022-06-01,2025-08-31,V210634,Y,
PROJECT-V210635,,Active,UI-LEAD,SPONSOR-IDAPOT5,2021-07-01,2022-07-31,V210635,Y,
PROJECT-V210643,,Active,UI-LEAD,SPONSOR-IDHW7,2021-06-01,2022-09-30,V210643,Y,
PROJECT-V210648,,Active,UI-LEAD,SPONSOR-NASA,2022-09-01,2026-08-31,V210648,Y,
PROJECT-V210653,,Active,UI-LEAD,SPONSOR-IDHW7,2021-06-01,2022-09-30,V210653,Y,
PROJECT-V210661,,Active,UI-LEAD,SPONSOR-NIFA,2022-05-01,2026-04-30,V210661,Y,
PROJECT-V210663,,Active,UI-LEAD,SPONSOR-IDHW7,2021-06-01,2022-09-30,V210663,Y,
PROJECT-V210666,,Active,UI-LEAD,SPONSOR-NIFA,2022-07-01,2026-06-30,V210666,Y,
PROJECT-V210667,,Active,UI-LEAD,SPONSOR-NEVUNI3,2022-08-01,2024-10-31,V210667,Y,
PROJECT-V210675,,Active,UI-LEAD,SPONSOR-NIFA,2019-09-01,2023-08-31,V210675,Y,
PROJECT-V210676,,Active,UI-LEAD,SPONSOR-IDHW7,2021-08-06,2022-06-29,V210676,Y,
PROJECT-V210678,,Active,UI-LEAD,SPONSOR-IDHW7,2021-06-01,2022-09-30,V210678,Y,
PROJECT-V210680,,Active,UI-LEAD,SPONSOR-IDAARM,2021-08-20,2022-08-09,V210680,Y,
PROJECT-V210684,,Active,UI-LEAD,SPONSOR-IDHW7,2021-06-01,2022-09-30,V210684,Y,
PROJECT-V210689,,Active,UI-LEAD,SPONSOR-IDHW7,2021-06-01,2022-09-30,V210689,Y,
PROJECT-V210690,,Active,UI-LEAD,SPONSOR-NASA,2022-05-01,2027-04-30,V210690,Y,
PROJECT-V210703,,Active,UI-LEAD,SPONSOR-SOCSTU2,2021-07-01,2022-06-30,V210703,Y,
PROJECT-V210719,,Active,UI-LEAD,SPONSOR-SOCSYS,2021-07-01,2024-05-31,V210719,Y,
PROJECT-V210722,,Active,UI-LEAD,SPONSOR-JPL,2021-08-09,2023-12-31,V210722,Y,
PROJECT-V210723,,Active,UI-LEAD,SPONSOR-JPL,2021-08-09,2023-12-31,V210723,Y,
PROJECT-V210728,,Active,UI-LEAD,SPONSOR-COLSTA1,2022-03-15,2026-03-14,V210728,Y,
PROJECT-V210729,,Active,UI-LEAD,SPONSOR-USDANRCS,2021-09-29,2024-08-30,V210729,Y,
PROJECT-V210737,,Active,UI-LEAD,SPONSOR-USAPHIS,2022-08-01,2024-06-30,V210737,Y,
PROJECT-V210742,,Active,UI-LEAD,SPONSOR-USDANRCS,2021-09-10,2023-09-30,V210742,Y,
PROJECT-V210749,,Active,UI-LEAD,SPONSOR-IDAHUM1,2021-11-01,2022-10-31,V210749,Y,
PROJECT-V210751,,Active,UI-LEAD,SPONSOR-GENLLC,2022-06-01,2026-05-31,V210751,Y,
PROJECT-V210777,,Active,UI-LEAD,SPONSOR-IDHW7,2021-09-01,2022-09-30,V210777,Y,
PROJECT-V210781,,Active,UI-LEAD,SPONSOR-IDHW7,2021-09-01,2022-09-30,V210781,Y,
PROJECT-V210792,,Active,UI-LEAD,SPONSOR-NIFA,2021-10-01,2023-09-30,V210792,Y,
PROJECT-V210800,,Active,UI-LEAD,SPONSOR-USBLM,2019-07-01,2023-07-01,V210800,Y,
PROJECT-V210801,,Active,UI-LEAD,SPONSOR-NIFA,2021-10-01,2023-09-30,V210801,Y,
PROJECT-V210804,,Active,UI-LEAD,SPONSOR-USDFOR,2021-08-18,2025-12-31,V210804,Y,
PROJECT-V210813,,Active,UI-LEAD,SPONSOR-NIFA,2021-10-01,2026-09-30,V210813,Y,
PROJECT-V210816,,Active,UI-LEAD,SPONSOR-IDAFIS,2022-01-01,2023-12-31,V210816,Y,
PROJECT-V210841,,Active,UI-LEAD,SPONSOR-MONCOM,2021-09-01,2022-07-31,V210841,Y,
PROJECT-V210846,,Active,UI-LEAD,SPONSOR-DHHS1,2022-08-08,2026-07-31,V210846,Y,
PROJECT-V210852,,Active,UI-LEAD,SPONSOR-UCAL2,2021-08-01,2023-07-31,V210852,Y,
PROJECT-V210866,,Active,UI-LEAD,SPONSOR-ISDE1,2021-12-14,2022-09-29,V210866,Y,
PROJECT-V210869,,Active,UI-LEAD,SPONSOR-WASSTA12,2022-04-15,2026-04-13,V210869,Y,
PROJECT-V210871,,Active,UI-LEAD,SPONSOR-IDADAI,2022-01-01,2022-12-31,V210871,Y,
PROJECT-V210878,,Active,UI-LEAD,SPONSOR-IDAFIS,2022-01-01,2024-12-31,V210878,Y,
PROJECT-V210879,,Active,UI-LEAD,SPONSOR-IDAFIS,2023-01-01,2023-12-31,V210879,Y,
PROJECT-V210880,,Active,UI-LEAD,SPONSOR-NSF,2022-07-01,2026-06-30,V210880,Y,
PROJECT-V210883,,Active,UI-LEAD,SPONSOR-MONSTA1,2022-10-01,2025-12-31,V210883,Y,
PROJECT-V210886,,Active,UI-LEAD,SPONSOR-SPECON4,2021-07-01,2022-12-01,V210886,Y,
PROJECT-V210907,,Active,UI-LEAD,SPONSOR-GORBET,2021-10-25,2026-08-31,V210907,Y,
PROJECT-V210911,,Active,UI-LEAD,SPONSOR-SANDIE11,2021-07-01,2023-12-30,V210911,Y,
PROJECT-V210921,,Active,UI-LEAD,SPONSOR-FAMADV1,2021-10-01,2022-09-30,V210921,Y,
PROJECT-V210940,,Active,UI-LEAD,SPONSOR-DOD1,2022-09-30,2026-09-30,V210940,Y,
PROJECT-V210954,,Active,UI-LEAD,SPONSOR-AMEFAR3,2021-09-15,2023-08-31,V210954,Y,
PROJECT-V210957,,Active,UI-LEAD,SPONSOR-NAT4H3,2022-01-01,2023-10-31,V210957,Y,
PROJECT-V210960,,Active,UI-LEAD,SPONSOR-VENWEL,2022-02-01,2025-08-31,V210960,Y,
PROJECT-V210961,,Active,UI-LEAD,SPONSOR-IDAFIS,2022-07-01,2023-06-30,V210961,Y,
PROJECT-V210964,,Active,UI-LEAD,SPONSOR-AUSUNI1,2021-09-01,2022-09-30,V210964,Y,
PROJECT-V210973,,Active,UI-LEAD,SPONSOR-IDAPOW3,2022-01-01,2022-12-31,V210973,Y,
PROJECT-V210975,,Active,UI-LEAD,SPONSOR-USBLM,2022-12-19,2024-12-31,V210975,Y,
PROJECT-V210979,,Active,UI-LEAD,SPONSOR-IDASTA34,2022-01-01,2024-12-31,V210979,Y,
PROJECT-V210983,,Active,UI-LEAD,SPONSOR-MONSTA1,2022-07-01,2025-12-31,V210983,Y,
PROJECT-V210985,,Active,UI-LEAD,SPONSOR-IDASTA34,2022-02-25,2024-05-31,V210985,Y,
PROJECT-V210988,,Active,UI-LEAD,SPONSOR-WASSTA12,2010-05-20,2026-05-31,V210988,Y,
PROJECT-V211000,,Active,UI-LEAD,SPONSOR-USGS,2021-11-23,2025-06-30,V211000,Y,
PROJECT-V211008,,Active,UI-LEAD,SPONSOR-IDHW7,2022-01-12,2025-12-31,V211008,Y,
PROJECT-V211014,,Active,UI-LEAD,SPONSOR-ELEBATT,2021-12-01,2023-12-31,V211014,Y,
PROJECT-V211020,,Active,UI-LEAD,SPONSOR-MONSTA1,2022-04-01,2025-03-31,V211020,Y,
PROJECT-V211022,,Active,UI-LEAD,SPONSOR-IDAFIS,2023-05-15,2024-08-18,V211022,Y,
PROJECT-V211035,,Active,UI-LEAD,SPONSOR-COLUNI6,2022-10-01,2026-09-30,V211035,Y,
PROJECT-V211036,,Active,UI-LEAD,SPONSOR-IDHW7,2021-07-01,2022-06-30,V211036,Y,
PROJECT-V211084,,Active,UI-LEAD,SPONSOR-AREAGE,2021-11-01,2024-06-30,V211084,Y,
PROJECT-V211099,,Active,UI-LEAD,SPONSOR-UOFW1,2022-09-30,2025-09-29,V211099,Y,
PROJECT-V211118,,Active,UI-LEAD,SPONSOR-IDADAI,2022-01-01,2022-12-31,V211118,Y,
PROJECT-V211121,,Active,UI-LEAD,SPONSOR-IDAPOT5,2022-07-01,2024-07-31,V211121,Y,
PROJECT-V211124,,Active,UI-LEAD,SPONSOR-IDAPOT5,2022-07-01,2023-07-31,V211124,Y,
PROJECT-V211128,,Active,UI-LEAD,SPONSOR-USNPS,2023-05-08,2024-12-31,V211128,Y,
PROJECT-V211129,,Active,UI-LEAD,SPONSOR-NIFA,2022-09-01,2026-08-31,V211129,Y,
PROJECT-V211133,,Active,UI-LEAD,SPONSOR-NIFA,2022-09-01,2025-08-31,V211133,Y,
PROJECT-V211139,,Active,UI-LEAD,SPONSOR-COULIB1,2022-05-01,2023-10-31,V211139,Y,
PROJECT-V211145,,Active,UI-LEAD,SPONSOR-IDAPAR1,2022-07-01,2026-06-30,V211145,Y,
PROJECT-V211165,,Active,UI-LEAD,SPONSOR-NSF,2023-01-01,2026-12-31,V211165,Y,
PROJECT-V211166,,Active,UI-LEAD,SPONSOR-USADRY,2022-07-01,2023-06-30,V211166,Y,
PROJECT-V211168,,Active,UI-LEAD,SPONSOR-USADRY,2022-07-01,2023-12-31,V211168,Y,
PROJECT-V211169,,Active,UI-LEAD,SPONSOR-IDAPOT5,2022-07-01,2023-07-31,V211169,Y,
PROJECT-V211170,,Active,UI-LEAD,SPONSOR-DHHS1,2023-07-03,2025-04-01,V211170,Y,
PROJECT-V211172,,Active,UI-LEAD,SPONSOR-BONENV,2022-03-01,2023-09-01,V211172,Y,
PROJECT-V211174,,Active,UI-LEAD,SPONSOR-NIFA,2022-09-01,2026-08-31,V211174,Y,
PROJECT-V211177,,Active,UI-LEAD,SPONSOR-SNARIV45,2023-04-01,2024-03-31,V211177,Y,
PROJECT-V211178,,Active,UI-LEAD,SPONSOR-SNARIV45,2022-04-01,2024-03-31,V211178,Y,
PROJECT-V211184,,Active,UI-LEAD,SPONSOR-USOE1,2022-09-01,2026-08-31,V211184,Y,
PROJECT-V211185,,Active,UI-LEAD,SPONSOR-USOE1,2022-09-01,2026-08-31,V211185,Y,
PROJECT-V211188,,Active,UI-LEAD,SPONSOR-USOE1,2022-06-01,2026-08-31,V211188,Y,
PROJECT-V211189,,Active,UI-LEAD,SPONSOR-USOE1,2022-09-01,2026-08-31,V211189,Y,
PROJECT-V211201,,Active,UI-LEAD,SPONSOR-EPA11,2023-01-01,2025-12-31,V211201,Y,
PROJECT-V211205,,Active,UI-LEAD,SPONSOR-IDABAR,2022-07-01,2023-06-30,V211205,Y,
PROJECT-V211207,,Active,UI-LEAD,SPONSOR-IDAWHE,2022-07-01,2023-06-30,V211207,Y,
PROJECT-V211208,,Active,UI-LEAD,SPONSOR-IDABAR,2022-07-01,2023-06-30,V211208,Y,
PROJECT-V211212,,Active,UI-LEAD,SPONSOR-SNARIV45,2022-04-01,2023-03-31,V211212,Y,
PROJECT-V211213,,Active,UI-LEAD,SPONSOR-SNARIV45,2023-04-01,2024-03-31,V211213,Y,
PROJECT-V220001,,Active,UI-LEAD,SPONSOR-IDAWHE,2022-07-01,2023-06-30,V220001,Y,
PROJECT-V220003,,Active,UI-LEAD,SPONSOR-IDHW7,2022-03-24,2022-12-31,V220003,Y,
PROJECT-V220021,,Active,UI-LEAD,SPONSOR-BATTELLE1,2022-03-22,2024-09-30,V220021,Y,
PROJECT-V220026,,Active,UI-LEAD,SPONSOR-IDAAGR,2022-06-17,2023-06-16,V220026,Y,
PROJECT-V220031,,Active,UI-LEAD,SPONSOR-USDFOR,2022-02-14,2026-09-30,V220031,Y,
PROJECT-V220032,,Active,UI-LEAD,SPONSOR-CENWAS,2022-01-01,2025-12-31,V220032,Y,
PROJECT-V220034,,Active,UI-LEAD,SPONSOR-IDAHUM1,2022-03-01,2023-05-31,V220034,Y,
PROJECT-V220035,,Active,UI-LEAD,SPONSOR-IDALAB1,2022-09-01,2023-08-31,V220035,Y,
PROJECT-V220037,,Active,UI-LEAD,SPONSOR-IDAWHE,2022-07-01,2023-06-30,V220037,Y,
PROJECT-V220039,,Active,UI-LEAD,SPONSOR-IDABAR,2022-07-01,2023-06-30,V220039,Y,
PROJECT-V220040,,Active,UI-LEAD,SPONSOR-IDAWHE,2022-07-01,2023-06-30,V220040,Y,
PROJECT-V220041,,Active,UI-LEAD,SPONSOR-WESVIR,2022-04-01,2026-03-31,V220041,Y,
PROJECT-V220042,,Active,UI-LEAD,SPONSOR-IDAWHE,2022-07-01,2023-06-30,V220042,Y,
PROJECT-V220045,,Active,UI-LEAD,SPONSOR-IDAWHE,2022-07-01,2023-06-30,V220045,Y,
PROJECT-V220046,,Active,UI-LEAD,SPONSOR-IDAWHE,2022-07-01,2023-06-30,V220046,Y,
PROJECT-V220052,,Active,UI-LEAD,SPONSOR-IDAWHE,2022-07-01,2023-06-30,V220052,Y,
PROJECT-V220053,,Active,UI-LEAD,SPONSOR-IDAWHE,2022-07-01,2023-06-30,V220053,Y,
PROJECT-V220055,,Active,UI-LEAD,SPONSOR-UNVTEN,2022-10-01,2027-09-30,V220055,Y,
PROJECT-V220061,,Active,UI-LEAD,SPONSOR-NASA,2022-07-01,2026-08-14,V220061,Y,
PROJECT-V220064,,Active,UI-LEAD,SPONSOR-IDABAR,2022-07-01,2023-06-30,V220064,Y,
PROJECT-V220068,,Active,UI-LEAD,SPONSOR-IDAWHE,2022-07-01,2023-06-30,V220068,Y,
PROJECT-V220071,,Active,UI-LEAD,SPONSOR-IDABAR,2022-07-01,2023-06-30,V220071,Y,
PROJECT-V220072,,Active,UI-LEAD,SPONSOR-SIGXI,2022-01-01,2022-12-30,V220072,Y,
PROJECT-V220077,,Active,UI-LEAD,SPONSOR-IDAWHE,2022-07-01,2023-06-30,V220077,Y,
PROJECT-V220079,,Active,UI-LEAD,SPONSOR-NATA,2022-05-01,2024-04-30,V220079,Y,
PROJECT-V220086,,Active,UI-LEAD,SPONSOR-IDAFIS,2024-01-01,2024-12-31,V220086,Y,
PROJECT-V220092,,Active,UI-LEAD,SPONSOR-MONUNI1,2022-08-15,2027-07-31,V220092,Y,
PROJECT-V220093,,Active,UI-LEAD,SPONSOR-IDASTA34,2022-07-01,2025-09-30,V220093,Y,
PROJECT-V220109,,Active,UI-LEAD,SPONSOR-DHHS1,2023-09-20,2025-08-31,V220109,Y,
PROJECT-V220111,,Active,UI-LEAD,SPONSOR-SNARIV45,2023-04-01,2024-03-31,V220111,Y,
PROJECT-V220117,,Active,UI-LEAD,SPONSOR-IDAFIS,2023-05-01,2025-04-30,V220117,Y,
PROJECT-V220118,,Active,UI-LEAD,SPONSOR-UARS5,2022-05-01,2025-10-31,V220118,Y,
PROJECT-V220120,,Active,UI-LEAD,SPONSOR-UARS5,2022-05-01,2025-10-31,V220120,Y,
PROJECT-V220126,,Active,UI-LEAD,SPONSOR-NSF,2022-04-01,2026-05-31,V220126,Y,
PROJECT-V220140,,Active,UI-LEAD,SPONSOR-USDFOR,2022-06-15,2027-05-31,V220140,Y,
PROJECT-V220144,,Active,UI-LEAD,SPONSOR-NSF,2022-05-01,2026-07-31,V220144,Y,
PROJECT-V220155,,Active,UI-LEAD,SPONSOR-NATACA1,2022-09-01,2023-08-31,V220155,Y,
PROJECT-V220157,,Active,UI-LEAD,SPONSOR-USBLM,2023-03-15,2026-03-14,V220157,Y,
PROJECT-V220159,,Active,UI-LEAD,SPONSOR-DEPHEA,2022-04-01,2025-09-30,V220159,Y,
PROJECT-V220161,,Active,UI-LEAD,SPONSOR-IEOOC,2022-07-01,2023-06-30,V220161,Y,
PROJECT-V220165,,Active,UI-LEAD,SPONSOR-IEOOC,2022-07-01,2023-06-30,V220165,Y,
PROJECT-V220173,,Active,UI-LEAD,SPONSOR-IEOOC,2022-07-01,2023-06-30,V220173,Y,
PROJECT-V220174,,Active,UI-LEAD,SPONSOR-NEVREG,2022-10-27,2023-06-30,V220174,Y,
PROJECT-V220175,,Active,UI-LEAD,SPONSOR-IDHW7,2022-03-31,2025-12-31,V220175,Y,
PROJECT-V220179,,Active,UI-LEAD,SPONSOR-NASA,2022-08-01,2026-07-31,V220179,Y,
PROJECT-V220181,,Active,UI-LEAD,SPONSOR-MININD1,2022-02-01,2022-12-31,V220181,Y,
PROJECT-V220186,,Active,UI-LEAD,SPONSOR-WATSHE,2022-08-15,2025-05-31,V220186,Y,
PROJECT-V220209,,Active,UI-LEAD,SPONSOR-NIFA,2022-09-01,2026-08-31,V220209,Y,
PROJECT-V220211,,Active,UI-LEAD,SPONSOR-INSMUS,2022-08-01,2027-01-31,V220211,Y,
PROJECT-V220224,,Active,UI-LEAD,SPONSOR-AMEMAL,2022-07-01,2023-06-30,V220224,Y,
PROJECT-V220233,,Active,UI-LEAD,SPONSOR-NASA,2022-09-01,2024-08-31,V220233,Y,
PROJECT-V220240,,Active,UI-LEAD,SPONSOR-IOEM,2022-03-30,2022-07-01,V220240,Y,
PROJECT-V220241,,Active,UI-LEAD,SPONSOR-BSU,2022-10-01,2025-09-30,V220241,Y,
PROJECT-V220244,,Active,UI-LEAD,SPONSOR-IDAAGR,2022-11-02,2025-06-30,V220244,Y,
PROJECT-V220248,,Active,UI-LEAD,SPONSOR-OKLWIL,2019-07-01,2025-06-30,V220248,Y,
PROJECT-V220253,,Active,UI-LEAD,SPONSOR-IDANUR,2022-11-09,2025-06-30,V220253,Y,
PROJECT-V220258,,Active,UI-LEAD,SPONSOR-IDAGRA2,2022-10-28,2025-06-30,V220258,Y,
PROJECT-V220263,,Active,UI-LEAD,SPONSOR-USOE1,2022-10-01,2027-09-30,V220263,Y,
PROJECT-V220266,,Active,UI-LEAD,SPONSOR-IDASTE2,2022-04-06,2022-11-15,V220266,Y,
PROJECT-V220268,,Active,UI-LEAD,SPONSOR-USAPHIS,2022-08-01,2023-07-31,V220268,Y,
PROJECT-V220273,,Active,UI-LEAD,SPONSOR-IDAAGR,2022-11-02,2024-12-31,V220273,Y,
PROJECT-V220276,,Active,UI-LEAD,SPONSOR-IEOOC,2022-12-06,2024-09-29,V220276,Y,
PROJECT-V220278,,Active,UI-LEAD,SPONSOR-BATTELLE1,2022-06-30,2024-09-30,V220278,Y,
PROJECT-V220279,Climate-Smart Commodities for Idaho – A Public-Private-Tribal Partnership,Active,UI-LEAD,SPONSOR-USDANRCS,2023-05-03,2025-04-22,V220279,N,proposal_title
PROJECT-V220285,,Active,UI-LEAD,SPONSOR-NASA,2022-08-22,2026-08-21,V220285,Y,
PROJECT-V220287,,Active,UI-LEAD,SPONSOR-IDABEA1,2022-10-27,2025-06-30,V220287,Y,
PROJECT-V220292,,Active,UI-LEAD,SPONSOR-USBLM,2023-05-11,2026-04-30,V220292,Y,
PROJECT-V220304,,Active,UI-LEAD,SPONSOR-MUSBIO,2022-09-01,2024-08-31,V220304,Y,
PROJECT-V220307,,Active,UI-LEAD,SPONSOR-INSMUS,2022-08-01,2026-07-31,V220307,Y,
PROJECT-V220310,,Active,UI-LEAD,SPONSOR-USAPHIS,2022-08-01,2024-07-31,V220310,Y,
PROJECT-V220323,,Active,UI-LEAD,SPONSOR-NIFA,2022-09-15,2026-09-14,V220323,Y,
PROJECT-V220325,,Active,UI-LEAD,SPONSOR-UARS5,2022-09-01,2026-08-31,V220325,Y,
PROJECT-V220327,,Active,UI-LEAD,SPONSOR-IDHW7,2022-10-01,2026-09-30,V220327,Y,
PROJECT-V220330,,Active,UI-LEAD,SPONSOR-UARS5,2022-09-01,2025-12-31,V220330,Y,
PROJECT-V220331,,Active,UI-LEAD,SPONSOR-NEVREG,2022-07-01,2023-06-30,V220331,Y,
PROJECT-V220332,,Active,UI-LEAD,SPONSOR-UTASTA,2022-09-30,2025-09-29,V220332,Y,
PROJECT-V220348,,Active,UI-LEAD,SPONSOR-NUCINC,2022-04-21,2023-12-31,V220348,Y,
PROJECT-V220349,,Active,UI-LEAD,SPONSOR-INCFAR,2022-07-01,2023-12-31,V220349,Y,
PROJECT-V220362,,Active,UI-LEAD,SPONSOR-DHHS1,2023-08-01,2026-07-31,V220362,Y,
PROJECT-V220363,,Active,UI-LEAD,SPONSOR-NIFA,2022-09-15,2023-09-14,V220363,Y,
PROJECT-V220364,,Active,UI-LEAD,SPONSOR-ISDE1,2022-07-01,2023-06-30,V220364,Y,
PROJECT-V220373,,Active,UI-LEAD,SPONSOR-COLSTA1,2023-08-01,2025-04-22,V220373,Y,
PROJECT-V220374,,Active,UI-LEAD,SPONSOR-NSF,2022-05-01,2025-08-31,V220374,Y,
PROJECT-V220383,,Active,UI-LEAD,SPONSOR-NSF,2023-08-15,2026-07-31,V220383,Y,
PROJECT-V220384,,Active,UI-LEAD,SPONSOR-NATCAT,2022-08-01,2023-08-31,V220384,Y,
PROJECT-V220388,,Active,UI-LEAD,SPONSOR-NIFA,2022-09-15,2026-09-14,V220388,Y,
PROJECT-V220394,,Active,UI-LEAD,SPONSOR-CORAGR,2022-04-04,2022-09-05,V220394,Y,
PROJECT-V220399,,Active,UI-LEAD,SPONSOR-ARISTA,2023-01-01,2027-12-31,V220399,Y,
PROJECT-V220400,,Active,UI-LEAD,SPONSOR-AGRMAR,2022-09-30,2026-09-29,V220400,Y,
PROJECT-V220413,,Active,UI-LEAD,SPONSOR-USDANRCS,2022-08-18,2026-09-30,V220413,Y,
PROJECT-V220414,,Active,UI-LEAD,SPONSOR-USDANRCS,2022-09-07,2026-03-31,V220414,Y,
PROJECT-V220415,,Active,UI-LEAD,SPONSOR-MONSTA1,2023-09-01,2026-08-31,V220415,Y,
PROJECT-V220417,,Active,UI-LEAD,SPONSOR-ORESTA3,2023-04-27,2025-10-14,V220417,Y,
PROJECT-V220423,,Active,UI-LEAD,SPONSOR-IDHWDEQ3,2022-05-23,2024-08-30,V220423,Y,
PROJECT-V220432,,Active,UI-LEAD,SPONSOR-IDAAGR,2022-11-14,2025-06-30,V220432,Y,
PROJECT-V220436,,Active,UI-LEAD,SPONSOR-PENSTA,2023-07-01,2025-07-21,V220436,Y,
PROJECT-V220446,,Active,UI-LEAD,SPONSOR-IDHW7,2022-12-16,2025-09-30,V220446,Y,
PROJECT-V220447,,Active,UI-LEAD,SPONSOR-NIFA,2022-09-01,2026-08-31,V220447,Y,
PROJECT-V220449,,Active,UI-LEAD,SPONSOR-ISDE1,2022-07-01,2023-06-30,V220449,Y,
PROJECT-V220452,,Active,UI-LEAD,SPONSOR-NIFA,2022-09-01,2025-08-31,V220452,Y,
PROJECT-V220458,,Active,UI-LEAD,SPONSOR-MONFW-P,2022-06-01,2026-06-30,V220458,Y,
PROJECT-V220464,,Active,UI-LEAD,SPONSOR-IDACOM5,2019-11-22,2023-12-31,V220464,Y,
PROJECT-V220472,,Active,UI-LEAD,SPONSOR-BIOMAR,2022-06-15,2024-02-28,V220472,Y,
PROJECT-V220478,,Active,UI-LEAD,SPONSOR-IDACOM5,2022-04-15,2024-12-31,V220478,Y,
PROJECT-V220480,,Active,UI-LEAD,SPONSOR-COLRIV,2022-07-01,2023-06-30,V220480,Y,
PROJECT-V220486,,Active,UI-LEAD,SPONSOR-VALUSA,2022-06-15,2023-06-14,V220486,Y,
PROJECT-V220487,,Active,UI-LEAD,SPONSOR-PALLAN,2022-05-16,2022-09-30,V220487,Y,
PROJECT-V220488,,Active,UI-LEAD,SPONSOR-IDADIV2,2022-07-01,2023-06-30,V220488,Y,
PROJECT-V220491,,Active,UI-LEAD,SPONSOR-CORAGR,2022-04-04,2022-12-31,V220491,Y,
PROJECT-V220495,,Active,UI-LEAD,SPONSOR-DOD1,2022-07-01,2024-03-21,V220495,Y,
PROJECT-V220498,,Active,UI-LEAD,SPONSOR-UARS5,2022-06-01,2023-05-31,V220498,Y,
PROJECT-V220514,,Active,UI-LEAD,SPONSOR-NSF,2023-08-01,2028-07-31,V220514,Y,
PROJECT-V220517,,Active,UI-LEAD,SPONSOR-NATALF1,2022-10-01,2024-09-30,V220517,Y,
PROJECT-V220522,,Active,UI-LEAD,SPONSOR-UARS5,2021-06-01,2026-05-31,V220522,Y,
PROJECT-V220523,,Active,UI-LEAD,SPONSOR-IDAFIS,2022-08-01,2024-12-31,V220523,Y,
PROJECT-V220524,,Active,UI-LEAD,SPONSOR-CORUNI,2023-01-01,2026-12-31,V220524,Y,
PROJECT-V220527,,Active,UI-LEAD,SPONSOR-USJUS,2022-10-01,2026-06-30,V220527,Y,
PROJECT-V220533,,Active,UI-LEAD,SPONSOR-BATTELLE1,2020-02-12,2023-09-30,V220533,Y,
PROJECT-V220543,,Active,UI-LEAD,SPONSOR-USDAFS,2022-08-24,2027-08-15,V220543,Y,
PROJECT-V220544,,Active,UI-LEAD,SPONSOR-IDAFIS,2022-07-01,2023-06-30,V220544,Y,
PROJECT-V220553,,Active,UI-LEAD,SPONSOR-USFWS,2023-04-03,2028-04-02,V220553,Y,
PROJECT-V220559,,Active,UI-LEAD,SPONSOR-IDAFOR4,2022-10-17,2024-12-31,V220559,Y,
PROJECT-V220561,,Active,UI-LEAD,SPONSOR-NSF,2023-08-15,2026-07-31,V220561,Y,
PROJECT-V220564,,Active,UI-LEAD,SPONSOR-BSU,2022-12-15,2024-11-30,V220564,Y,
PROJECT-V220571,,Active,UI-LEAD,SPONSOR-NSF,2023-07-01,2026-06-30,V220571,Y,
PROJECT-V220582,,Active,UI-LEAD,SPONSOR-NIFA,2023-05-01,2027-04-30,V220582,Y,
PROJECT-V220584,,Active,UI-LEAD,SPONSOR-IDHW7,2022-09-01,2023-09-30,V220584,Y,
PROJECT-V220586,,Active,UI-LEAD,SPONSOR-UARS5,2022-09-01,2025-08-31,V220586,Y,
PROJECT-V220589,,Active,UI-LEAD,SPONSOR-CPRDEV,2023-10-10,2026-10-09,V220589,Y,
PROJECT-V220590,,Active,UI-LEAD,SPONSOR-WASSTA12,2023-05-01,2026-04-30,V220590,Y,
PROJECT-V220591,,Active,UI-LEAD,SPONSOR-IOWSTA,2022-09-15,2024-09-14,V220591,Y,
PROJECT-V220592,,Active,UI-LEAD,SPONSOR-NIFA,2023-01-01,2025-12-31,V220592,Y,
PROJECT-V220594,,Active,UI-LEAD,SPONSOR-IDHW7,2022-07-01,2023-06-30,V220594,Y,
PROJECT-V220599,,Active,UI-LEAD,SPONSOR-NIFA,2023-03-15,2026-09-13,V220599,Y,
PROJECT-V220601,,Active,UI-LEAD,SPONSOR-IDHW7,2022-09-01,2023-09-30,V220601,Y,
PROJECT-V220602,,Active,UI-LEAD,SPONSOR-IDHW7,2022-09-01,2023-09-30,V220602,Y,
PROJECT-V220603,,Active,UI-LEAD,SPONSOR-IDHW7,2022-09-01,2023-09-30,V220603,Y,
PROJECT-V220604,,Active,UI-LEAD,SPONSOR-IDHW7,2022-09-01,2023-09-30,V220604,Y,
PROJECT-V220607,,Active,UI-LEAD,SPONSOR-TEXAM,2023-07-01,2027-06-30,V220607,Y,
PROJECT-V220608,,Active,UI-LEAD,SPONSOR-IDHW7,2022-09-01,2023-09-30,V220608,Y,
PROJECT-V220610,,Active,UI-LEAD,SPONSOR-IDAFIS,2022-07-01,2024-06-30,V220610,Y,
PROJECT-V220613,,Active,UI-LEAD,SPONSOR-IDHW7,2022-09-01,2023-09-30,V220613,Y,
PROJECT-V220620,,Active,UI-LEAD,SPONSOR-IDHW7,2022-09-01,2023-09-30,V220620,Y,
PROJECT-V220621,,Active,UI-LEAD,SPONSOR-IDHW7,2022-09-01,2023-09-30,V220621,Y,
PROJECT-V220623,,Active,UI-LEAD,SPONSOR-IDHW7,2022-09-01,2023-09-30,V220623,Y,
PROJECT-V220624,,Active,UI-LEAD,SPONSOR-IDHW7,2022-09-01,2023-09-30,V220624,Y,
PROJECT-V220626,,Active,UI-LEAD,SPONSOR-IDHW7,2022-09-01,2023-09-30,V220626,Y,
PROJECT-V220627,,Active,UI-LEAD,SPONSOR-IDHW7,2022-09-01,2023-09-30,V220627,Y,
PROJECT-V220632,,Active,UI-LEAD,SPONSOR-IDHW7,2022-09-01,2023-09-30,V220632,Y,
PROJECT-V220634,,Active,UI-LEAD,SPONSOR-IDHW7,2022-09-01,2023-09-30,V220634,Y,
PROJECT-V220635,,Active,UI-LEAD,SPONSOR-IDHW7,2022-09-01,2023-09-30,V220635,Y,
PROJECT-V220636,,Active,UI-LEAD,SPONSOR-IDHW7,2022-09-01,2023-09-30,V220636,Y,
PROJECT-V220639,,Active,UI-LEAD,SPONSOR-NIFA,2023-09-01,2026-08-31,V220639,Y,
PROJECT-V220644,,Active,UI-LEAD,SPONSOR-MERANI,2014-12-17,2024-07-31,V220644,Y,
PROJECT-V220648,,Active,UI-LEAD,SPONSOR-UOFW1,2024-01-01,2025-08-31,V220648,Y,
PROJECT-V220652,,Active,UI-LEAD,SPONSOR-NIFA,2023-05-01,2026-04-30,V220652,Y,
PROJECT-V220654,,Active,UI-LEAD,SPONSOR-UNIBRT,2023-04-01,2025-05-31,V220654,Y,
PROJECT-V220667,,Active,UI-LEAD,SPONSOR-NIFA,2023-06-01,2027-05-31,V220667,Y,
PROJECT-V220668,,Active,UI-LEAD,SPONSOR-GOOFOO,2022-09-29,2024-09-29,V220668,Y,
PROJECT-V220670,,Active,UI-LEAD,SPONSOR-WASSTA12,2022-08-31,2026-12-31,V220670,Y,
PROJECT-V220678,,Active,UI-LEAD,SPONSOR-IDALAN,2022-07-01,2024-09-30,V220678,Y,
PROJECT-V220681,,Active,UI-LEAD,SPONSOR-BATTELLE1,2017-10-01,2024-05-31,V220681,Y,
PROJECT-V220699,,Active,UI-LEAD,SPONSOR-NSF,2023-12-01,2027-11-30,V220699,Y,
PROJECT-V220702,,Active,UI-LEAD,SPONSOR-IDASTA34,2022-07-01,2023-06-30,V220702,Y,
PROJECT-V220704,,Active,UI-LEAD,SPONSOR-WESVIR,2023-05-01,2026-04-30,V220704,Y,
PROJECT-V220705,,Active,UI-LEAD,SPONSOR-MISUNI,2023-07-01,2026-06-30,V220705,Y,
PROJECT-V220707,,Active,UI-LEAD,SPONSOR-NAT4H3,2022-09-30,2023-04-30,V220707,Y,
PROJECT-V220720,,Active,UI-LEAD,SPONSOR-DHHS1,2021-10-01,2023-09-30,V220720,Y,
PROJECT-V220726,,Active,UI-LEAD,SPONSOR-WESVIR,2022-09-01,2026-03-31,V220726,Y,
PROJECT-V220735,,Active,UI-LEAD,SPONSOR-NIFA,2023-09-01,2028-08-31,V220735,Y,
PROJECT-V220736,,Active,UI-LEAD,SPONSOR-USDFOR,2020-08-26,2025-08-25,V220736,Y,
PROJECT-V220738,,Active,UI-LEAD,SPONSOR-USDFOR,2022-09-01,2023-06-30,V220738,Y,
PROJECT-V220747,,Active,UI-LEAD,SPONSOR-UARS5,2022-09-01,2026-08-31,V220747,Y,
PROJECT-V220749,,Active,UI-LEAD,SPONSOR-MULTIPLE,2022-08-15,2025-08-31,V220749,Y,
PROJECT-V220751,,Active,UI-LEAD,SPONSOR-UARS5,2018-09-28,2023-09-27,V220751,Y,
PROJECT-V220753,,Active,UI-LEAD,SPONSOR-KANSTA,2023-01-09,2023-07-31,V220753,Y,
PROJECT-V220754,,Active,UI-LEAD,SPONSOR-NIFA,2023-03-15,2027-03-14,V220754,Y,
PROJECT-V220756,,Active,UI-LEAD,SPONSOR-NATCAM,2022-11-22,2023-07-31,V220756,Y,
PROJECT-V220757,,Active,UI-LEAD,SPONSOR-NSF,2022-09-01,2027-08-31,V220757,Y,
PROJECT-V220776,,Active,UI-LEAD,SPONSOR-ISDE1,2022-09-30,2023-09-30,V220776,Y,
PROJECT-V220785,,Active,UI-LEAD,SPONSOR-POTUSA,2022-07-01,2023-06-30,V220785,Y,
PROJECT-V220787,,Active,UI-LEAD,SPONSOR-SOUADV1,2022-07-01,2026-06-30,V220787,Y,
PROJECT-V220791,,Active,UI-LEAD,SPONSOR-WASDNR,2023-07-01,2025-06-30,V220791,Y,
PROJECT-V220794,,Active,UI-LEAD,SPONSOR-ILLUNI,2022-08-16,2025-09-30,V220794,Y,
PROJECT-V220796,,Active,UI-LEAD,SPONSOR-FAMADV1,2022-10-01,2023-09-30,V220796,Y,
PROJECT-V220798,,Active,UI-LEAD,SPONSOR-KENUNIKEN,2022-08-01,2023-07-31,V220798,Y,
PROJECT-V220803,,Active,UI-LEAD,SPONSOR-STILUM,2022-09-12,2023-06-30,V220803,Y,
PROJECT-V220805,,Active,UI-LEAD,SPONSOR-NIFA,2023-09-01,2025-07-21,V220805,Y,
PROJECT-V220813,,Active,UI-LEAD,SPONSOR-NIFA,2023-06-15,2025-12-14,V220813,Y,
PROJECT-V220818,,Active,UI-LEAD,SPONSOR-UERS1,2022-09-29,2025-12-31,V220818,Y,
PROJECT-V220820,,Active,UI-LEAD,SPONSOR-UARS5,2022-09-05,2027-05-30,V220820,Y,
PROJECT-V220823,,Active,UI-LEAD,SPONSOR-MONCOM,2022-06-15,2022-12-31,V220823,Y,
PROJECT-V220826,,Active,UI-LEAD,SPONSOR-USGS,2022-08-01,2025-12-29,V220826,Y,
PROJECT-V220827,,Active,UI-LEAD,SPONSOR-CAVRES,2022-05-19,2023-05-18,V220827,Y,
PROJECT-V220829,,Active,UI-LEAD,SPONSOR-USGS,2022-09-22,2025-09-21,V220829,Y,
PROJECT-V220832,,Active,UI-LEAD,SPONSOR-BARD,2023-12-01,2026-12-01,V220832,Y,
PROJECT-V220834,,Active,UI-LEAD,SPONSOR-UARS5,2021-09-01,2024-08-31,V220834,Y,
PROJECT-V220837,,Active,UI-LEAD,SPONSOR-UARS5,2018-08-16,2023-08-13,V220837,Y,
PROJECT-V220839,,Active,UI-LEAD,SPONSOR-UARS5,2022-06-01,2025-08-31,V220839,Y,
PROJECT-V220841,,Active,UI-LEAD,SPONSOR-UARS5,2022-07-01,2023-06-30,V220841,Y,
PROJECT-V220842,,Active,UI-LEAD,SPONSOR-IDHW7,2022-12-28,2023-05-31,V220842,Y,
PROJECT-V220843,,Active,UI-LEAD,SPONSOR-DHHS1,2019-05-01,2025-08-31,V220843,Y,
PROJECT-V220846,,Active,UI-LEAD,SPONSOR-BAYCRO,2022-08-15,2023-08-31,V220846,Y,
PROJECT-V220848,,Active,UI-LEAD,SPONSOR-BSU,2023-09-01,2027-08-31,V220848,Y,
PROJECT-V220849,,Active,UI-LEAD,SPONSOR-SPASTR,2022-08-01,2024-07-30,V220849,Y,
PROJECT-V220854,,Active,UI-LEAD,SPONSOR-WASSTA12,2023-07-01,2027-06-30,V220854,Y,
PROJECT-V220856,,Active,UI-LEAD,SPONSOR-ISDE1,2022-09-30,2023-06-16,V220856,Y,
PROJECT-V220857,,Active,UI-LEAD,SPONSOR-NSF,2023-05-01,2025-04-30,V220857,Y,
PROJECT-V220868,,Active,UI-LEAD,SPONSOR-UARS5,2022-09-01,2026-08-31,V220868,Y,
PROJECT-V220869,,Active,UI-LEAD,SPONSOR-URBANO,2023-04-15,2025-04-15,V220869,Y,
PROJECT-V220874,,Active,UI-LEAD,SPONSOR-UNIDEN,2022-12-01,2025-07-31,V220874,Y,
PROJECT-V220876,,Active,UI-LEAD,SPONSOR-IDAWOR,2023-07-03,2026-07-02,V220876,Y,
PROJECT-V220880,,Active,UI-LEAD,SPONSOR-UNIWAY20,2023-01-01,2023-12-31,V220880,Y,
PROJECT-V220883,,Active,UI-LEAD,SPONSOR-CPRDEV,2023-07-01,2025-04-25,V220883,Y,
PROJECT-V220893,,Active,UI-LEAD,SPONSOR-MONSTA1,2023-09-01,2026-08-31,V220893,Y,
PROJECT-V220894,,Active,UI-LEAD,SPONSOR-UCAL2,2022-08-15,2023-08-31,V220894,Y,
PROJECT-V220896,,Active,UI-LEAD,SPONSOR-USGS,2023-07-01,2024-08-31,V220896,Y,
PROJECT-V220901,,Active,UI-LEAD,SPONSOR-NSF,2023-07-01,2026-06-30,V220901,Y,
PROJECT-V220905,,Active,UI-LEAD,SPONSOR-THECEN,2022-10-01,2023-05-31,V220905,Y,
PROJECT-V220907,,Active,UI-LEAD,SPONSOR-IDACAT5,2023-01-01,2025-12-31,V220907,Y,
PROJECT-V220908,,Active,UI-LEAD,SPONSOR-IDACAT5,2023-02-20,2025-06-30,V220908,Y,
PROJECT-V220909,,Active,UI-LEAD,SPONSOR-AMECOL1,2022-11-01,2023-10-31,V220909,Y,
PROJECT-V220910,,Active,UI-LEAD,SPONSOR-NIFA,2023-06-01,2026-05-31,V220910,Y,
PROJECT-V220911,,Active,UI-LEAD,SPONSOR-SYNSEE,2022-11-01,2023-08-31,V220911,Y,
PROJECT-V220913,,Active,UI-LEAD,SPONSOR-NATCAT,2023-05-01,2024-07-01,V220913,Y,
PROJECT-V220916,,Active,UI-LEAD,SPONSOR-STIADV,2023-05-01,2025-03-31,V220916,Y,
PROJECT-V220917,,Active,UI-LEAD,SPONSOR-IDASTA34,2023-01-01,2024-09-30,V220917,Y,
PROJECT-V220918,,Active,UI-LEAD,SPONSOR-EVEAQU,2023-07-01,2024-02-28,V220918,Y,
PROJECT-V220920,,Active,UI-LEAD,SPONSOR-NATREN,2023-10-01,2026-09-30,V220920,Y,
PROJECT-V220922,,Active,UI-LEAD,SPONSOR-NSF,2023-08-15,2026-07-31,V220922,Y,
PROJECT-V220924,,Active,UI-LEAD,SPONSOR-AMECOL1,2022-11-01,2023-10-31,V220924,Y,
PROJECT-V220926,,Active,UI-LEAD,SPONSOR-NAT4H3,2022-12-01,2023-12-01,V220926,Y,
PROJECT-V220930,,Active,UI-LEAD,SPONSOR-IDVR,2022-12-19,2023-08-15,V220930,Y,
PROJECT-V220931,,Active,UI-LEAD,SPONSOR-IDAFIS,2023-07-01,2025-06-30,V220931,Y,
PROJECT-V220933,,Active,UI-LEAD,SPONSOR-GRAWOM,2022-11-14,2024-01-08,V220933,Y,
PROJECT-V220935,,Active,UI-LEAD,SPONSOR-GEOUNI1,2022-09-30,2026-08-31,V220935,Y,
PROJECT-V220936,,Active,UI-LEAD,SPONSOR-NSF,2022-10-01,2025-02-28,V220936,Y,
PROJECT-V220944,,Active,UI-LEAD,SPONSOR-USADRY,2022-07-01,2023-12-31,V220944,Y,
PROJECT-V220945,,Active,UI-LEAD,SPONSOR-WASSTA12,2023-04-01,2024-09-30,V220945,Y,
PROJECT-V220954,,Active,UI-LEAD,SPONSOR-YURTRI,2023-09-23,2026-12-31,V220954,Y,
PROJECT-V220959,,Active,UI-LEAD,SPONSOR-SPESCIINC,2023-09-01,2026-08-31,V220959,Y,
PROJECT-V220960,,Active,UI-LEAD,SPONSOR-IDHWDEQ3,2023-07-01,2026-12-31,V220960,Y,
PROJECT-V220965,,Active,UI-LEAD,SPONSOR-IDADAI,2023-01-01,2024-02-29,V220965,Y,
PROJECT-V220971,,Active,UI-LEAD,SPONSOR-UCAL2,2022-08-01,2026-03-31,V220971,Y,
PROJECT-V220974,,Active,UI-LEAD,SPONSOR-NASA,2023-07-01,2026-06-30,V220974,Y,
PROJECT-V220978,,Active,UI-LEAD,SPONSOR-NIFA,2022-10-01,2027-09-30,V220978,Y,
PROJECT-V220983,,Active,UI-LEAD,SPONSOR-HOWHUG2,2023-09-01,2026-08-31,V220983,Y,
PROJECT-V220984,,Active,UI-LEAD,SPONSOR-BSU,2023-09-29,2025-09-28,V220984,Y,
PROJECT-V220986,,Active,UI-LEAD,SPONSOR-MONSTA1,2023-04-01,2025-03-31,V220986,Y,
PROJECT-V220993,,Active,UI-LEAD,SPONSOR-ZEIBRO,2022-12-14,2023-09-13,V220993,Y,
PROJECT-V220998,,Active,UI-LEAD,SPONSOR-NATALF1,2023-03-01,2025-09-30,V220998,Y,
PROJECT-V221000,,Active,UI-LEAD,SPONSOR-COLSTA1,2023-07-01,2028-06-30,V221000,Y,
PROJECT-V221002,,Active,UI-LEAD,SPONSOR-MONSTA1,2023-04-01,2025-03-31,V221002,Y,
PROJECT-V221004,COBRE in Nutrition and Women's Health,Active,UI-LEAD,SPONSOR-DHHS1,2024-03-11,2026-05-01,V221004,N,proposal_title
PROJECT-V221005,,Active,UI-LEAD,SPONSOR-ASCEDU,2023-03-01,2026-02-28,V221005,Y,
PROJECT-V221007,,Active,UI-LEAD,SPONSOR-USADRY,2023-07-01,2025-06-30,V221007,Y,
PROJECT-V221009,,Active,UI-LEAD,SPONSOR-USNPS,2024-06-14,2025-12-31,V221009,Y,
PROJECT-V221012,,Active,UI-LEAD,SPONSOR-USADRY,2023-07-01,2024-06-30,V221012,Y,
PROJECT-V221013,,Active,UI-LEAD,SPONSOR-USBLM,2023-10-01,2025-09-30,V221013,Y,
PROJECT-V221019,,Active,UI-LEAD,SPONSOR-NSF,2023-10-01,2026-09-30,V221019,Y,
PROJECT-V221021,,Active,UI-LEAD,SPONSOR-WASDFW,2023-01-01,2023-12-31,V221021,Y,
PROJECT-V221022,,Active,UI-LEAD,SPONSOR-IDALAN,2023-08-10,2026-05-30,V221022,Y,
PROJECT-V221026,,Active,UI-LEAD,SPONSOR-USBLM,2023-01-30,2027-01-31,V221026,Y,
PROJECT-V221029,,Active,UI-LEAD,SPONSOR-NSF,2023-10-01,2027-09-30,V221029,Y,
PROJECT-V221032,,Active,UI-LEAD,SPONSOR-NATCAT,2023-02-01,2025-04-01,V221032,Y,
PROJECT-V221034,,Active,UI-LEAD,SPONSOR-IDAPOT5,2023-07-01,2024-07-31,V221034,Y,
PROJECT-V221035,,Active,UI-LEAD,SPONSOR-TEASTU,2022-07-01,2022-10-31,V221035,Y,
PROJECT-V221036,,Active,UI-LEAD,SPONSOR-IDAPOT5,2023-07-01,2024-07-31,V221036,Y,
PROJECT-V221040,,Active,UI-LEAD,SPONSOR-IDAPOT5,2023-07-01,2024-07-31,V221040,Y,
PROJECT-V221042,,Active,UI-LEAD,SPONSOR-IDAWHE,2023-07-01,2024-06-30,V221042,Y,
PROJECT-V221044,,Active,UI-LEAD,SPONSOR-IDAPOT5,2023-07-01,2024-07-31,V221044,Y,
PROJECT-V221048,,Active,UI-LEAD,SPONSOR-SOYAQU,2023-08-01,2025-03-31,V221048,Y,
PROJECT-V221049,,Active,UI-LEAD,SPONSOR-USGS,2023-02-01,2026-01-31,V221049,Y,
PROJECT-V221056,,Active,UI-LEAD,SPONSOR-NASA,2023-09-01,2026-08-31,V221056,Y,
PROJECT-V221057,,Active,UI-LEAD,SPONSOR-NASA,2024-01-01,2025-12-31,V221057,Y,
PROJECT-V221058,,Active,UI-LEAD,SPONSOR-IDAPOT5,2023-07-01,2024-07-31,V221058,Y,
PROJECT-V221059,,Active,UI-LEAD,SPONSOR-IDACOM5,2023-03-07,2024-10-31,V221059,Y,
PROJECT-V221061,,Active,UI-LEAD,SPONSOR-IDAPOT5,2023-07-01,2024-07-31,V221061,Y,
PROJECT-V221062,,Active,UI-LEAD,SPONSOR-IDAPOT5,2023-07-01,2024-07-31,V221062,Y,
PROJECT-V221063,,Active,UI-LEAD,SPONSOR-NEVUNI3,2023-10-01,2025-09-30,V221063,Y,
PROJECT-V221066,,Active,UI-LEAD,SPONSOR-ARIUNI,2023-04-14,2026-03-31,V221066,Y,
PROJECT-V221067,,Active,UI-LEAD,SPONSOR-IDAPOT5,2023-07-01,2024-07-31,V221067,Y,
PROJECT-V221069,,Active,UI-LEAD,SPONSOR-WEESCI,2022-12-01,2024-11-30,V221069,Y,
PROJECT-V221070,,Active,UI-LEAD,SPONSOR-IDAPOT5,2023-07-01,2024-07-31,V221070,Y,
PROJECT-V221071,,Active,UI-LEAD,SPONSOR-IDAPOT5,2023-07-01,2024-07-31,V221071,Y,
PROJECT-V221072,,Active,UI-LEAD,SPONSOR-IDAPOT5,2023-07-01,2024-07-31,V221072,Y,
PROJECT-V221074,,Active,UI-LEAD,SPONSOR-IDAPOT5,2023-07-01,2024-07-31,V221074,Y,
PROJECT-V221075,,Active,UI-LEAD,SPONSOR-IDAPOT5,2023-07-01,2024-07-31,V221075,Y,
PROJECT-V221076,,Active,UI-LEAD,SPONSOR-SNARIV45,2023-04-01,2024-03-31,V221076,Y,
PROJECT-V221078,,Active,UI-LEAD,SPONSOR-USBLM,2023-08-23,2025-06-30,V221078,Y,
PROJECT-V221079,,Active,UI-LEAD,SPONSOR-IDASTE2,2023-05-19,2023-08-30,V221079,Y,
PROJECT-V221082,,Active,UI-LEAD,SPONSOR-SNARIV45,2023-04-01,2024-03-31,V221082,Y,
PROJECT-V221086,,Active,UI-LEAD,SPONSOR-POTCOR,2023-01-01,2023-12-31,V221086,Y,
PROJECT-V221088,,Active,UI-LEAD,SPONSOR-SNARIV45,2023-04-01,2024-03-31,V221088,Y,
PROJECT-V221090,,Active,UI-LEAD,SPONSOR-IDAPOW3,2023-01-01,2024-01-15,V221090,Y,
PROJECT-V221093,,Active,UI-LEAD,SPONSOR-CONTRI1,2023-01-10,2023-12-31,V221093,Y,
PROJECT-V221094,,Active,UI-LEAD,SPONSOR-NSF,2023-11-01,2026-10-31,V221094,Y,
PROJECT-V221095,,Active,UI-LEAD,SPONSOR-IDAWHE,2023-07-01,2024-06-30,V221095,Y,
PROJECT-V221096,,Active,UI-LEAD,SPONSOR-IDAWHE,2023-07-01,2024-06-30,V221096,Y,
PROJECT-V221097,,Active,UI-LEAD,SPONSOR-IDAWHE,2023-07-01,2024-06-30,V221097,Y,
PROJECT-V221099,,Active,UI-LEAD,SPONSOR-IDAWHE,2023-07-01,2024-06-30,V221099,Y,
PROJECT-V221101,,Active,UI-LEAD,SPONSOR-USGS,2023-07-01,2024-09-30,V221101,Y,
PROJECT-V221110,,Active,UI-LEAD,SPONSOR-KOOCOU4,2022-10-01,2023-09-30,V221110,Y,
PROJECT-V221115,,Active,UI-LEAD,SPONSOR-SNARIV45,2023-04-01,2024-03-31,V221115,Y,
PROJECT-V221116,,Active,UI-LEAD,SPONSOR-SNARIV45,2023-04-01,2024-03-31,V221116,Y,
PROJECT-V221118,,Active,UI-LEAD,SPONSOR-IDAWHE,2023-07-01,2024-06-30,V221118,Y,
PROJECT-V221121,,Active,UI-LEAD,SPONSOR-IDAWHE,2023-07-01,2024-06-30,V221121,Y,
PROJECT-V221122,,Active,UI-LEAD,SPONSOR-IDABAR,2023-07-01,2024-06-30,V221122,Y,
PROJECT-V221123,,Active,UI-LEAD,SPONSOR-COMCOU4,2023-01-23,2024-06-30,V221123,Y,
PROJECT-V221126,,Active,UI-LEAD,SPONSOR-ITD1,2023-05-08,2026-05-11,V221126,Y,
PROJECT-V221127,,Active,UI-LEAD,SPONSOR-IDABAR,2023-07-01,2024-06-30,V221127,Y,
PROJECT-V221128,,Active,UI-LEAD,SPONSOR-IDABAR,2023-07-01,2025-06-30,V221128,Y,
PROJECT-V221132,,Active,UI-LEAD,SPONSOR-UARS5,2023-05-01,2026-10-31,V221132,Y,
PROJECT-V229088,,Active,UI-LEAD,SPONSOR-JPL,2025-10-06,2027-10-31,V229088,Y,
PROJECT-V230002,,Active,UI-LEAD,SPONSOR-IDAWHE,2023-07-01,2024-06-30,V230002,Y,
PROJECT-V230004,,Active,UI-LEAD,SPONSOR-LANSLI,2023-06-01,2026-03-31,V230004,Y,
PROJECT-V230010,,Active,UI-LEAD,SPONSOR-IDAWHE,2023-07-01,2025-06-30,V230010,Y,
PROJECT-V230011,,Active,UI-LEAD,SPONSOR-IDAWHE,2023-07-01,2025-06-30,V230011,Y,
PROJECT-V230015,,Active,UI-LEAD,SPONSOR-UARS5,2023-03-31,2027-03-30,V230015,Y,
PROJECT-V230017,,Active,UI-LEAD,SPONSOR-DHHS1,2024-09-01,2025-08-31,V230017,Y,
PROJECT-V230021,,Active,UI-LEAD,SPONSOR-USOE1,2023-10-01,2026-09-30,V230021,Y,
PROJECT-V230024,,Active,UI-LEAD,SPONSOR-BATTELLE1,2023-04-27,2026-04-30,V230024,Y,
PROJECT-V230029,,Active,UI-LEAD,SPONSOR-IDABAR,2023-07-01,2024-06-30,V230029,Y,
PROJECT-V230034,,Active,UI-LEAD,SPONSOR-ORESTA3,2023-05-01,2026-10-31,V230034,Y,
PROJECT-V230041,,Active,UI-LEAD,SPONSOR-NEVREG,2024-01-31,2025-04-30,V230041,Y,
PROJECT-V230047,,Active,UI-LEAD,SPONSOR-IOWSTA,2024-04-16,2026-03-31,V230047,Y,
PROJECT-V230057,,Active,UI-LEAD,SPONSOR-NSF,2023-05-01,2028-04-30,V230057,Y,
PROJECT-V230063,,Active,UI-LEAD,SPONSOR-NSF,2024-01-15,2030-04-30,V230063,Y,
PROJECT-V230064,,Active,UI-LEAD,SPONSOR-IDALAB1,2023-09-01,2024-08-31,V230064,Y,
PROJECT-V230066,,Active,UI-LEAD,SPONSOR-NASA,2023-09-01,2026-10-09,V230066,Y,
PROJECT-V230068,,Active,UI-LEAD,SPONSOR-WASSTA12,2023-09-01,2027-07-31,V230068,Y,
PROJECT-V230076,,Active,UI-LEAD,SPONSOR-NIFA,2023-09-01,2027-08-31,V230076,Y,
PROJECT-V230078,,Active,UI-LEAD,SPONSOR-USFWS,2023-06-05,2026-06-04,V230078,Y,
PROJECT-V230082,,Active,UI-LEAD,SPONSOR-IDABEA1,2023-07-01,2024-06-30,V230082,Y,
PROJECT-V230084,,Active,UI-LEAD,SPONSOR-JRSIM,2023-04-01,2023-12-31,V230084,Y,
PROJECT-V230092,,Active,UI-LEAD,SPONSOR-IDALAN,2023-04-01,2025-03-01,V230092,Y,
PROJECT-V230097,,Active,UI-LEAD,SPONSOR-BATTELLE1,2023-02-23,2024-09-30,V230097,Y,
PROJECT-V230101,,Active,UI-LEAD,SPONSOR-WASSTA12,2024-01-01,2025-11-30,V230101,Y,
PROJECT-V230104,,Active,UI-LEAD,SPONSOR-IDASTE2,2023-01-11,2023-11-15,V230104,Y,
PROJECT-V230109,,Active,UI-LEAD,SPONSOR-NORCAR,2023-04-15,2025-12-31,V230109,Y,
PROJECT-V230113,,Active,UI-LEAD,SPONSOR-COLAGR1,2023-05-01,2025-12-31,V230113,Y,
PROJECT-V230115,,Active,UI-LEAD,SPONSOR-IDAOIL,2023-07-01,2024-06-30,V230115,Y,
PROJECT-V230117,,Active,UI-LEAD,SPONSOR-NEVREG,2024-01-19,2025-04-30,V230117,Y,
PROJECT-V230119,,Active,UI-LEAD,SPONSOR-MURCHA,2024-01-01,2026-12-31,V230119,Y,
PROJECT-V230121,,Active,UI-LEAD,SPONSOR-IEOOC,2023-07-01,2024-06-30,V230121,Y,
PROJECT-V230123,,Active,UI-LEAD,SPONSOR-IDAFIS,2023-07-01,2025-06-30,V230123,Y,
PROJECT-V230127,,Active,UI-LEAD,SPONSOR-KANSTA,2022-07-01,2026-06-30,V230127,Y,
PROJECT-V230128,,Active,UI-LEAD,SPONSOR-NUSNUT,2023-05-15,2024-06-11,V230128,Y,
PROJECT-V230143,,Active,UI-LEAD,SPONSOR-IEOOC,2023-07-01,2024-06-30,V230143,Y,
PROJECT-V230144,,Active,UI-LEAD,SPONSOR-IDASTE2,2023-05-01,2023-08-30,V230144,Y,
PROJECT-V230147,,Active,UI-LEAD,SPONSOR-IEOOC,2023-07-01,2024-06-30,V230147,Y,
PROJECT-V230148,,Active,UI-LEAD,SPONSOR-IEOOC,2023-07-01,2024-06-30,V230148,Y,
PROJECT-V230152,,Active,UI-LEAD,SPONSOR-DHHS1,2023-09-26,2026-08-31,V230152,Y,
PROJECT-V230153,,Active,UI-LEAD,SPONSOR-USNPS,2023-07-01,2027-06-30,V230153,Y,
PROJECT-V230164,,Active,UI-LEAD,SPONSOR-UARS5,2023-07-01,2025-06-30,V230164,Y,
PROJECT-V230168,,Active,UI-LEAD,SPONSOR-DHHS1,2020-07-20,2025-06-30,V230168,Y,
PROJECT-V230183,,Active,UI-LEAD,SPONSOR-UARS5,2022-07-24,2024-07-23,V230183,Y,
PROJECT-V230187,,Active,UI-LEAD,SPONSOR-IDAOIL,2023-11-01,2026-06-30,V230187,Y,
PROJECT-V230188,,Active,UI-LEAD,SPONSOR-USFWS,2021-05-11,2025-12-31,V230188,Y,
PROJECT-V230192,,Active,UI-LEAD,SPONSOR-EXTFOU,2023-06-01,2024-11-30,V230192,Y,
PROJECT-V230197,,Active,UI-LEAD,SPONSOR-USGS,2023-06-01,2026-05-31,V230197,Y,
PROJECT-V230201,,Active,UI-LEAD,SPONSOR-IDAAGR,2023-11-09,2025-09-29,V230201,Y,
PROJECT-V230202,,Active,UI-LEAD,SPONSOR-BATTELLE1,2023-04-13,2023-10-31,V230202,Y,
PROJECT-V230205,,Active,UI-LEAD,SPONSOR-IDAAGR,2023-11-08,2026-06-30,V230205,Y,
PROJECT-V230206,,Active,UI-LEAD,SPONSOR-NSF,2020-05-15,2026-04-30,V230206,Y,
PROJECT-V230208,,Active,UI-LEAD,SPONSOR-IDAAGR,2023-11-08,2025-09-29,V230208,Y,
PROJECT-V230210,,Active,UI-LEAD,SPONSOR-IDAEAS,2023-11-30,2025-09-29,V230210,Y,
PROJECT-V230212,,Active,UI-LEAD,SPONSOR-IEOOC,2023-11-02,2025-09-29,V230212,Y,
PROJECT-V230213,,Active,UI-LEAD,SPONSOR-IDAAGR,2023-11-09,2025-09-29,V230213,Y,
PROJECT-V230215,,Active,UI-LEAD,SPONSOR-USDFOR,2019-08-07,2024-07-31,V230215,Y,
PROJECT-V230216,,Active,UI-LEAD,SPONSOR-UNIMARBAL,2023-11-30,2026-11-29,V230216,Y,
PROJECT-V230220,,Active,UI-LEAD,SPONSOR-AMEMAL,2023-07-01,2024-06-30,V230220,Y,
PROJECT-V230236,,Active,UI-LEAD,SPONSOR-COLSTA1,2023-11-01,2025-10-31,V230236,Y,
PROJECT-V230237,,Active,UI-LEAD,SPONSOR-IDHWDEQ3,2023-07-03,2024-11-01,V230237,Y,
PROJECT-V230240,,Active,UI-LEAD,SPONSOR-EPRI,2023-05-18,2025-04-30,V230240,Y,
PROJECT-V230242,,Active,UI-LEAD,SPONSOR-IDAHUM1,2023-03-01,2024-03-31,V230242,Y,
PROJECT-V230251,,Active,UI-LEAD,SPONSOR-MBRAYN,2023-05-01,2024-01-15,V230251,Y,
PROJECT-V230252,,Active,UI-LEAD,SPONSOR-UARS5,2023-01-01,2023-12-31,V230252,Y,
PROJECT-V230254,,Active,UI-LEAD,SPONSOR-USAPHIS,2023-08-01,2025-07-31,V230254,Y,
PROJECT-V230255,,Active,UI-LEAD,SPONSOR-UOFW1,2023-07-01,2026-06-30,V230255,Y,
PROJECT-V230256,,Active,UI-LEAD,SPONSOR-USAPHIS,2023-08-01,2025-07-31,V230256,Y,
PROJECT-V230261,,Active,UI-LEAD,SPONSOR-USAPHIS,2023-08-01,2025-07-31,V230261,Y,
PROJECT-V230263,,Active,UI-LEAD,SPONSOR-USDANRCS,2019-05-16,2024-04-30,V230263,Y,
PROJECT-V230268,,Active,UI-LEAD,SPONSOR-JANNUS,2023-05-16,2023-09-15,V230268,Y,
PROJECT-V230272,,Active,UI-LEAD,SPONSOR-USBLM,2023-07-01,2025-06-30,V230272,Y,
PROJECT-V230273,,Active,UI-LEAD,SPONSOR-ORETIL,2023-09-07,2025-12-30,V230273,Y,
PROJECT-V230274,,Active,UI-LEAD,SPONSOR-MISUNI,2024-01-01,2026-12-31,V230274,Y,
PROJECT-V230278,,Active,UI-LEAD,SPONSOR-BURREC,2020-07-11,2023-12-31,V230278,Y,
PROJECT-V230282,,Active,UI-LEAD,SPONSOR-IDHW7,2023-07-25,2025-06-30,V230282,Y,
PROJECT-V230291,,Active,UI-LEAD,SPONSOR-USAGRI,2023-06-01,2024-05-31,V230291,Y,
PROJECT-V230294,,Active,UI-LEAD,SPONSOR-ALADEP,2023-06-29,2027-06-30,V230294,Y,
PROJECT-V230296,,Active,UI-LEAD,SPONSOR-COLRIV,2023-08-03,2024-03-31,V230296,Y,
PROJECT-V230297,,Active,UI-LEAD,SPONSOR-IDAFIS,2023-07-01,2025-06-30,V230297,Y,
PROJECT-V230300,,Active,UI-LEAD,SPONSOR-COLRIV,2023-05-01,2024-04-30,V230300,Y,
PROJECT-V230301,,Active,UI-LEAD,SPONSOR-POTCOR,2023-04-17,2023-12-31,V230301,Y,
PROJECT-V230303,,Active,UI-LEAD,SPONSOR-NIFA,2023-09-15,2026-09-14,V230303,Y,
PROJECT-V230307,,Active,UI-LEAD,SPONSOR-SYNSEE,2023-04-04,2024-04-03,V230307,Y,
PROJECT-V230308,,Active,UI-LEAD,SPONSOR-WILKSB,2023-04-10,2023-10-09,V230308,Y,
PROJECT-V230309,,Active,UI-LEAD,SPONSOR-USDFOR,2021-06-23,2026-06-22,V230309,Y,
PROJECT-V230310,,Active,UI-LEAD,SPONSOR-IDASTA34,2023-07-01,2024-06-30,V230310,Y,
PROJECT-V230311,,Active,UI-LEAD,SPONSOR-IDHW7,2023-10-12,2025-09-30,V230311,Y,
PROJECT-V230313,,Active,UI-LEAD,SPONSOR-USDFOR,2021-06-10,2026-06-09,V230313,Y,
PROJECT-V230317,,Active,UI-LEAD,SPONSOR-BATTELLE1,2024-02-27,2025-09-30,V230317,Y,
PROJECT-V230319,,Active,UI-LEAD,SPONSOR-COLRIV,2023-05-01,2024-04-30,V230319,Y,
PROJECT-V230331,,Active,UI-LEAD,SPONSOR-MOSCHA,2023-04-06,2023-12-31,V230331,Y,
PROJECT-V230345,,Active,UI-LEAD,SPONSOR-PALCON,2023-04-24,2027-02-14,V230345,Y,
PROJECT-V230352,,Active,UI-LEAD,SPONSOR-FLOAM,2023-07-01,2026-12-31,V230352,Y,
PROJECT-V230354,,Active,UI-LEAD,SPONSOR-USGS,2023-08-05,2026-06-30,V230354,Y,
PROJECT-V230355,,Active,UI-LEAD,SPONSOR-USGS,2024-01-01,2026-12-31,V230355,Y,
PROJECT-V230362,,Active,UI-LEAD,SPONSOR-IDHWDEQ3,2023-07-17,2027-06-30,V230362,Y,
PROJECT-V230365,,Active,UI-LEAD,SPONSOR-NIFA,2024-09-01,2026-08-31,V230365,Y,
PROJECT-V230366,,Active,UI-LEAD,SPONSOR-NIFA,2023-09-01,2027-08-31,V230366,Y,
PROJECT-V230372,,Active,UI-LEAD,SPONSOR-UARS5,2023-09-01,2024-12-31,V230372,Y,
PROJECT-V230373,,Active,UI-LEAD,SPONSOR-HOMSEC,2023-09-27,2027-10-26,V230373,Y,
PROJECT-V230376,,Active,UI-LEAD,SPONSOR-SKRETT,2023-05-20,2024-02-14,V230376,Y,
PROJECT-V230377,,Active,UI-LEAD,SPONSOR-NORUNI2,2023-10-01,2025-03-31,V230377,Y,
PROJECT-V230378,,Active,UI-LEAD,SPONSOR-ENVFLI,2023-05-15,2024-12-21,V230378,Y,
PROJECT-V230379,,Active,UI-LEAD,SPONSOR-USDFOR,2020-09-01,2025-08-31,V230379,Y,
PROJECT-V230386,,Active,UI-LEAD,SPONSOR-DHHS1,2025-05-01,2026-08-31,V230386,Y,
PROJECT-V230387,,Active,UI-LEAD,SPONSOR-IDHW7,2023-10-01,2026-09-30,V230387,Y,
PROJECT-V230389,,Active,UI-LEAD,SPONSOR-ISDE1,2023-07-01,2024-06-30,V230389,Y,
PROJECT-V230395,,Active,UI-LEAD,SPONSOR-IDAAGR,2023-08-01,2025-09-30,V230395,Y,
PROJECT-V230399,,Active,UI-LEAD,SPONSOR-WASSTA12,2023-09-01,2025-08-31,V230399,Y,
PROJECT-V230400,,Active,UI-LEAD,SPONSOR-NIFA,2023-12-01,2028-11-30,V230400,Y,
PROJECT-V230401,,Active,UI-LEAD,SPONSOR-IDHW7,2023-07-01,2024-06-30,V230401,Y,
PROJECT-V230404,,Active,UI-LEAD,SPONSOR-UARS5,2023-08-14,2024-06-30,V230404,Y,
PROJECT-V230405,,Active,UI-LEAD,SPONSOR-ISDE1,2023-07-01,2024-06-30,V230405,Y,
PROJECT-V230406,,Active,UI-LEAD,SPONSOR-BENMED,2024-01-31,2024-12-31,V230406,Y,
PROJECT-V230407,,Active,UI-LEAD,SPONSOR-USDFOR,2023-06-01,2028-06-01,V230407,Y,
PROJECT-V230411,,Active,UI-LEAD,SPONSOR-BURREC,2024-03-05,2027-03-31,V230411,Y,
PROJECT-V230412,,Active,UI-LEAD,SPONSOR-USOE1,2023-10-01,2026-09-30,V230412,Y,
PROJECT-V230413,,Active,UI-LEAD,SPONSOR-OHISOY,2023-08-15,2025-03-31,V230413,Y,
PROJECT-V230415,,Active,UI-LEAD,SPONSOR-NEBUNI,2023-09-01,2025-05-31,V230415,Y,
PROJECT-V230416,,Active,UI-LEAD,SPONSOR-IDAHUM1,2023-04-15,2023-07-31,V230416,Y,
PROJECT-V230420,,Active,UI-LEAD,SPONSOR-MONSTA1,2024-08-01,2027-07-31,V230420,Y,
PROJECT-V230421,,Active,UI-LEAD,SPONSOR-USDFOR,2019-09-17,2024-09-17,V230421,Y,
PROJECT-V230428,,Active,UI-LEAD,SPONSOR-NEVREG,2023-05-01,2023-06-30,V230428,Y,
PROJECT-V230434,,Active,UI-LEAD,SPONSOR-IDAPOT5,2023-07-01,2024-07-31,V230434,Y,
PROJECT-V230440,,Active,UI-LEAD,SPONSOR-WASDNR,2023-07-01,2025-06-30,V230440,Y,
PROJECT-V230443,,Active,UI-LEAD,SPONSOR-COLRIV,2023-07-01,2025-06-30,V230443,Y,
PROJECT-V230447,,Active,UI-LEAD,SPONSOR-USGS,2023-09-01,2026-08-31,V230447,Y,
PROJECT-V230453,,Active,UI-LEAD,SPONSOR-USFWS,2022-07-01,2025-09-30,V230453,Y,
PROJECT-V230454,,Active,UI-LEAD,SPONSOR-FEDCOM,2023-07-01,2024-06-30,V230454,Y,
PROJECT-V230456,,Active,UI-LEAD,SPONSOR-IDALAN,2023-05-19,2026-04-30,V230456,Y,
PROJECT-V230458,,Active,UI-LEAD,SPONSOR-UARS5,2023-06-01,2024-05-31,V230458,Y,
PROJECT-V230461,,Active,UI-LEAD,SPONSOR-NIFA,2023-09-18,2026-09-17,V230461,Y,
PROJECT-V230462,,Active,UI-LEAD,SPONSOR-IDADIV2,2023-07-01,2024-06-30,V230462,Y,
PROJECT-V230466,,Active,UI-LEAD,SPONSOR-IDASTE2,2023-05-05,2024-05-15,V230466,Y,
PROJECT-V230471,,Active,UI-LEAD,SPONSOR-IDADIV3,2023-10-11,2024-10-10,V230471,Y,
PROJECT-V230472,,Active,UI-LEAD,SPONSOR-IDALAN,2023-11-01,2028-02-29,V230472,Y,
PROJECT-V230476,,Active,UI-LEAD,SPONSOR-IDAFIS,2022-10-01,2024-12-31,V230476,Y,
PROJECT-V230479,,Active,UI-LEAD,SPONSOR-BROUNI,2025-05-01,2026-04-30,V230479,Y,
PROJECT-V230488,,Active,UI-LEAD,SPONSOR-WESSTA1,2023-09-01,2024-08-31,V230488,Y,
PROJECT-V230490,,Active,UI-LEAD,SPONSOR-NSF,2014-10-01,2025-05-02,V230490,Y,
PROJECT-V230492,,Active,UI-LEAD,SPONSOR-NSF,2024-08-15,2027-07-31,V230492,Y,
PROJECT-V230495,,Active,UI-LEAD,SPONSOR-USDFOR,2023-06-21,2028-05-01,V230495,Y,
PROJECT-V230496,,Active,UI-LEAD,SPONSOR-NEBUNI,2024-01-01,2025-04-01,V230496,Y,
PROJECT-V230499,,Active,UI-LEAD,SPONSOR-USBLM,2023-09-15,2027-01-31,V230499,Y,
PROJECT-V230500,,Active,UI-LEAD,SPONSOR-MCCFOO1,2023-09-01,2025-08-31,V230500,Y,
PROJECT-V230502,,Active,UI-LEAD,SPONSOR-EMBGER,2023-09-01,2023-12-15,V230502,Y,
PROJECT-V230504,,Active,UI-LEAD,SPONSOR-JANNUS,2023-08-06,2024-09-30,V230504,Y,
PROJECT-V230509,,Active,UI-LEAD,SPONSOR-DHHS1,2024-06-01,2026-05-31,V230509,Y,
PROJECT-V230512,,Active,UI-LEAD,SPONSOR-IDAOIL,2023-07-01,2024-06-30,V230512,Y,
PROJECT-V230520,,Active,UI-LEAD,SPONSOR-USGS,2023-08-14,2026-08-13,V230520,Y,
PROJECT-V230522,,Active,UI-LEAD,SPONSOR-USDFOR,2019-06-14,2024-06-13,V230522,Y,
PROJECT-V230525,,Active,UI-LEAD,SPONSOR-JANNUS,2023-08-06,2024-09-30,V230525,Y,
PROJECT-V230526,,Active,UI-LEAD,SPONSOR-JANNUS,2023-08-06,2024-09-30,V230526,Y,
PROJECT-V230529,,Active,UI-LEAD,SPONSOR-INTREV,2024-01-01,2024-12-31,V230529,Y,
PROJECT-V230531,,Active,UI-LEAD,SPONSOR-NIFA,2024-03-01,2026-02-28,V230531,Y,
PROJECT-V230535,,Active,UI-LEAD,SPONSOR-NASA,2024-02-01,2027-01-31,V230535,Y,
PROJECT-V230536,,Active,UI-LEAD,SPONSOR-UARS5,2023-08-13,2025-10-01,V230536,Y,
PROJECT-V230538,,Active,UI-LEAD,SPONSOR-UARS5,2021-09-01,2025-10-31,V230538,Y,
PROJECT-V230540,,Active,UI-LEAD,SPONSOR-FEDCOM,2023-09-01,2024-06-30,V230540,Y,
PROJECT-V230541,,Active,UI-LEAD,SPONSOR-SPESCIINC,2024-01-01,2026-12-31,V230541,Y,
PROJECT-V230543,,Active,UI-LEAD,SPONSOR-IDAFIS,2023-07-01,2024-06-30,V230543,Y,
PROJECT-V230544,,Active,UI-LEAD,SPONSOR-COTINC1,2024-01-01,2024-05-31,V230544,Y,
PROJECT-V230561,,Active,UI-LEAD,SPONSOR-NEVREG,2023-07-01,2023-11-08,V230561,Y,
PROJECT-V230566,,Active,UI-LEAD,SPONSOR-DHHS1,2022-10-01,2024-09-30,V230566,Y,
PROJECT-V230569,,Active,UI-LEAD,SPONSOR-UARS5,2023-07-01,2024-06-30,V230569,Y,
PROJECT-V230575,,Active,UI-LEAD,SPONSOR-DHHS1,2024-05-01,2026-02-28,V230575,Y,
PROJECT-V230577,,Active,UI-LEAD,SPONSOR-BATTELLE1,2023-05-18,2024-02-29,V230577,Y,
PROJECT-V230578,,Active,UI-LEAD,SPONSOR-NEWUNI1,2024-07-01,2025-03-31,V230578,Y,
PROJECT-V230580,,Active,UI-LEAD,SPONSOR-THEAND,2023-09-15,2024-06-30,V230580,Y,
PROJECT-V230581,,Active,UI-LEAD,SPONSOR-STASMI,2024-01-01,2024-12-31,V230581,Y,
PROJECT-V230582,,Active,UI-LEAD,SPONSOR-CORAGR,2023-04-01,2023-12-31,V230582,Y,
PROJECT-V230584,,Active,UI-LEAD,SPONSOR-POTUSA,2023-07-01,2024-06-30,V230584,Y,
PROJECT-V230591,,Active,UI-LEAD,SPONSOR-NIFA,2024-09-01,2029-08-31,V230591,Y,
PROJECT-V230602,,Active,UI-LEAD,SPONSOR-COEDAL7,2024-02-01,2026-01-06,V230602,Y,
PROJECT-V230605,,Active,UI-LEAD,SPONSOR-IDAWOR,2024-07-01,2027-06-30,V230605,Y,
PROJECT-V230606,,Active,UI-LEAD,SPONSOR-GEOUNI1,2024-07-01,2027-05-30,V230606,Y,
PROJECT-V230607,,Active,UI-LEAD,SPONSOR-NIFA,2024-01-01,2027-09-30,V230607,Y,
PROJECT-V230617,,Active,UI-LEAD,SPONSOR-SCHENG,2023-09-01,2026-12-31,V230617,Y,
PROJECT-V230618,,Active,UI-LEAD,SPONSOR-PHEINC1,2023-07-01,2025-06-30,V230618,Y,
PROJECT-V230627,,Active,UI-LEAD,SPONSOR-ARCRAP,2023-07-31,2025-03-31,V230627,Y,
PROJECT-V230629,,Active,UI-LEAD,SPONSOR-ISDE1,2023-08-25,2024-06-15,V230629,Y,
PROJECT-V230633,,Active,UI-LEAD,SPONSOR-UARS5,2022-10-01,2023-09-30,V230633,Y,
PROJECT-V230637,,Active,UI-LEAD,SPONSOR-NASA,2025-02-01,2028-01-31,V230637,Y,
PROJECT-V230642,,Active,UI-LEAD,SPONSOR-BSU,2023-12-15,2025-06-10,V230642,Y,
PROJECT-V230644,,Active,UI-LEAD,SPONSOR-WASSTA12,2025-07-01,2026-09-30,V230644,Y,
PROJECT-V230647,,Active,UI-LEAD,SPONSOR-NASA,2020-06-01,2026-05-31,V230647,Y,
PROJECT-V230659,,Active,UI-LEAD,SPONSOR-UTASTA,2024-07-01,2026-06-30,V230659,Y,
PROJECT-V230661,,Active,UI-LEAD,SPONSOR-NIFA,2024-06-01,2027-05-31,V230661,Y,
PROJECT-V230662,,Active,UI-LEAD,SPONSOR-SANDIA,2024-06-17,2026-04-23,V230662,Y,
PROJECT-V230666,,Active,UI-LEAD,SPONSOR-CONFUN,2023-08-01,2025-08-31,V230666,Y,
PROJECT-V230669,,Active,UI-LEAD,SPONSOR-IDADAI,2023-09-01,2024-02-29,V230669,Y,
PROJECT-V230670,,Active,UI-LEAD,SPONSOR-USNPS,2022-08-01,2026-09-30,V230670,Y,
PROJECT-V230671,,Active,UI-LEAD,SPONSOR-DHHS1,2024-07-19,2026-06-30,V230671,Y,
PROJECT-V230672,,Active,UI-LEAD,SPONSOR-SCHENG,2023-08-14,2026-05-29,V230672,Y,
PROJECT-V230673,,Active,UI-LEAD,SPONSOR-BATTELLE1,2023-09-21,2024-06-30,V230673,Y,
PROJECT-V230676,,Active,UI-LEAD,SPONSOR-NSF,2024-04-01,2027-03-31,V230676,Y,
PROJECT-V230678,,Active,UI-LEAD,SPONSOR-NIFA,2024-09-01,2025-07-21,V230678,Y,
PROJECT-V230679,,Active,UI-LEAD,SPONSOR-NSF,2024-08-15,2028-07-31,V230679,Y,
PROJECT-V230684,,Active,UI-LEAD,SPONSOR-TECRES,2024-02-05,2026-05-31,V230684,Y,
PROJECT-V230687,,Active,UI-LEAD,SPONSOR-NIFA,2024-07-01,2026-06-30,V230687,Y,
PROJECT-V230689,,Active,UI-LEAD,SPONSOR-WASSTA12,2023-09-15,2025-08-14,V230689,Y,
PROJECT-V230693,,Active,UI-LEAD,SPONSOR-NIFA,2024-09-15,2027-09-14,V230693,Y,
PROJECT-V230698,,Active,UI-LEAD,SPONSOR-IDHW7,2021-09-17,2024-08-31,V230698,Y,
PROJECT-V230705,,Active,UI-LEAD,SPONSOR-WISUNI,2024-06-01,2026-08-31,V230705,Y,
PROJECT-V230712,,Active,UI-LEAD,SPONSOR-USAPHIS,2023-09-08,2025-09-07,V230712,Y,
PROJECT-V230713,,Active,UI-LEAD,SPONSOR-NAT4H3,2023-08-14,2024-05-31,V230713,Y,
PROJECT-V230714,,Active,UI-LEAD,SPONSOR-USDRMA,2024-06-06,2025-09-30,V230714,Y,
PROJECT-V230718,,Active,UI-LEAD,SPONSOR-NSF,2024-04-01,2026-03-31,V230718,Y,
PROJECT-V230728,,Active,UI-LEAD,SPONSOR-IDHW7,2022-03-14,2024-09-30,V230728,Y,
PROJECT-V230732,,Active,UI-LEAD,SPONSOR-UARS5,2023-09-26,2024-09-25,V230732,Y,
PROJECT-V230736,,Active,UI-LEAD,SPONSOR-MONSTA1,2024-01-01,2026-12-31,V230736,Y,
PROJECT-V230743,,Active,UI-LEAD,SPONSOR-UARS5,2023-07-01,2026-04-30,V230743,Y,
PROJECT-V230748,,Active,UI-LEAD,SPONSOR-IDASTE2,2023-10-25,2024-06-30,V230748,Y,
PROJECT-V230751,,Active,UI-LEAD,SPONSOR-ISDE1,2023-10-01,2024-06-30,V230751,Y,
PROJECT-V230752,,Active,UI-LEAD,SPONSOR-ISDE1,2023-09-17,2024-06-14,V230752,Y,
PROJECT-V230756,,Active,UI-LEAD,SPONSOR-NIFA,2023-10-01,2025-09-30,V230756,Y,
PROJECT-V230765,,Active,UI-LEAD,SPONSOR-NIFA,2024-08-01,2028-07-31,V230765,Y,
PROJECT-V230767,,Active,UI-LEAD,SPONSOR-WEESCI,2024-01-01,2025-12-31,V230767,Y,
PROJECT-V230768,,Active,UI-LEAD,SPONSOR-IDAWOR,2024-05-01,2027-04-30,V230768,Y,
PROJECT-V230769,,Active,UI-LEAD,SPONSOR-USDFOR,2024-02-22,2027-09-30,V230769,Y,
PROJECT-V230774,,Active,UI-LEAD,SPONSOR-VIRTEC,2024-07-01,2027-06-30,V230774,Y,
PROJECT-V230777,,Active,UI-LEAD,SPONSOR-BATTELLE1,2021-10-01,2024-05-12,V230777,Y,
PROJECT-V230778,,Active,UI-LEAD,SPONSOR-USDFOR,2024-01-31,2026-12-31,V230778,Y,
PROJECT-V230779,,Active,UI-LEAD,SPONSOR-NATRES20,2024-02-15,2026-02-15,V230779,Y,
PROJECT-V230788,,Active,UI-LEAD,SPONSOR-NIFA,2024-07-01,2027-12-31,V230788,Y,
PROJECT-V230789,,Active,UI-LEAD,SPONSOR-GENNEX1,2024-02-12,2025-05-11,V230789,Y,
PROJECT-V230790,,Active,UI-LEAD,SPONSOR-NSF,2024-03-01,2026-08-31,V230790,Y,
PROJECT-V230792,,Active,UI-LEAD,SPONSOR-OHISTA,2024-10-01,2026-09-30,V230792,Y,
PROJECT-V230794,,Active,UI-LEAD,SPONSOR-VIRTEC,2024-09-01,2028-08-31,V230794,Y,
PROJECT-V230800,,Active,UI-LEAD,SPONSOR-NIFA,2024-05-01,2026-07-31,V230800,Y,
PROJECT-V230801,,Active,UI-LEAD,SPONSOR-GORBET,2023-10-30,2027-08-31,V230801,Y,
PROJECT-V230807,,Active,UI-LEAD,SPONSOR-UARS5,2023-07-01,2028-05-31,V230807,Y,
PROJECT-V230811,,Active,UI-LEAD,SPONSOR-IDAAGR,2024-12-09,2025-12-31,V230811,Y,
PROJECT-V230813,,Active,UI-LEAD,SPONSOR-IDAFIS,2023-07-01,2025-06-30,V230813,Y,
PROJECT-V230816,,Active,UI-LEAD,SPONSOR-NSF,2024-08-15,2027-07-31,V230816,Y,
PROJECT-V230826,,Active,UI-LEAD,SPONSOR-MICSTA,2024-08-01,2029-07-31,V230826,Y,
PROJECT-V230829,,Active,UI-LEAD,SPONSOR-OHISTA,2023-10-01,2024-09-30,V230829,Y,
PROJECT-V230834,,Active,UI-LEAD,SPONSOR-KANSTA,2024-01-01,2024-08-31,V230834,Y,
PROJECT-V230836,,Active,UI-LEAD,SPONSOR-NSF,2024-08-01,2027-07-31,V230836,Y,
PROJECT-V230842,,Active,UI-LEAD,SPONSOR-ILLUNI,2024-08-15,2026-07-31,V230842,Y,
PROJECT-V230847,,Active,UI-LEAD,SPONSOR-BAYCRO,2023-08-15,2024-12-31,V230847,Y,
PROJECT-V230850,,Active,UI-LEAD,SPONSOR-NIFA,2023-10-01,2028-09-30,V230850,Y,
PROJECT-V230851,,Active,UI-LEAD,SPONSOR-NSF,2024-09-15,2027-08-31,V230851,Y,
PROJECT-V230854,,Active,UI-LEAD,SPONSOR-USDFOR,2024-07-24,2027-06-30,V230854,Y,
PROJECT-V230856,,Active,UI-LEAD,SPONSOR-NIFA,2023-10-01,2025-09-30,V230856,Y,
PROJECT-V230857,,Active,UI-LEAD,SPONSOR-IDAWOR,2023-12-01,2026-09-30,V230857,Y,
PROJECT-V230858,,Active,UI-LEAD,SPONSOR-USDFOR,2023-11-04,2028-06-01,V230858,Y,
PROJECT-V230861,,Active,UI-LEAD,SPONSOR-USGS,2022-05-11,2027-04-30,V230861,Y,
PROJECT-V230862,,Active,UI-LEAD,SPONSOR-USDFOR,2024-06-27,2028-09-30,V230862,Y,
PROJECT-V230863,,Active,UI-LEAD,SPONSOR-IDADIV3,2024-01-08,2024-05-30,V230863,Y,
PROJECT-V230865,,Active,UI-LEAD,SPONSOR-NIFA,2023-10-01,2025-09-30,V230865,Y,
PROJECT-V230869,,Active,UI-LEAD,SPONSOR-ISDE1,2024-10-03,2026-12-31,V230869,Y,
PROJECT-V230870,,Active,UI-LEAD,SPONSOR-JOHHOP1,2022-04-01,2028-08-31,V230870,Y,
PROJECT-V230871,,Active,UI-LEAD,SPONSOR-USDFOR,2024-07-17,2027-06-30,V230871,Y,
PROJECT-V230875,,Active,UI-LEAD,SPONSOR-MONSTA1,2024-05-01,2027-04-30,V230875,Y,
PROJECT-V230876,,Active,UI-LEAD,SPONSOR-NSF,2024-08-01,2027-07-31,V230876,Y,
PROJECT-V230879,,Active,UI-LEAD,SPONSOR-IDACAT5,2024-05-01,2026-12-31,V230879,Y,
PROJECT-V230886,,Active,UI-LEAD,SPONSOR-ITD1,2025-11-10,2027-09-30,V230886,Y,
PROJECT-V230889,,Active,UI-LEAD,SPONSOR-WASOIL,2024-05-01,2025-09-30,V230889,Y,
PROJECT-V230893,,Active,UI-LEAD,SPONSOR-WASOIL,2024-05-01,2025-08-31,V230893,Y,
PROJECT-V230897,,Active,UI-LEAD,SPONSOR-MONSTA1,2024-04-01,2026-12-31,V230897,Y,
PROJECT-V230899,,Active,UI-LEAD,SPONSOR-FAMADV1,2023-10-01,2024-06-30,V230899,Y,
PROJECT-V230903,,Active,UI-LEAD,SPONSOR-IDASTA34,2024-07-01,2026-06-30,V230903,Y,
PROJECT-V230905,,Active,UI-LEAD,SPONSOR-NSF,2024-09-01,2028-08-31,V230905,Y,
PROJECT-V230910,,Active,UI-LEAD,SPONSOR-USDFOR,2023-12-11,2025-12-15,V230910,Y,
PROJECT-V230911,,Active,UI-LEAD,SPONSOR-BATTELLE1,2023-12-09,2025-05-31,V230911,Y,
PROJECT-V230913,,Active,UI-LEAD,SPONSOR-IDAWHE,2024-07-01,2025-06-30,V230913,Y,
PROJECT-V230914,,Active,UI-LEAD,SPONSOR-PURUNI,2024-03-01,2024-08-17,V230914,Y,
PROJECT-V230916,,Active,UI-LEAD,SPONSOR-IDASTA34,2024-07-01,2025-06-30,V230916,Y,
PROJECT-V230928,,Active,UI-LEAD,SPONSOR-NSF,2024-09-01,2026-08-31,V230928,Y,
PROJECT-V230938,,Active,UI-LEAD,SPONSOR-NSF,2024-09-15,2029-08-31,V230938,Y,
PROJECT-V230941,,Active,UI-LEAD,SPONSOR-IDADAI,2024-01-01,2025-01-31,V230941,Y,
PROJECT-V230944,,Active,UI-LEAD,SPONSOR-AMECOL1,2024-01-01,2024-06-30,V230944,Y,
PROJECT-V230945,,Active,UI-LEAD,SPONSOR-HOLEDU,2024-01-01,2026-05-01,V230945,Y,
PROJECT-V230947,,Active,UI-LEAD,SPONSOR-KOOTRI,2024-05-12,2026-12-31,V230947,Y,
PROJECT-V230949,,Active,UI-LEAD,SPONSOR-NIFA,2024-06-01,2026-05-31,V230949,Y,
PROJECT-V230952,,Active,UI-LEAD,SPONSOR-TARLST,2023-11-07,2024-04-30,V230952,Y,
PROJECT-V230953,,Active,UI-LEAD,SPONSOR-ORESTA3,2024-04-01,2026-09-30,V230953,Y,
PROJECT-V230956,,Active,UI-LEAD,SPONSOR-WASSTA12,2024-04-01,2025-09-30,V230956,Y,
PROJECT-V230960,,Active,UI-LEAD,SPONSOR-EXTFOU,2024-01-15,2025-01-14,V230960,Y,
PROJECT-V230961,,Active,UI-LEAD,SPONSOR-IDAPOW3,2024-01-01,2024-12-31,V230961,Y,
PROJECT-V230965,,Active,UI-LEAD,SPONSOR-IDASTA43,2024-01-03,2024-06-30,V230965,Y,
PROJECT-V230969,,Active,UI-LEAD,SPONSOR-POTCOR,2024-01-01,2024-12-31,V230969,Y,
PROJECT-V230971,,Active,UI-LEAD,SPONSOR-USDFOR,2023-12-01,2027-12-31,V230971,Y,
PROJECT-V230975,,Active,UI-LEAD,SPONSOR-PALCON,2021-08-01,2025-12-31,V230975,Y,
PROJECT-V230977,,Active,UI-LEAD,SPONSOR-NSF,2024-12-01,2027-11-30,V230977,Y,
PROJECT-V230979,,Active,UI-LEAD,SPONSOR-NEWMEX12,2024-02-02,2025-02-28,V230979,Y,
PROJECT-V230980,,Active,UI-LEAD,SPONSOR-IDAPOT5,2024-07-01,2025-07-31,V230980,Y,
PROJECT-V230982,,Active,UI-LEAD,SPONSOR-IDAPOT5,2024-07-01,2025-07-31,V230982,Y,
PROJECT-V230986,,Active,UI-LEAD,SPONSOR-USADRY,2024-07-01,2025-12-31,V230986,Y,
PROJECT-V230989,,Active,UI-LEAD,SPONSOR-IDAPOT5,2024-07-01,2025-12-31,V230989,Y,
PROJECT-V230991,,Active,UI-LEAD,SPONSOR-SOYAQU,2024-05-01,2026-12-31,V230991,Y,
PROJECT-V230995,,Active,UI-LEAD,SPONSOR-IDAPOT5,2024-07-01,2025-12-31,V230995,Y,
PROJECT-V231008,,Active,UI-LEAD,SPONSOR-USGS,2024-06-01,2025-05-31,V231008,Y,
PROJECT-V231009,,Active,UI-LEAD,SPONSOR-IDAPOT5,2024-07-01,2025-07-31,V231009,Y,
PROJECT-V231013,,Active,UI-LEAD,SPONSOR-IDAPOT5,2024-07-01,2025-07-31,V231013,Y,
PROJECT-V231014,,Active,UI-LEAD,SPONSOR-USBLM,2024-07-19,2027-07-18,V231014,Y,
PROJECT-V231015,,Active,UI-LEAD,SPONSOR-USGS,2024-02-01,2025-01-28,V231015,Y,
PROJECT-V231016,,Active,UI-LEAD,SPONSOR-IDAPOT5,2024-07-01,2025-07-31,V231016,Y,
PROJECT-V231017,,Active,UI-LEAD,SPONSOR-IDAPOT5,2024-07-01,2025-07-31,V231017,Y,
PROJECT-V231018,,Active,UI-LEAD,SPONSOR-MONSTA1,2024-05-01,2026-04-30,V231018,Y,
PROJECT-V231019,,Active,UI-LEAD,SPONSOR-SOYAQU,2024-05-01,2026-04-15,V231019,Y,
PROJECT-V231021,,Active,UI-LEAD,SPONSOR-IDAPOT5,2024-07-01,2025-07-31,V231021,Y,
PROJECT-V231024,,Active,UI-LEAD,SPONSOR-IDAPOT5,2024-07-01,2025-07-31,V231024,Y,
PROJECT-V231025,,Active,UI-LEAD,SPONSOR-IDAPOT5,2024-07-01,2025-07-31,V231025,Y,
PROJECT-V231026,,Active,UI-LEAD,SPONSOR-IDAPOT5,2024-07-01,2025-07-31,V231026,Y,
PROJECT-V231027,,Active,UI-LEAD,SPONSOR-IDAPOT5,2024-07-01,2025-07-31,V231027,Y,
PROJECT-V231028,,Active,UI-LEAD,SPONSOR-IDAPOT5,2024-07-01,2025-07-31,V231028,Y,
PROJECT-V231029,,Active,UI-LEAD,SPONSOR-IDAPOT5,2024-07-01,2025-07-31,V231029,Y,
PROJECT-V231030,,Active,UI-LEAD,SPONSOR-IDHW7,2023-11-14,2024-09-30,V231030,Y,
PROJECT-V231032,,Active,UI-LEAD,SPONSOR-IDAPOT5,2024-07-01,2025-07-31,V231032,Y,
PROJECT-V231034,,Active,UI-LEAD,SPONSOR-USBLM,2024-08-31,2029-08-30,V231034,Y,
PROJECT-V231035,,Active,UI-LEAD,SPONSOR-IDAPOT5,2024-07-01,2025-07-31,V231035,Y,
PROJECT-V231036,,Active,UI-LEAD,SPONSOR-SNARIV45,2024-04-01,2026-03-31,V231036,Y,
PROJECT-V231037,,Active,UI-LEAD,SPONSOR-SNARIV45,2024-04-01,2026-03-31,V231037,Y,
PROJECT-V231039,,Active,UI-LEAD,SPONSOR-NIFA,2025-09-15,2028-09-14,V231039,Y,
PROJECT-V231040,,Active,UI-LEAD,SPONSOR-NATCAT,2024-01-24,2025-06-01,V231040,Y,
PROJECT-V231049,,Active,UI-LEAD,SPONSOR-NIFA,2024-08-01,2025-08-31,V231049,Y,
PROJECT-V231050,,Active,UI-LEAD,SPONSOR-AMASUG,2024-06-17,2026-05-15,V231050,Y,
PROJECT-V231056,,Active,UI-LEAD,SPONSOR-WESVIR,2024-08-16,2026-08-15,V231056,Y,
PROJECT-V231059,,Active,UI-LEAD,SPONSOR-IDABAR,2024-07-01,2025-06-30,V231059,Y,
PROJECT-V231061,,Active,UI-LEAD,SPONSOR-IDAWHE,2024-07-01,2025-06-30,V231061,Y,
PROJECT-V231062,,Active,UI-LEAD,SPONSOR-IDABAR,2024-07-01,2025-06-30,V231062,Y,
PROJECT-V231064,,Active,UI-LEAD,SPONSOR-IDAWHE,2024-07-01,2025-06-30,V231064,Y,
PROJECT-V231066,,Active,UI-LEAD,SPONSOR-IDWR,2024-05-24,2026-05-23,V231066,Y,
PROJECT-V231073,,Active,UI-LEAD,SPONSOR-IDANUR,2024-11-08,2027-06-30,V231073,Y,
PROJECT-V231074,,Active,UI-LEAD,SPONSOR-ISDE1,2023-10-01,2024-09-30,V231074,Y,
PROJECT-V231081,,Active,UI-LEAD,SPONSOR-NASA,2024-06-21,2027-06-20,V231081,Y,
PROJECT-V231084,,Active,UI-LEAD,SPONSOR-INSINT3,2024-03-04,2025-04-30,V231084,Y,
PROJECT-V231086,,Active,UI-LEAD,SPONSOR-NASSHA,2025-01-01,2027-12-31,V231086,Y,
PROJECT-V231091,,Active,UI-LEAD,SPONSOR-NSF,2024-09-15,2028-08-31,V231091,Y,
PROJECT-V231095,,Active,UI-LEAD,SPONSOR-IDAWHE,2024-07-01,2025-06-30,V231095,Y,
PROJECT-V231101,,Active,UI-LEAD,SPONSOR-SNARIV45,2024-04-01,2025-03-31,V231101,Y,
PROJECT-V231105,,Active,UI-LEAD,SPONSOR-SNARIV45,2024-04-01,2025-03-31,V231105,Y,
PROJECT-V231106,,Active,UI-LEAD,SPONSOR-SNARIV45,2024-04-01,2025-03-31,V231106,Y,
PROJECT-V231108,,Active,UI-LEAD,SPONSOR-SNARIV45,2024-04-01,2026-03-31,V231108,Y,
PROJECT-V231111,,Active,UI-LEAD,SPONSOR-NATCAT,2024-01-01,2025-10-15,V231111,Y,
PROJECT-V231112,,Active,UI-LEAD,SPONSOR-IDAWHE,2024-07-01,2025-06-30,V231112,Y,
PROJECT-V231115,,Active,UI-LEAD,SPONSOR-IDAFIS,2024-07-01,2026-06-30,V231115,Y,
PROJECT-V231118,,Active,UI-LEAD,SPONSOR-IDABAR,2024-07-01,2025-06-30,V231118,Y,
PROJECT-V231119,,Active,UI-LEAD,SPONSOR-IDABAR,2024-07-01,2025-06-30,V231119,Y,
PROJECT-V231120,,Active,UI-LEAD,SPONSOR-IDAAGR,2024-10-23,2027-06-30,V231120,Y,
PROJECT-V231121,,Active,UI-LEAD,SPONSOR-IDAWHE,2024-07-01,2025-12-31,V231121,Y,
PROJECT-V240001,,Active,UI-LEAD,SPONSOR-IDAWHE,2024-07-01,2025-06-30,V240001,Y,
PROJECT-V240003,,Active,UI-LEAD,SPONSOR-IDASTA34,2024-02-06,2024-05-31,V240003,Y,
PROJECT-V240006,,Active,UI-LEAD,SPONSOR-IDAWHE,2024-07-01,2025-06-30,V240006,Y,
PROJECT-V240007,,Active,UI-LEAD,SPONSOR-ORESTA3,2024-05-01,2025-06-30,V240007,Y,
PROJECT-V240012,,Active,UI-LEAD,SPONSOR-IDABAR,2024-07-01,2025-06-30,V240012,Y,
PROJECT-V240013,,Active,UI-LEAD,SPONSOR-IDABAR,2024-07-01,2025-06-30,V240013,Y,
PROJECT-V240019,,Active,UI-LEAD,SPONSOR-YELYUK,2024-01-01,2024-12-31,V240019,Y,
PROJECT-V240024,,Active,UI-LEAD,SPONSOR-NORDAK3,2024-01-01,2024-12-31,V240024,Y,
PROJECT-V240025,,Active,UI-LEAD,SPONSOR-IDAWHE,2024-07-01,2025-06-30,V240025,Y,
PROJECT-V240026,,Active,UI-LEAD,SPONSOR-IDAAGR,2024-10-23,2027-06-30,V240026,Y,
PROJECT-V240030,,Active,UI-LEAD,SPONSOR-IDAWHE,2024-07-01,2025-06-30,V240030,Y,
PROJECT-V240031,,Active,UI-LEAD,SPONSOR-IDABEA1,2024-07-01,2025-06-30,V240031,Y,
PROJECT-V240033,,Active,UI-LEAD,SPONSOR-IDAWHE,2024-07-01,2025-06-30,V240033,Y,
PROJECT-V240034,,Active,UI-LEAD,SPONSOR-IDAWHE,2024-07-01,2025-06-30,V240034,Y,
PROJECT-V240036,,Active,UI-LEAD,SPONSOR-NSF,2020-07-01,2027-06-30,V240036,Y,
PROJECT-V240038,,Active,UI-LEAD,SPONSOR-IDABEA1,2024-07-01,2025-06-30,V240038,Y,
PROJECT-V240042,,Active,UI-LEAD,SPONSOR-IDAWHE,2024-07-01,2025-06-30,V240042,Y,
PROJECT-V240043,,Active,UI-LEAD,SPONSOR-IDAWHE,2024-07-01,2025-06-30,V240043,Y,
PROJECT-V240044,,Active,UI-LEAD,SPONSOR-IDAWHE,2024-07-01,2025-06-30,V240044,Y,
PROJECT-V240045,,Active,UI-LEAD,SPONSOR-IDAWHE,2024-07-01,2025-06-30,V240045,Y,
PROJECT-V240046,,Active,UI-LEAD,SPONSOR-IDABAR,2024-07-01,2025-06-30,V240046,Y,
PROJECT-V240047,,Active,UI-LEAD,SPONSOR-IDABAR,2024-07-01,2025-06-30,V240047,Y,
PROJECT-V240048,,Active,UI-LEAD,SPONSOR-IDAWHE,2024-07-01,2025-06-30,V240048,Y,
PROJECT-V240054,,Active,UI-LEAD,SPONSOR-DHHS1,2020-07-20,2026-06-30,V240054,Y,
PROJECT-V240057,,Active,UI-LEAD,SPONSOR-ITD1,2025-04-07,2025-12-31,V240057,Y,
PROJECT-V240059,,Active,UI-LEAD,SPONSOR-KOOTRI,2024-02-01,2026-04-30,V240059,Y,
PROJECT-V240061,,Active,UI-LEAD,SPONSOR-USFWS,2024-05-01,2027-04-30,V240061,Y,
PROJECT-V240062,,Active,UI-LEAD,SPONSOR-IEOOC,2024-07-01,2025-06-30,V240062,Y,
PROJECT-V240065,,Active,UI-LEAD,SPONSOR-IDABAR,2024-07-01,2025-06-30,V240065,Y,
PROJECT-V240075,,Active,UI-LEAD,SPONSOR-IDABAR,2024-07-01,2025-06-30,V240075,Y,
PROJECT-V240076,,Active,UI-LEAD,SPONSOR-IDAOIL,2024-04-01,2026-04-30,V240076,Y,
PROJECT-V240077,,Active,UI-LEAD,SPONSOR-IDABAR,2024-07-01,2026-06-30,V240077,Y,
PROJECT-V240081,,Active,UI-LEAD,SPONSOR-IDABEA1,2024-11-12,2027-06-30,V240081,Y,
PROJECT-V240084,,Active,UI-LEAD,SPONSOR-IDABEA1,2024-11-13,2027-06-30,V240084,Y,
PROJECT-V240089,,Active,UI-LEAD,SPONSOR-WASSTA12,2024-09-01,2026-08-31,V240089,Y,
PROJECT-V240090,,Active,UI-LEAD,SPONSOR-JPL,2024-06-03,2024-08-31,V240090,Y,
PROJECT-V240092,,Active,UI-LEAD,SPONSOR-IDABAR,2024-07-01,2025-06-30,V240092,Y,
PROJECT-V240093,,Active,UI-LEAD,SPONSOR-USDFOR,2024-06-25,2029-04-30,V240093,Y,
PROJECT-V240094,,Active,UI-LEAD,SPONSOR-IDACOM,2024-07-01,2025-06-30,V240094,Y,
PROJECT-V240105,,Active,UI-LEAD,SPONSOR-NIFA,2024-09-01,2026-08-31,V240105,Y,
PROJECT-V240110,,Active,UI-LEAD,SPONSOR-NSF,2024-08-15,2026-07-31,V240110,Y,
PROJECT-V240112,,Active,UI-LEAD,SPONSOR-USGS,2022-01-01,2025-12-31,V240112,Y,
PROJECT-V240113,,Active,UI-LEAD,SPONSOR-IDAFIS,2024-03-01,2024-12-31,V240113,Y,
PROJECT-V240115,,Active,UI-LEAD,SPONSOR-USFWS,2025-06-16,2026-06-15,V240115,Y,
PROJECT-V240118,,Active,UI-LEAD,SPONSOR-IDASTE2,2024-05-28,2024-08-30,V240118,Y,
PROJECT-V240120,,Active,UI-LEAD,SPONSOR-UARS5,2024-01-01,2024-12-31,V240120,Y,
PROJECT-V240121,,Active,UI-LEAD,SPONSOR-GRAPRO5,2024-04-01,2024-12-30,V240121,Y,
PROJECT-V240127,,Active,UI-LEAD,SPONSOR-NASSHA,2024-08-12,2025-08-11,V240127,Y,
PROJECT-V240135,,Active,UI-LEAD,SPONSOR-DHHS1,2024-08-26,2026-06-30,V240135,Y,
PROJECT-V240136,,Active,UI-LEAD,SPONSOR-IDASTA34,2024-07-01,2025-08-31,V240136,Y,
PROJECT-V240139,,Active,UI-LEAD,SPONSOR-IDABEA1,2024-07-01,2025-06-30,V240139,Y,
PROJECT-V240140,,Active,UI-LEAD,SPONSOR-KOOCOU4,2024-10-01,2025-07-31,V240140,Y,
PROJECT-V240147,,Active,UI-LEAD,SPONSOR-BATTELLE1,2023-02-17,2024-09-30,V240147,Y,
PROJECT-V240149,,Active,UI-LEAD,SPONSOR-IEOOC,2024-07-01,2025-06-30,V240149,Y,
PROJECT-V240152,,Active,UI-LEAD,SPONSOR-BATTELLE1,2024-06-01,2026-05-31,V240152,Y,
PROJECT-V240153,,Active,UI-LEAD,SPONSOR-DOE1,2024-09-01,2026-08-31,V240153,Y,
PROJECT-V240163,,Active,UI-LEAD,SPONSOR-NAT4H3,2024-04-01,2024-09-01,V240163,Y,
PROJECT-V240164,,Active,UI-LEAD,SPONSOR-SNARIV45,2024-04-01,2027-03-31,V240164,Y,
PROJECT-V240165,,Active,UI-LEAD,SPONSOR-PENSTA,2024-10-01,2026-07-31,V240165,Y,
PROJECT-V240166,,Active,UI-LEAD,SPONSOR-IEOOC,2024-07-01,2025-06-30,V240166,Y,
PROJECT-V240173,,Active,UI-LEAD,SPONSOR-ISDE1,2024-07-01,2025-06-30,V240173,Y,
PROJECT-V240182,,Active,UI-LEAD,SPONSOR-RESLEG1,2024-05-01,2025-06-30,V240182,Y,
PROJECT-V240184,,Active,UI-LEAD,SPONSOR-IDAFIS,2023-10-01,2025-09-30,V240184,Y,
PROJECT-V240185,,Active,UI-LEAD,SPONSOR-USBLM,2024-09-15,2029-09-14,V240185,Y,
PROJECT-V240189,Copy of Idaho INBRE: Establishing a developmentally inspired biomaterial platform to direct stem cell tenogenesis,Active,UI-LEAD,SPONSOR-DHHS1,2024-05-01,2025-08-31,V240189,N,proposal_title
PROJECT-V240197,,Active,UI-LEAD,SPONSOR-IDALAB1,2024-09-01,2025-04-28,V240197,Y,
PROJECT-V240201,,Active,UI-LEAD,SPONSOR-NSF,2024-07-01,2027-06-30,V240201,Y,
PROJECT-V240204,,Active,UI-LEAD,SPONSOR-JANNUS,2024-04-29,2024-09-30,V240204,Y,
PROJECT-V240208,,Active,UI-LEAD,SPONSOR-JANNUS,2024-04-24,2024-09-30,V240208,Y,
PROJECT-V240221,,Active,UI-LEAD,SPONSOR-IDHWDEQ3,2024-03-19,2026-06-30,V240221,Y,
PROJECT-V240234,,Active,UI-LEAD,SPONSOR-IDAFOR4,2024-06-01,2025-05-31,V240234,Y,
PROJECT-V240238,,Active,UI-LEAD,SPONSOR-USDFOR,2023-12-01,2027-12-31,V240238,Y,
PROJECT-V240239,,Active,UI-LEAD,SPONSOR-USAPHIS,2024-08-01,2026-07-31,V240239,Y,
PROJECT-V240251,,Active,UI-LEAD,SPONSOR-MISSTA1,2024-02-01,2024-04-30,V240251,Y,
PROJECT-V240259,,Active,UI-LEAD,SPONSOR-NIFA,2025-09-15,2028-09-14,V240259,Y,
PROJECT-V240260,,Active,UI-LEAD,SPONSOR-NSF,2025-08-01,2030-07-31,V240260,Y,
PROJECT-V240261,,Active,UI-LEAD,SPONSOR-UCAL2,2023-08-01,2026-03-31,V240261,Y,
PROJECT-V240269,,Active,UI-LEAD,SPONSOR-BATTELLE1,2024-05-15,2024-09-30,V240269,Y,
PROJECT-V240273,,Active,UI-LEAD,SPONSOR-BATTELLE1,2024-05-15,2024-08-30,V240273,Y,
PROJECT-V240278,,Active,UI-LEAD,SPONSOR-TEXTTI,2025-09-01,2026-08-31,V240278,Y,
PROJECT-V240279,,Active,UI-LEAD,SPONSOR-NAT4H3,2024-03-25,2025-12-31,V240279,Y,
PROJECT-V240280,,Active,UI-LEAD,SPONSOR-USAPHIS,2024-08-01,2026-07-31,V240280,Y,
PROJECT-V240281,,Active,UI-LEAD,SPONSOR-USAPHIS,2024-08-01,2026-07-31,V240281,Y,
PROJECT-V240288,,Active,UI-LEAD,SPONSOR-IDASTA34,2024-07-01,2026-04-30,V240288,Y,
PROJECT-V240291,,Active,UI-LEAD,SPONSOR-USGS,2024-09-09,2025-09-08,V240291,Y,
PROJECT-V240302,,Active,UI-LEAD,SPONSOR-COLRIV,2024-04-01,2025-03-31,V240302,Y,
PROJECT-V240303,,Active,UI-LEAD,SPONSOR-USDFOR,2024-06-08,2027-06-30,V240303,Y,
PROJECT-V240305,,Active,UI-LEAD,SPONSOR-KOOCOU4,2020-10-01,2026-09-30,V240305,Y,
PROJECT-V240310,,Active,UI-LEAD,SPONSOR-AVIFOU,2024-07-08,2025-07-07,V240310,Y,
PROJECT-V240311,,Active,UI-LEAD,SPONSOR-NSF,2025-01-01,2026-12-31,V240311,Y,
PROJECT-V240319,,Active,UI-LEAD,SPONSOR-COLRIV,2024-05-01,2025-04-30,V240319,Y,
PROJECT-V240329,,Active,UI-LEAD,SPONSOR-MURCHA,2025-01-01,2027-12-31,V240329,Y,
PROJECT-V240330,,Active,UI-LEAD,SPONSOR-NSF,2025-01-01,2026-12-31,V240330,Y,
PROJECT-V240331,,Active,UI-LEAD,SPONSOR-NSF,2025-02-01,2027-01-31,V240331,Y,
PROJECT-V240335,,Active,UI-LEAD,SPONSOR-EXTFOU,2024-04-01,2025-03-31,V240335,Y,
PROJECT-V240341,,Active,UI-LEAD,SPONSOR-IDAWOR,2024-05-01,2026-09-30,V240341,Y,
PROJECT-V240345,,Active,UI-LEAD,SPONSOR-ISDE1,2024-05-15,2024-07-30,V240345,Y,
PROJECT-V240347,,Active,UI-LEAD,SPONSOR-COLRIV,2024-05-01,2025-04-30,V240347,Y,
PROJECT-V240351,,Active,UI-LEAD,SPONSOR-USFWS,2024-07-01,2029-06-30,V240351,Y,
PROJECT-V240353,,Active,UI-LEAD,SPONSOR-NSF,2025-01-01,2026-12-31,V240353,Y,
PROJECT-V240356,,Active,UI-LEAD,SPONSOR-USDFOR,2024-06-09,2029-03-15,V240356,Y,
PROJECT-V240370,,Active,UI-LEAD,SPONSOR-BLACOU,2020-10-01,2025-09-30,V240370,Y,
PROJECT-V240371,,Active,UI-LEAD,SPONSOR-NSF,2025-08-01,2030-08-31,V240371,Y,
PROJECT-V240372,,Active,UI-LEAD,SPONSOR-ENERES,2024-07-01,2025-06-30,V240372,Y,
PROJECT-V240374,,Active,UI-LEAD,SPONSOR-IDAPOT5,2024-07-01,2025-07-31,V240374,Y,
PROJECT-V240376,,Active,UI-LEAD,SPONSOR-NSF,2019-12-15,2025-11-30,V240376,Y,
PROJECT-V240377,,Active,UI-LEAD,SPONSOR-NAT4H3,2024-06-01,2026-12-31,V240377,Y,
PROJECT-V240378,,Active,UI-LEAD,SPONSOR-IDAWOR,2023-09-05,2025-08-30,V240378,Y,
PROJECT-V240379,,Active,UI-LEAD,SPONSOR-USDFOR,2025-08-08,2030-08-07,V240379,Y,
PROJECT-V240381,,Active,UI-LEAD,SPONSOR-ISDE1,2024-07-01,2025-06-30,V240381,Y,
PROJECT-V240382,,Active,UI-LEAD,SPONSOR-USDFOR,2024-08-27,2029-08-24,V240382,Y,
PROJECT-V240384,,Active,UI-LEAD,SPONSOR-MICRON,2024-05-20,2025-01-31,V240384,Y,
PROJECT-V240387,,Active,UI-LEAD,SPONSOR-POTCOR,2024-05-06,2024-12-31,V240387,Y,
PROJECT-V240390,,Active,UI-LEAD,SPONSOR-USDFOR,2024-07-25,2029-07-23,V240390,Y,
PROJECT-V240391,,Active,UI-LEAD,SPONSOR-BURREC,2024-08-15,2028-06-30,V240391,Y,
PROJECT-V240396,,Active,UI-LEAD,SPONSOR-NASA,2025-02-01,2028-01-31,V240396,Y,
PROJECT-V240398,,Active,UI-LEAD,SPONSOR-UARS5,2024-09-01,2025-08-31,V240398,Y,
PROJECT-V240399,,Active,UI-LEAD,SPONSOR-WASSTA12,2024-05-31,2027-05-30,V240399,Y,
PROJECT-V240401,,Active,UI-LEAD,SPONSOR-USGS,2021-09-01,2027-01-28,V240401,Y,
PROJECT-V240410,,Active,UI-LEAD,SPONSOR-NSF,2024-06-01,2027-05-31,V240410,Y,
PROJECT-V240411,,Active,UI-LEAD,SPONSOR-SASUNI,2024-04-01,2027-03-31,V240411,Y,
PROJECT-V240412,,Active,UI-LEAD,SPONSOR-USAPHIS,2024-09-30,2025-09-29,V240412,Y,
PROJECT-V240413,,Active,UI-LEAD,SPONSOR-IDHWDEQ3,2017-03-20,2025-06-30,V240413,Y,
PROJECT-V240414,,Active,UI-LEAD,SPONSOR-IDASTA8,2024-11-01,2026-11-30,V240414,Y,
PROJECT-V240415,,Active,UI-LEAD,SPONSOR-IDHWDEQ3,2025-01-01,2025-06-30,V240415,Y,
PROJECT-V240416,,Active,UI-LEAD,SPONSOR-DHHS1,2025-09-01,2029-08-31,V240416,Y,
PROJECT-V240420,,Active,UI-LEAD,SPONSOR-AMEMEA,2024-07-01,2026-07-31,V240420,Y,
PROJECT-V240423,,Active,UI-LEAD,SPONSOR-SOYAQU,2024-07-01,2025-09-30,V240423,Y,
PROJECT-V240425,,Active,UI-LEAD,SPONSOR-IDALAB1,2024-09-01,2025-08-31,V240425,Y,
PROJECT-V240426,,Active,UI-LEAD,SPONSOR-NIFA,2024-08-01,2027-04-30,V240426,Y,
PROJECT-V240427,,Active,UI-LEAD,SPONSOR-TWIFAL1,2020-10-01,2026-09-30,V240427,Y,
PROJECT-V240429,,Active,UI-LEAD,SPONSOR-USOE1,2024-10-01,2029-09-30,V240429,Y,
PROJECT-V240430,,Active,UI-LEAD,SPONSOR-UARS5,2022-09-01,2027-05-31,V240430,Y,
PROJECT-V240432,,Active,UI-LEAD,SPONSOR-NSF,2025-08-15,2027-07-31,V240432,Y,
PROJECT-V240436,,Active,UI-LEAD,SPONSOR-IDHW7,2024-07-01,2025-06-30,V240436,Y,
PROJECT-V240438,,Active,UI-LEAD,SPONSOR-USDFOR,2024-07-03,2028-09-30,V240438,Y,
PROJECT-V240441,,Active,UI-LEAD,SPONSOR-UARS5,2024-06-01,2025-05-31,V240441,Y,
PROJECT-V240442,,Active,UI-LEAD,SPONSOR-MONUNI1,2024-03-06,2025-04-30,V240442,Y,
PROJECT-V240444,,Active,UI-LEAD,SPONSOR-USDFOR,2024-09-05,2025-09-30,V240444,Y,
PROJECT-V240446,,Active,UI-LEAD,SPONSOR-WESFOR,2019-07-01,2026-06-30,V240446,Y,
PROJECT-V240447,,Active,UI-LEAD,SPONSOR-WESFOR,2009-05-01,2026-06-30,V240447,Y,
PROJECT-V240450,,Active,UI-LEAD,SPONSOR-USGS,2024-07-01,2027-06-30,V240450,Y,
PROJECT-V240454,,Active,UI-LEAD,SPONSOR-ISDE1,2024-07-01,2025-06-30,V240454,Y,
PROJECT-V240457,,Active,UI-LEAD,SPONSOR-USDFOR,2022-06-08,2026-09-30,V240457,Y,
PROJECT-V240461,,Active,UI-LEAD,SPONSOR-USDANRCS,2024-07-05,2027-06-30,V240461,Y,
PROJECT-V240465,,Active,UI-LEAD,SPONSOR-IDAPOT5,2024-07-01,2025-07-31,V240465,Y,
PROJECT-V240471,,Active,UI-LEAD,SPONSOR-PBAC,2025-05-11,2027-05-15,V240471,Y,
PROJECT-V240476,,Active,UI-LEAD,SPONSOR-ARIUNI,2025-01-01,2026-12-31,V240476,Y,
PROJECT-V240478,,Active,UI-LEAD,SPONSOR-NIFA,2024-09-01,2027-08-31,V240478,Y,
PROJECT-V240479,,Active,UI-LEAD,SPONSOR-IDAWHE,2024-07-07,2025-06-30,V240479,Y,
PROJECT-V240480,,Active,UI-LEAD,SPONSOR-IDADIV2,2024-07-01,2025-06-30,V240480,Y,
PROJECT-V240481,,Active,UI-LEAD,SPONSOR-WESSTA1,2024-09-01,2025-08-31,V240481,Y,
PROJECT-V240482,,Active,UI-LEAD,SPONSOR-SPECON4,2023-07-01,2024-12-01,V240482,Y,
PROJECT-V240483,,Active,UI-LEAD,SPONSOR-INTREV,2025-01-01,2025-12-31,V240483,Y,
PROJECT-V240486,,Active,UI-LEAD,SPONSOR-USFS,2024-09-15,2029-07-31,V240486,Y,
PROJECT-V240488,,Active,UI-LEAD,SPONSOR-FEDCOM,2024-07-01,2025-06-30,V240488,Y,
PROJECT-V240491,,Active,UI-LEAD,SPONSOR-CUSCO,2019-10-01,2026-09-30,V240491,Y,
PROJECT-V240493,,Active,UI-LEAD,SPONSOR-WASSTA12,2024-09-01,2026-07-31,V240493,Y,
PROJECT-V240504,,Active,UI-LEAD,SPONSOR-NEH,2025-02-01,2025-04-02,V240504,Y,
PROJECT-V240505,,Active,UI-LEAD,SPONSOR-UARS5,2022-09-01,2025-10-01,V240505,Y,
PROJECT-V240506,,Active,UI-LEAD,SPONSOR-USDFOR,2024-03-31,2029-03-01,V240506,Y,
PROJECT-V240514,,Active,UI-LEAD,SPONSOR-HRC,2025-04-01,2026-03-31,V240514,Y,
PROJECT-V240519,,Active,UI-LEAD,SPONSOR-USNPS,2024-08-02,2027-06-30,V240519,Y,
PROJECT-V240525,,Active,UI-LEAD,SPONSOR-UARS5,2024-09-01,2026-08-31,V240525,Y,
PROJECT-V240527,,Active,UI-LEAD,SPONSOR-NIFA,2024-09-01,2026-08-31,V240527,Y,
PROJECT-V240528,,Active,UI-LEAD,SPONSOR-USGS,2024-09-16,2026-04-25,V240528,Y,
PROJECT-V240535,,Active,UI-LEAD,SPONSOR-USGS,2024-09-04,2027-09-01,V240535,Y,
PROJECT-V240538,,Active,UI-LEAD,SPONSOR-WASSTA12,2024-07-01,2026-05-31,V240538,Y,
PROJECT-V240542,,Active,UI-LEAD,SPONSOR-USDFOR,2024-07-01,2029-07-15,V240542,Y,
PROJECT-V240544,,Active,UI-LEAD,SPONSOR-KENCOR2,2024-09-15,2025-05-15,V240544,Y,
PROJECT-V240545,,Active,UI-LEAD,SPONSOR-USDFOR,2024-09-03,2029-09-02,V240545,Y,
PROJECT-V240546,,Active,UI-LEAD,SPONSOR-USDANRCS,2024-10-01,2027-09-30,V240546,Y,
PROJECT-V240547,,Active,UI-LEAD,SPONSOR-USDANRCS,2024-10-08,2026-09-30,V240547,Y,
PROJECT-V240548,,Active,UI-LEAD,SPONSOR-BATTELLE1,2021-11-17,2025-06-30,V240548,Y,
PROJECT-V240549,,Active,UI-LEAD,SPONSOR-NSF,2025-09-01,2028-08-31,V240549,Y,
PROJECT-V240550,,Active,UI-LEAD,SPONSOR-POTUSA,2024-07-15,2025-06-30,V240550,Y,
PROJECT-V240555,,Active,UI-LEAD,SPONSOR-USDFOR,2020-09-15,2025-09-15,V240555,Y,
PROJECT-V240556,,Active,UI-LEAD,SPONSOR-ISDE1,2024-07-14,2025-09-30,V240556,Y,
PROJECT-V240559,,Active,UI-LEAD,SPONSOR-NCAFOU,2024-10-01,2026-09-30,V240559,Y,
PROJECT-V240560,,Active,UI-LEAD,SPONSOR-IDAFIS,2024-07-01,2025-06-30,V240560,Y,
PROJECT-V240562,,Active,UI-LEAD,SPONSOR-USOE1,2025-09-01,2026-08-31,V240562,Y,
PROJECT-V240565,,Active,UI-LEAD,SPONSOR-USDFOR,2024-09-05,2027-12-30,V240565,Y,
PROJECT-V240566,,Active,UI-LEAD,SPONSOR-KOOTRI,2024-08-11,2026-05-31,V240566,Y,
PROJECT-V240567,,Active,UI-LEAD,SPONSOR-UCAL2,2023-08-01,2026-03-31,V240567,Y,
PROJECT-V240568,,Active,UI-LEAD,SPONSOR-BRIYOU,2024-05-17,2026-05-16,V240568,Y,
PROJECT-V240570,,Active,UI-LEAD,SPONSOR-UCAL2,2023-08-01,2026-03-31,V240570,Y,
PROJECT-V240571,,Active,UI-LEAD,SPONSOR-DHHS1,2025-09-02,2026-06-30,V240571,Y,
PROJECT-V240572,,Active,UI-LEAD,SPONSOR-JANNUS,2024-07-24,2025-12-31,V240572,Y,
PROJECT-V240573,,Active,UI-LEAD,SPONSOR-IDAFIS,2024-07-01,2025-06-30,V240573,Y,
PROJECT-V240575,,Active,UI-LEAD,SPONSOR-NIFA,2025-07-15,2027-07-14,V240575,Y,
PROJECT-V240576,,Active,UI-LEAD,SPONSOR-NSF,2021-09-01,2026-08-31,V240576,Y,
PROJECT-V240578,,Active,UI-LEAD,SPONSOR-NSF,2025-07-15,2027-06-30,V240578,Y,
PROJECT-V240581,,Active,UI-LEAD,SPONSOR-UCAL2,2022-08-01,2026-03-31,V240581,Y,
PROJECT-V240586,,Active,UI-LEAD,SPONSOR-MUSBIO,2024-09-01,2026-08-31,V240586,Y,
PROJECT-V240591,,Active,UI-LEAD,SPONSOR-IDAFIS,2024-08-19,2025-02-28,V240591,Y,
PROJECT-V240593,,Active,UI-LEAD,SPONSOR-NSF,2025-08-01,2030-07-31,V240593,Y,
PROJECT-V240595,,Active,UI-LEAD,SPONSOR-DHHS1,2023-10-01,2025-09-30,V240595,Y,
PROJECT-V240602,,Active,UI-LEAD,SPONSOR-NSF,2025-10-01,2028-09-30,V240602,Y,
PROJECT-V240603,,Active,UI-LEAD,SPONSOR-USBLM,2021-09-24,2025-09-30,V240603,Y,
PROJECT-V240605,,Active,UI-LEAD,SPONSOR-UOFW1,2023-06-01,2026-05-31,V240605,Y,
PROJECT-V240614,,Active,UI-LEAD,SPONSOR-USADRY,2024-07-01,2025-06-30,V240614,Y,
PROJECT-V240615,,Active,UI-LEAD,SPONSOR-USADRY,2024-07-01,2025-09-30,V240615,Y,
PROJECT-V240621,,Active,UI-LEAD,SPONSOR-BATTELLE1,2021-10-01,2025-01-12,V240621,Y,
PROJECT-V240623,,Active,UI-LEAD,SPONSOR-BATTELLE1,2023-05-30,2024-12-31,V240623,Y,
PROJECT-V240625,,Active,UI-LEAD,SPONSOR-JPL,2024-11-25,2034-06-25,V240625,Y,
PROJECT-V240632,,Active,UI-LEAD,SPONSOR-ADACOU,2020-10-01,2025-09-30,V240632,Y,
PROJECT-V240636,,Active,UI-LEAD,SPONSOR-IDASTA34,2024-07-01,2025-06-30,V240636,Y,
PROJECT-V240637,,Active,UI-LEAD,SPONSOR-IDHW7,2020-08-05,2025-07-31,V240637,Y,
PROJECT-V240641,,Active,UI-LEAD,SPONSOR-NIFA,2024-09-15,2026-09-14,V240641,Y,
PROJECT-V240643,,Active,UI-LEAD,SPONSOR-CITBOI,2022-05-15,2025-05-31,V240643,Y,
PROJECT-V240649,,Active,UI-LEAD,SPONSOR-IFPC,2024-10-31,2025-09-30,V240649,Y,
PROJECT-V240651,,Active,UI-LEAD,SPONSOR-HAYLAK3,2024-07-01,2025-06-30,V240651,Y,
PROJECT-V240654,,Active,UI-LEAD,SPONSOR-BATTELLE1,2024-08-16,2025-05-31,V240654,Y,
PROJECT-V240655,,Active,UI-LEAD,SPONSOR-JANNUS,2024-08-23,2025-06-30,V240655,Y,
PROJECT-V240656,,Active,UI-LEAD,SPONSOR-UARS5,2024-09-01,2027-08-31,V240656,Y,
PROJECT-V240660,,Active,UI-LEAD,SPONSOR-BATTELLE1,2023-10-19,2026-09-30,V240660,Y,
PROJECT-V240661,,Active,UI-LEAD,SPONSOR-NEWMEX12,2025-05-01,2026-03-31,V240661,Y,
PROJECT-V240662,,Active,UI-LEAD,SPONSOR-WASSTA12,2025-06-24,2027-06-30,V240662,Y,
PROJECT-V240664,,Active,UI-LEAD,SPONSOR-IDHWDEQ3,2024-09-16,2025-12-31,V240664,Y,
PROJECT-V240665,,Active,UI-LEAD,SPONSOR-COCOCO,2025-05-01,2027-04-30,V240665,Y,
PROJECT-V240668,,Active,UI-LEAD,SPONSOR-NIFA,2024-10-01,2029-09-30,V240668,Y,
PROJECT-V240674,,Active,UI-LEAD,SPONSOR-NSF,2025-09-01,2028-08-31,V240674,Y,
PROJECT-V240675,,Active,UI-LEAD,SPONSOR-NIFA,2024-10-01,2026-09-30,V240675,Y,
PROJECT-V240676,,Active,UI-LEAD,SPONSOR-SPATEL,2025-02-01,2028-01-31,V240676,Y,
PROJECT-V240680,,Active,UI-LEAD,SPONSOR-NASA,2025-07-08,2028-07-07,V240680,Y,
PROJECT-V240683,,Active,UI-LEAD,SPONSOR-MCCFOO1,2024-09-01,2026-07-31,V240683,Y,
PROJECT-V240685,,Active,UI-LEAD,SPONSOR-USDFOR,2024-09-05,2029-08-31,V240685,Y,
PROJECT-V240687,,Active,UI-LEAD,SPONSOR-IDASTA8,2022-09-01,2026-08-31,V240687,Y,
PROJECT-V240689,,Active,UI-LEAD,SPONSOR-CORAGR,2024-07-31,2025-06-30,V240689,Y,
PROJECT-V240697,,Active,UI-LEAD,SPONSOR-BETTEC,2024-10-14,2025-07-31,V240697,Y,
PROJECT-V240701,,Active,UI-LEAD,SPONSOR-UARS5,2024-07-01,2026-09-15,V240701,Y,
PROJECT-V240702,,Active,UI-LEAD,SPONSOR-UARS5,2024-09-30,2025-09-29,V240702,Y,
PROJECT-V240706,,Active,UI-LEAD,SPONSOR-NIFA,2025-12-01,2029-11-30,V240706,Y,
PROJECT-V240707,,Active,UI-LEAD,SPONSOR-UARS5,2021-07-01,2026-06-30,V240707,Y,
PROJECT-V240708,,Active,UI-LEAD,SPONSOR-USGS,2022-04-15,2026-12-31,V240708,Y,
PROJECT-V240709,,Active,UI-LEAD,SPONSOR-BSU,2025-09-01,2026-08-31,V240709,Y,
PROJECT-V240713,,Active,UI-LEAD,SPONSOR-UNCAME,2025-01-01,2025-12-31,V240713,Y,
PROJECT-V240717,,Active,UI-LEAD,SPONSOR-UARS5,2023-09-01,2026-08-31,V240717,Y,
PROJECT-V240721,,Active,UI-LEAD,SPONSOR-IDAIMM2,2024-09-12,2025-04-30,V240721,Y,
PROJECT-V240722,,Active,UI-LEAD,SPONSOR-UARS5,2023-08-01,2026-07-31,V240722,Y,
PROJECT-V240725,,Active,UI-LEAD,SPONSOR-BATTELLE1,2022-11-14,2025-12-31,V240725,Y,
PROJECT-V240727,,Active,UI-LEAD,SPONSOR-IDAFIS,2025-01-01,2026-12-31,V240727,Y,
PROJECT-V240730,,Active,UI-LEAD,SPONSOR-IDHW7,2024-10-17,2025-05-16,V240730,Y,
PROJECT-V240731,,Active,UI-LEAD,SPONSOR-ISDE1,2024-10-01,2025-09-30,V240731,Y,
PROJECT-V240734,,Active,UI-LEAD,SPONSOR-GOOCOU4,2020-10-01,2026-09-30,V240734,Y,
PROJECT-V240738,,Active,UI-LEAD,SPONSOR-ODFW3,2025-06-18,2027-08-31,V240738,Y,
PROJECT-V240739,,Active,UI-LEAD,SPONSOR-NSF,2025-06-15,2025-11-30,V240739,Y,
PROJECT-V240742,,Active,UI-LEAD,SPONSOR-OREFOR,2025-01-13,2026-06-30,V240742,Y,
PROJECT-V240745,,Active,UI-LEAD,SPONSOR-DOD1,2025-04-01,2026-06-01,V240745,Y,
PROJECT-V240750,,Active,UI-LEAD,SPONSOR-USGS,2025-04-30,2027-05-31,V240750,Y,
PROJECT-V240753,,Active,UI-LEAD,SPONSOR-STILUM,2024-09-23,2025-06-30,V240753,Y,
PROJECT-V240754,,Active,UI-LEAD,SPONSOR-IDHW7,2024-11-12,2025-09-30,V240754,Y,
PROJECT-V240757,,Active,UI-LEAD,SPONSOR-USFS,2025-01-08,2029-12-31,V240757,Y,
PROJECT-V240773,,Active,UI-LEAD,SPONSOR-USDFOR,2025-01-06,2027-09-30,V240773,Y,
PROJECT-V240776,,Active,UI-LEAD,SPONSOR-NEWMEX12,2025-01-01,2025-12-31,V240776,Y,
PROJECT-V240777,,Active,UI-LEAD,SPONSOR-NIFA,2024-10-01,2026-09-30,V240777,Y,
PROJECT-V240778,,Active,UI-LEAD,SPONSOR-NIFA,2024-10-01,2026-09-30,V240778,Y,
PROJECT-V240779,,Active,UI-LEAD,SPONSOR-IDASTA34,2024-10-01,2025-03-28,V240779,Y,
PROJECT-V240782,,Active,UI-LEAD,SPONSOR-NSF,2025-07-15,2028-06-30,V240782,Y,
PROJECT-V240783,,Active,UI-LEAD,SPONSOR-NCAFOU,2024-10-01,2026-09-30,V240783,Y,
PROJECT-V240787,,Active,UI-LEAD,SPONSOR-IDHW7,2024-10-17,2027-09-29,V240787,Y,
PROJECT-V240797,,Active,UI-LEAD,SPONSOR-IDHW7,2024-10-21,2025-06-30,V240797,Y,
PROJECT-V240800,,Active,UI-LEAD,SPONSOR-NEH,2025-01-01,2025-04-02,V240800,Y,
PROJECT-V240801,,Active,UI-LEAD,SPONSOR-UARS5,2024-07-01,2025-06-30,V240801,Y,
PROJECT-V240802,,Active,UI-LEAD,SPONSOR-BAYCRO,2024-09-01,2025-12-31,V240802,Y,
PROJECT-V240808,,Active,UI-LEAD,SPONSOR-NSF,2025-04-01,2027-03-31,V240808,Y,
PROJECT-V240810,,Active,UI-LEAD,SPONSOR-BATTELLE1,2022-11-29,2024-09-30,V240810,Y,
PROJECT-V240812,,Active,UI-LEAD,SPONSOR-HAYLAK3,2025-05-01,2027-05-31,V240812,Y,
PROJECT-V240820,,Active,UI-LEAD,SPONSOR-NSF,2024-11-15,2025-09-30,V240820,Y,
PROJECT-V240823,,Active,UI-LEAD,SPONSOR-IDHW7,2024-06-30,2025-05-16,V240823,Y,
PROJECT-V240826,,Active,UI-LEAD,SPONSOR-IDAPAR1,2024-12-01,2026-11-30,V240826,Y,
PROJECT-V240827,,Active,UI-LEAD,SPONSOR-EXTFOU,2024-09-01,2025-02-08,V240827,Y,
PROJECT-V240828,,Active,UI-LEAD,SPONSOR-IDAHUM1,2024-11-01,2025-05-31,V240828,Y,
PROJECT-V240829,,Active,UI-LEAD,SPONSOR-IDAARM,2024-09-30,2025-05-01,V240829,Y,
PROJECT-V240830,,Active,UI-LEAD,SPONSOR-IDALAN,2024-09-01,2029-08-31,V240830,Y,
PROJECT-V240838,,Active,UI-LEAD,SPONSOR-NCSTUN,2025-08-01,2028-02-14,V240838,Y,
PROJECT-V240843,,Active,UI-LEAD,SPONSOR-NIFA,2024-08-15,2026-07-31,V240843,Y,
PROJECT-V240848,,Active,UI-LEAD,SPONSOR-HEISIM,2025-03-01,2029-02-28,V240848,Y,
PROJECT-V240852,,Active,UI-LEAD,SPONSOR-NSF,2025-07-01,2028-06-30,V240852,Y,
PROJECT-V240865,,Active,UI-LEAD,SPONSOR-MONSTA1,2025-04-01,2028-03-31,V240865,Y,
PROJECT-V240874,,Active,UI-LEAD,SPONSOR-NIFA,2025-08-15,2026-02-14,V240874,Y,
PROJECT-V240876,,Active,UI-LEAD,SPONSOR-MONSTA1,2025-04-01,2028-03-31,V240876,Y,
PROJECT-V240891,,Active,UI-LEAD,SPONSOR-BATTELLE1,2024-11-06,2025-09-30,V240891,Y,
PROJECT-V240895,,Active,UI-LEAD,SPONSOR-SEBIFO,2025-01-01,2025-07-31,V240895,Y,
PROJECT-V240899,,Active,UI-LEAD,SPONSOR-NORDAK3,2025-01-01,2025-12-31,V240899,Y,
PROJECT-V240908,,Active,UI-LEAD,SPONSOR-WASSTA12,2025-03-01,2026-09-30,V240908,Y,
PROJECT-V240909,,Active,UI-LEAD,SPONSOR-ANDPER,2024-06-17,2025-03-31,V240909,Y,
PROJECT-V240913,,Active,UI-LEAD,SPONSOR-IDAPOT5,2025-07-01,2026-07-31,V240913,Y,
PROJECT-V240919,,Active,UI-LEAD,SPONSOR-NSF,2025-09-15,2028-08-31,V240919,Y,
PROJECT-V240921,,Active,UI-LEAD,SPONSOR-IDAPOW3,2025-01-01,2025-12-31,V240921,Y,
PROJECT-V240927,,Active,UI-LEAD,SPONSOR-NSF,2025-09-01,2028-08-31,V240927,Y,
PROJECT-V240932,,Active,UI-LEAD,SPONSOR-COLRIV,2023-02-01,2025-03-31,V240932,Y,
PROJECT-V240935,,Active,UI-LEAD,SPONSOR-IDADAI,2025-01-01,2026-02-28,V240935,Y,
PROJECT-V240937,,Active,UI-LEAD,SPONSOR-NSF,2025-08-15,2028-07-31,V240937,Y,
PROJECT-V240940,,Active,UI-LEAD,SPONSOR-BRIFOC,2025-07-01,2027-06-30,V240940,Y,
PROJECT-V240941,,Active,UI-LEAD,SPONSOR-MONSTA1,2021-11-15,2025-06-30,V240941,Y,
PROJECT-V240944,,Active,UI-LEAD,SPONSOR-IDAWOR,2025-05-14,2028-05-13,V240944,Y,
PROJECT-V240946,,Active,UI-LEAD,SPONSOR-USGS,2025-08-18,2026-08-17,V240946,Y,
PROJECT-V240948,,Active,UI-LEAD,SPONSOR-IAEYC,2023-04-01,2025-12-30,V240948,Y,
PROJECT-V240949,,Active,UI-LEAD,SPONSOR-BURREC,2025-05-19,2027-11-30,V240949,Y,
PROJECT-V240951,,Active,UI-LEAD,SPONSOR-IDAPOT5,2025-07-01,2026-07-31,V240951,Y,
PROJECT-V240953,,Active,UI-LEAD,SPONSOR-SACLDI,2025-04-01,2026-12-31,V240953,Y,
PROJECT-V240955,,Active,UI-LEAD,SPONSOR-NSF,2025-12-01,2028-11-30,V240955,Y,
PROJECT-V240956,,Active,UI-LEAD,SPONSOR-USGS,2025-08-18,2026-08-17,V240956,Y,
PROJECT-V240957,,Active,UI-LEAD,SPONSOR-USGS,2025-07-01,2026-06-30,V240957,Y,
PROJECT-V240958,,Active,UI-LEAD,SPONSOR-IDAPOT5,2025-07-01,2026-07-31,V240958,Y,
PROJECT-V240959,,Active,UI-LEAD,SPONSOR-IDAPOT5,2025-07-01,2026-07-31,V240959,Y,
PROJECT-V240962,,Active,UI-LEAD,SPONSOR-IDAMIN2,2025-03-01,2026-02-28,V240962,Y,
PROJECT-V240965,,Active,UI-LEAD,SPONSOR-BATTELLE1,2021-10-01,2025-10-23,V240965,Y,
PROJECT-V240967,,Active,UI-LEAD,SPONSOR-BSU,2024-01-15,2025-09-30,V240967,Y,
PROJECT-V240969,,Active,UI-LEAD,SPONSOR-IDAPOT5,2025-07-01,2026-07-31,V240969,Y,
PROJECT-V240972,,Active,UI-LEAD,SPONSOR-IDHWDEQ3,2024-09-01,2026-05-31,V240972,Y,
PROJECT-V240973,,Active,UI-LEAD,SPONSOR-IDAPOT5,2025-07-01,2026-07-31,V240973,Y,
PROJECT-V240974,,Active,UI-LEAD,SPONSOR-USADRY,2025-07-01,2026-06-30,V240974,Y,
PROJECT-V240975,,Active,UI-LEAD,SPONSOR-IDAFIS,2025-01-01,2026-12-31,V240975,Y,
PROJECT-V240979,,Active,UI-LEAD,SPONSOR-USDFOR,2025-03-27,2026-12-31,V240979,Y,
PROJECT-V240980,,Active,UI-LEAD,SPONSOR-IDAWHE,2025-07-01,2026-06-30,V240980,Y,
PROJECT-V240982,,Active,UI-LEAD,SPONSOR-IDAPOT5,2025-07-01,2026-07-31,V240982,Y,
PROJECT-V240984,,Active,UI-LEAD,SPONSOR-IDAPOT5,2025-07-01,2026-07-31,V240984,Y,
PROJECT-V240986,,Active,UI-LEAD,SPONSOR-SNARIV45,2025-04-01,2027-03-31,V240986,Y,
PROJECT-V240987,,Active,UI-LEAD,SPONSOR-IDAPOT5,2025-07-01,2026-07-31,V240987,Y,
PROJECT-V240988,,Active,UI-LEAD,SPONSOR-BATTELLE1,2025-01-22,2027-09-30,V240988,Y,
PROJECT-V240990,,Active,UI-LEAD,SPONSOR-WAOFMA,2025-04-09,2026-03-31,V240990,Y,
PROJECT-V240992,,Active,UI-LEAD,SPONSOR-IDAPOT5,2025-07-01,2026-07-31,V240992,Y,
PROJECT-V240994,,Active,UI-LEAD,SPONSOR-NEBUNI,2026-01-01,2026-12-31,V240994,Y,
PROJECT-V240995,,Active,UI-LEAD,SPONSOR-DHHS1,2021-09-30,2026-09-29,V240995,Y,
PROJECT-V240996,,Active,UI-LEAD,SPONSOR-IDAPOT5,2025-07-01,2026-07-31,V240996,Y,
PROJECT-V240998,,Active,UI-LEAD,SPONSOR-IDAHUM1,2024-12-12,2025-04-03,V240998,Y,
PROJECT-V241002,,Active,UI-LEAD,SPONSOR-IDAPOT5,2025-07-01,2026-07-31,V241002,Y,
PROJECT-V241004,,Active,UI-LEAD,SPONSOR-IDAPOT5,2025-07-01,2026-07-31,V241004,Y,
PROJECT-V241007,,Active,UI-LEAD,SPONSOR-PAINLL,2025-09-03,2026-08-31,V241007,Y,
PROJECT-V241009,,Active,UI-LEAD,SPONSOR-IDAPOT5,2025-07-01,2026-07-31,V241009,Y,
PROJECT-V241013,,Active,UI-LEAD,SPONSOR-HENMJA,2025-09-01,2026-08-31,V241013,Y,
PROJECT-V241018,,Active,UI-LEAD,SPONSOR-DHHS1,2025-08-01,2026-07-31,V241018,Y,
PROJECT-V241020,,Active,UI-LEAD,SPONSOR-PANOVE,2025-01-01,2025-12-31,V241020,Y,
PROJECT-V241021,,Active,UI-LEAD,SPONSOR-DIAALL,2025-02-01,2025-12-31,V241021,Y,
PROJECT-V241024,,Active,UI-LEAD,SPONSOR-NSF,2026-01-15,2028-12-31,V241024,Y,
PROJECT-V241029,,Active,UI-LEAD,SPONSOR-IDABAR,2025-07-01,2026-06-30,V241029,Y,
PROJECT-V241030,,Active,UI-LEAD,SPONSOR-IDABAR,2025-07-01,2026-06-30,V241030,Y,
PROJECT-V241031,,Active,UI-LEAD,SPONSOR-SNARIV45,2025-04-01,2026-03-31,V241031,Y,
PROJECT-V241033,,Active,UI-LEAD,SPONSOR-IDABUS8,2025-02-14,2025-08-31,V241033,Y,
PROJECT-V241036,,Active,UI-LEAD,SPONSOR-ITD1,2025-04-30,2027-10-30,V241036,Y,
PROJECT-V241038,,Active,UI-LEAD,SPONSOR-WASDFW,2024-12-01,2029-11-30,V241038,Y,
PROJECT-V241041,,Active,UI-LEAD,SPONSOR-IDHW7,2025-05-07,2026-04-30,V241041,Y,
PROJECT-V241042,,Active,UI-LEAD,SPONSOR-USGS,2022-08-01,2028-04-30,V241042,Y,
PROJECT-V241044,,Active,UI-LEAD,SPONSOR-USDFAS,2022-07-01,2026-12-31,V241044,Y,
PROJECT-V241049,,Active,UI-LEAD,SPONSOR-IDABAR,2025-07-01,2026-06-30,V241049,Y,
PROJECT-V241054,,Active,UI-LEAD,SPONSOR-EXTFOU,2025-01-01,2025-12-31,V241054,Y,
PROJECT-V241055,,Active,UI-LEAD,SPONSOR-DOE1,2025-09-01,2026-08-31,V241055,Y,
PROJECT-V241061,,Active,UI-LEAD,SPONSOR-IDAWHE,2025-07-01,2026-06-30,V241061,Y,
PROJECT-V241062,,Active,UI-LEAD,SPONSOR-IDAWHE,2025-07-01,2026-06-30,V241062,Y,
PROJECT-V241063,,Active,UI-LEAD,SPONSOR-NATCAT,2025-04-01,2026-11-01,V241063,Y,
PROJECT-V241068,,Active,UI-LEAD,SPONSOR-USBLM,2024-09-19,2029-09-18,V241068,Y,
PROJECT-V241069,,Active,UI-LEAD,SPONSOR-IDAWHE,2025-07-01,2026-06-30,V241069,Y,
PROJECT-V241070,,Active,UI-LEAD,SPONSOR-IDAWHE,2025-07-01,2026-06-30,V241070,Y,
PROJECT-V241071,,Active,UI-LEAD,SPONSOR-IDABAR,2025-07-01,2026-06-30,V241071,Y,
PROJECT-V241072,,Active,UI-LEAD,SPONSOR-IDAWHE,2025-07-01,2026-06-30,V241072,Y,
PROJECT-V241074,,Active,UI-LEAD,SPONSOR-IDAWHE,2025-07-01,2026-06-30,V241074,Y,
PROJECT-V241076,,Active,UI-LEAD,SPONSOR-IDAWHE,2025-07-01,2026-06-30,V241076,Y,
PROJECT-V241078,,Active,UI-LEAD,SPONSOR-IDABAR,2025-07-01,2026-06-30,V241078,Y,
PROJECT-V241081,,Active,UI-LEAD,SPONSOR-IDAWHE,2025-07-01,2026-06-30,V241081,Y,
PROJECT-V241082,,Active,UI-LEAD,SPONSOR-IDAWHE,2025-07-01,2026-06-30,V241082,Y,
PROJECT-V241083,,Active,UI-LEAD,SPONSOR-IDABAR,2025-07-01,2026-06-30,V241083,Y,
PROJECT-V241085,,Active,UI-LEAD,SPONSOR-IDABAR,2025-07-01,2026-06-30,V241085,Y,
PROJECT-V241090,,Active,UI-LEAD,SPONSOR-IDABAR,2025-07-01,2026-06-30,V241090,Y,
PROJECT-V241091,,Active,UI-LEAD,SPONSOR-IDABAR,2025-07-01,2026-06-30,V241091,Y,
PROJECT-V241092,,Active,UI-LEAD,SPONSOR-IDABAR,2025-07-01,2026-06-30,V241092,Y,
PROJECT-V241099,,Active,UI-LEAD,SPONSOR-CITPOC,2025-02-01,2027-08-31,V241099,Y,
PROJECT-V250002,,Active,UI-LEAD,SPONSOR-IDAWHE,2025-07-01,2026-06-30,V250002,Y,
PROJECT-V250004,,Active,UI-LEAD,SPONSOR-NSF,2026-02-01,2029-01-31,V250004,Y,
PROJECT-V250006,,Active,UI-LEAD,SPONSOR-STIADV,2025-04-01,2027-03-31,V250006,Y,
PROJECT-V250007,,Active,UI-LEAD,SPONSOR-NORENE2,2022-01-01,2025-12-31,V250007,Y,
PROJECT-V250009,,Active,UI-LEAD,SPONSOR-NSF,2026-01-01,2027-12-31,V250009,Y,
PROJECT-V250038,,Active,UI-LEAD,SPONSOR-MICRON,2026-01-01,2028-12-31,V250038,Y,
PROJECT-V250039,,Active,UI-LEAD,SPONSOR-NASA,2025-08-01,2028-07-31,V250039,Y,
PROJECT-V250041,,Active,UI-LEAD,SPONSOR-IDABEA1,2025-07-01,2026-06-30,V250041,Y,
PROJECT-V250042,,Active,UI-LEAD,SPONSOR-IDACOM,2025-07-01,2026-06-30,V250042,Y,
PROJECT-V250043,,Active,UI-LEAD,SPONSOR-IDASTE2,2025-02-01,2025-09-12,V250043,Y,
PROJECT-V250044,,Active,UI-LEAD,SPONSOR-IDASTE2,2025-01-01,2026-06-30,V250044,Y,
PROJECT-V250047,,Active,UI-LEAD,SPONSOR-KOOTRI,2025-02-01,2027-01-31,V250047,Y,
PROJECT-V250055,,Active,UI-LEAD,SPONSOR-HENMJA,2025-10-13,2028-08-31,V250055,Y,
PROJECT-V250063,,Active,UI-LEAD,SPONSOR-HENMJA,2026-02-10,2026-08-31,V250063,Y,
PROJECT-V250065,,Active,UI-LEAD,SPONSOR-UCAL2,2024-08-01,2026-03-31,V250065,Y,
PROJECT-V250069,,Active,UI-LEAD,SPONSOR-HENMJA,2025-09-01,2026-08-31,V250069,Y,
PROJECT-V250080,,Active,UI-LEAD,SPONSOR-IDASTA34,2025-07-01,2026-06-30,V250080,Y,
PROJECT-V250081,,Active,UI-LEAD,SPONSOR-HENMJA,2025-09-15,2026-08-14,V250081,Y,
PROJECT-V250083,,Active,UI-LEAD,SPONSOR-HENMJA,2025-10-01,2028-08-31,V250083,Y,
PROJECT-V250111,,Active,UI-LEAD,SPONSOR-USGS,2022-05-18,2026-03-31,V250111,Y,
PROJECT-V250120,,Active,UI-LEAD,SPONSOR-POTCOR,2025-03-07,2025-12-31,V250120,Y,
PROJECT-V250125,,Active,UI-LEAD,SPONSOR-NAHPAI,2025-09-30,2026-09-30,V250125,Y,
PROJECT-V250127,,Active,UI-LEAD,SPONSOR-KOOTRI,2025-03-01,2027-05-31,V250127,Y,
PROJECT-V250131,,Active,UI-LEAD,SPONSOR-DHHS1,2024-04-12,2026-02-28,V250131,Y,
PROJECT-V250132,,Active,UI-LEAD,SPONSOR-USAPHIS,2025-08-01,2026-07-31,V250132,Y,
PROJECT-V250133,,Active,UI-LEAD,SPONSOR-USAPHIS,2025-08-01,2026-07-31,V250133,Y,
PROJECT-V250134,,Active,UI-LEAD,SPONSOR-NSF,2025-09-15,2028-08-31,V250134,Y,
PROJECT-V250136,,Active,UI-LEAD,SPONSOR-IDASTA34,2025-07-01,2026-06-20,V250136,Y,
PROJECT-V250137,,Active,UI-LEAD,SPONSOR-IDAFIS,2024-07-01,2025-06-30,V250137,Y,
PROJECT-V250138,,Active,UI-LEAD,SPONSOR-IDABEA1,2025-07-01,2026-06-30,V250138,Y,
PROJECT-V250140,,Active,UI-LEAD,SPONSOR-IDAFIS,2024-07-01,2025-06-30,V250140,Y,
PROJECT-V250142,,Active,UI-LEAD,SPONSOR-IEOOC,2025-07-01,2026-06-30,V250142,Y,
PROJECT-V250143,,Active,UI-LEAD,SPONSOR-IDABEA1,2025-07-01,2026-06-30,V250143,Y,
PROJECT-V250144,,Active,UI-LEAD,SPONSOR-IEOOC,2025-07-01,2026-06-30,V250144,Y,
PROJECT-V250149,,Active,UI-LEAD,SPONSOR-UARS5,2025-08-01,2027-07-31,V250149,Y,
PROJECT-V250150,,Active,UI-LEAD,SPONSOR-IDAAGR,2025-12-11,2028-06-30,V250150,Y,
PROJECT-V250151,,Active,UI-LEAD,SPONSOR-IDASTA34,2025-07-01,2026-12-31,V250151,Y,
PROJECT-V250153,,Active,UI-LEAD,SPONSOR-NASA,2025-11-25,2028-11-24,V250153,Y,
PROJECT-V250155,,Active,UI-LEAD,SPONSOR-EPRI,2025-04-28,2027-04-30,V250155,Y,
PROJECT-V250156,,Active,UI-LEAD,SPONSOR-DHHS1,2024-12-19,2026-11-30,V250156,Y,
PROJECT-V250158,,Active,UI-LEAD,SPONSOR-KOOCOU4,2025-06-01,2026-05-31,V250158,Y,
PROJECT-V250162,,Active,UI-LEAD,SPONSOR-IDAFIS,2025-05-12,2025-08-15,V250162,Y,
PROJECT-V250163,,Active,UI-LEAD,SPONSOR-IDAFIS,2025-03-01,2026-12-31,V250163,Y,
PROJECT-V250169,,Active,UI-LEAD,SPONSOR-AMECHE,2026-01-01,2028-08-31,V250169,Y,
PROJECT-V250173,,Active,UI-LEAD,SPONSOR-DEPHEA,2022-07-01,2026-06-30,V250173,Y,
PROJECT-V250176,,Active,UI-LEAD,SPONSOR-IDAFIS,2025-01-01,2026-12-31,V250176,Y,
PROJECT-V250182,,Active,UI-LEAD,SPONSOR-IDASTA34,2025-07-01,2026-06-30,V250182,Y,
PROJECT-V250188,,Active,UI-LEAD,SPONSOR-IDAAGR,2025-12-02,2028-06-30,V250188,Y,
PROJECT-V250198,,Active,UI-LEAD,SPONSOR-UARS5,2025-09-01,2027-08-31,V250198,Y,
PROJECT-V250203,,Active,UI-LEAD,SPONSOR-IDABEA1,2025-12-31,2028-06-30,V250203,Y,
PROJECT-V250209,,Active,UI-LEAD,SPONSOR-NATCON1,2025-06-30,2026-08-31,V250209,Y,
PROJECT-V250210,,Active,UI-LEAD,SPONSOR-JAPFOU,2025-04-01,2026-03-31,V250210,Y,
PROJECT-V250212,,Active,UI-LEAD,SPONSOR-IDHW7,2024-10-01,2026-09-30,V250212,Y,
PROJECT-V250219,,Active,UI-LEAD,SPONSOR-BATTELLE1,2025-04-18,2025-09-30,V250219,Y,
PROJECT-V250222,,Active,UI-LEAD,SPONSOR-UARS5,2025-08-15,2026-08-14,V250222,Y,
PROJECT-V250226,,Active,UI-LEAD,SPONSOR-EPRI,2025-04-18,2027-12-31,V250226,Y,
PROJECT-V250227,,Active,UI-LEAD,SPONSOR-BLACOU,2025-10-01,2026-09-30,V250227,Y,
PROJECT-V250233,,Active,UI-LEAD,SPONSOR-IDASTE2,2025-05-19,2026-06-30,V250233,Y,
PROJECT-V250235,,Active,UI-LEAD,SPONSOR-IDAFIS3,2025-08-14,2026-12-31,V250235,Y,
PROJECT-V250239,,Active,UI-LEAD,SPONSOR-STRFOU,2025-07-01,2028-06-30,V250239,Y,
PROJECT-V250242,,Active,UI-LEAD,SPONSOR-IDHW7,2025-07-01,2026-06-30,V250242,Y,
PROJECT-V250243,,Active,UI-LEAD,SPONSOR-USBLM,2025-09-15,2027-09-30,V250243,Y,
PROJECT-V250244,,Active,UI-LEAD,SPONSOR-IDHW7,2025-05-19,2025-06-30,V250244,Y,
PROJECT-V250247,,Active,UI-LEAD,SPONSOR-UARS5,2025-09-01,2027-08-31,V250247,Y,
PROJECT-V250249,,Active,UI-LEAD,SPONSOR-WASSTA12,2025-07-01,2026-06-30,V250249,Y,
PROJECT-V250252,,Active,UI-LEAD,SPONSOR-NSF,2025-08-01,2028-07-31,V250252,Y,
PROJECT-V250255,,Active,UI-LEAD,SPONSOR-KOOCOU4,2025-10-01,2026-09-30,V250255,Y,
PROJECT-V250256,,Active,UI-LEAD,SPONSOR-MILCHE,2025-03-24,2025-12-31,V250256,Y,
PROJECT-V250260,,Active,UI-LEAD,SPONSOR-HIPCFU,2025-07-01,2026-06-30,V250260,Y,
PROJECT-V250263,,Active,UI-LEAD,SPONSOR-USGS,2021-09-01,2027-01-28,V250263,Y,
PROJECT-V250269,,Active,UI-LEAD,SPONSOR-ISDE1,2025-04-25,2025-10-15,V250269,Y,
PROJECT-V250270,,Active,UI-LEAD,SPONSOR-MURCHA,2025-06-30,2027-06-29,V250270,Y,
PROJECT-V250272,,Active,UI-LEAD,SPONSOR-SYRUNI1,2024-11-15,2026-03-31,V250272,Y,
PROJECT-V250274,,Active,UI-LEAD,SPONSOR-SPATEL,2026-01-01,2028-12-31,V250274,Y,
PROJECT-V250275,,Active,UI-LEAD,SPONSOR-UARS5,2023-08-19,2027-08-18,V250275,Y,
PROJECT-V250279,,Active,UI-LEAD,SPONSOR-NATAHE,2025-06-01,2026-03-31,V250279,Y,
PROJECT-V250280,,Active,UI-LEAD,SPONSOR-COLRIV,2025-05-01,2026-04-30,V250280,Y,
PROJECT-V250286,,Active,UI-LEAD,SPONSOR-CITECH,2025-05-01,2028-09-28,V250286,Y,
PROJECT-V250288,,Active,UI-LEAD,SPONSOR-NOFOJO,2025-06-30,2029-04-11,V250288,Y,
PROJECT-V250289,,Active,UI-LEAD,SPONSOR-MOSSCH,2025-04-21,2026-05-31,V250289,Y,
PROJECT-V250292,,Active,UI-LEAD,SPONSOR-USDANRCS,2024-05-18,2029-06-01,V250292,Y,
PROJECT-V250295,,Active,UI-LEAD,SPONSOR-COLRIV,2025-05-01,2026-04-30,V250295,Y,
PROJECT-V250298,,Active,UI-LEAD,SPONSOR-ISDE1,2025-07-01,2026-06-30,V250298,Y,
PROJECT-V250300,,Active,UI-LEAD,SPONSOR-BATTELLE1,2023-02-06,2026-05-15,V250300,Y,
PROJECT-V250301,,Active,UI-LEAD,SPONSOR-MICTEC,2025-07-08,2028-07-07,V250301,Y,
PROJECT-V250308,,Active,UI-LEAD,SPONSOR-IDHW7,2025-09-15,2027-09-29,V250308,Y,
PROJECT-V250311,,Active,UI-LEAD,SPONSOR-EXTFOU,2025-05-01,2026-04-30,V250311,Y,
PROJECT-V250323,,Active,UI-LEAD,SPONSOR-USGS,2025-09-01,2026-08-31,V250323,Y,
PROJECT-V250324,,Active,UI-LEAD,SPONSOR-IDHW7,2025-10-01,2026-09-30,V250324,Y,
PROJECT-V250325,,Active,UI-LEAD,SPONSOR-USGS,2025-07-01,2026-06-30,V250325,Y,
PROJECT-V250326,,Active,UI-LEAD,SPONSOR-USOE1,2025-10-01,2026-09-30,V250326,Y,
PROJECT-V250333,,Active,UI-LEAD,SPONSOR-ISDE1,2025-07-01,2026-06-30,V250333,Y,
PROJECT-V250335,,Active,UI-LEAD,SPONSOR-SCHENG,2021-07-01,2026-05-31,V250335,Y,
PROJECT-V250336,,Active,UI-LEAD,SPONSOR-IDASTE2,2025-07-01,2026-06-30,V250336,Y,
PROJECT-V250337,,Active,UI-LEAD,SPONSOR-OKLWIL,2025-07-01,2026-06-30,V250337,Y,
PROJECT-V250341,,Active,UI-LEAD,SPONSOR-EXTFOU,2025-03-01,2025-08-31,V250341,Y,
PROJECT-V250342,,Active,UI-LEAD,SPONSOR-COLRIV,2025-07-01,2026-06-30,V250342,Y,
PROJECT-V250345,,Active,UI-LEAD,SPONSOR-USDFOR,2025-07-18,2027-09-30,V250345,Y,
PROJECT-V250347,,Active,UI-LEAD,SPONSOR-IDAFIS,2025-07-01,2026-06-30,V250347,Y,
PROJECT-V250349,,Active,UI-LEAD,SPONSOR-MCCFOO1,2025-07-31,2026-09-30,V250349,Y,
PROJECT-V250350,,Active,UI-LEAD,SPONSOR-DPIGLO,2025-07-01,2026-05-29,V250350,Y,
PROJECT-V250351,,Active,UI-LEAD,SPONSOR-BURREC,2025-10-01,2027-09-30,V250351,Y,
PROJECT-V250354,,Active,UI-LEAD,SPONSOR-ISDE1,2025-07-01,2026-06-30,V250354,Y,
PROJECT-V250361,,Active,UI-LEAD,SPONSOR-GHDSER,2025-07-02,2026-06-30,V250361,Y,
PROJECT-V250365,,Active,UI-LEAD,SPONSOR-COLRIV,2025-04-01,2027-03-31,V250365,Y,
PROJECT-V250370,,Active,UI-LEAD,SPONSOR-UOFW1,2023-06-01,2026-05-31,V250370,Y,
PROJECT-V250375,,Active,UI-LEAD,SPONSOR-UARS5,2024-10-01,2025-09-30,V250375,Y,
PROJECT-V250381,,Active,UI-LEAD,SPONSOR-WASDNR,2025-07-22,2027-06-30,V250381,Y,
PROJECT-V250382,,Active,UI-LEAD,SPONSOR-MICRON,2025-06-01,2026-06-30,V250382,Y,
PROJECT-V250383,,Active,UI-LEAD,SPONSOR-POTCOR,2025-06-16,2025-12-31,V250383,Y,
PROJECT-V250389,,Active,UI-LEAD,SPONSOR-SPECON4,2025-07-01,2026-06-15,V250389,Y,
PROJECT-V250394,,Active,UI-LEAD,SPONSOR-DAIMAN,2025-08-01,2026-07-30,V250394,Y,
PROJECT-V250400,,Active,UI-LEAD,SPONSOR-FEDCOM,2025-07-01,2026-06-30,V250400,Y,
PROJECT-V250403,,Active,UI-LEAD,SPONSOR-IDHW7,2025-08-18,2026-06-29,V250403,Y,
PROJECT-V250406,,Active,UI-LEAD,SPONSOR-UARS5,2025-06-01,2026-05-31,V250406,Y,
PROJECT-V250407,,Active,UI-LEAD,SPONSOR-IDASTA34,2025-07-01,2026-06-30,V250407,Y,
PROJECT-V250408,,Active,UI-LEAD,SPONSOR-NAT4H4,2025-06-23,2026-05-20,V250408,Y,
PROJECT-V250409,,Active,UI-LEAD,SPONSOR-USDFOR,2025-08-21,2030-08-21,V250409,Y,
PROJECT-V250410,,Active,UI-LEAD,SPONSOR-USDFOR,2025-09-15,2030-09-14,V250410,Y,
PROJECT-V250412,,Active,UI-LEAD,SPONSOR-UARS5,2025-07-15,2026-09-30,V250412,Y,
PROJECT-V250413,,Active,UI-LEAD,SPONSOR-USFWS,2024-09-01,2029-08-31,V250413,Y,
PROJECT-V250415,,Active,UI-LEAD,SPONSOR-UARS5,2024-08-01,2026-10-31,V250415,Y,
PROJECT-V250416,,Active,UI-LEAD,SPONSOR-ISDE1,2025-09-01,2026-08-31,V250416,Y,
PROJECT-V250417,,Active,UI-LEAD,SPONSOR-IDALAB1,2025-09-01,2026-08-31,V250417,Y,
PROJECT-V250420,,Active,UI-LEAD,SPONSOR-WESFOR,2025-07-01,2026-06-30,V250420,Y,
PROJECT-V250421,,Active,UI-LEAD,SPONSOR-WESFOR,2025-07-01,2026-06-30,V250421,Y,
PROJECT-V250425,,Active,UI-LEAD,SPONSOR-TYSFOO,2025-10-01,2026-06-30,V250425,Y,
PROJECT-V250427,,Active,UI-LEAD,SPONSOR-USNPS,2022-09-20,2026-08-31,V250427,Y,
PROJECT-V250429,,Active,UI-LEAD,SPONSOR-PALCON,2025-08-01,2027-02-14,V250429,Y,
PROJECT-V250430,,Active,UI-LEAD,SPONSOR-IDAFIS,2010-07-01,2026-06-30,V250430,Y,
PROJECT-V250432,,Active,UI-LEAD,SPONSOR-DOE1,2003-09-01,2026-06-26,V250432,Y,
PROJECT-V250434,,Active,UI-LEAD,SPONSOR-BATTELLE1,2025-09-08,2026-08-17,V250434,Y,
PROJECT-V250436,,Active,UI-LEAD,SPONSOR-MULTIPLE,2025-08-01,2026-08-31,V250436,Y,
PROJECT-V250437,,Active,UI-LEAD,SPONSOR-UARS5,2023-09-01,2028-08-31,V250437,Y,
PROJECT-V250444,,Active,UI-LEAD,SPONSOR-UCAL2,2022-09-01,2026-08-31,V250444,Y,
PROJECT-V250446,,Active,UI-LEAD,SPONSOR-WESVIR,2025-07-01,2026-06-30,V250446,Y,
PROJECT-V250448,,Active,UI-LEAD,SPONSOR-POTUSA,2025-11-26,2026-06-30,V250448,Y,
PROJECT-V250451,,Active,UI-LEAD,SPONSOR-MULTIPLE,2025-08-15,2026-08-14,V250451,Y,
PROJECT-V250452,,Active,UI-LEAD,SPONSOR-UARS5,2025-09-01,2026-08-30,V250452,Y,
PROJECT-V250463,,Active,UI-LEAD,SPONSOR-IDAFIS,2025-07-01,2026-06-30,V250463,Y,
PROJECT-V250466,,Active,UI-LEAD,SPONSOR-USDFOR,2025-09-15,2027-09-30,V250466,Y,
PROJECT-V250468,,Active,UI-LEAD,SPONSOR-UARS5,2025-07-01,2026-06-30,V250468,Y,
PROJECT-V250469,,Active,UI-LEAD,SPONSOR-PRADIA1,2025-09-26,2026-09-26,V250469,Y,
PROJECT-V250472,,Active,UI-LEAD,SPONSOR-USBLM,2023-09-20,2028-09-19,V250472,Y,
PROJECT-V250477,,Active,UI-LEAD,SPONSOR-IDAFIS,2025-07-01,2026-06-30,V250477,Y,
PROJECT-V250478,,Active,UI-LEAD,SPONSOR-USGS,2026-02-01,2029-01-31,V250478,Y,
PROJECT-V250481,,Active,UI-LEAD,SPONSOR-UARS5,2022-05-01,2026-07-30,V250481,Y,
PROJECT-V250482,,Active,UI-LEAD,SPONSOR-IDAWOR,2025-08-31,2026-06-20,V250482,Y,
PROJECT-V250485,,Active,UI-LEAD,SPONSOR-NIFA,2025-09-15,2026-09-14,V250485,Y,
PROJECT-V250489,,Active,UI-LEAD,SPONSOR-ISDE1,2025-07-01,2026-06-30,V250489,Y,
PROJECT-V250491,,Active,UI-LEAD,SPONSOR-IDASTA34,2025-07-01,2026-06-30,V250491,Y,
PROJECT-V250493,,Active,UI-LEAD,SPONSOR-WASSTA12,2025-09-30,2026-09-29,V250493,Y,
PROJECT-V250495,,Active,UI-LEAD,SPONSOR-USDFOR,2025-09-10,2028-10-31,V250495,Y,
PROJECT-V250498,,Active,UI-LEAD,SPONSOR-USDAFS,2022-01-19,2026-09-30,V250498,Y,
PROJECT-V250508,,Active,UI-LEAD,SPONSOR-MONUNI1,2025-09-01,2026-08-31,V250508,Y,
PROJECT-V250509,,Active,UI-LEAD,SPONSOR-NATCAT,2025-11-01,2026-11-30,V250509,Y,
PROJECT-V250518,,Active,UI-LEAD,SPONSOR-ISDE1,2013-10-01,2026-09-30,V250518,Y,
PROJECT-V250521,,Active,UI-LEAD,SPONSOR-WESSTA1,2025-10-01,2026-09-30,V250521,Y,
PROJECT-V250525,,Active,UI-LEAD,SPONSOR-IDADIV2,2025-07-01,2026-06-30,V250525,Y,
PROJECT-V250544,,Active,UI-LEAD,SPONSOR-DHHS1,2024-10-01,2026-09-30,V250544,Y,
PROJECT-V250552,,Active,UI-LEAD,SPONSOR-ATTFOU,2025-09-15,2026-06-30,V250552,Y,
PROJECT-V250554,,Active,UI-LEAD,SPONSOR-WASDNR,2025-07-01,2027-06-30,V250554,Y,
PROJECT-V250555,,Active,UI-LEAD,SPONSOR-INVEDU,2025-12-15,2026-12-31,V250555,Y,
PROJECT-V250556,,Active,UI-LEAD,SPONSOR-NATALF1,2025-12-01,2027-11-30,V250556,Y,
PROJECT-V250559,,Active,UI-LEAD,SPONSOR-UARS5,2025-09-01,2026-08-31,V250559,Y,
PROJECT-V250561,,Active,UI-LEAD,SPONSOR-BATTELLE1,2024-10-25,2026-09-30,V250561,Y,
PROJECT-V250566,,Active,UI-LEAD,SPONSOR-ISDE1,2025-10-01,2026-09-30,V250566,Y,
PROJECT-V250573,,Active,UI-LEAD,SPONSOR-BATTELLE1,2024-04-22,2026-08-16,V250573,Y,
PROJECT-V250577,,Active,UI-LEAD,SPONSOR-NASA,2025-06-01,2029-05-31,V250577,Y,
PROJECT-V250578,,Active,UI-LEAD,SPONSOR-IDHW7,2020-05-13,2026-09-29,V250578,Y,
PROJECT-V250608,,Active,UI-LEAD,SPONSOR-USDFOR,2024-09-23,2026-10-01,V250608,Y,
PROJECT-V250638,,Active,UI-LEAD,SPONSOR-UTASTA,2025-08-01,2027-09-30,V250638,Y,
PROJECT-V250642,,Active,UI-LEAD,SPONSOR-ADACOU,2025-10-01,2026-09-30,V250642,Y,
PROJECT-V250643,,Active,UI-LEAD,SPONSOR-CUSCO,2025-10-01,2026-09-30,V250643,Y,
PROJECT-V250644,,Active,UI-LEAD,SPONSOR-TWIFAL1,2025-10-01,2026-09-30,V250644,Y,
PROJECT-V250645,,Active,UI-LEAD,SPONSOR-GOOCOU4,2025-10-01,2026-09-30,V250645,Y,
PROJECT-V250646,,Active,UI-LEAD,SPONSOR-JAPFOU,2025-10-30,2025-12-30,V250646,Y,
PROJECT-V250648,,Active,UI-LEAD,SPONSOR-IDAHUM1,2025-08-17,2026-05-22,V250648,Y,
PROJECT-V250651,,Active,UI-LEAD,SPONSOR-UARS5,2024-07-01,2027-06-30,V250651,Y,
PROJECT-V250660,,Active,UI-LEAD,SPONSOR-OKLINC,2025-11-03,2026-02-01,V250660,Y,
PROJECT-V250668,,Active,UI-LEAD,SPONSOR-UARS5,2025-09-30,2026-09-29,V250668,Y,
PROJECT-V250674,,Active,UI-LEAD,SPONSOR-USFS,2025-09-22,2028-12-31,V250674,Y,
PROJECT-V250685,,Active,UI-LEAD,SPONSOR-UTAUNI,2025-11-04,2026-06-30,V250685,Y,
PROJECT-V250706,,Active,UI-LEAD,SPONSOR-UARS5,2024-08-15,2028-08-14,V250706,Y,
PROJECT-V250715,,Active,UI-LEAD,SPONSOR-USAPHIS,2025-09-01,2026-08-31,V250715,Y,
PROJECT-V250717,,Active,UI-LEAD,SPONSOR-UARS5,2022-09-01,2026-10-01,V250717,Y,
PROJECT-V250722,,Active,UI-LEAD,SPONSOR-UARS5,2025-09-01,2026-08-31,V250722,Y,
PROJECT-V250727,,Active,UI-LEAD,SPONSOR-WASOIL,2025-07-01,2026-06-30,V250727,Y,
PROJECT-V250729,,Active,UI-LEAD,SPONSOR-WASOIL,2025-07-01,2026-06-30,V250729,Y,
PROJECT-V250737,,Active,UI-LEAD,SPONSOR-NIFA,2025-10-01,2030-09-30,V250737,Y,
PROJECT-V250740,,Active,UI-LEAD,SPONSOR-NIFA,2025-10-01,2027-09-30,V250740,Y,
PROJECT-V250758,,Active,UI-LEAD,SPONSOR-IDABEE,2025-12-01,2026-05-15,V250758,Y,
PROJECT-V250764,,Active,UI-LEAD,SPONSOR-ORETIL,2025-10-01,2026-09-30,V250764,Y,
PROJECT-V250770,,Active,UI-LEAD,SPONSOR-ISDE1,2025-10-28,2025-11-10,V250770,Y,
PROJECT-V250805,,Active,UI-LEAD,SPONSOR-NORMAN,2025-11-01,2026-10-31,V250805,Y,
PROJECT-V250806,,Active,UI-LEAD,SPONSOR-NORDAK3,2026-01-01,2026-12-31,V250806,Y,
PROJECT-V250837,,Active,UI-LEAD,SPONSOR-IDAPOW3,2026-01-01,2026-12-31,V250837,Y,
PROJECT-V250845,,Active,UI-LEAD,SPONSOR-NATCAT,2025-10-01,2026-06-30,V250845,Y,
PROJECT-V250860,,Active,UI-LEAD,SPONSOR-IDABOT,2025-10-01,2026-10-01,V250860,Y,
PROJECT-V250861,,Active,UI-LEAD,SPONSOR-IDASTA8,2022-09-01,2026-08-31,V250861,Y,
PROJECT-V250864,,Active,UI-LEAD,SPONSOR-IDAHUM1,2026-02-01,2026-08-01,V250864,Y,
PROJECT-V250865,,Active,UI-LEAD,SPONSOR-NATCAT,2026-01-01,2027-12-31,V250865,Y,
PROJECT-V250867,,Active,UI-LEAD,SPONSOR-UCAL2,2025-09-01,2026-07-31,V250867,Y,
PROJECT-V250868,,Active,UI-LEAD,SPONSOR-IDADAI,2026-01-01,2026-12-31,V250868,Y,
PROJECT-V250875,,Active,UI-LEAD,SPONSOR-ISDE1,2025-10-28,2026-09-30,V250875,Y,
PROJECT-V250907,,Active,UI-LEAD,SPONSOR-IDWR,2026-01-01,2027-06-30,V250907,Y,
PROJECT-V250910,,Active,UI-LEAD,SPONSOR-HENMJA,2025-09-01,2026-08-31,V250910,Y,
PROJECT-V250911,,Active,UI-LEAD,SPONSOR-COVACO,2025-07-28,2026-12-31,V250911,Y,
PROJECT-V250915,,Active,UI-LEAD,SPONSOR-NEZTRI,2021-09-01,2026-08-31,V250915,Y,
PROJECT-V250917,,Active,UI-LEAD,SPONSOR-BATTELLE1,2024-01-10,2026-09-30,V250917,Y,
PROJECT-V250925,,Active,UI-LEAD,SPONSOR-ANTINS,2026-01-01,2026-12-31,V250925,Y,
PROJECT-V250930,,Active,UI-LEAD,SPONSOR-IDASTA8,2025-12-31,2026-12-30,V250930,Y,
PROJECT-V250932,,Active,UI-LEAD,SPONSOR-AMEACA4,2024-10-01,2026-09-30,V250932,Y,
PROJECT-V250939,,Active,UI-LEAD,SPONSOR-POTCOR,2026-01-01,2026-12-31,V250939,Y,
PROJECT-V250943,,Active,UI-LEAD,SPONSOR-UARS5,2025-09-01,2026-08-31,V250943,Y,
PROJECT-V250944,,Active,UI-LEAD,SPONSOR-ALADEP,2022-03-07,2026-06-30,V250944,Y,
PROJECT-V250946,,Active,UI-LEAD,SPONSOR-VASOWA,2026-01-05,2026-04-29,V250946,Y,
PROJECT-V250985,,Active,UI-LEAD,SPONSOR-SULAFO,2026-03-01,2026-05-31,V250985,Y,
PROJECT-V260025,,Active,UI-LEAD,SPONSOR-BATTELLE1,2024-04-18,2026-09-30,V260025,Y,
PROJECT-V260027,,Active,UI-LEAD,SPONSOR-ODFW3,2023-07-01,2027-06-30,V260027,Y,
PROJECT-V260028,,Active,UI-LEAD,SPONSOR-IDAHUM1,2026-01-01,2026-06-30,V260028,Y,
PROJECT-V260029,,Active,UI-LEAD,SPONSOR-EXTFOU,2026-01-01,2026-06-30,V260029,Y,
PROJECT-V260042,,Active,UI-LEAD,SPONSOR-IDAWOR,2025-07-06,2026-10-14,V260042,Y,
PROJECT-V260169,,Active,UI-LEAD,SPONSOR-BLMFOU,2025-10-01,2027-09-30,V260169,Y,
