project_role_id,project_id,personnel_id,role_code,key_personnel,funding_award_id,source_system
PROJECT-08900D:V00007110:PI,PROJECT-08900D,V00007110,PI,Y,,Banner Grant Listing Report
PROJECT-10099-R:V00902382:PI,PROJECT-10099-R,V00902382,PI,Y,,Banner Grant Listing Report
PROJECT-10197-R:V00423919:PI,PROJECT-10197-R,V00423919,PI,Y,,Banner Grant Listing Report
PROJECT-16080:V00799434:PI,PROJECT-16080,V00799434,PI,Y,,Banner Grant Listing Report
PROJECT-16290:V00163802:PI,PROJECT-16290,V00163802,PI,Y,,Banner Grant Listing Report
PROJECT-16729:V01219761:PI,PROJECT-16729,V01219761,PI,Y,,Banner Grant Listing Report
PROJECT-16766:V00448273:PI,PROJECT-16766,V00448273,PI,Y,,Banner Grant Listing Report
PROJECT-17045-R:V00452781:PI,PROJECT-17045-R,V00452781,PI,Y,,Banner Grant Listing Report
PROJECT-17116-RR:V00137081:PI,PROJECT-17116-RR,V00137081,PI,Y,,Banner Grant Listing Report
PROJECT-17185-R:V00234269:PI,PROJECT-17185-R,V00234269,PI,Y,,Banner Grant Listing Report
PROJECT-17296:V00010406:PI,PROJECT-17296,V00010406,PI,Y,,Banner Grant Listing Report
PROJECT-17301:V00601235:PI,PROJECT-17301,V00601235,PI,Y,,Banner Grant Listing Report
PROJECT-17303:V00289967:PI,PROJECT-17303,V00289967,PI,Y,,Banner Grant Listing Report
PROJECT-17422-R:V00602773:PI,PROJECT-17422-R,V00602773,PI,Y,,Banner Grant Listing Report
PROJECT-17532:V00026363:PI,PROJECT-17532,V00026363,PI,Y,,Banner Grant Listing Report
PROJECT-17570:V00557173:PI,PROJECT-17570,V00557173,PI,Y,,Banner Grant Listing Report
PROJECT-17822:V00448273:PI,PROJECT-17822,V00448273,PI,Y,,Banner Grant Listing Report
PROJECT-18037:V00421247:PI,PROJECT-18037,V00421247,PI,Y,,Banner Grant Listing Report
PROJECT-18045B:V00426481:PI,PROJECT-18045B,V00426481,PI,Y,,Banner Grant Listing Report
PROJECT-18168:V00466694:PI,PROJECT-18168,V00466694,PI,Y,,Banner Grant Listing Report
PROJECT-18193:V00600881:PI,PROJECT-18193,V00600881,PI,Y,,Banner Grant Listing Report
PROJECT-18373:V00865990:PI,PROJECT-18373,V00865990,PI,Y,,Banner Grant Listing Report
PROJECT-18398:V00156099:PI,PROJECT-18398,V00156099,PI,Y,,Banner Grant Listing Report
PROJECT-18421:V00007379:PI,PROJECT-18421,V00007379,PI,Y,,Banner Grant Listing Report
PROJECT-18534:V00017256:PI,PROJECT-18534,V00017256,PI,Y,,Banner Grant Listing Report
PROJECT-18571:V00080032:PI,PROJECT-18571,V00080032,PI,Y,,Banner Grant Listing Report
PROJECT-18628-PR:V00754163:PI,PROJECT-18628-PR,V00754163,PI,Y,,Banner Grant Listing Report
PROJECT-18645:V00543721:PI,PROJECT-18645,V00543721,PI,Y,,Banner Grant Listing Report
PROJECT-18667:V00983683:PI,PROJECT-18667,V00983683,PI,Y,,Banner Grant Listing Report
PROJECT-18686:V00006950:PI,PROJECT-18686,V00006950,PI,Y,,Banner Grant Listing Report
PROJECT-18691:V00848443:PI,PROJECT-18691,V00848443,PI,Y,,Banner Grant Listing Report
PROJECT-18701:V00878843:PI,PROJECT-18701,V00878843,PI,Y,,Banner Grant Listing Report
PROJECT-18780B:V00602850:PI,PROJECT-18780B,V00602850,PI,Y,,Banner Grant Listing Report
PROJECT-19024:V00160407:PI,PROJECT-19024,V00160407,PI,Y,,Banner Grant Listing Report
PROJECT-19032:V00596441:PI,PROJECT-19032,V00596441,PI,Y,,Banner Grant Listing Report
PROJECT-19041:V00446405:PI,PROJECT-19041,V00446405,PI,Y,,Banner Grant Listing Report
PROJECT-19061:V00228283:PI,PROJECT-19061,V00228283,PI,Y,,Banner Grant Listing Report
PROJECT-19064:V00470066:PI,PROJECT-19064,V00470066,PI,Y,,Banner Grant Listing Report
PROJECT-19065:V00018482:PI,PROJECT-19065,V00018482,PI,Y,,Banner Grant Listing Report
PROJECT-19071:V00755054:PI,PROJECT-19071,V00755054,PI,Y,,Banner Grant Listing Report
PROJECT-19078:V00423919:PI,PROJECT-19078,V00423919,PI,Y,,Banner Grant Listing Report
PROJECT-19093:V00487150:PI,PROJECT-19093,V00487150,PI,Y,,Banner Grant Listing Report
PROJECT-19103:V00839342:PI,PROJECT-19103,V00839342,PI,Y,,Banner Grant Listing Report
PROJECT-19133:V00753261:PI,PROJECT-19133,V00753261,PI,Y,,Banner Grant Listing Report
PROJECT-19143:V00208013:PI,PROJECT-19143,V00208013,PI,Y,,Banner Grant Listing Report
PROJECT-19157:V00883247:PI,PROJECT-19157,V00883247,PI,Y,,Banner Grant Listing Report
PROJECT-19183:V00430930:PI,PROJECT-19183,V00430930,PI,Y,,Banner Grant Listing Report
PROJECT-19201:V00705424:PI,PROJECT-19201,V00705424,PI,Y,,Banner Grant Listing Report
PROJECT-19252:V00738713:PI,PROJECT-19252,V00738713,PI,Y,,Banner Grant Listing Report
PROJECT-19310:V00602850:PI,PROJECT-19310,V00602850,PI,Y,,Banner Grant Listing Report
PROJECT-19315:V00016538:PI,PROJECT-19315,V00016538,PI,Y,,Banner Grant Listing Report
PROJECT-19317:V00061551:PI,PROJECT-19317,V00061551,PI,Y,,Banner Grant Listing Report
PROJECT-19350:V00605746:PI,PROJECT-19350,V00605746,PI,Y,,Banner Grant Listing Report
PROJECT-19393:V00605746:PI,PROJECT-19393,V00605746,PI,Y,,Banner Grant Listing Report
PROJECT-19395:V00692138:PI,PROJECT-19395,V00692138,PI,Y,,Banner Grant Listing Report
PROJECT-19403:V00465312:PI,PROJECT-19403,V00465312,PI,Y,,Banner Grant Listing Report
PROJECT-19412:V00467992:PI,PROJECT-19412,V00467992,PI,Y,,Banner Grant Listing Report
PROJECT-19427:V00202874:PI,PROJECT-19427,V00202874,PI,Y,,Banner Grant Listing Report
PROJECT-19486:V00908462:PI,PROJECT-19486,V00908462,PI,Y,,Banner Grant Listing Report
PROJECT-19553:V00421926:PI,PROJECT-19553,V00421926,PI,Y,,Banner Grant Listing Report
PROJECT-19572:V00705424:PI,PROJECT-19572,V00705424,PI,Y,,Banner Grant Listing Report
PROJECT-19622:V00464574:PI,PROJECT-19622,V00464574,PI,Y,,Banner Grant Listing Report
PROJECT-19636:V00006950:PI,PROJECT-19636,V00006950,PI,Y,,Banner Grant Listing Report
PROJECT-19642:V00467992:PI,PROJECT-19642,V00467992,PI,Y,,Banner Grant Listing Report
PROJECT-AQK327:V00007457:PI,PROJECT-AQK327,V00007457,PI,Y,,Banner Grant Listing Report
PROJECT-BKK618:V00754163:PI,PROJECT-BKK618,V00754163,PI,Y,,Banner Grant Listing Report
PROJECT-BRK758:V00341357:PI,PROJECT-BRK758,V00341357,PI,Y,,Banner Grant Listing Report
PROJECT-BSK944:V00385426:PI,PROJECT-BSK944,V00385426,PI,Y,,Banner Grant Listing Report
PROJECT-DCK800:V00809547:PI,PROJECT-DCK800,V00809547,PI,Y,,Banner Grant Listing Report
PROJECT-EFK620:V00601235:PI,PROJECT-EFK620,V00601235,PI,Y,,Banner Grant Listing Report
PROJECT-EFK732:V00758276:PI,PROJECT-EFK732,V00758276,PI,Y,,Banner Grant Listing Report
PROJECT-EFK736:V00433036:PI,PROJECT-EFK736,V00433036,PI,Y,,Banner Grant Listing Report
PROJECT-ETK242:V00470066:PI,PROJECT-ETK242,V00470066,PI,Y,,Banner Grant Listing Report
PROJECT-GNK545:V00096425:PI,PROJECT-GNK545,V00096425,PI,Y,,Banner Grant Listing Report
PROJECT-GNK829:V00565242:PI,PROJECT-GNK829,V00565242,PI,Y,,Banner Grant Listing Report
PROJECT-GNK869:V00510140:PI,PROJECT-GNK869,V00510140,PI,Y,,Banner Grant Listing Report
PROJECT-IMK113:V00638560:PI,PROJECT-IMK113,V00638560,PI,Y,,Banner Grant Listing Report
PROJECT-JDK061:V00908462:PI,PROJECT-JDK061,V00908462,PI,Y,,Banner Grant Listing Report
PROJECT-KBK550:V00430930:PI,PROJECT-KBK550,V00430930,PI,Y,,Banner Grant Listing Report
PROJECT-KGK088:V00847929:PI,PROJECT-KGK088,V00847929,PI,Y,,Banner Grant Listing Report
PROJECT-V19018:V00565242:PI,PROJECT-V19018,V00565242,PI,Y,,Banner Grant Listing Report
PROJECT-V19034:V00983683:PI,PROJECT-V19034,V00983683,PI,Y,,Banner Grant Listing Report
PROJECT-V19057:V00402620:PI,PROJECT-V19057,V00402620,PI,Y,,Banner Grant Listing Report
PROJECT-V19126:V00480934:PI,PROJECT-V19126,V00480934,PI,Y,,Banner Grant Listing Report
PROJECT-V19145:V00865990:PI,PROJECT-V19145,V00865990,PI,Y,,Banner Grant Listing Report
PROJECT-V19173:V00234247:PI,PROJECT-V19173,V00234247,PI,Y,,Banner Grant Listing Report
PROJECT-V19223:V00793157:PI,PROJECT-V19223,V00793157,PI,Y,,Banner Grant Listing Report
PROJECT-V19263:V00234247:PI,PROJECT-V19263,V00234247,PI,Y,,Banner Grant Listing Report
PROJECT-V19277:V00463064:PI,PROJECT-V19277,V00463064,PI,Y,,Banner Grant Listing Report
PROJECT-V19278:V00487150:PI,PROJECT-V19278,V00487150,PI,Y,,Banner Grant Listing Report
PROJECT-V19327:V00213575:PI,PROJECT-V19327,V00213575,PI,Y,,Banner Grant Listing Report
PROJECT-V19330:V00412889:PI,PROJECT-V19330,V00412889,PI,Y,,Banner Grant Listing Report
PROJECT-V19332:V00705424:PI,PROJECT-V19332,V00705424,PI,Y,,Banner Grant Listing Report
PROJECT-V19357:V00466694:PI,PROJECT-V19357,V00466694,PI,Y,,Banner Grant Listing Report
PROJECT-V19370:V00545009:PI,PROJECT-V19370,V00545009,PI,Y,,Banner Grant Listing Report
PROJECT-V19394:V00468018:PI,PROJECT-V19394,V00468018,PI,Y,,Banner Grant Listing Report
PROJECT-V19406:V00487624:PI,PROJECT-V19406,V00487624,PI,Y,,Banner Grant Listing Report
PROJECT-V19429:V00602850:PI,PROJECT-V19429,V00602850,PI,Y,,Banner Grant Listing Report
PROJECT-V19443:V00608319:PI,PROJECT-V19443,V00608319,PI,Y,,Banner Grant Listing Report
PROJECT-V19456:V01072867:PI,PROJECT-V19456,V01072867,PI,Y,,Banner Grant Listing Report
PROJECT-V19466:V00327806:PI,PROJECT-V19466,V00327806,PI,Y,,Banner Grant Listing Report
PROJECT-V19496:V00447064:PI,PROJECT-V19496,V00447064,PI,Y,,Banner Grant Listing Report
PROJECT-V19514:V00336182:PI,PROJECT-V19514,V00336182,PI,Y,,Banner Grant Listing Report
PROJECT-V19534:V00499477:PI,PROJECT-V19534,V00499477,PI,Y,,Banner Grant Listing Report
PROJECT-V19537:V00600390:PI,PROJECT-V19537,V00600390,PI,Y,,Banner Grant Listing Report
PROJECT-V19598:V00791072:PI,PROJECT-V19598,V00791072,PI,Y,,Banner Grant Listing Report
PROJECT-V19629:V00738713:PI,PROJECT-V19629,V00738713,PI,Y,,Banner Grant Listing Report
PROJECT-V19640:V00575455:PI,PROJECT-V19640,V00575455,PI,Y,,Banner Grant Listing Report
PROJECT-V19706:V00779206:PI,PROJECT-V19706,V00779206,PI,Y,,Banner Grant Listing Report
PROJECT-V19714:V00293495:PI,PROJECT-V19714,V00293495,PI,Y,,Banner Grant Listing Report
PROJECT-V19726:V00548855:PI,PROJECT-V19726,V00548855,PI,Y,,Banner Grant Listing Report
PROJECT-V19751:V00096425:PI,PROJECT-V19751,V00096425,PI,Y,,Banner Grant Listing Report
PROJECT-V19763:V00006866:PI,PROJECT-V19763,V00006866,PI,Y,,Banner Grant Listing Report
PROJECT-V19775:V00452781:PI,PROJECT-V19775,V00452781,PI,Y,,Banner Grant Listing Report
PROJECT-V19828:V00758276:PI,PROJECT-V19828,V00758276,PI,Y,,Banner Grant Listing Report
PROJECT-V19891:V00743862:PI,PROJECT-V19891,V00743862,PI,Y,,Banner Grant Listing Report
PROJECT-V200004:V00156099:PI,PROJECT-V200004,V00156099,PI,Y,,Banner Grant Listing Report
PROJECT-V200020:V00009250:PI,PROJECT-V200020,V00009250,PI,Y,,Banner Grant Listing Report
PROJECT-V200057:V00465312:PI,PROJECT-V200057,V00465312,PI,Y,,Banner Grant Listing Report
PROJECT-V200078:V01162683:PI,PROJECT-V200078,V01162683,PI,Y,,Banner Grant Listing Report
PROJECT-V200113:V00705424:PI,PROJECT-V200113,V00705424,PI,Y,,Banner Grant Listing Report
PROJECT-V200118:V00710273:PI,PROJECT-V200118,V00710273,PI,Y,,Banner Grant Listing Report
PROJECT-V200134:V00293495:PI,PROJECT-V200134,V00293495,PI,Y,,Banner Grant Listing Report
PROJECT-V200187:V00487624:PI,PROJECT-V200187,V00487624,PI,Y,,Banner Grant Listing Report
PROJECT-V200196:V00363144:PI,PROJECT-V200196,V00363144,PI,Y,,Banner Grant Listing Report
PROJECT-V200256:V01212423:PI,PROJECT-V200256,V01212423,PI,Y,,Banner Grant Listing Report
PROJECT-V200274:V00656595:PI,PROJECT-V200274,V00656595,PI,Y,,Banner Grant Listing Report
PROJECT-V200276:V00006950:PI,PROJECT-V200276,V00006950,PI,Y,,Banner Grant Listing Report
PROJECT-V200284:V01150663:PI,PROJECT-V200284,V01150663,PI,Y,,Banner Grant Listing Report
PROJECT-V200292:V00580681:PI,PROJECT-V200292,V00580681,PI,Y,,Banner Grant Listing Report
PROJECT-V200312:V00156046:PI,PROJECT-V200312,V00156046,PI,Y,,Banner Grant Listing Report
PROJECT-V200314:V00412889:PI,PROJECT-V200314,V00412889,PI,Y,,Banner Grant Listing Report
PROJECT-V200319:V00468064:PI,PROJECT-V200319,V00468064,PI,Y,,Banner Grant Listing Report
PROJECT-V200324:V00008548:PI,PROJECT-V200324,V00008548,PI,Y,,Banner Grant Listing Report
PROJECT-V200333:V01072867:PI,PROJECT-V200333,V01072867,PI,Y,,Banner Grant Listing Report
PROJECT-V200339:V00848443:PI,PROJECT-V200339,V00848443,PI,Y,,Banner Grant Listing Report
PROJECT-V200347:V00006746:PI,PROJECT-V200347,V00006746,PI,Y,,Banner Grant Listing Report
PROJECT-V200369:V00009807:PI,PROJECT-V200369,V00009807,PI,Y,,Banner Grant Listing Report
PROJECT-V200375:V00402620:PI,PROJECT-V200375,V00402620,PI,Y,,Banner Grant Listing Report
PROJECT-V200388:V00402620:PI,PROJECT-V200388,V00402620,PI,Y,,Banner Grant Listing Report
PROJECT-V200393:V01200442:PI,PROJECT-V200393,V01200442,PI,Y,,Banner Grant Listing Report
PROJECT-V200409:V01150663:PI,PROJECT-V200409,V01150663,PI,Y,,Banner Grant Listing Report
PROJECT-V200417:V00156099:PI,PROJECT-V200417,V00156099,PI,Y,,Banner Grant Listing Report
PROJECT-V200432:V00327806:PI,PROJECT-V200432,V00327806,PI,Y,,Banner Grant Listing Report
PROJECT-V200435:V00864394:PI,PROJECT-V200435,V00864394,PI,Y,,Banner Grant Listing Report
PROJECT-V200449:V00485099:PI,PROJECT-V200449,V00485099,PI,Y,,Banner Grant Listing Report
PROJECT-V200455:V00773670:PI,PROJECT-V200455,V00773670,PI,Y,,Banner Grant Listing Report
PROJECT-V200465:V01130929:PI,PROJECT-V200465,V01130929,PI,Y,,Banner Grant Listing Report
PROJECT-V200524:V00550017:PI,PROJECT-V200524,V00550017,PI,Y,,Banner Grant Listing Report
PROJECT-V200572:V00738713:PI,PROJECT-V200572,V00738713,PI,Y,,Banner Grant Listing Report
PROJECT-V200575:V00710611:PI,PROJECT-V200575,V00710611,PI,Y,,Banner Grant Listing Report
PROJECT-V200582:V00006377:PI,PROJECT-V200582,V00006377,PI,Y,,Banner Grant Listing Report
PROJECT-V200599:V00026363:PI,PROJECT-V200599,V00026363,PI,Y,,Banner Grant Listing Report
PROJECT-V200601:V00557395:PI,PROJECT-V200601,V00557395,PI,Y,,Banner Grant Listing Report
PROJECT-V200617:V00678637:PI,PROJECT-V200617,V00678637,PI,Y,,Banner Grant Listing Report
PROJECT-V200634:V00867580:PI,PROJECT-V200634,V00867580,PI,Y,,Banner Grant Listing Report
PROJECT-V200642:V00667996:PI,PROJECT-V200642,V00667996,PI,Y,,Banner Grant Listing Report
PROJECT-V200658:V00793157:PI,PROJECT-V200658,V00793157,PI,Y,,Banner Grant Listing Report
PROJECT-V200675:V00421926:PI,PROJECT-V200675,V00421926,PI,Y,,Banner Grant Listing Report
PROJECT-V200677:V00314407:PI,PROJECT-V200677,V00314407,PI,Y,,Banner Grant Listing Report
PROJECT-V200689:V01015288:PI,PROJECT-V200689,V01015288,PI,Y,,Banner Grant Listing Report
PROJECT-V200692:V00541677:PI,PROJECT-V200692,V00541677,PI,Y,,Banner Grant Listing Report
PROJECT-V200693:V00735974:PI,PROJECT-V200693,V00735974,PI,Y,,Banner Grant Listing Report
PROJECT-V200711:V00006377:PI,PROJECT-V200711,V00006377,PI,Y,,Banner Grant Listing Report
PROJECT-V200720:V00756765:PI,PROJECT-V200720,V00756765,PI,Y,,Banner Grant Listing Report
PROJECT-V200723:V00718360:PI,PROJECT-V200723,V00718360,PI,Y,,Banner Grant Listing Report
PROJECT-V200755:V00510111:PI,PROJECT-V200755,V00510111,PI,Y,,Banner Grant Listing Report
PROJECT-V200791:V00485099:PI,PROJECT-V200791,V00485099,PI,Y,,Banner Grant Listing Report
PROJECT-V200798:V00155313:PI,PROJECT-V200798,V00155313,PI,Y,,Banner Grant Listing Report
PROJECT-V200801:V00465203:PI,PROJECT-V200801,V00465203,PI,Y,,Banner Grant Listing Report
PROJECT-V200804:V00872442:PI,PROJECT-V200804,V00872442,PI,Y,,Banner Grant Listing Report
PROJECT-V200818:V00620337:PI,PROJECT-V200818,V00620337,PI,Y,,Banner Grant Listing Report
PROJECT-V200826:V00448273:PI,PROJECT-V200826,V00448273,PI,Y,,Banner Grant Listing Report
PROJECT-V200846:V00603119:PI,PROJECT-V200846,V00603119,PI,Y,,Banner Grant Listing Report
PROJECT-V200848:V00653443:PI,PROJECT-V200848,V00653443,PI,Y,,Banner Grant Listing Report
PROJECT-V200852:V00705424:PI,PROJECT-V200852,V00705424,PI,Y,,Banner Grant Listing Report
PROJECT-V200862:V00600881:PI,PROJECT-V200862,V00600881,PI,Y,,Banner Grant Listing Report
PROJECT-V200863:V00753261:PI,PROJECT-V200863,V00753261,PI,Y,,Banner Grant Listing Report
PROJECT-V200866:V00092403:PI,PROJECT-V200866,V00092403,PI,Y,,Banner Grant Listing Report
PROJECT-V200868:V00557395:PI,PROJECT-V200868,V00557395,PI,Y,,Banner Grant Listing Report
PROJECT-V200888:V00600816:PI,PROJECT-V200888,V00600816,PI,Y,,Banner Grant Listing Report
PROJECT-V200890:V00487150:PI,PROJECT-V200890,V00487150,PI,Y,,Banner Grant Listing Report
PROJECT-V200911:V00349140:PI,PROJECT-V200911,V00349140,PI,Y,,Banner Grant Listing Report
PROJECT-V200943:V00742471:PI,PROJECT-V200943,V00742471,PI,Y,,Banner Grant Listing Report
PROJECT-V200960:V00017256:PI,PROJECT-V200960,V00017256,PI,Y,,Banner Grant Listing Report
PROJECT-V200993:V00437510:PI,PROJECT-V200993,V00437510,PI,Y,,Banner Grant Listing Report
PROJECT-V200994:V00773670:PI,PROJECT-V200994,V00773670,PI,Y,,Banner Grant Listing Report
PROJECT-V201012:V00983683:PI,PROJECT-V201012,V00983683,PI,Y,,Banner Grant Listing Report
PROJECT-V201035:V00006579:PI,PROJECT-V201035,V00006579,PI,Y,,Banner Grant Listing Report
PROJECT-V201041:V00412889:PI,PROJECT-V201041,V00412889,PI,Y,,Banner Grant Listing Report
PROJECT-V201052:V00602850:PI,PROJECT-V201052,V00602850,PI,Y,,Banner Grant Listing Report
PROJECT-V201060:V00799434:PI,PROJECT-V201060,V00799434,PI,Y,,Banner Grant Listing Report
PROJECT-V201078:V00452781:PI,PROJECT-V201078,V00452781,PI,Y,,Banner Grant Listing Report
PROJECT-V201086:V00785646:PI,PROJECT-V201086,V00785646,PI,Y,,Banner Grant Listing Report
PROJECT-V201095:V00466694:PI,PROJECT-V201095,V00466694,PI,Y,,Banner Grant Listing Report
PROJECT-V201102:V00006759:PI,PROJECT-V201102,V00006759,PI,Y,,Banner Grant Listing Report
PROJECT-V201103:V00006759:PI,PROJECT-V201103,V00006759,PI,Y,,Banner Grant Listing Report
PROJECT-V201105:V00353221:PI,PROJECT-V201105,V00353221,PI,Y,,Banner Grant Listing Report
PROJECT-V201118:V00483144:PI,PROJECT-V201118,V00483144,PI,Y,,Banner Grant Listing Report
PROJECT-V201119:V00701182:PI,PROJECT-V201119,V00701182,PI,Y,,Banner Grant Listing Report
PROJECT-V201121:V00234269:PI,PROJECT-V201121,V00234269,PI,Y,,Banner Grant Listing Report
PROJECT-V201126:V00019889:PI,PROJECT-V201126,V00019889,PI,Y,,Banner Grant Listing Report
PROJECT-V201138:V00848443:PI,PROJECT-V201138,V00848443,PI,Y,,Banner Grant Listing Report
PROJECT-V201142:V00605746:PI,PROJECT-V201142,V00605746,PI,Y,,Banner Grant Listing Report
PROJECT-V201150:V00004271:PI,PROJECT-V201150,V00004271,PI,Y,,Banner Grant Listing Report
PROJECT-V201158:V00606146:PI,PROJECT-V201158,V00606146,PI,Y,,Banner Grant Listing Report
PROJECT-V201160:V01130929:PI,PROJECT-V201160,V01130929,PI,Y,,Banner Grant Listing Report
PROJECT-V201178:V00445866:PI,PROJECT-V201178,V00445866,PI,Y,,Banner Grant Listing Report
PROJECT-V201188:V00327806:PI,PROJECT-V201188,V00327806,PI,Y,,Banner Grant Listing Report
PROJECT-V201192:V00011050:PI,PROJECT-V201192,V00011050,PI,Y,,Banner Grant Listing Report
PROJECT-V201207:V00525119:PI,PROJECT-V201207,V00525119,PI,Y,,Banner Grant Listing Report
PROJECT-V201224:V01130929:PI,PROJECT-V201224,V01130929,PI,Y,,Banner Grant Listing Report
PROJECT-V201259:V00004271:PI,PROJECT-V201259,V00004271,PI,Y,,Banner Grant Listing Report
PROJECT-V201264:V00426481:PI,PROJECT-V201264,V00426481,PI,Y,,Banner Grant Listing Report
PROJECT-V201281:V00983683:PI,PROJECT-V201281,V00983683,PI,Y,,Banner Grant Listing Report
PROJECT-V201292:V00610861:PI,PROJECT-V201292,V00610861,PI,Y,,Banner Grant Listing Report
PROJECT-V201310:V00532807:PI,PROJECT-V201310,V00532807,PI,Y,,Banner Grant Listing Report
PROJECT-V201325:V00776290:PI,PROJECT-V201325,V00776290,PI,Y,,Banner Grant Listing Report
PROJECT-V201328:V00865990:PI,PROJECT-V201328,V00865990,PI,Y,,Banner Grant Listing Report
PROJECT-V201337:V00547118:PI,PROJECT-V201337,V00547118,PI,Y,,Banner Grant Listing Report
PROJECT-V210016:V00464574:PI,PROJECT-V210016,V00464574,PI,Y,,Banner Grant Listing Report
PROJECT-V210034:V00423847:PI,PROJECT-V210034,V00423847,PI,Y,,Banner Grant Listing Report
PROJECT-V210038:V00436376:PI,PROJECT-V210038,V00436376,PI,Y,,Banner Grant Listing Report
PROJECT-V210039:V00547212:PI,PROJECT-V210039,V00547212,PI,Y,,Banner Grant Listing Report
PROJECT-V210041:V00160407:PI,PROJECT-V210041,V00160407,PI,Y,,Banner Grant Listing Report
PROJECT-V210042:V00230357:PI,PROJECT-V210042,V00230357,PI,Y,,Banner Grant Listing Report
PROJECT-V210045:V00448273:PI,PROJECT-V210045,V00448273,PI,Y,,Banner Grant Listing Report
PROJECT-V210059:V00913009:PI,PROJECT-V210059,V00913009,PI,Y,,Banner Grant Listing Report
PROJECT-V210060:V00604685:PI,PROJECT-V210060,V00604685,PI,Y,,Banner Grant Listing Report
PROJECT-V210074:V00663068:PI,PROJECT-V210074,V00663068,PI,Y,,Banner Grant Listing Report
PROJECT-V210079:V00006746:PI,PROJECT-V210079,V00006746,PI,Y,,Banner Grant Listing Report
PROJECT-V210086:V00421926:PI,PROJECT-V210086,V00421926,PI,Y,,Banner Grant Listing Report
PROJECT-V210096:V00872442:PI,PROJECT-V210096,V00872442,PI,Y,,Banner Grant Listing Report
PROJECT-V210101:V00604685:PI,PROJECT-V210101,V00604685,PI,Y,,Banner Grant Listing Report
PROJECT-V210116:V00485099:PI,PROJECT-V210116,V00485099,PI,Y,,Banner Grant Listing Report
PROJECT-V210124:V00983683:PI,PROJECT-V210124,V00983683,PI,Y,,Banner Grant Listing Report
PROJECT-V210147:V00510140:PI,PROJECT-V210147,V00510140,PI,Y,,Banner Grant Listing Report
PROJECT-V210148:V00006377:PI,PROJECT-V210148,V00006377,PI,Y,,Banner Grant Listing Report
PROJECT-V210149:V00006377:PI,PROJECT-V210149,V00006377,PI,Y,,Banner Grant Listing Report
PROJECT-V210150:V00511005:PI,PROJECT-V210150,V00511005,PI,Y,,Banner Grant Listing Report
PROJECT-V210155:V00875583:PI,PROJECT-V210155,V00875583,PI,Y,,Banner Grant Listing Report
PROJECT-V210178:V00421926:PI,PROJECT-V210178,V00421926,PI,Y,,Banner Grant Listing Report
PROJECT-V210183:V00465203:PI,PROJECT-V210183,V00465203,PI,Y,,Banner Grant Listing Report
PROJECT-V210196:V00711123:PI,PROJECT-V210196,V00711123,PI,Y,,Banner Grant Listing Report
PROJECT-V210198:V00096579:PI,PROJECT-V210198,V00096579,PI,Y,,Banner Grant Listing Report
PROJECT-V210199:V00464574:PI,PROJECT-V210199,V00464574,PI,Y,,Banner Grant Listing Report
PROJECT-V210205:V00839342:PI,PROJECT-V210205,V00839342,PI,Y,,Banner Grant Listing Report
PROJECT-V210215:V00006377:PI,PROJECT-V210215,V00006377,PI,Y,,Banner Grant Listing Report
PROJECT-V210222:V00009250:PI,PROJECT-V210222,V00009250,PI,Y,,Banner Grant Listing Report
PROJECT-V210223:V00314407:PI,PROJECT-V210223,V00314407,PI,Y,,Banner Grant Listing Report
PROJECT-V210224:V00233579:PI,PROJECT-V210224,V00233579,PI,Y,,Banner Grant Listing Report
PROJECT-V210228:V00450667:PI,PROJECT-V210228,V00450667,PI,Y,,Banner Grant Listing Report
PROJECT-V210240:V00006377:PI,PROJECT-V210240,V00006377,PI,Y,,Banner Grant Listing Report
PROJECT-V210244:V00314407:PI,PROJECT-V210244,V00314407,PI,Y,,Banner Grant Listing Report
PROJECT-V210251:V00230357:PI,PROJECT-V210251,V00230357,PI,Y,,Banner Grant Listing Report
PROJECT-V210253:V00446038:PI,PROJECT-V210253,V00446038,PI,Y,,Banner Grant Listing Report
PROJECT-V210255:V00690635:PI,PROJECT-V210255,V00690635,PI,Y,,Banner Grant Listing Report
PROJECT-V210258:V00402620:PI,PROJECT-V210258,V00402620,PI,Y,,Banner Grant Listing Report
PROJECT-V210266:V00664431:PI,PROJECT-V210266,V00664431,PI,Y,,Banner Grant Listing Report
PROJECT-V210267:V00664431:PI,PROJECT-V210267,V00664431,PI,Y,,Banner Grant Listing Report
PROJECT-V210268:V00809701:PI,PROJECT-V210268,V00809701,PI,Y,,Banner Grant Listing Report
PROJECT-V210272:V00398189:PI,PROJECT-V210272,V00398189,PI,Y,,Banner Grant Listing Report
PROJECT-V210275:V00602850:PI,PROJECT-V210275,V00602850,PI,Y,,Banner Grant Listing Report
PROJECT-V210278:V00618581:PI,PROJECT-V210278,V00618581,PI,Y,,Banner Grant Listing Report
PROJECT-V210282:V01150663:PI,PROJECT-V210282,V01150663,PI,Y,,Banner Grant Listing Report
PROJECT-V210283:V00087132:PI,PROJECT-V210283,V00087132,PI,Y,,Banner Grant Listing Report
PROJECT-V210288:V00328425:PI,PROJECT-V210288,V00328425,PI,Y,,Banner Grant Listing Report
PROJECT-V210289:V00004271:PI,PROJECT-V210289,V00004271,PI,Y,,Banner Grant Listing Report
PROJECT-V210292:V00402620:PI,PROJECT-V210292,V00402620,PI,Y,,Banner Grant Listing Report
PROJECT-V210293:V00402620:PI,PROJECT-V210293,V00402620,PI,Y,,Banner Grant Listing Report
PROJECT-V210296:V00006950:PI,PROJECT-V210296,V00006950,PI,Y,,Banner Grant Listing Report
PROJECT-V210297:V00006746:PI,PROJECT-V210297,V00006746,PI,Y,,Banner Grant Listing Report
PROJECT-V210303:V00848443:PI,PROJECT-V210303,V00848443,PI,Y,,Banner Grant Listing Report
PROJECT-V210309:V00314407:PI,PROJECT-V210309,V00314407,PI,Y,,Banner Grant Listing Report
PROJECT-V210311:V00204316:PI,PROJECT-V210311,V00204316,PI,Y,,Banner Grant Listing Report
PROJECT-V210316:V00602850:PI,PROJECT-V210316,V00602850,PI,Y,,Banner Grant Listing Report
PROJECT-V210318:V00596441:PI,PROJECT-V210318,V00596441,PI,Y,,Banner Grant Listing Report
PROJECT-V210323:V00160407:PI,PROJECT-V210323,V00160407,PI,Y,,Banner Grant Listing Report
PROJECT-V210332:V00538807:PI,PROJECT-V210332,V00538807,PI,Y,,Banner Grant Listing Report
PROJECT-V210342:V00618581:PI,PROJECT-V210342,V00618581,PI,Y,,Banner Grant Listing Report
PROJECT-V210351:V00602850:PI,PROJECT-V210351,V00602850,PI,Y,,Banner Grant Listing Report
PROJECT-V210353:V00998782:PI,PROJECT-V210353,V00998782,PI,Y,,Banner Grant Listing Report
PROJECT-V210357:V00398189:PI,PROJECT-V210357,V00398189,PI,Y,,Banner Grant Listing Report
PROJECT-V210358:V00465203:PI,PROJECT-V210358,V00465203,PI,Y,,Banner Grant Listing Report
PROJECT-V210361:V00160407:PI,PROJECT-V210361,V00160407,PI,Y,,Banner Grant Listing Report
PROJECT-V210371:V00377752:PI,PROJECT-V210371,V00377752,PI,Y,,Banner Grant Listing Report
PROJECT-V210374:V00402447:PI,PROJECT-V210374,V00402447,PI,Y,,Banner Grant Listing Report
PROJECT-V210382:V01047842:PI,PROJECT-V210382,V01047842,PI,Y,,Banner Grant Listing Report
PROJECT-V210392:V00008550:PI,PROJECT-V210392,V00008550,PI,Y,,Banner Grant Listing Report
PROJECT-V210395:V00202874:PI,PROJECT-V210395,V00202874,PI,Y,,Banner Grant Listing Report
PROJECT-V210407:V00604694:PI,PROJECT-V210407,V00604694,PI,Y,,Banner Grant Listing Report
PROJECT-V210415:V00489139:PI,PROJECT-V210415,V00489139,PI,Y,,Banner Grant Listing Report
PROJECT-V210428:V00470066:PI,PROJECT-V210428,V00470066,PI,Y,,Banner Grant Listing Report
PROJECT-V210436:V00412889:PI,PROJECT-V210436,V00412889,PI,Y,,Banner Grant Listing Report
PROJECT-V210446:V00026363:PI,PROJECT-V210446,V00026363,PI,Y,,Banner Grant Listing Report
PROJECT-V210449:V00742471:PI,PROJECT-V210449,V00742471,PI,Y,,Banner Grant Listing Report
PROJECT-V210457:V00742471:PI,PROJECT-V210457,V00742471,PI,Y,,Banner Grant Listing Report
PROJECT-V210458:V00742471:PI,PROJECT-V210458,V00742471,PI,Y,,Banner Grant Listing Report
PROJECT-V210461:V01150663:PI,PROJECT-V210461,V01150663,PI,Y,,Banner Grant Listing Report
PROJECT-V210468:V00550017:PI,PROJECT-V210468,V00550017,PI,Y,,Banner Grant Listing Report
PROJECT-V210473:V00412889:PI,PROJECT-V210473,V00412889,PI,Y,,Banner Grant Listing Report
PROJECT-V210479:V00718360:PI,PROJECT-V210479,V00718360,PI,Y,,Banner Grant Listing Report
PROJECT-V210483:V01130929:PI,PROJECT-V210483,V01130929,PI,Y,,Banner Grant Listing Report
PROJECT-V210488:V00779206:PI,PROJECT-V210488,V00779206,PI,Y,,Banner Grant Listing Report
PROJECT-V210492:V01130929:PI,PROJECT-V210492,V01130929,PI,Y,,Banner Grant Listing Report
PROJECT-V210494:V00604685:PI,PROJECT-V210494,V00604685,PI,Y,,Banner Grant Listing Report
PROJECT-V210498:V00292089:PI,PROJECT-V210498,V00292089,PI,Y,,Banner Grant Listing Report
PROJECT-V210500:V00762453:PI,PROJECT-V210500,V00762453,PI,Y,,Banner Grant Listing Report
PROJECT-V210501:V00096425:PI,PROJECT-V210501,V00096425,PI,Y,,Banner Grant Listing Report
PROJECT-V210504:V00667885:PI,PROJECT-V210504,V00667885,PI,Y,,Banner Grant Listing Report
PROJECT-V210509:V00605450:PI,PROJECT-V210509,V00605450,PI,Y,,Banner Grant Listing Report
PROJECT-V210511:V00292089:PI,PROJECT-V210511,V00292089,PI,Y,,Banner Grant Listing Report
PROJECT-V210514:V00026363:PI,PROJECT-V210514,V00026363,PI,Y,,Banner Grant Listing Report
PROJECT-V210519:V00489476:PI,PROJECT-V210519,V00489476,PI,Y,,Banner Grant Listing Report
PROJECT-V210526:V00007597:PI,PROJECT-V210526,V00007597,PI,Y,,Banner Grant Listing Report
PROJECT-V210545:V00423847:PI,PROJECT-V210545,V00423847,PI,Y,,Banner Grant Listing Report
PROJECT-V210553:V00006579:PI,PROJECT-V210553,V00006579,PI,Y,,Banner Grant Listing Report
PROJECT-V210557:V00828034:PI,PROJECT-V210557,V00828034,PI,Y,,Banner Grant Listing Report
PROJECT-V210578:V00420154:PI,PROJECT-V210578,V00420154,PI,Y,,Banner Grant Listing Report
PROJECT-V210579:V00710611:PI,PROJECT-V210579,V00710611,PI,Y,,Banner Grant Listing Report
PROJECT-V210582:V00228283:PI,PROJECT-V210582,V00228283,PI,Y,,Banner Grant Listing Report
PROJECT-V210583:V00630896:PI,PROJECT-V210583,V00630896,PI,Y,,Banner Grant Listing Report
PROJECT-V210586:V00690635:PI,PROJECT-V210586,V00690635,PI,Y,,Banner Grant Listing Report
PROJECT-V210588:V00536648:PI,PROJECT-V210588,V00536648,PI,Y,,Banner Grant Listing Report
PROJECT-V210589:V00596441:PI,PROJECT-V210589,V00596441,PI,Y,,Banner Grant Listing Report
PROJECT-V210590:V00006579:PI,PROJECT-V210590,V00006579,PI,Y,,Banner Grant Listing Report
PROJECT-V210591:V00711123:PI,PROJECT-V210591,V00711123,PI,Y,,Banner Grant Listing Report
PROJECT-V210602:V00667885:PI,PROJECT-V210602,V00667885,PI,Y,,Banner Grant Listing Report
PROJECT-V210607:V00096425:PI,PROJECT-V210607,V00096425,PI,Y,,Banner Grant Listing Report
PROJECT-V210617:V00402447:PI,PROJECT-V210617,V00402447,PI,Y,,Banner Grant Listing Report
PROJECT-V210620:V00510140:PI,PROJECT-V210620,V00510140,PI,Y,,Banner Grant Listing Report
PROJECT-V210621:V00632789:PI,PROJECT-V210621,V00632789,PI,Y,,Banner Grant Listing Report
PROJECT-V210622:V00549574:PI,PROJECT-V210622,V00549574,PI,Y,,Banner Grant Listing Report
PROJECT-V210624:V00847929:PI,PROJECT-V210624,V00847929,PI,Y,,Banner Grant Listing Report
PROJECT-V210625:V00423847:PI,PROJECT-V210625,V00423847,PI,Y,,Banner Grant Listing Report
PROJECT-V210626:V00423847:PI,PROJECT-V210626,V00423847,PI,Y,,Banner Grant Listing Report
PROJECT-V210627:V00423847:PI,PROJECT-V210627,V00423847,PI,Y,,Banner Grant Listing Report
PROJECT-V210628:V00423847:PI,PROJECT-V210628,V00423847,PI,Y,,Banner Grant Listing Report
PROJECT-V210631:V00423847:PI,PROJECT-V210631,V00423847,PI,Y,,Banner Grant Listing Report
PROJECT-V210632:V00484890:PI,PROJECT-V210632,V00484890,PI,Y,,Banner Grant Listing Report
PROJECT-V210634:V00470066:PI,PROJECT-V210634,V00470066,PI,Y,,Banner Grant Listing Report
PROJECT-V210635:V00006377:PI,PROJECT-V210635,V00006377,PI,Y,,Banner Grant Listing Report
PROJECT-V210643:V00423847:PI,PROJECT-V210643,V00423847,PI,Y,,Banner Grant Listing Report
PROJECT-V210648:V00812787:PI,PROJECT-V210648,V00812787,PI,Y,,Banner Grant Listing Report
PROJECT-V210653:V00423847:PI,PROJECT-V210653,V00423847,PI,Y,,Banner Grant Listing Report
PROJECT-V210661:V00550017:PI,PROJECT-V210661,V00550017,PI,Y,,Banner Grant Listing Report
PROJECT-V210663:V00423847:PI,PROJECT-V210663,V00423847,PI,Y,,Banner Grant Listing Report
PROJECT-V210666:V00565242:PI,PROJECT-V210666,V00565242,PI,Y,,Banner Grant Listing Report
PROJECT-V210667:V00404663:PI,PROJECT-V210667,V00404663,PI,Y,,Banner Grant Listing Report
PROJECT-V210675:V01031013:PI,PROJECT-V210675,V01031013,PI,Y,,Banner Grant Listing Report
PROJECT-V210676:V01219761:PI,PROJECT-V210676,V01219761,PI,Y,,Banner Grant Listing Report
PROJECT-V210678:V00423847:PI,PROJECT-V210678,V00423847,PI,Y,,Banner Grant Listing Report
PROJECT-V210680:V01130929:PI,PROJECT-V210680,V01130929,PI,Y,,Banner Grant Listing Report
PROJECT-V210684:V00423847:PI,PROJECT-V210684,V00423847,PI,Y,,Banner Grant Listing Report
PROJECT-V210689:V00423847:PI,PROJECT-V210689,V00423847,PI,Y,,Banner Grant Listing Report
PROJECT-V210690:V00487624:PI,PROJECT-V210690,V00487624,PI,Y,,Banner Grant Listing Report
PROJECT-V210703:V00452781:PI,PROJECT-V210703,V00452781,PI,Y,,Banner Grant Listing Report
PROJECT-V210719:V00452781:PI,PROJECT-V210719,V00452781,PI,Y,,Banner Grant Listing Report
PROJECT-V210722:V00632789:PI,PROJECT-V210722,V00632789,PI,Y,,Banner Grant Listing Report
PROJECT-V210723:V00448396:PI,PROJECT-V210723,V00448396,PI,Y,,Banner Grant Listing Report
PROJECT-V210728:V00009807:PI,PROJECT-V210728,V00009807,PI,Y,,Banner Grant Listing Report
PROJECT-V210729:V00510140:PI,PROJECT-V210729,V00510140,PI,Y,,Banner Grant Listing Report
PROJECT-V210737:V00848443:PI,PROJECT-V210737,V00848443,PI,Y,,Banner Grant Listing Report
PROJECT-V210742:V00006746:PI,PROJECT-V210742,V00006746,PI,Y,,Banner Grant Listing Report
PROJECT-V210749:V01211107:PI,PROJECT-V210749,V01211107,PI,Y,,Banner Grant Listing Report
PROJECT-V210751:V00004271:PI,PROJECT-V210751,V00004271,PI,Y,,Banner Grant Listing Report
PROJECT-V210777:V00423847:PI,PROJECT-V210777,V00423847,PI,Y,,Banner Grant Listing Report
PROJECT-V210781:V00423847:PI,PROJECT-V210781,V00423847,PI,Y,,Banner Grant Listing Report
PROJECT-V210792:V00707490:PI,PROJECT-V210792,V00707490,PI,Y,,Banner Grant Listing Report
PROJECT-V210800:V00793157:PI,PROJECT-V210800,V00793157,PI,Y,,Banner Grant Listing Report
PROJECT-V210801:V00608319:PI,PROJECT-V210801,V00608319,PI,Y,,Banner Grant Listing Report
PROJECT-V210804:V00738713:PI,PROJECT-V210804,V00738713,PI,Y,,Banner Grant Listing Report
PROJECT-V210813:V00602850:PI,PROJECT-V210813,V00602850,PI,Y,,Banner Grant Listing Report
PROJECT-V210816:V00019889:PI,PROJECT-V210816,V00019889,PI,Y,,Banner Grant Listing Report
PROJECT-V210841:V00004271:PI,PROJECT-V210841,V00004271,PI,Y,,Banner Grant Listing Report
PROJECT-V210846:V00557173:PI,PROJECT-V210846,V00557173,PI,Y,,Banner Grant Listing Report
PROJECT-V210852:V00630896:PI,PROJECT-V210852,V00630896,PI,Y,,Banner Grant Listing Report
PROJECT-V210866:V00018482:PI,PROJECT-V210866,V00018482,PI,Y,,Banner Grant Listing Report
PROJECT-V210869:V00632789:PI,PROJECT-V210869,V00632789,PI,Y,,Banner Grant Listing Report
PROJECT-V210871:V00234247:PI,PROJECT-V210871,V00234247,PI,Y,,Banner Grant Listing Report
PROJECT-V210878:V00019889:PI,PROJECT-V210878,V00019889,PI,Y,,Banner Grant Listing Report
PROJECT-V210879:V00019889:PI,PROJECT-V210879,V00019889,PI,Y,,Banner Grant Listing Report
PROJECT-V210880:V00470066:PI,PROJECT-V210880,V00470066,PI,Y,,Banner Grant Listing Report
PROJECT-V210883:V00510111:PI,PROJECT-V210883,V00510111,PI,Y,,Banner Grant Listing Report
PROJECT-V210886:V00327806:PI,PROJECT-V210886,V00327806,PI,Y,,Banner Grant Listing Report
PROJECT-V210907:V00605450:PI,PROJECT-V210907,V00605450,PI,Y,,Banner Grant Listing Report
PROJECT-V210911:V00327806:PI,PROJECT-V210911,V00327806,PI,Y,,Banner Grant Listing Report
PROJECT-V210921:V00814564:PI,PROJECT-V210921,V00814564,PI,Y,,Banner Grant Listing Report
PROJECT-V210940:V00550017:PI,PROJECT-V210940,V00550017,PI,Y,,Banner Grant Listing Report
PROJECT-V210954:V00137081:PI,PROJECT-V210954,V00137081,PI,Y,,Banner Grant Listing Report
PROJECT-V210957:V00009364:PI,PROJECT-V210957,V00009364,PI,Y,,Banner Grant Listing Report
PROJECT-V210960:V00599165:PI,PROJECT-V210960,V00599165,PI,Y,,Banner Grant Listing Report
PROJECT-V210961:V00791072:PI,PROJECT-V210961,V00791072,PI,Y,,Banner Grant Listing Report
PROJECT-V210964:V00692138:PI,PROJECT-V210964,V00692138,PI,Y,,Banner Grant Listing Report
PROJECT-V210973:V01130929:PI,PROJECT-V210973,V01130929,PI,Y,,Banner Grant Listing Report
PROJECT-V210975:V00603119:PI,PROJECT-V210975,V00603119,PI,Y,,Banner Grant Listing Report
PROJECT-V210979:V00618581:PI,PROJECT-V210979,V00618581,PI,Y,,Banner Grant Listing Report
PROJECT-V210983:V00820502:PI,PROJECT-V210983,V00820502,PI,Y,,Banner Grant Listing Report
PROJECT-V210985:V00398189:PI,PROJECT-V210985,V00398189,PI,Y,,Banner Grant Listing Report
PROJECT-V210988:V00778939:PI,PROJECT-V210988,V00778939,PI,Y,,Banner Grant Listing Report
PROJECT-V211000:V00019889:PI,PROJECT-V211000,V00019889,PI,Y,,Banner Grant Listing Report
PROJECT-V211008:V01219761:PI,PROJECT-V211008,V01219761,PI,Y,,Banner Grant Listing Report
PROJECT-V211014:V00007821:PI,PROJECT-V211014,V00007821,PI,Y,,Banner Grant Listing Report
PROJECT-V211020:V01222293:PI,PROJECT-V211020,V01222293,PI,Y,,Banner Grant Listing Report
PROJECT-V211022:V00605746:PI,PROJECT-V211022,V00605746,PI,Y,,Banner Grant Listing Report
PROJECT-V211035:V00742335:PI,PROJECT-V211035,V00742335,PI,Y,,Banner Grant Listing Report
PROJECT-V211036:V00026363:PI,PROJECT-V211036,V00026363,PI,Y,,Banner Grant Listing Report
PROJECT-V211084:V00402447:PI,PROJECT-V211084,V00402447,PI,Y,,Banner Grant Listing Report
PROJECT-V211099:V00809490:PI,PROJECT-V211099,V00809490,PI,Y,,Banner Grant Listing Report
PROJECT-V211118:V00745559:PI,PROJECT-V211118,V00745559,PI,Y,,Banner Grant Listing Report
PROJECT-V211121:V00837669:PI,PROJECT-V211121,V00837669,PI,Y,,Banner Grant Listing Report
PROJECT-V211124:V01150663:PI,PROJECT-V211124,V01150663,PI,Y,,Banner Grant Listing Report
PROJECT-V211128:V00605746:PI,PROJECT-V211128,V00605746,PI,Y,,Banner Grant Listing Report
PROJECT-V211129:V00580681:PI,PROJECT-V211129,V00580681,PI,Y,,Banner Grant Listing Report
PROJECT-V211133:V00511005:PI,PROJECT-V211133,V00511005,PI,Y,,Banner Grant Listing Report
PROJECT-V211139:V00290010:PI,PROJECT-V211139,V00290010,PI,Y,,Banner Grant Listing Report
PROJECT-V211145:V00487152:PI,PROJECT-V211145,V00487152,PI,Y,,Banner Grant Listing Report
PROJECT-V211165:V00604151:PI,PROJECT-V211165,V00604151,PI,Y,,Banner Grant Listing Report
PROJECT-V211166:V00007715:PI,PROJECT-V211166,V00007715,PI,Y,,Banner Grant Listing Report
PROJECT-V211168:V00004271:PI,PROJECT-V211168,V00004271,PI,Y,,Banner Grant Listing Report
PROJECT-V211169:V00377752:PI,PROJECT-V211169,V00377752,PI,Y,,Banner Grant Listing Report
PROJECT-V211170:V00014243:PI,PROJECT-V211170,V00014243,PI,Y,,Banner Grant Listing Report
PROJECT-V211172:V00545009:PI,PROJECT-V211172,V00545009,PI,Y,,Banner Grant Listing Report
PROJECT-V211174:V00341357:PI,PROJECT-V211174,V00341357,PI,Y,,Banner Grant Listing Report
PROJECT-V211177:V00762453:PI,PROJECT-V211177,V00762453,PI,Y,,Banner Grant Listing Report
PROJECT-V211178:V00762453:PI,PROJECT-V211178,V00762453,PI,Y,,Banner Grant Listing Report
PROJECT-V211184:V00587153:PI,PROJECT-V211184,V00587153,PI,Y,,Banner Grant Listing Report
PROJECT-V211185:V00289967:PI,PROJECT-V211185,V00289967,PI,Y,,Banner Grant Listing Report
PROJECT-V211188:V00365703:PI,PROJECT-V211188,V00365703,PI,Y,,Banner Grant Listing Report
PROJECT-V211189:V00365703:PI,PROJECT-V211189,V00365703,PI,Y,,Banner Grant Listing Report
PROJECT-V211201:V00415729:PI,PROJECT-V211201,V00415729,PI,Y,,Banner Grant Listing Report
PROJECT-V211205:V00230357:PI,PROJECT-V211205,V00230357,PI,Y,,Banner Grant Listing Report
PROJECT-V211207:V00230357:PI,PROJECT-V211207,V00230357,PI,Y,,Banner Grant Listing Report
PROJECT-V211208:V00230357:PI,PROJECT-V211208,V00230357,PI,Y,,Banner Grant Listing Report
PROJECT-V211212:V00402620:PI,PROJECT-V211212,V00402620,PI,Y,,Banner Grant Listing Report
PROJECT-V211213:V00402620:PI,PROJECT-V211213,V00402620,PI,Y,,Banner Grant Listing Report
PROJECT-V220001:V00160407:PI,PROJECT-V220001,V00160407,PI,Y,,Banner Grant Listing Report
PROJECT-V220003:V01219761:PI,PROJECT-V220003,V01219761,PI,Y,,Banner Grant Listing Report
PROJECT-V220021:V00014243:PI,PROJECT-V220021,V00014243,PI,Y,,Banner Grant Listing Report
PROJECT-V220026:V00620337:PI,PROJECT-V220026,V00620337,PI,Y,,Banner Grant Listing Report
PROJECT-V220031:V00738713:PI,PROJECT-V220031,V00738713,PI,Y,,Banner Grant Listing Report
PROJECT-V220032:V00758276:PI,PROJECT-V220032,V00758276,PI,Y,,Banner Grant Listing Report
PROJECT-V220034:V00483734:PI,PROJECT-V220034,V00483734,PI,Y,,Banner Grant Listing Report
PROJECT-V220035:V00597483:PI,PROJECT-V220035,V00597483,PI,Y,,Banner Grant Listing Report
PROJECT-V220037:V00762453:PI,PROJECT-V220037,V00762453,PI,Y,,Banner Grant Listing Report
PROJECT-V220039:V00467992:PI,PROJECT-V220039,V00467992,PI,Y,,Banner Grant Listing Report
PROJECT-V220040:V00762453:PI,PROJECT-V220040,V00762453,PI,Y,,Banner Grant Listing Report
PROJECT-V220041:V00464801:PI,PROJECT-V220041,V00464801,PI,Y,,Banner Grant Listing Report
PROJECT-V220042:V00323366:PI,PROJECT-V220042,V00323366,PI,Y,,Banner Grant Listing Report
PROJECT-V220045:V00006746:PI,PROJECT-V220045,V00006746,PI,Y,,Banner Grant Listing Report
PROJECT-V220046:V00006746:PI,PROJECT-V220046,V00006746,PI,Y,,Banner Grant Listing Report
PROJECT-V220052:V00204316:PI,PROJECT-V220052,V00204316,PI,Y,,Banner Grant Listing Report
PROJECT-V220053:V00416197:PI,PROJECT-V220053,V00416197,PI,Y,,Banner Grant Listing Report
PROJECT-V220055:V00782550:PI,PROJECT-V220055,V00782550,PI,Y,,Banner Grant Listing Report
PROJECT-V220061:V00487624:PI,PROJECT-V220061,V00487624,PI,Y,,Banner Grant Listing Report
PROJECT-V220064:V00006746:PI,PROJECT-V220064,V00006746,PI,Y,,Banner Grant Listing Report
PROJECT-V220068:V00007715:PI,PROJECT-V220068,V00007715,PI,Y,,Banner Grant Listing Report
PROJECT-V220071:V01096653:PI,PROJECT-V220071,V01096653,PI,Y,,Banner Grant Listing Report
PROJECT-V220072:V00369133:PI,PROJECT-V220072,V00369133,PI,Y,,Banner Grant Listing Report
PROJECT-V220077:V00004271:PI,PROJECT-V220077,V00004271,PI,Y,,Banner Grant Listing Report
PROJECT-V220079:V00579297:PI,PROJECT-V220079,V00579297,PI,Y,,Banner Grant Listing Report
PROJECT-V220086:V00791072:PI,PROJECT-V220086,V00791072,PI,Y,,Banner Grant Listing Report
PROJECT-V220092:V00468737:PI,PROJECT-V220092,V00468737,PI,Y,,Banner Grant Listing Report
PROJECT-V220093:V00483144:PI,PROJECT-V220093,V00483144,PI,Y,,Banner Grant Listing Report
PROJECT-V220109:V00872442:PI,PROJECT-V220109,V00872442,PI,Y,,Banner Grant Listing Report
PROJECT-V220111:V00762453:PI,PROJECT-V220111,V00762453,PI,Y,,Banner Grant Listing Report
PROJECT-V220117:V00791072:PI,PROJECT-V220117,V00791072,PI,Y,,Banner Grant Listing Report
PROJECT-V220118:V00402620:PI,PROJECT-V220118,V00402620,PI,Y,,Banner Grant Listing Report
PROJECT-V220120:V00738713:PI,PROJECT-V220120,V00738713,PI,Y,,Banner Grant Listing Report
PROJECT-V220126:V00812787:PI,PROJECT-V220126,V00812787,PI,Y,,Banner Grant Listing Report
PROJECT-V220140:V00087132:PI,PROJECT-V220140,V00087132,PI,Y,,Banner Grant Listing Report
PROJECT-V220144:V00812787:PI,PROJECT-V220144,V00812787,PI,Y,,Banner Grant Listing Report
PROJECT-V220155:V00814925:PI,PROJECT-V220155,V00814925,PI,Y,,Banner Grant Listing Report
PROJECT-V220157:V00087132:PI,PROJECT-V220157,V00087132,PI,Y,,Banner Grant Listing Report
PROJECT-V220159:V00898937:PI,PROJECT-V220159,V00898937,PI,Y,,Banner Grant Listing Report
PROJECT-V220161:V00009807:PI,PROJECT-V220161,V00009807,PI,Y,,Banner Grant Listing Report
PROJECT-V220165:V00402620:PI,PROJECT-V220165,V00402620,PI,Y,,Banner Grant Listing Report
PROJECT-V220173:V00848443:PI,PROJECT-V220173,V00848443,PI,Y,,Banner Grant Listing Report
PROJECT-V220174:V00602850:PI,PROJECT-V220174,V00602850,PI,Y,,Banner Grant Listing Report
PROJECT-V220175:V01219761:PI,PROJECT-V220175,V01219761,PI,Y,,Banner Grant Listing Report
PROJECT-V220179:V00487624:PI,PROJECT-V220179,V00487624,PI,Y,,Banner Grant Listing Report
PROJECT-V220181:V00010332:PI,PROJECT-V220181,V00010332,PI,Y,,Banner Grant Listing Report
PROJECT-V220186:V00445866:PI,PROJECT-V220186,V00445866,PI,Y,,Banner Grant Listing Report
PROJECT-V220209:V00009250:PI,PROJECT-V220209,V00009250,PI,Y,,Banner Grant Listing Report
PROJECT-V220211:V00368736:PI,PROJECT-V220211,V00368736,PI,Y,,Banner Grant Listing Report
PROJECT-V220224:V00230357:PI,PROJECT-V220224,V00230357,PI,Y,,Banner Grant Listing Report
PROJECT-V220233:V00487624:PI,PROJECT-V220233,V00487624,PI,Y,,Banner Grant Listing Report
PROJECT-V220240:V00402447:PI,PROJECT-V220240,V00402447,PI,Y,,Banner Grant Listing Report
PROJECT-V220241:V00736465:PI,PROJECT-V220241,V00736465,PI,Y,,Banner Grant Listing Report
PROJECT-V220244:V01150663:PI,PROJECT-V220244,V01150663,PI,Y,,Banner Grant Listing Report
PROJECT-V220248:V00006836:PI,PROJECT-V220248,V00006836,PI,Y,,Banner Grant Listing Report
PROJECT-V220253:V00008548:PI,PROJECT-V220253,V00008548,PI,Y,,Banner Grant Listing Report
PROJECT-V220258:V00557395:PI,PROJECT-V220258,V00557395,PI,Y,,Banner Grant Listing Report
PROJECT-V220263:V00013478:PI,PROJECT-V220263,V00013478,PI,Y,,Banner Grant Listing Report
PROJECT-V220266:V00605655:PI,PROJECT-V220266,V00605655,PI,Y,,Banner Grant Listing Report
PROJECT-V220268:V01150663:PI,PROJECT-V220268,V01150663,PI,Y,,Banner Grant Listing Report
PROJECT-V220273:V00402620:PI,PROJECT-V220273,V00402620,PI,Y,,Banner Grant Listing Report
PROJECT-V220276:V00402620:PI,PROJECT-V220276,V00402620,PI,Y,,Banner Grant Listing Report
PROJECT-V220278:V00865990:PI,PROJECT-V220278,V00865990,PI,Y,,Banner Grant Listing Report
PROJECT-V220279:V00510111:PI,PROJECT-V220279,V00510111,PI,Y,,Banner Grant Listing Report
PROJECT-V220285:V00875583:PI,PROJECT-V220285,V00875583,PI,Y,,Banner Grant Listing Report
PROJECT-V220287:V00762453:PI,PROJECT-V220287,V00762453,PI,Y,,Banner Grant Listing Report
PROJECT-V220292:V00545009:PI,PROJECT-V220292,V00545009,PI,Y,,Banner Grant Listing Report
PROJECT-V220304:V00006377:PI,PROJECT-V220304,V00006377,PI,Y,,Banner Grant Listing Report
PROJECT-V220307:V00336079:PI,PROJECT-V220307,V00336079,PI,Y,,Banner Grant Listing Report
PROJECT-V220310:V00006377:PI,PROJECT-V220310,V00006377,PI,Y,,Banner Grant Listing Report
PROJECT-V220323:V00006377:PI,PROJECT-V220323,V00006377,PI,Y,,Banner Grant Listing Report
PROJECT-V220325:V00004271:PI,PROJECT-V220325,V00004271,PI,Y,,Banner Grant Listing Report
PROJECT-V220327:V00602850:PI,PROJECT-V220327,V00602850,PI,Y,,Banner Grant Listing Report
PROJECT-V220330:V00004271:PI,PROJECT-V220330,V00004271,PI,Y,,Banner Grant Listing Report
PROJECT-V220331:V00638560:PI,PROJECT-V220331,V00638560,PI,Y,,Banner Grant Listing Report
PROJECT-V220332:V00664157:PI,PROJECT-V220332,V00664157,PI,Y,,Banner Grant Listing Report
PROJECT-V220348:V00004271:PI,PROJECT-V220348,V00004271,PI,Y,,Banner Grant Listing Report
PROJECT-V220349:V00742471:PI,PROJECT-V220349,V00742471,PI,Y,,Banner Grant Listing Report
PROJECT-V220362:V00466823:PI,PROJECT-V220362,V00466823,PI,Y,,Banner Grant Listing Report
PROJECT-V220363:V00213575:PI,PROJECT-V220363,V00213575,PI,Y,,Banner Grant Listing Report
PROJECT-V220364:V00420154:PI,PROJECT-V220364,V00420154,PI,Y,,Banner Grant Listing Report
PROJECT-V220373:V00604685:PI,PROJECT-V220373,V00604685,PI,Y,,Banner Grant Listing Report
PROJECT-V220374:V00812787:PI,PROJECT-V220374,V00812787,PI,Y,,Banner Grant Listing Report
PROJECT-V220383:V00202874:PI,PROJECT-V220383,V00202874,PI,Y,,Banner Grant Listing Report
PROJECT-V220384:V00398189:PI,PROJECT-V220384,V00398189,PI,Y,,Banner Grant Listing Report
PROJECT-V220388:V00510111:PI,PROJECT-V220388,V00510111,PI,Y,,Banner Grant Listing Report
PROJECT-V220394:V00762453:PI,PROJECT-V220394,V00762453,PI,Y,,Banner Grant Listing Report
PROJECT-V220399:V00763738:PI,PROJECT-V220399,V00763738,PI,Y,,Banner Grant Listing Report
PROJECT-V220400:V00518523:PI,PROJECT-V220400,V00518523,PI,Y,,Banner Grant Listing Report
PROJECT-V220413:V00007715:PI,PROJECT-V220413,V00007715,PI,Y,,Banner Grant Listing Report
PROJECT-V220414:V00545009:PI,PROJECT-V220414,V00545009,PI,Y,,Banner Grant Listing Report
PROJECT-V220415:V00851249:PI,PROJECT-V220415,V00851249,PI,Y,,Banner Grant Listing Report
PROJECT-V220417:V00377752:PI,PROJECT-V220417,V00377752,PI,Y,,Banner Grant Listing Report
PROJECT-V220423:V00156046:PI,PROJECT-V220423,V00156046,PI,Y,,Banner Grant Listing Report
PROJECT-V220432:V00632260:PI,PROJECT-V220432,V00632260,PI,Y,,Banner Grant Listing Report
PROJECT-V220436:V00547212:PI,PROJECT-V220436,V00547212,PI,Y,,Banner Grant Listing Report
PROJECT-V220446:V00227388:PI,PROJECT-V220446,V00227388,PI,Y,,Banner Grant Listing Report
PROJECT-V220447:V00314407:PI,PROJECT-V220447,V00314407,PI,Y,,Banner Grant Listing Report
PROJECT-V220449:V00026363:PI,PROJECT-V220449,V00026363,PI,Y,,Banner Grant Listing Report
PROJECT-V220452:V00742471:PI,PROJECT-V220452,V00742471,PI,Y,,Banner Grant Listing Report
PROJECT-V220458:V00006836:PI,PROJECT-V220458,V00006836,PI,Y,,Banner Grant Listing Report
PROJECT-V220464:V00412889:PI,PROJECT-V220464,V00412889,PI,Y,,Banner Grant Listing Report
PROJECT-V220472:V00618583:PI,PROJECT-V220472,V00618583,PI,Y,,Banner Grant Listing Report
PROJECT-V220478:V00604151:PI,PROJECT-V220478,V00604151,PI,Y,,Banner Grant Listing Report
PROJECT-V220480:V00541677:PI,PROJECT-V220480,V00541677,PI,Y,,Banner Grant Listing Report
PROJECT-V220486:V00402620:PI,PROJECT-V220486,V00402620,PI,Y,,Banner Grant Listing Report
PROJECT-V220487:V00603364:PI,PROJECT-V220487,V00603364,PI,Y,,Banner Grant Listing Report
PROJECT-V220488:V01218449:PI,PROJECT-V220488,V01218449,PI,Y,,Banner Grant Listing Report
PROJECT-V220491:V00007715:PI,PROJECT-V220491,V00007715,PI,Y,,Banner Grant Listing Report
PROJECT-V220495:V00908462:PI,PROJECT-V220495,V00908462,PI,Y,,Banner Grant Listing Report
PROJECT-V220498:V00565004:PI,PROJECT-V220498,V00565004,PI,Y,,Banner Grant Listing Report
PROJECT-V220514:V00430930:PI,PROJECT-V220514,V00430930,PI,Y,,Banner Grant Listing Report
PROJECT-V220517:V00314407:PI,PROJECT-V220517,V00314407,PI,Y,,Banner Grant Listing Report
PROJECT-V220522:V01150663:PI,PROJECT-V220522,V01150663,PI,Y,,Banner Grant Listing Report
PROJECT-V220523:V00019889:PI,PROJECT-V220523,V00019889,PI,Y,,Banner Grant Listing Report
PROJECT-V220524:V00448273:PI,PROJECT-V220524,V00448273,PI,Y,,Banner Grant Listing Report
PROJECT-V220527:V00328425:PI,PROJECT-V220527,V00328425,PI,Y,,Banner Grant Listing Report
PROJECT-V220533:V00782550:PI,PROJECT-V220533,V00782550,PI,Y,,Banner Grant Listing Report
PROJECT-V220543:V00487150:PI,PROJECT-V220543,V00487150,PI,Y,,Banner Grant Listing Report
PROJECT-V220544:V01047842:PI,PROJECT-V220544,V01047842,PI,Y,,Banner Grant Listing Report
PROJECT-V220553:V00605746:PI,PROJECT-V220553,V00605746,PI,Y,,Banner Grant Listing Report
PROJECT-V220559:V00510140:PI,PROJECT-V220559,V00510140,PI,Y,,Banner Grant Listing Report
PROJECT-V220561:V01038711:PI,PROJECT-V220561,V01038711,PI,Y,,Banner Grant Listing Report
PROJECT-V220564:V00754163:PI,PROJECT-V220564,V00754163,PI,Y,,Banner Grant Listing Report
PROJECT-V220571:V00421247:PI,PROJECT-V220571,V00421247,PI,Y,,Banner Grant Listing Report
PROJECT-V220582:V00656595:PI,PROJECT-V220582,V00656595,PI,Y,,Banner Grant Listing Report
PROJECT-V220584:V00422502:PI,PROJECT-V220584,V00422502,PI,Y,,Banner Grant Listing Report
PROJECT-V220586:V00006377:PI,PROJECT-V220586,V00006377,PI,Y,,Banner Grant Listing Report
PROJECT-V220589:V00812787:PI,PROJECT-V220589,V00812787,PI,Y,,Banner Grant Listing Report
PROJECT-V220590:V00412889:PI,PROJECT-V220590,V00412889,PI,Y,,Banner Grant Listing Report
PROJECT-V220591:V00412889:PI,PROJECT-V220591,V00412889,PI,Y,,Banner Grant Listing Report
PROJECT-V220592:V00006377:PI,PROJECT-V220592,V00006377,PI,Y,,Banner Grant Listing Report
PROJECT-V220594:V00026363:PI,PROJECT-V220594,V00026363,PI,Y,,Banner Grant Listing Report
PROJECT-V220599:V00982360:PI,PROJECT-V220599,V00982360,PI,Y,,Banner Grant Listing Report
PROJECT-V220601:V00597483:PI,PROJECT-V220601,V00597483,PI,Y,,Banner Grant Listing Report
PROJECT-V220602:V00597483:PI,PROJECT-V220602,V00597483,PI,Y,,Banner Grant Listing Report
PROJECT-V220603:V00597483:PI,PROJECT-V220603,V00597483,PI,Y,,Banner Grant Listing Report
PROJECT-V220604:V00597483:PI,PROJECT-V220604,V00597483,PI,Y,,Banner Grant Listing Report
PROJECT-V220607:V00412889:PI,PROJECT-V220607,V00412889,PI,Y,,Banner Grant Listing Report
PROJECT-V220608:V00597483:PI,PROJECT-V220608,V00597483,PI,Y,,Banner Grant Listing Report
PROJECT-V220610:V00565242:PI,PROJECT-V220610,V00565242,PI,Y,,Banner Grant Listing Report
PROJECT-V220613:V00597483:PI,PROJECT-V220613,V00597483,PI,Y,,Banner Grant Listing Report
PROJECT-V220620:V00597483:PI,PROJECT-V220620,V00597483,PI,Y,,Banner Grant Listing Report
PROJECT-V220621:V00597483:PI,PROJECT-V220621,V00597483,PI,Y,,Banner Grant Listing Report
PROJECT-V220623:V00597483:PI,PROJECT-V220623,V00597483,PI,Y,,Banner Grant Listing Report
PROJECT-V220624:V00597483:PI,PROJECT-V220624,V00597483,PI,Y,,Banner Grant Listing Report
PROJECT-V220626:V00597483:PI,PROJECT-V220626,V00597483,PI,Y,,Banner Grant Listing Report
PROJECT-V220627:V00597483:PI,PROJECT-V220627,V00597483,PI,Y,,Banner Grant Listing Report
PROJECT-V220632:V00597483:PI,PROJECT-V220632,V00597483,PI,Y,,Banner Grant Listing Report
PROJECT-V220634:V00597483:PI,PROJECT-V220634,V00597483,PI,Y,,Banner Grant Listing Report
PROJECT-V220635:V00597483:PI,PROJECT-V220635,V00597483,PI,Y,,Banner Grant Listing Report
PROJECT-V220636:V00597483:PI,PROJECT-V220636,V00597483,PI,Y,,Banner Grant Listing Report
PROJECT-V220639:V00349140:PI,PROJECT-V220639,V00349140,PI,Y,,Banner Grant Listing Report
PROJECT-V220644:V00742471:PI,PROJECT-V220644,V00742471,PI,Y,,Banner Grant Listing Report
PROJECT-V220648:V00092403:PI,PROJECT-V220648,V00092403,PI,Y,,Banner Grant Listing Report
PROJECT-V220648:V00497522:PI,PROJECT-V220648,V00497522,PI,Y,,Banner Grant Listing Report
PROJECT-V220652:V01014374:PI,PROJECT-V220652,V01014374,PI,Y,,Banner Grant Listing Report
PROJECT-V220654:V00791072:PI,PROJECT-V220654,V00791072,PI,Y,,Banner Grant Listing Report
PROJECT-V220667:V00213575:PI,PROJECT-V220667,V00213575,PI,Y,,Banner Grant Listing Report
PROJECT-V220668:V00878843:PI,PROJECT-V220668,V00878843,PI,Y,,Banner Grant Listing Report
PROJECT-V220670:V00632789:PI,PROJECT-V220670,V00632789,PI,Y,,Banner Grant Listing Report
PROJECT-V220678:V00738713:PI,PROJECT-V220678,V00738713,PI,Y,,Banner Grant Listing Report
PROJECT-V220681:V00008005:PI,PROJECT-V220681,V00008005,PI,Y,,Banner Grant Listing Report
PROJECT-V220699:V00420154:PI,PROJECT-V220699,V00420154,PI,Y,,Banner Grant Listing Report
PROJECT-V220702:V00466823:PI,PROJECT-V220702,V00466823,PI,Y,,Banner Grant Listing Report
PROJECT-V220704:V00464801:PI,PROJECT-V220704,V00464801,PI,Y,,Banner Grant Listing Report
PROJECT-V220705:V00412889:PI,PROJECT-V220705,V00412889,PI,Y,,Banner Grant Listing Report
PROJECT-V220707:V00009364:PI,PROJECT-V220707,V00009364,PI,Y,,Banner Grant Listing Report
PROJECT-V220720:V00402447:PI,PROJECT-V220720,V00402447,PI,Y,,Banner Grant Listing Report
PROJECT-V220726:V00464801:PI,PROJECT-V220726,V00464801,PI,Y,,Banner Grant Listing Report
PROJECT-V220735:V00352115:PI,PROJECT-V220735,V00352115,PI,Y,,Banner Grant Listing Report
PROJECT-V220736:V00096425:PI,PROJECT-V220736,V00096425,PI,Y,,Banner Grant Listing Report
PROJECT-V220738:V00515359:PI,PROJECT-V220738,V00515359,PI,Y,,Banner Grant Listing Report
PROJECT-V220747:V00632789:PI,PROJECT-V220747,V00632789,PI,Y,,Banner Grant Listing Report
PROJECT-V220749:V00599165:PI,PROJECT-V220749,V00599165,PI,Y,,Banner Grant Listing Report
PROJECT-V220751:V00632789:PI,PROJECT-V220751,V00632789,PI,Y,,Banner Grant Listing Report
PROJECT-V220753:V00890158:PI,PROJECT-V220753,V00890158,PI,Y,,Banner Grant Listing Report
PROJECT-V220754:V00464801:PI,PROJECT-V220754,V00464801,PI,Y,,Banner Grant Listing Report
PROJECT-V220756:V00814925:PI,PROJECT-V220756,V00814925,PI,Y,,Banner Grant Listing Report
PROJECT-V220757:V00518420:PI,PROJECT-V220757,V00518420,PI,Y,,Banner Grant Listing Report
PROJECT-V220776:V00018482:PI,PROJECT-V220776,V00018482,PI,Y,,Banner Grant Listing Report
PROJECT-V220785:V00377752:PI,PROJECT-V220785,V00377752,PI,Y,,Banner Grant Listing Report
PROJECT-V220787:V00006836:PI,PROJECT-V220787,V00006836,PI,Y,,Banner Grant Listing Report
PROJECT-V220791:V00828034:PI,PROJECT-V220791,V00828034,PI,Y,,Banner Grant Listing Report
PROJECT-V220794:V00020614:PI,PROJECT-V220794,V00020614,PI,Y,,Banner Grant Listing Report
PROJECT-V220796:V00814564:PI,PROJECT-V220796,V00814564,PI,Y,,Banner Grant Listing Report
PROJECT-V220798:V00234269:PI,PROJECT-V220798,V00234269,PI,Y,,Banner Grant Listing Report
PROJECT-V220803:V00010116:PI,PROJECT-V220803,V00010116,PI,Y,,Banner Grant Listing Report
PROJECT-V220805:V00137081:PI,PROJECT-V220805,V00137081,PI,Y,,Banner Grant Listing Report
PROJECT-V220813:V00596441:PI,PROJECT-V220813,V00596441,PI,Y,,Banner Grant Listing Report
PROJECT-V220818:V00325201:PI,PROJECT-V220818,V00325201,PI,Y,,Banner Grant Listing Report
PROJECT-V220820:V00412889:PI,PROJECT-V220820,V00412889,PI,Y,,Banner Grant Listing Report
PROJECT-V220823:V00204316:PI,PROJECT-V220823,V00204316,PI,Y,,Banner Grant Listing Report
PROJECT-V220826:V00083412:PI,PROJECT-V220826,V00083412,PI,Y,,Banner Grant Listing Report
PROJECT-V220827:V00664297:PI,PROJECT-V220827,V00664297,PI,Y,,Banner Grant Listing Report
PROJECT-V220829:V00606971:PI,PROJECT-V220829,V00606971,PI,Y,,Banner Grant Listing Report
PROJECT-V220832:V00606949:PI,PROJECT-V220832,V00606949,PI,Y,,Banner Grant Listing Report
PROJECT-V220834:V00006746:PI,PROJECT-V220834,V00006746,PI,Y,,Banner Grant Listing Report
PROJECT-V220837:V00753261:PI,PROJECT-V220837,V00753261,PI,Y,,Banner Grant Listing Report
PROJECT-V220839:V00314407:PI,PROJECT-V220839,V00314407,PI,Y,,Banner Grant Listing Report
PROJECT-V220841:V00234247:PI,PROJECT-V220841,V00234247,PI,Y,,Banner Grant Listing Report
PROJECT-V220842:V00523912:PI,PROJECT-V220842,V00523912,PI,Y,,Banner Grant Listing Report
PROJECT-V220843:V00007110:PI,PROJECT-V220843,V00007110,PI,Y,,Banner Grant Listing Report
PROJECT-V220846:V00004271:PI,PROJECT-V220846,V00004271,PI,Y,,Banner Grant Listing Report
PROJECT-V220848:V00420154:PI,PROJECT-V220848,V00420154,PI,Y,,Banner Grant Listing Report
PROJECT-V220849:V00624440:PI,PROJECT-V220849,V00624440,PI,Y,,Banner Grant Listing Report
PROJECT-V220854:V00848443:PI,PROJECT-V220854,V00848443,PI,Y,,Banner Grant Listing Report
PROJECT-V220856:V00592268:PI,PROJECT-V220856,V00592268,PI,Y,,Banner Grant Listing Report
PROJECT-V220857:V00405972:PI,PROJECT-V220857,V00405972,PI,Y,,Banner Grant Listing Report
PROJECT-V220868:V01096653:PI,PROJECT-V220868,V01096653,PI,Y,,Banner Grant Listing Report
PROJECT-V220869:V00007249:PI,PROJECT-V220869,V00007249,PI,Y,,Banner Grant Listing Report
PROJECT-V220874:V00819744:PI,PROJECT-V220874,V00819744,PI,Y,,Banner Grant Listing Report
PROJECT-V220876:V00450667:PI,PROJECT-V220876,V00450667,PI,Y,,Banner Grant Listing Report
PROJECT-V220880:V00602773:PI,PROJECT-V220880,V00602773,PI,Y,,Banner Grant Listing Report
PROJECT-V220883:V00624440:PI,PROJECT-V220883,V00624440,PI,Y,,Banner Grant Listing Report
PROJECT-V220893:V00230357:PI,PROJECT-V220893,V00230357,PI,Y,,Banner Grant Listing Report
PROJECT-V220894:V00412889:PI,PROJECT-V220894,V00412889,PI,Y,,Banner Grant Listing Report
PROJECT-V220896:V00083412:PI,PROJECT-V220896,V00083412,PI,Y,,Banner Grant Listing Report
PROJECT-V220901:V00600881:PI,PROJECT-V220901,V00600881,PI,Y,,Banner Grant Listing Report
PROJECT-V220905:V00883247:PI,PROJECT-V220905,V00883247,PI,Y,,Banner Grant Listing Report
PROJECT-V220907:V00618581:PI,PROJECT-V220907,V00618581,PI,Y,,Banner Grant Listing Report
PROJECT-V220908:V00398189:PI,PROJECT-V220908,V00398189,PI,Y,,Banner Grant Listing Report
PROJECT-V220909:V00579297:PI,PROJECT-V220909,V00579297,PI,Y,,Banner Grant Listing Report
PROJECT-V220910:V00606949:PI,PROJECT-V220910,V00606949,PI,Y,,Banner Grant Listing Report
PROJECT-V220911:V01150663:PI,PROJECT-V220911,V01150663,PI,Y,,Banner Grant Listing Report
PROJECT-V220913:V00398189:PI,PROJECT-V220913,V00398189,PI,Y,,Banner Grant Listing Report
PROJECT-V220916:V00828034:PI,PROJECT-V220916,V00828034,PI,Y,,Banner Grant Listing Report
PROJECT-V220917:V00366762:PI,PROJECT-V220917,V00366762,PI,Y,,Banner Grant Listing Report
PROJECT-V220918:V00742471:PI,PROJECT-V220918,V00742471,PI,Y,,Banner Grant Listing Report
PROJECT-V220920:V00007249:PI,PROJECT-V220920,V00007249,PI,Y,,Banner Grant Listing Report
PROJECT-V220922:V00466823:PI,PROJECT-V220922,V00466823,PI,Y,,Banner Grant Listing Report
PROJECT-V220924:V00579297:PI,PROJECT-V220924,V00579297,PI,Y,,Banner Grant Listing Report
PROJECT-V220926:V00815359:PI,PROJECT-V220926,V00815359,PI,Y,,Banner Grant Listing Report
PROJECT-V220930:V00402447:PI,PROJECT-V220930,V00402447,PI,Y,,Banner Grant Listing Report
PROJECT-V220931:V00701182:PI,PROJECT-V220931,V00701182,PI,Y,,Banner Grant Listing Report
PROJECT-V220933:V00452781:PI,PROJECT-V220933,V00452781,PI,Y,,Banner Grant Listing Report
PROJECT-V220935:V00464801:PI,PROJECT-V220935,V00464801,PI,Y,,Banner Grant Listing Report
PROJECT-V220936:V00847720:PI,PROJECT-V220936,V00847720,PI,Y,,Banner Grant Listing Report
PROJECT-V220944:V00004271:PI,PROJECT-V220944,V00004271,PI,Y,,Banner Grant Listing Report
PROJECT-V220945:V00545424:PI,PROJECT-V220945,V00545424,PI,Y,,Banner Grant Listing Report
PROJECT-V220954:V00799434:PI,PROJECT-V220954,V00799434,PI,Y,,Banner Grant Listing Report
PROJECT-V220959:V00228283:PI,PROJECT-V220959,V00228283,PI,Y,,Banner Grant Listing Report
PROJECT-V220960:V00532807:PI,PROJECT-V220960,V00532807,PI,Y,,Banner Grant Listing Report
PROJECT-V220965:V00745559:PI,PROJECT-V220965,V00745559,PI,Y,,Banner Grant Listing Report
PROJECT-V220971:V00010597:PI,PROJECT-V220971,V00010597,PI,Y,,Banner Grant Listing Report
PROJECT-V220974:V00487624:PI,PROJECT-V220974,V00487624,PI,Y,,Banner Grant Listing Report
PROJECT-V220978:V00602850:PI,PROJECT-V220978,V00602850,PI,Y,,Banner Grant Listing Report
PROJECT-V220983:V00667885:PI,PROJECT-V220983,V00667885,PI,Y,,Banner Grant Listing Report
PROJECT-V220984:V00483144:PI,PROJECT-V220984,V00483144,PI,Y,,Banner Grant Listing Report
PROJECT-V220986:V00762453:PI,PROJECT-V220986,V00762453,PI,Y,,Banner Grant Listing Report
PROJECT-V220993:V00742471:PI,PROJECT-V220993,V00742471,PI,Y,,Banner Grant Listing Report
PROJECT-V220998:V00762453:PI,PROJECT-V220998,V00762453,PI,Y,,Banner Grant Listing Report
PROJECT-V221000:V00137081:PI,PROJECT-V221000,V00137081,PI,Y,,Banner Grant Listing Report
PROJECT-V221002:V00006377:PI,PROJECT-V221002,V00006377,PI,Y,,Banner Grant Listing Report
PROJECT-V221004:V00234269:PI,PROJECT-V221004,V00234269,PI,Y,,Banner Grant Listing Report
PROJECT-V221005:V00814925:PI,PROJECT-V221005,V00814925,PI,Y,,Banner Grant Listing Report
PROJECT-V221007:V00007715:PI,PROJECT-V221007,V00007715,PI,Y,,Banner Grant Listing Report
PROJECT-V221009:V00605746:PI,PROJECT-V221009,V00605746,PI,Y,,Banner Grant Listing Report
PROJECT-V221012:V00004271:PI,PROJECT-V221012,V00004271,PI,Y,,Banner Grant Listing Report
PROJECT-V221013:V00603119:PI,PROJECT-V221013,V00603119,PI,Y,,Banner Grant Listing Report
PROJECT-V221019:V00872442:PI,PROJECT-V221019,V00872442,PI,Y,,Banner Grant Listing Report
PROJECT-V221021:V00017256:PI,PROJECT-V221021,V00017256,PI,Y,,Banner Grant Listing Report
PROJECT-V221022:V00809490:PI,PROJECT-V221022,V00809490,PI,Y,,Banner Grant Listing Report
PROJECT-V221026:V00445866:PI,PROJECT-V221026,V00445866,PI,Y,,Banner Grant Listing Report
PROJECT-V221029:V00908462:PI,PROJECT-V221029,V00908462,PI,Y,,Banner Grant Listing Report
PROJECT-V221032:V00753261:PI,PROJECT-V221032,V00753261,PI,Y,,Banner Grant Listing Report
PROJECT-V221034:V00314407:PI,PROJECT-V221034,V00314407,PI,Y,,Banner Grant Listing Report
PROJECT-V221035:V00770285:PI,PROJECT-V221035,V00770285,PI,Y,,Banner Grant Listing Report
PROJECT-V221036:V00837669:PI,PROJECT-V221036,V00837669,PI,Y,,Banner Grant Listing Report
PROJECT-V221040:V00837669:PI,PROJECT-V221040,V00837669,PI,Y,,Banner Grant Listing Report
PROJECT-V221042:V00007715:PI,PROJECT-V221042,V00007715,PI,Y,,Banner Grant Listing Report
PROJECT-V221044:V00632260:PI,PROJECT-V221044,V00632260,PI,Y,,Banner Grant Listing Report
PROJECT-V221048:V00480934:PI,PROJECT-V221048,V00480934,PI,Y,,Banner Grant Listing Report
PROJECT-V221049:V00202874:PI,PROJECT-V221049,V00202874,PI,Y,,Banner Grant Listing Report
PROJECT-V221056:V00487624:PI,PROJECT-V221056,V00487624,PI,Y,,Banner Grant Listing Report
PROJECT-V221057:V00487624:PI,PROJECT-V221057,V00487624,PI,Y,,Banner Grant Listing Report
PROJECT-V221058:V00690635:PI,PROJECT-V221058,V00690635,PI,Y,,Banner Grant Listing Report
PROJECT-V221059:V00349140:PI,PROJECT-V221059,V00349140,PI,Y,,Banner Grant Listing Report
PROJECT-V221061:V00690635:PI,PROJECT-V221061,V00690635,PI,Y,,Banner Grant Listing Report
PROJECT-V221062:V00690635:PI,PROJECT-V221062,V00690635,PI,Y,,Banner Grant Listing Report
PROJECT-V221063:V00096425:PI,PROJECT-V221063,V00096425,PI,Y,,Banner Grant Listing Report
PROJECT-V221066:V00557173:PI,PROJECT-V221066,V00557173,PI,Y,,Banner Grant Listing Report
PROJECT-V221067:V00402620:PI,PROJECT-V221067,V00402620,PI,Y,,Banner Grant Listing Report
PROJECT-V221069:V00087132:PI,PROJECT-V221069,V00087132,PI,Y,,Banner Grant Listing Report
PROJECT-V221070:V00402620:PI,PROJECT-V221070,V00402620,PI,Y,,Banner Grant Listing Report
PROJECT-V221071:V00298856:PI,PROJECT-V221071,V00298856,PI,Y,,Banner Grant Listing Report
PROJECT-V221072:V00847720:PI,PROJECT-V221072,V00847720,PI,Y,,Banner Grant Listing Report
PROJECT-V221074:V00377752:PI,PROJECT-V221074,V00377752,PI,Y,,Banner Grant Listing Report
PROJECT-V221075:V00377752:PI,PROJECT-V221075,V00377752,PI,Y,,Banner Grant Listing Report
PROJECT-V221076:V00762453:PI,PROJECT-V221076,V00762453,PI,Y,,Banner Grant Listing Report
PROJECT-V221078:V00485099:PI,PROJECT-V221078,V00485099,PI,Y,,Banner Grant Listing Report
PROJECT-V221079:V00013478:PI,PROJECT-V221079,V00013478,PI,Y,,Banner Grant Listing Report
PROJECT-V221082:V00402620:PI,PROJECT-V221082,V00402620,PI,Y,,Banner Grant Listing Report
PROJECT-V221086:V00487150:PI,PROJECT-V221086,V00487150,PI,Y,,Banner Grant Listing Report
PROJECT-V221088:V00402620:PI,PROJECT-V221088,V00402620,PI,Y,,Banner Grant Listing Report
PROJECT-V221090:V01130929:PI,PROJECT-V221090,V01130929,PI,Y,,Banner Grant Listing Report
PROJECT-V221093:V00541677:PI,PROJECT-V221093,V00541677,PI,Y,,Banner Grant Listing Report
PROJECT-V221094:V00879981:PI,PROJECT-V221094,V00879981,PI,Y,,Banner Grant Listing Report
PROJECT-V221095:V00416197:PI,PROJECT-V221095,V00416197,PI,Y,,Banner Grant Listing Report
PROJECT-V221096:V00230357:PI,PROJECT-V221096,V00230357,PI,Y,,Banner Grant Listing Report
PROJECT-V221097:V00230357:PI,PROJECT-V221097,V00230357,PI,Y,,Banner Grant Listing Report
PROJECT-V221099:V00230357:PI,PROJECT-V221099,V00230357,PI,Y,,Banner Grant Listing Report
PROJECT-V221101:V00083412:PI,PROJECT-V221101,V00083412,PI,Y,,Banner Grant Listing Report
PROJECT-V221110:V00890340:PI,PROJECT-V221110,V00890340,PI,Y,,Banner Grant Listing Report
PROJECT-V221115:V00314407:PI,PROJECT-V221115,V00314407,PI,Y,,Banner Grant Listing Report
PROJECT-V221116:V00314407:PI,PROJECT-V221116,V00314407,PI,Y,,Banner Grant Listing Report
PROJECT-V221118:V00004271:PI,PROJECT-V221118,V00004271,PI,Y,,Banner Grant Listing Report
PROJECT-V221121:V00006746:PI,PROJECT-V221121,V00006746,PI,Y,,Banner Grant Listing Report
PROJECT-V221122:V00006746:PI,PROJECT-V221122,V00006746,PI,Y,,Banner Grant Listing Report
PROJECT-V221123:V01219761:PI,PROJECT-V221123,V01219761,PI,Y,,Banner Grant Listing Report
PROJECT-V221126:V00948283:PI,PROJECT-V221126,V00948283,PI,Y,,Banner Grant Listing Report
PROJECT-V221127:V00464574:PI,PROJECT-V221127,V00464574,PI,Y,,Banner Grant Listing Report
PROJECT-V221128:V00464574:PI,PROJECT-V221128,V00464574,PI,Y,,Banner Grant Listing Report
PROJECT-V221132:V01150663:PI,PROJECT-V221132,V01150663,PI,Y,,Banner Grant Listing Report
PROJECT-V229088:V00448273:PI,PROJECT-V229088,V00448273,PI,Y,,Banner Grant Listing Report
PROJECT-V230002:V00510111:PI,PROJECT-V230002,V00510111,PI,Y,,Banner Grant Listing Report
PROJECT-V230004:V00948283:PI,PROJECT-V230004,V00948283,PI,Y,,Banner Grant Listing Report
PROJECT-V230010:V00847720:PI,PROJECT-V230010,V00847720,PI,Y,,Banner Grant Listing Report
PROJECT-V230011:V00847720:PI,PROJECT-V230011,V00847720,PI,Y,,Banner Grant Listing Report
PROJECT-V230015:V00837669:PI,PROJECT-V230015,V00837669,PI,Y,,Banner Grant Listing Report
PROJECT-V230017:V00711123:PI,PROJECT-V230017,V00711123,PI,Y,,Banner Grant Listing Report
PROJECT-V230021:V00402447:PI,PROJECT-V230021,V00402447,PI,Y,,Banner Grant Listing Report
PROJECT-V230024:V00891901:PI,PROJECT-V230024,V00891901,PI,Y,,Banner Grant Listing Report
PROJECT-V230029:V00006746:PI,PROJECT-V230029,V00006746,PI,Y,,Banner Grant Listing Report
PROJECT-V230034:V00402620:PI,PROJECT-V230034,V00402620,PI,Y,,Banner Grant Listing Report
PROJECT-V230041:V00628510:PI,PROJECT-V230041,V00628510,PI,Y,,Banner Grant Listing Report
PROJECT-V230047:V00445845:PI,PROJECT-V230047,V00445845,PI,Y,,Banner Grant Listing Report
PROJECT-V230057:V00557173:PI,PROJECT-V230057,V00557173,PI,Y,,Banner Grant Listing Report
PROJECT-V230063:V00468064:PI,PROJECT-V230063,V00468064,PI,Y,,Banner Grant Listing Report
PROJECT-V230064:V00091395:PI,PROJECT-V230064,V00091395,PI,Y,,Banner Grant Listing Report
PROJECT-V230066:V01072867:PI,PROJECT-V230066,V01072867,PI,Y,,Banner Grant Listing Report
PROJECT-V230068:V00415729:PI,PROJECT-V230068,V00415729,PI,Y,,Banner Grant Listing Report
PROJECT-V230076:V00815359:PI,PROJECT-V230076,V00815359,PI,Y,,Banner Grant Listing Report
PROJECT-V230078:V00541677:PI,PROJECT-V230078,V00541677,PI,Y,,Banner Grant Listing Report
PROJECT-V230082:V01150663:PI,PROJECT-V230082,V01150663,PI,Y,,Banner Grant Listing Report
PROJECT-V230084:V00009807:PI,PROJECT-V230084,V00009807,PI,Y,,Banner Grant Listing Report
PROJECT-V230092:V00083412:PI,PROJECT-V230092,V00083412,PI,Y,,Banner Grant Listing Report
PROJECT-V230097:V00848119:PI,PROJECT-V230097,V00848119,PI,Y,,Banner Grant Listing Report
PROJECT-V230101:V00234269:PI,PROJECT-V230101,V00234269,PI,Y,,Banner Grant Listing Report
PROJECT-V230104:V00341947:PI,PROJECT-V230104,V00341947,PI,Y,,Banner Grant Listing Report
PROJECT-V230109:V00230357:PI,PROJECT-V230109,V00230357,PI,Y,,Banner Grant Listing Report
PROJECT-V230113:V00601231:PI,PROJECT-V230113,V00601231,PI,Y,,Banner Grant Listing Report
PROJECT-V230115:V00230357:PI,PROJECT-V230115,V00230357,PI,Y,,Banner Grant Listing Report
PROJECT-V230117:V00529674:PI,PROJECT-V230117,V00529674,PI,Y,,Banner Grant Listing Report
PROJECT-V230119:V00604685:PI,PROJECT-V230119,V00604685,PI,Y,,Banner Grant Listing Report
PROJECT-V230121:V00009807:PI,PROJECT-V230121,V00009807,PI,Y,,Banner Grant Listing Report
PROJECT-V230123:V00716558:PI,PROJECT-V230123,V00716558,PI,Y,,Banner Grant Listing Report
PROJECT-V230127:V00646027:PI,PROJECT-V230127,V00646027,PI,Y,,Banner Grant Listing Report
PROJECT-V230128:V00480934:PI,PROJECT-V230128,V00480934,PI,Y,,Banner Grant Listing Report
PROJECT-V230143:V00848443:PI,PROJECT-V230143,V00848443,PI,Y,,Banner Grant Listing Report
PROJECT-V230144:V00349140:PI,PROJECT-V230144,V00349140,PI,Y,,Banner Grant Listing Report
PROJECT-V230147:V00402620:PI,PROJECT-V230147,V00402620,PI,Y,,Banner Grant Listing Report
PROJECT-V230148:V00402620:PI,PROJECT-V230148,V00402620,PI,Y,,Banner Grant Listing Report
PROJECT-V230152:V00879981:PI,PROJECT-V230152,V00879981,PI,Y,,Banner Grant Listing Report
PROJECT-V230153:V01047842:PI,PROJECT-V230153,V01047842,PI,Y,,Banner Grant Listing Report
PROJECT-V230164:V00837669:PI,PROJECT-V230164,V00837669,PI,Y,,Banner Grant Listing Report
PROJECT-V230168:V00009752:PI,PROJECT-V230168,V00009752,PI,Y,,Banner Grant Listing Report
PROJECT-V230183:V00690635:PI,PROJECT-V230183,V00690635,PI,Y,,Banner Grant Listing Report
PROJECT-V230187:V00230357:PI,PROJECT-V230187,V00230357,PI,Y,,Banner Grant Listing Report
PROJECT-V230188:V00327806:PI,PROJECT-V230188,V00327806,PI,Y,,Banner Grant Listing Report
PROJECT-V230192:V00888959:PI,PROJECT-V230192,V00888959,PI,Y,,Banner Grant Listing Report
PROJECT-V230197:V00913009:PI,PROJECT-V230197,V00913009,PI,Y,,Banner Grant Listing Report
PROJECT-V230201:V00233579:PI,PROJECT-V230201,V00233579,PI,Y,,Banner Grant Listing Report
PROJECT-V230202:V00246471:PI,PROJECT-V230202,V00246471,PI,Y,,Banner Grant Listing Report
PROJECT-V230205:V00848443:PI,PROJECT-V230205,V00848443,PI,Y,,Banner Grant Listing Report
PROJECT-V230206:V00420154:PI,PROJECT-V230206,V00420154,PI,Y,,Banner Grant Listing Report
PROJECT-V230208:V00814053:PI,PROJECT-V230208,V00814053,PI,Y,,Banner Grant Listing Report
PROJECT-V230210:V00814053:PI,PROJECT-V230210,V00814053,PI,Y,,Banner Grant Listing Report
PROJECT-V230212:V00402620:PI,PROJECT-V230212,V00402620,PI,Y,,Banner Grant Listing Report
PROJECT-V230213:V00402620:PI,PROJECT-V230213,V00402620,PI,Y,,Banner Grant Listing Report
PROJECT-V230215:V00510140:PI,PROJECT-V230215,V00510140,PI,Y,,Banner Grant Listing Report
PROJECT-V230216:V00819306:PI,PROJECT-V230216,V00819306,PI,Y,,Banner Grant Listing Report
PROJECT-V230220:V00230357:PI,PROJECT-V230220,V00230357,PI,Y,,Banner Grant Listing Report
PROJECT-V230236:V00510111:PI,PROJECT-V230236,V00510111,PI,Y,,Banner Grant Listing Report
PROJECT-V230237:V00888195:PI,PROJECT-V230237,V00888195,PI,Y,,Banner Grant Listing Report
PROJECT-V230240:V00007645:PI,PROJECT-V230240,V00007645,PI,Y,,Banner Grant Listing Report
PROJECT-V230242:V00361141:PI,PROJECT-V230242,V00361141,PI,Y,,Banner Grant Listing Report
PROJECT-V230251:V00496320:PI,PROJECT-V230251,V00496320,PI,Y,,Banner Grant Listing Report
PROJECT-V230252:V00234247:PI,PROJECT-V230252,V00234247,PI,Y,,Banner Grant Listing Report
PROJECT-V230254:V01150663:PI,PROJECT-V230254,V01150663,PI,Y,,Banner Grant Listing Report
PROJECT-V230255:V00402117:PI,PROJECT-V230255,V00402117,PI,Y,,Banner Grant Listing Report
PROJECT-V230256:V00006377:PI,PROJECT-V230256,V00006377,PI,Y,,Banner Grant Listing Report
PROJECT-V230261:V00006377:PI,PROJECT-V230261,V00006377,PI,Y,,Banner Grant Listing Report
PROJECT-V230263:V00565242:PI,PROJECT-V230263,V00565242,PI,Y,,Banner Grant Listing Report
PROJECT-V230268:V00289967:PI,PROJECT-V230268,V00289967,PI,Y,,Banner Grant Listing Report
PROJECT-V230272:V00096425:PI,PROJECT-V230272,V00096425,PI,Y,,Banner Grant Listing Report
PROJECT-V230273:V00411413:PI,PROJECT-V230273,V00411413,PI,Y,,Banner Grant Listing Report
PROJECT-V230274:V00484673:PI,PROJECT-V230274,V00484673,PI,Y,,Banner Grant Listing Report
PROJECT-V230278:V01038711:PI,PROJECT-V230278,V01038711,PI,Y,,Banner Grant Listing Report
PROJECT-V230282:V00246471:PI,PROJECT-V230282,V00246471,PI,Y,,Banner Grant Listing Report
PROJECT-V230291:V00738079:PI,PROJECT-V230291,V00738079,PI,Y,,Banner Grant Listing Report
PROJECT-V230294:V01047842:PI,PROJECT-V230294,V01047842,PI,Y,,Banner Grant Listing Report
PROJECT-V230296:V00541677:PI,PROJECT-V230296,V00541677,PI,Y,,Banner Grant Listing Report
PROJECT-V230297:V01047842:PI,PROJECT-V230297,V01047842,PI,Y,,Banner Grant Listing Report
PROJECT-V230300:V00541677:PI,PROJECT-V230300,V00541677,PI,Y,,Banner Grant Listing Report
PROJECT-V230301:V00010116:PI,PROJECT-V230301,V00010116,PI,Y,,Banner Grant Listing Report
PROJECT-V230303:V00618581:PI,PROJECT-V230303,V00618581,PI,Y,,Banner Grant Listing Report
PROJECT-V230307:V00006746:PI,PROJECT-V230307,V00006746,PI,Y,,Banner Grant Listing Report
PROJECT-V230308:V00865990:PI,PROJECT-V230308,V00865990,PI,Y,,Banner Grant Listing Report
PROJECT-V230309:V00445866:PI,PROJECT-V230309,V00445866,PI,Y,,Banner Grant Listing Report
PROJECT-V230310:V00466823:PI,PROJECT-V230310,V00466823,PI,Y,,Banner Grant Listing Report
PROJECT-V230311:V00493878:PI,PROJECT-V230311,V00493878,PI,Y,,Banner Grant Listing Report
PROJECT-V230313:V00487150:PI,PROJECT-V230313,V00487150,PI,Y,,Banner Grant Listing Report
PROJECT-V230317:V00903837:PI,PROJECT-V230317,V00903837,PI,Y,,Banner Grant Listing Report
PROJECT-V230319:V00541677:PI,PROJECT-V230319,V00541677,PI,Y,,Banner Grant Listing Report
PROJECT-V230331:V00603364:PI,PROJECT-V230331,V00603364,PI,Y,,Banner Grant Listing Report
PROJECT-V230345:V00664961:PI,PROJECT-V230345,V00664961,PI,Y,,Banner Grant Listing Report
PROJECT-V230352:V00448396:PI,PROJECT-V230352,V00448396,PI,Y,,Banner Grant Listing Report
PROJECT-V230354:V00956840:PI,PROJECT-V230354,V00956840,PI,Y,,Banner Grant Listing Report
PROJECT-V230355:V00875905:PI,PROJECT-V230355,V00875905,PI,Y,,Banner Grant Listing Report
PROJECT-V230362:V00761187:PI,PROJECT-V230362,V00761187,PI,Y,,Banner Grant Listing Report
PROJECT-V230365:V00837669:PI,PROJECT-V230365,V00837669,PI,Y,,Banner Grant Listing Report
PROJECT-V230366:V00017256:PI,PROJECT-V230366,V00017256,PI,Y,,Banner Grant Listing Report
PROJECT-V230372:V00604685:PI,PROJECT-V230372,V00604685,PI,Y,,Banner Grant Listing Report
PROJECT-V230373:V00624898:PI,PROJECT-V230373,V00624898,PI,Y,,Banner Grant Listing Report
PROJECT-V230376:V00618583:PI,PROJECT-V230376,V00618583,PI,Y,,Banner Grant Listing Report
PROJECT-V230377:V00423514:PI,PROJECT-V230377,V00423514,PI,Y,,Banner Grant Listing Report
PROJECT-V230378:V00480934:PI,PROJECT-V230378,V00480934,PI,Y,,Banner Grant Listing Report
PROJECT-V230379:V00485099:PI,PROJECT-V230379,V00485099,PI,Y,,Banner Grant Listing Report
PROJECT-V230386:V00007110:PI,PROJECT-V230386,V00007110,PI,Y,,Banner Grant Listing Report
PROJECT-V230387:V00602850:PI,PROJECT-V230387,V00602850,PI,Y,,Banner Grant Listing Report
PROJECT-V230389:V00420154:PI,PROJECT-V230389,V00420154,PI,Y,,Banner Grant Listing Report
PROJECT-V230395:V00793157:PI,PROJECT-V230395,V00793157,PI,Y,,Banner Grant Listing Report
PROJECT-V230399:V00377752:PI,PROJECT-V230399,V00377752,PI,Y,,Banner Grant Listing Report
PROJECT-V230400:V00819744:PI,PROJECT-V230400,V00819744,PI,Y,,Banner Grant Listing Report
PROJECT-V230401:V00692138:PI,PROJECT-V230401,V00692138,PI,Y,,Banner Grant Listing Report
PROJECT-V230404:V00793157:PI,PROJECT-V230404,V00793157,PI,Y,,Banner Grant Listing Report
PROJECT-V230405:V00402447:PI,PROJECT-V230405,V00402447,PI,Y,,Banner Grant Listing Report
PROJECT-V230406:V00402117:PI,PROJECT-V230406,V00402117,PI,Y,,Banner Grant Listing Report
PROJECT-V230407:V00924595:PI,PROJECT-V230407,V00924595,PI,Y,,Banner Grant Listing Report
PROJECT-V230411:V00202874:PI,PROJECT-V230411,V00202874,PI,Y,,Banner Grant Listing Report
PROJECT-V230412:V00336182:PI,PROJECT-V230412,V00336182,PI,Y,,Banner Grant Listing Report
PROJECT-V230413:V00480934:PI,PROJECT-V230413,V00480934,PI,Y,,Banner Grant Listing Report
PROJECT-V230415:V00762453:PI,PROJECT-V230415,V00762453,PI,Y,,Banner Grant Listing Report
PROJECT-V230416:V00605450:PI,PROJECT-V230416,V00605450,PI,Y,,Banner Grant Listing Report
PROJECT-V230420:V00881636:PI,PROJECT-V230420,V00881636,PI,Y,,Banner Grant Listing Report
PROJECT-V230421:V00096425:PI,PROJECT-V230421,V00096425,PI,Y,,Banner Grant Listing Report
PROJECT-V230428:V00370239:PI,PROJECT-V230428,V00370239,PI,Y,,Banner Grant Listing Report
PROJECT-V230434:V00314407:PI,PROJECT-V230434,V00314407,PI,Y,,Banner Grant Listing Report
PROJECT-V230440:V00510140:PI,PROJECT-V230440,V00510140,PI,Y,,Banner Grant Listing Report
PROJECT-V230443:V00541677:PI,PROJECT-V230443,V00541677,PI,Y,,Banner Grant Listing Report
PROJECT-V230447:V00083412:PI,PROJECT-V230447,V00083412,PI,Y,,Banner Grant Listing Report
PROJECT-V230453:V00480934:PI,PROJECT-V230453,V00480934,PI,Y,,Banner Grant Listing Report
PROJECT-V230454:V00402447:PI,PROJECT-V230454,V00402447,PI,Y,,Banner Grant Listing Report
PROJECT-V230456:V00604043:PI,PROJECT-V230456,V00604043,PI,Y,,Banner Grant Listing Report
PROJECT-V230458:V00565004:PI,PROJECT-V230458,V00565004,PI,Y,,Banner Grant Listing Report
PROJECT-V230461:V00009250:PI,PROJECT-V230461,V00009250,PI,Y,,Banner Grant Listing Report
PROJECT-V230462:V01218449:PI,PROJECT-V230462,V01218449,PI,Y,,Banner Grant Listing Report
PROJECT-V230466:V00150664:PI,PROJECT-V230466,V00150664,PI,Y,,Banner Grant Listing Report
PROJECT-V230471:V00402447:PI,PROJECT-V230471,V00402447,PI,Y,,Banner Grant Listing Report
PROJECT-V230472:V00445866:PI,PROJECT-V230472,V00445866,PI,Y,,Banner Grant Listing Report
PROJECT-V230476:V00327806:PI,PROJECT-V230476,V00327806,PI,Y,,Banner Grant Listing Report
PROJECT-V230479:V00466823:PI,PROJECT-V230479,V00466823,PI,Y,,Banner Grant Listing Report
PROJECT-V230488:V00447659:PI,PROJECT-V230488,V00447659,PI,Y,,Banner Grant Listing Report
PROJECT-V230490:V00518420:PI,PROJECT-V230490,V00518420,PI,Y,,Banner Grant Listing Report
PROJECT-V230492:V00446405:PI,PROJECT-V230492,V00446405,PI,Y,,Banner Grant Listing Report
PROJECT-V230495:V00403536:PI,PROJECT-V230495,V00403536,PI,Y,,Banner Grant Listing Report
PROJECT-V230496:V00607006:PI,PROJECT-V230496,V00607006,PI,Y,,Banner Grant Listing Report
PROJECT-V230499:V00924595:PI,PROJECT-V230499,V00924595,PI,Y,,Banner Grant Listing Report
PROJECT-V230500:V00690635:PI,PROJECT-V230500,V00690635,PI,Y,,Banner Grant Listing Report
PROJECT-V230502:V01203202:PI,PROJECT-V230502,V01203202,PI,Y,,Banner Grant Listing Report
PROJECT-V230504:V00868139:PI,PROJECT-V230504,V00868139,PI,Y,,Banner Grant Listing Report
PROJECT-V230509:V00625877:PI,PROJECT-V230509,V00625877,PI,Y,,Banner Grant Listing Report
PROJECT-V230512:V00007715:PI,PROJECT-V230512,V00007715,PI,Y,,Banner Grant Listing Report
PROJECT-V230520:V00890158:PI,PROJECT-V230520,V00890158,PI,Y,,Banner Grant Listing Report
PROJECT-V230522:V00632789:PI,PROJECT-V230522,V00632789,PI,Y,,Banner Grant Listing Report
PROJECT-V230525:V00776148:PI,PROJECT-V230525,V00776148,PI,Y,,Banner Grant Listing Report
PROJECT-V230526:V00511005:PI,PROJECT-V230526,V00511005,PI,Y,,Banner Grant Listing Report
PROJECT-V230529:V00762684:PI,PROJECT-V230529,V00762684,PI,Y,,Banner Grant Listing Report
PROJECT-V230531:V00574488:PI,PROJECT-V230531,V00574488,PI,Y,,Banner Grant Listing Report
PROJECT-V230535:V00448273:PI,PROJECT-V230535,V00448273,PI,Y,,Banner Grant Listing Report
PROJECT-V230536:V00753261:PI,PROJECT-V230536,V00753261,PI,Y,,Banner Grant Listing Report
PROJECT-V230538:V00006377:PI,PROJECT-V230538,V00006377,PI,Y,,Banner Grant Listing Report
PROJECT-V230540:V00571990:PI,PROJECT-V230540,V00571990,PI,Y,,Banner Grant Listing Report
PROJECT-V230541:V00228283:PI,PROJECT-V230541,V00228283,PI,Y,,Banner Grant Listing Report
PROJECT-V230543:V00791072:PI,PROJECT-V230543,V00791072,PI,Y,,Banner Grant Listing Report
PROJECT-V230544:V00100844:PI,PROJECT-V230544,V00100844,PI,Y,,Banner Grant Listing Report
PROJECT-V230561:V00370239:PI,PROJECT-V230561,V00370239,PI,Y,,Banner Grant Listing Report
PROJECT-V230566:V00402447:PI,PROJECT-V230566,V00402447,PI,Y,,Banner Grant Listing Report
PROJECT-V230569:V00234247:PI,PROJECT-V230569,V00234247,PI,Y,,Banner Grant Listing Report
PROJECT-V230575:V00484890:PI,PROJECT-V230575,V00484890,PI,Y,,Banner Grant Listing Report
PROJECT-V230577:V00630884:PI,PROJECT-V230577,V00630884,PI,Y,,Banner Grant Listing Report
PROJECT-V230578:V00574541:PI,PROJECT-V230578,V00574541,PI,Y,,Banner Grant Listing Report
PROJECT-V230580:V00480934:PI,PROJECT-V230580,V00480934,PI,Y,,Banner Grant Listing Report
PROJECT-V230581:V00087132:PI,PROJECT-V230581,V00087132,PI,Y,,Banner Grant Listing Report
PROJECT-V230582:V00007715:PI,PROJECT-V230582,V00007715,PI,Y,,Banner Grant Listing Report
PROJECT-V230584:V00377752:PI,PROJECT-V230584,V00377752,PI,Y,,Banner Grant Listing Report
PROJECT-V230591:V00464801:PI,PROJECT-V230591,V00464801,PI,Y,,Banner Grant Listing Report
PROJECT-V230602:V00448396:PI,PROJECT-V230602,V00448396,PI,Y,,Banner Grant Listing Report
PROJECT-V230605:V00592268:PI,PROJECT-V230605,V00592268,PI,Y,,Banner Grant Listing Report
PROJECT-V230606:V01014374:PI,PROJECT-V230606,V01014374,PI,Y,,Banner Grant Listing Report
PROJECT-V230607:V00601231:PI,PROJECT-V230607,V00601231,PI,Y,,Banner Grant Listing Report
PROJECT-V230617:V00007249:PI,PROJECT-V230617,V00007249,PI,Y,,Banner Grant Listing Report
PROJECT-V230618:V00557395:PI,PROJECT-V230618,V00557395,PI,Y,,Banner Grant Listing Report
PROJECT-V230627:V00327806:PI,PROJECT-V230627,V00327806,PI,Y,,Banner Grant Listing Report
PROJECT-V230629:V00781309:PI,PROJECT-V230629,V00781309,PI,Y,,Banner Grant Listing Report
PROJECT-V230633:V00234247:PI,PROJECT-V230633,V00234247,PI,Y,,Banner Grant Listing Report
PROJECT-V230637:V00875905:PI,PROJECT-V230637,V00875905,PI,Y,,Banner Grant Listing Report
PROJECT-V230642:V00754163:PI,PROJECT-V230642,V00754163,PI,Y,,Banner Grant Listing Report
PROJECT-V230644:V00448396:PI,PROJECT-V230644,V00448396,PI,Y,,Banner Grant Listing Report
PROJECT-V230647:V00487624:PI,PROJECT-V230647,V00487624,PI,Y,,Banner Grant Listing Report
PROJECT-V230659:V00412889:PI,PROJECT-V230659,V00412889,PI,Y,,Banner Grant Listing Report
PROJECT-V230661:V00292089:PI,PROJECT-V230661,V00292089,PI,Y,,Banner Grant Listing Report
PROJECT-V230662:V00579521:PI,PROJECT-V230662,V00579521,PI,Y,,Banner Grant Listing Report
PROJECT-V230666:V00890158:PI,PROJECT-V230666,V00890158,PI,Y,,Banner Grant Listing Report
PROJECT-V230669:V00605450:PI,PROJECT-V230669,V00605450,PI,Y,,Banner Grant Listing Report
PROJECT-V230670:V00788488:PI,PROJECT-V230670,V00788488,PI,Y,,Banner Grant Listing Report
PROJECT-V230671:V00819744:PI,PROJECT-V230671,V00819744,PI,Y,,Banner Grant Listing Report
PROJECT-V230672:V00094955:PI,PROJECT-V230672,V00094955,PI,Y,,Banner Grant Listing Report
PROJECT-V230673:V00776290:PI,PROJECT-V230673,V00776290,PI,Y,,Banner Grant Listing Report
PROJECT-V230676:V00466823:PI,PROJECT-V230676,V00466823,PI,Y,,Banner Grant Listing Report
PROJECT-V230678:V00423919:PI,PROJECT-V230678,V00423919,PI,Y,,Banner Grant Listing Report
PROJECT-V230679:V00163802:PI,PROJECT-V230679,V00163802,PI,Y,,Banner Grant Listing Report
PROJECT-V230684:V00394919:PI,PROJECT-V230684,V00394919,PI,Y,,Banner Grant Listing Report
PROJECT-V230687:V00762453:PI,PROJECT-V230687,V00762453,PI,Y,,Banner Grant Listing Report
PROJECT-V230689:V00620337:PI,PROJECT-V230689,V00620337,PI,Y,,Banner Grant Listing Report
PROJECT-V230693:V00865990:PI,PROJECT-V230693,V00865990,PI,Y,,Banner Grant Listing Report
PROJECT-V230698:V00781309:PI,PROJECT-V230698,V00781309,PI,Y,,Banner Grant Listing Report
PROJECT-V230705:V00865990:PI,PROJECT-V230705,V00865990,PI,Y,,Banner Grant Listing Report
PROJECT-V230712:V00006377:PI,PROJECT-V230712,V00006377,PI,Y,,Banner Grant Listing Report
PROJECT-V230713:V00009364:PI,PROJECT-V230713,V00009364,PI,Y,,Banner Grant Listing Report
PROJECT-V230714:V00820502:PI,PROJECT-V230714,V00820502,PI,Y,,Banner Grant Listing Report
PROJECT-V230718:V00413293:PI,PROJECT-V230718,V00413293,PI,Y,,Banner Grant Listing Report
PROJECT-V230728:V00781309:PI,PROJECT-V230728,V00781309,PI,Y,,Banner Grant Listing Report
PROJECT-V230732:V00480934:PI,PROJECT-V230732,V00480934,PI,Y,,Banner Grant Listing Report
PROJECT-V230736:V00437510:PI,PROJECT-V230736,V00437510,PI,Y,,Banner Grant Listing Report
PROJECT-V230743:V00412889:PI,PROJECT-V230743,V00412889,PI,Y,,Banner Grant Listing Report
PROJECT-V230748:V00381445:PI,PROJECT-V230748,V00381445,PI,Y,,Banner Grant Listing Report
PROJECT-V230751:V00018482:PI,PROJECT-V230751,V00018482,PI,Y,,Banner Grant Listing Report
PROJECT-V230752:V00592268:PI,PROJECT-V230752,V00592268,PI,Y,,Banner Grant Listing Report
PROJECT-V230756:V00608319:PI,PROJECT-V230756,V00608319,PI,Y,,Banner Grant Listing Report
PROJECT-V230765:V00464801:PI,PROJECT-V230765,V00464801,PI,Y,,Banner Grant Listing Report
PROJECT-V230767:V00762453:PI,PROJECT-V230767,V00762453,PI,Y,,Banner Grant Listing Report
PROJECT-V230768:V00470066:PI,PROJECT-V230768,V00470066,PI,Y,,Banner Grant Listing Report
PROJECT-V230769:V00487150:PI,PROJECT-V230769,V00487150,PI,Y,,Banner Grant Listing Report
PROJECT-V230774:V00820502:PI,PROJECT-V230774,V00820502,PI,Y,,Banner Grant Listing Report
PROJECT-V230777:V00485442:PI,PROJECT-V230777,V00485442,PI,Y,,Banner Grant Listing Report
PROJECT-V230778:V00755054:PI,PROJECT-V230778,V00755054,PI,Y,,Banner Grant Listing Report
PROJECT-V230779:V00465312:PI,PROJECT-V230779,V00465312,PI,Y,,Banner Grant Listing Report
PROJECT-V230788:V01024858:PI,PROJECT-V230788,V01024858,PI,Y,,Banner Grant Listing Report
PROJECT-V230789:V00404663:PI,PROJECT-V230789,V00404663,PI,Y,,Banner Grant Listing Report
PROJECT-V230790:V00468064:PI,PROJECT-V230790,V00468064,PI,Y,,Banner Grant Listing Report
PROJECT-V230792:V00924595:PI,PROJECT-V230792,V00924595,PI,Y,,Banner Grant Listing Report
PROJECT-V230794:V00881636:PI,PROJECT-V230794,V00881636,PI,Y,,Banner Grant Listing Report
PROJECT-V230800:V00484834:PI,PROJECT-V230800,V00484834,PI,Y,,Banner Grant Listing Report
PROJECT-V230801:V00761187:PI,PROJECT-V230801,V00761187,PI,Y,,Banner Grant Listing Report
PROJECT-V230807:V00632789:PI,PROJECT-V230807,V00632789,PI,Y,,Banner Grant Listing Report
PROJECT-V230811:V00007715:PI,PROJECT-V230811,V00007715,PI,Y,,Banner Grant Listing Report
PROJECT-V230813:V00932757:PI,PROJECT-V230813,V00932757,PI,Y,,Banner Grant Listing Report
PROJECT-V230816:V00466823:PI,PROJECT-V230816,V00466823,PI,Y,,Banner Grant Listing Report
PROJECT-V230826:V00513482:PI,PROJECT-V230826,V00513482,PI,Y,,Banner Grant Listing Report
PROJECT-V230829:V00924595:PI,PROJECT-V230829,V00924595,PI,Y,,Banner Grant Listing Report
PROJECT-V230834:V00091395:PI,PROJECT-V230834,V00091395,PI,Y,,Banner Grant Listing Report
PROJECT-V230836:V00600881:PI,PROJECT-V230836,V00600881,PI,Y,,Banner Grant Listing Report
PROJECT-V230842:V00812787:PI,PROJECT-V230842,V00812787,PI,Y,,Banner Grant Listing Report
PROJECT-V230847:V00004271:PI,PROJECT-V230847,V00004271,PI,Y,,Banner Grant Listing Report
PROJECT-V230850:V00602850:PI,PROJECT-V230850,V00602850,PI,Y,,Banner Grant Listing Report
PROJECT-V230851:V00423514:PI,PROJECT-V230851,V00423514,PI,Y,,Banner Grant Listing Report
PROJECT-V230854:V00738713:PI,PROJECT-V230854,V00738713,PI,Y,,Banner Grant Listing Report
PROJECT-V230856:V00707490:PI,PROJECT-V230856,V00707490,PI,Y,,Banner Grant Listing Report
PROJECT-V230857:V00469879:PI,PROJECT-V230857,V00469879,PI,Y,,Banner Grant Listing Report
PROJECT-V230858:V00445866:PI,PROJECT-V230858,V00445866,PI,Y,,Banner Grant Listing Report
PROJECT-V230861:V00327806:PI,PROJECT-V230861,V00327806,PI,Y,,Banner Grant Listing Report
PROJECT-V230862:V01216456:PI,PROJECT-V230862,V01216456,PI,Y,,Banner Grant Listing Report
PROJECT-V230863:V00402447:PI,PROJECT-V230863,V00402447,PI,Y,,Banner Grant Listing Report
PROJECT-V230865:V00234247:PI,PROJECT-V230865,V00234247,PI,Y,,Banner Grant Listing Report
PROJECT-V230869:V00809490:PI,PROJECT-V230869,V00809490,PI,Y,,Banner Grant Listing Report
PROJECT-V230870:V00228283:PI,PROJECT-V230870,V00228283,PI,Y,,Banner Grant Listing Report
PROJECT-V230871:V00848443:PI,PROJECT-V230871,V00848443,PI,Y,,Banner Grant Listing Report
PROJECT-V230875:V00536648:PI,PROJECT-V230875,V00536648,PI,Y,,Banner Grant Listing Report
PROJECT-V230876:V00421247:PI,PROJECT-V230876,V00421247,PI,Y,,Banner Grant Listing Report
PROJECT-V230879:V00618581:PI,PROJECT-V230879,V00618581,PI,Y,,Banner Grant Listing Report
PROJECT-V230886:V00548855:PI,PROJECT-V230886,V00548855,PI,Y,,Banner Grant Listing Report
PROJECT-V230889:V00903384:PI,PROJECT-V230889,V00903384,PI,Y,,Banner Grant Listing Report
PROJECT-V230893:V00629907:PI,PROJECT-V230893,V00629907,PI,Y,,Banner Grant Listing Report
PROJECT-V230897:V00349140:PI,PROJECT-V230897,V00349140,PI,Y,,Banner Grant Listing Report
PROJECT-V230899:V00814564:PI,PROJECT-V230899,V00814564,PI,Y,,Banner Grant Listing Report
PROJECT-V230903:V00842624:PI,PROJECT-V230903,V00842624,PI,Y,,Banner Grant Listing Report
PROJECT-V230905:V00468064:PI,PROJECT-V230905,V00468064,PI,Y,,Banner Grant Listing Report
PROJECT-V230910:V00755054:PI,PROJECT-V230910,V00755054,PI,Y,,Banner Grant Listing Report
PROJECT-V230911:V00776290:PI,PROJECT-V230911,V00776290,PI,Y,,Banner Grant Listing Report
PROJECT-V230913:V00230357:PI,PROJECT-V230913,V00230357,PI,Y,,Banner Grant Listing Report
PROJECT-V230914:V00815359:PI,PROJECT-V230914,V00815359,PI,Y,,Banner Grant Listing Report
PROJECT-V230916:V00496812:PI,PROJECT-V230916,V00496812,PI,Y,,Banner Grant Listing Report
PROJECT-V230928:V00349140:PI,PROJECT-V230928,V00349140,PI,Y,,Banner Grant Listing Report
PROJECT-V230938:V00897599:PI,PROJECT-V230938,V00897599,PI,Y,,Banner Grant Listing Report
PROJECT-V230941:V00745559:PI,PROJECT-V230941,V00745559,PI,Y,,Banner Grant Listing Report
PROJECT-V230944:V00370239:PI,PROJECT-V230944,V00370239,PI,Y,,Banner Grant Listing Report
PROJECT-V230945:V00946302:PI,PROJECT-V230945,V00946302,PI,Y,,Banner Grant Listing Report
PROJECT-V230947:V00791072:PI,PROJECT-V230947,V00791072,PI,Y,,Banner Grant Listing Report
PROJECT-V230949:V00464801:PI,PROJECT-V230949,V00464801,PI,Y,,Banner Grant Listing Report
PROJECT-V230952:V00935021:PI,PROJECT-V230952,V00935021,PI,Y,,Banner Grant Listing Report
PROJECT-V230953:V00981602:PI,PROJECT-V230953,V00981602,PI,Y,,Banner Grant Listing Report
PROJECT-V230956:V00538807:PI,PROJECT-V230956,V00538807,PI,Y,,Banner Grant Listing Report
PROJECT-V230960:V00385426:PI,PROJECT-V230960,V00385426,PI,Y,,Banner Grant Listing Report
PROJECT-V230961:V01130929:PI,PROJECT-V230961,V01130929,PI,Y,,Banner Grant Listing Report
PROJECT-V230965:V00458766:PI,PROJECT-V230965,V00458766,PI,Y,,Banner Grant Listing Report
PROJECT-V230969:V00487150:PI,PROJECT-V230969,V00487150,PI,Y,,Banner Grant Listing Report
PROJECT-V230971:V00094955:PI,PROJECT-V230971,V00094955,PI,Y,,Banner Grant Listing Report
PROJECT-V230975:V00782550:PI,PROJECT-V230975,V00782550,PI,Y,,Banner Grant Listing Report
PROJECT-V230977:V00403536:PI,PROJECT-V230977,V00403536,PI,Y,,Banner Grant Listing Report
PROJECT-V230979:V00763738:PI,PROJECT-V230979,V00763738,PI,Y,,Banner Grant Listing Report
PROJECT-V230980:V01150663:PI,PROJECT-V230980,V01150663,PI,Y,,Banner Grant Listing Report
PROJECT-V230982:V01150663:PI,PROJECT-V230982,V01150663,PI,Y,,Banner Grant Listing Report
PROJECT-V230986:V00004271:PI,PROJECT-V230986,V00004271,PI,Y,,Banner Grant Listing Report
PROJECT-V230989:V00837669:PI,PROJECT-V230989,V00837669,PI,Y,,Banner Grant Listing Report
PROJECT-V230991:V00480934:PI,PROJECT-V230991,V00480934,PI,Y,,Banner Grant Listing Report
PROJECT-V230995:V00837669:PI,PROJECT-V230995,V00837669,PI,Y,,Banner Grant Listing Report
PROJECT-V231008:V00083412:PI,PROJECT-V231008,V00083412,PI,Y,,Banner Grant Listing Report
PROJECT-V231009:V00377752:PI,PROJECT-V231009,V00377752,PI,Y,,Banner Grant Listing Report
PROJECT-V231013:V00762453:PI,PROJECT-V231013,V00762453,PI,Y,,Banner Grant Listing Report
PROJECT-V231014:V00007715:PI,PROJECT-V231014,V00007715,PI,Y,,Banner Grant Listing Report
PROJECT-V231015:V00998782:PI,PROJECT-V231015,V00998782,PI,Y,,Banner Grant Listing Report
PROJECT-V231016:V00377752:PI,PROJECT-V231016,V00377752,PI,Y,,Banner Grant Listing Report
PROJECT-V231017:V00314407:PI,PROJECT-V231017,V00314407,PI,Y,,Banner Grant Listing Report
PROJECT-V231018:V00006377:PI,PROJECT-V231018,V00006377,PI,Y,,Banner Grant Listing Report
PROJECT-V231019:V00497522:PI,PROJECT-V231019,V00497522,PI,Y,,Banner Grant Listing Report
PROJECT-V231021:V00314407:PI,PROJECT-V231021,V00314407,PI,Y,,Banner Grant Listing Report
PROJECT-V231024:V00690635:PI,PROJECT-V231024,V00690635,PI,Y,,Banner Grant Listing Report
PROJECT-V231025:V00690635:PI,PROJECT-V231025,V00690635,PI,Y,,Banner Grant Listing Report
PROJECT-V231026:V00690635:PI,PROJECT-V231026,V00690635,PI,Y,,Banner Grant Listing Report
PROJECT-V231027:V00848443:PI,PROJECT-V231027,V00848443,PI,Y,,Banner Grant Listing Report
PROJECT-V231028:V00402620:PI,PROJECT-V231028,V00402620,PI,Y,,Banner Grant Listing Report
PROJECT-V231029:V00402620:PI,PROJECT-V231029,V00402620,PI,Y,,Banner Grant Listing Report
PROJECT-V231030:V00888959:PI,PROJECT-V231030,V00888959,PI,Y,,Banner Grant Listing Report
PROJECT-V231032:V00632260:PI,PROJECT-V231032,V00632260,PI,Y,,Banner Grant Listing Report
PROJECT-V231034:V00445866:PI,PROJECT-V231034,V00445866,PI,Y,,Banner Grant Listing Report
PROJECT-V231035:V00632260:PI,PROJECT-V231035,V00632260,PI,Y,,Banner Grant Listing Report
PROJECT-V231036:V00762453:PI,PROJECT-V231036,V00762453,PI,Y,,Banner Grant Listing Report
PROJECT-V231037:V00762453:PI,PROJECT-V231037,V00762453,PI,Y,,Banner Grant Listing Report
PROJECT-V231039:V00762453:PI,PROJECT-V231039,V00762453,PI,Y,,Banner Grant Listing Report
PROJECT-V231040:V00618581:PI,PROJECT-V231040,V00618581,PI,Y,,Banner Grant Listing Report
PROJECT-V231049:V00423919:PI,PROJECT-V231049,V00423919,PI,Y,,Banner Grant Listing Report
PROJECT-V231050:V00094955:PI,PROJECT-V231050,V00094955,PI,Y,,Banner Grant Listing Report
PROJECT-V231056:V00812787:PI,PROJECT-V231056,V00812787,PI,Y,,Banner Grant Listing Report
PROJECT-V231059:V00230357:PI,PROJECT-V231059,V00230357,PI,Y,,Banner Grant Listing Report
PROJECT-V231061:V00230357:PI,PROJECT-V231061,V00230357,PI,Y,,Banner Grant Listing Report
PROJECT-V231062:V00230357:PI,PROJECT-V231062,V00230357,PI,Y,,Banner Grant Listing Report
PROJECT-V231064:V00416197:PI,PROJECT-V231064,V00416197,PI,Y,,Banner Grant Listing Report
PROJECT-V231066:V00632789:PI,PROJECT-V231066,V00632789,PI,Y,,Banner Grant Listing Report
PROJECT-V231073:V00738251:PI,PROJECT-V231073,V00738251,PI,Y,,Banner Grant Listing Report
PROJECT-V231074:V00402447:PI,PROJECT-V231074,V00402447,PI,Y,,Banner Grant Listing Report
PROJECT-V231081:V01014374:PI,PROJECT-V231081,V01014374,PI,Y,,Banner Grant Listing Report
PROJECT-V231084:V00233987:PI,PROJECT-V231084,V00233987,PI,Y,,Banner Grant Listing Report
PROJECT-V231086:V00487624:PI,PROJECT-V231086,V00487624,PI,Y,,Banner Grant Listing Report
PROJECT-V231091:V00865990:PI,PROJECT-V231091,V00865990,PI,Y,,Banner Grant Listing Report
PROJECT-V231095:V00204316:PI,PROJECT-V231095,V00204316,PI,Y,,Banner Grant Listing Report
PROJECT-V231101:V00314407:PI,PROJECT-V231101,V00314407,PI,Y,,Banner Grant Listing Report
PROJECT-V231105:V00402620:PI,PROJECT-V231105,V00402620,PI,Y,,Banner Grant Listing Report
PROJECT-V231106:V00402620:PI,PROJECT-V231106,V00402620,PI,Y,,Banner Grant Listing Report
PROJECT-V231108:V00402620:PI,PROJECT-V231108,V00402620,PI,Y,,Banner Grant Listing Report
PROJECT-V231111:V00464801:PI,PROJECT-V231111,V00464801,PI,Y,,Banner Grant Listing Report
PROJECT-V231112:V00230357:PI,PROJECT-V231112,V00230357,PI,Y,,Banner Grant Listing Report
PROJECT-V231115:V00791072:PI,PROJECT-V231115,V00791072,PI,Y,,Banner Grant Listing Report
PROJECT-V231118:V00004271:PI,PROJECT-V231118,V00004271,PI,Y,,Banner Grant Listing Report
PROJECT-V231119:V00004271:PI,PROJECT-V231119,V00004271,PI,Y,,Banner Grant Listing Report
PROJECT-V231120:V01150663:PI,PROJECT-V231120,V01150663,PI,Y,,Banner Grant Listing Report
PROJECT-V231121:V00762453:PI,PROJECT-V231121,V00762453,PI,Y,,Banner Grant Listing Report
PROJECT-V240001:V00402620:PI,PROJECT-V240001,V00402620,PI,Y,,Banner Grant Listing Report
PROJECT-V240003:V00018482:PI,PROJECT-V240003,V00018482,PI,Y,,Banner Grant Listing Report
PROJECT-V240006:V00323366:PI,PROJECT-V240006,V00323366,PI,Y,,Banner Grant Listing Report
PROJECT-V240007:V00865990:PI,PROJECT-V240007,V00865990,PI,Y,,Banner Grant Listing Report
PROJECT-V240012:V00464574:PI,PROJECT-V240012,V00464574,PI,Y,,Banner Grant Listing Report
PROJECT-V240013:V00464574:PI,PROJECT-V240013,V00464574,PI,Y,,Banner Grant Listing Report
PROJECT-V240019:V00742335:PI,PROJECT-V240019,V00742335,PI,Y,,Banner Grant Listing Report
PROJECT-V240024:V00006836:PI,PROJECT-V240024,V00006836,PI,Y,,Banner Grant Listing Report
PROJECT-V240025:V00007715:PI,PROJECT-V240025,V00007715,PI,Y,,Banner Grant Listing Report
PROJECT-V240026:V00292089:PI,PROJECT-V240026,V00292089,PI,Y,,Banner Grant Listing Report
PROJECT-V240030:V00847720:PI,PROJECT-V240030,V00847720,PI,Y,,Banner Grant Listing Report
PROJECT-V240031:V01150663:PI,PROJECT-V240031,V01150663,PI,Y,,Banner Grant Listing Report
PROJECT-V240033:V00160407:PI,PROJECT-V240033,V00160407,PI,Y,,Banner Grant Listing Report
PROJECT-V240034:V00004271:PI,PROJECT-V240034,V00004271,PI,Y,,Banner Grant Listing Report
PROJECT-V240036:V00600390:PI,PROJECT-V240036,V00600390,PI,Y,,Banner Grant Listing Report
PROJECT-V240038:V00402620:PI,PROJECT-V240038,V00402620,PI,Y,,Banner Grant Listing Report
PROJECT-V240042:V00006746:PI,PROJECT-V240042,V00006746,PI,Y,,Banner Grant Listing Report
PROJECT-V240043:V00006746:PI,PROJECT-V240043,V00006746,PI,Y,,Banner Grant Listing Report
PROJECT-V240044:V00006746:PI,PROJECT-V240044,V00006746,PI,Y,,Banner Grant Listing Report
PROJECT-V240045:V00006746:PI,PROJECT-V240045,V00006746,PI,Y,,Banner Grant Listing Report
PROJECT-V240046:V00006746:PI,PROJECT-V240046,V00006746,PI,Y,,Banner Grant Listing Report
PROJECT-V240047:V00006746:PI,PROJECT-V240047,V00006746,PI,Y,,Banner Grant Listing Report
PROJECT-V240048:V00006746:PI,PROJECT-V240048,V00006746,PI,Y,,Banner Grant Listing Report
PROJECT-V240054:V00009752:PI,PROJECT-V240054,V00009752,PI,Y,,Banner Grant Listing Report
PROJECT-V240057:V00445845:PI,PROJECT-V240057,V00445845,PI,Y,,Banner Grant Listing Report
PROJECT-V240059:V00742471:PI,PROJECT-V240059,V00742471,PI,Y,,Banner Grant Listing Report
PROJECT-V240061:V00779206:PI,PROJECT-V240061,V00779206,PI,Y,,Banner Grant Listing Report
PROJECT-V240062:V00009807:PI,PROJECT-V240062,V00009807,PI,Y,,Banner Grant Listing Report
PROJECT-V240065:V00006746:PI,PROJECT-V240065,V00006746,PI,Y,,Banner Grant Listing Report
PROJECT-V240075:V00006746:PI,PROJECT-V240075,V00006746,PI,Y,,Banner Grant Listing Report
PROJECT-V240076:V00903384:PI,PROJECT-V240076,V00903384,PI,Y,,Banner Grant Listing Report
PROJECT-V240077:V00606708:PI,PROJECT-V240077,V00606708,PI,Y,,Banner Grant Listing Report
PROJECT-V240081:V00402620:PI,PROJECT-V240081,V00402620,PI,Y,,Banner Grant Listing Report
PROJECT-V240084:V00557395:PI,PROJECT-V240084,V00557395,PI,Y,,Banner Grant Listing Report
PROJECT-V240089:V00006377:PI,PROJECT-V240089,V00006377,PI,Y,,Banner Grant Listing Report
PROJECT-V240090:V00448273:PI,PROJECT-V240090,V00448273,PI,Y,,Banner Grant Listing Report
PROJECT-V240092:V01096653:PI,PROJECT-V240092,V01096653,PI,Y,,Banner Grant Listing Report
PROJECT-V240093:V00610861:PI,PROJECT-V240093,V00610861,PI,Y,,Banner Grant Listing Report
PROJECT-V240094:V01193897:PI,PROJECT-V240094,V01193897,PI,Y,,Banner Grant Listing Report
PROJECT-V240105:V00314407:PI,PROJECT-V240105,V00314407,PI,Y,,Banner Grant Listing Report
PROJECT-V240110:V00465023:PI,PROJECT-V240110,V00465023,PI,Y,,Banner Grant Listing Report
PROJECT-V240112:V00701182:PI,PROJECT-V240112,V00701182,PI,Y,,Banner Grant Listing Report
PROJECT-V240113:V00019889:PI,PROJECT-V240113,V00019889,PI,Y,,Banner Grant Listing Report
PROJECT-V240115:V00541677:PI,PROJECT-V240115,V00541677,PI,Y,,Banner Grant Listing Report
PROJECT-V240118:V00422502:PI,PROJECT-V240118,V00422502,PI,Y,,Banner Grant Listing Report
PROJECT-V240120:V00234247:PI,PROJECT-V240120,V00234247,PI,Y,,Banner Grant Listing Report
PROJECT-V240121:V00480934:PI,PROJECT-V240121,V00480934,PI,Y,,Banner Grant Listing Report
PROJECT-V240127:V00487624:PI,PROJECT-V240127,V00487624,PI,Y,,Banner Grant Listing Report
PROJECT-V240135:V00466694:PI,PROJECT-V240135,V00466694,PI,Y,,Banner Grant Listing Report
PROJECT-V240136:V01218768:PI,PROJECT-V240136,V01218768,PI,Y,,Banner Grant Listing Report
PROJECT-V240139:V00941863:PI,PROJECT-V240139,V00941863,PI,Y,,Banner Grant Listing Report
PROJECT-V240140:V00890340:PI,PROJECT-V240140,V00890340,PI,Y,,Banner Grant Listing Report
PROJECT-V240147:V00465312:PI,PROJECT-V240147,V00465312,PI,Y,,Banner Grant Listing Report
PROJECT-V240149:V00848443:PI,PROJECT-V240149,V00848443,PI,Y,,Banner Grant Listing Report
PROJECT-V240152:V00008005:PI,PROJECT-V240152,V00008005,PI,Y,,Banner Grant Listing Report
PROJECT-V240153:V00465203:PI,PROJECT-V240153,V00465203,PI,Y,,Banner Grant Listing Report
PROJECT-V240163:V00009364:PI,PROJECT-V240163,V00009364,PI,Y,,Banner Grant Listing Report
PROJECT-V240164:V00969038:PI,PROJECT-V240164,V00969038,PI,Y,,Banner Grant Listing Report
PROJECT-V240165:V00983091:PI,PROJECT-V240165,V00983091,PI,Y,,Banner Grant Listing Report
PROJECT-V240166:V00402620:PI,PROJECT-V240166,V00402620,PI,Y,,Banner Grant Listing Report
PROJECT-V240173:V00624440:PI,PROJECT-V240173,V00624440,PI,Y,,Banner Grant Listing Report
PROJECT-V240182:V00602625:PI,PROJECT-V240182,V00602625,PI,Y,,Banner Grant Listing Report
PROJECT-V240184:V00327806:PI,PROJECT-V240184,V00327806,PI,Y,,Banner Grant Listing Report
PROJECT-V240185:V01038711:PI,PROJECT-V240185,V01038711,PI,Y,,Banner Grant Listing Report
PROJECT-V240189:V00007110:PI,PROJECT-V240189,V00007110,PI,Y,,Banner Grant Listing Report
PROJECT-V240197:V00091395:PI,PROJECT-V240197,V00091395,PI,Y,,Banner Grant Listing Report
PROJECT-V240201:V00452781:PI,PROJECT-V240201,V00452781,PI,Y,,Banner Grant Listing Report
PROJECT-V240204:V00341947:PI,PROJECT-V240204,V00341947,PI,Y,,Banner Grant Listing Report
PROJECT-V240208:V01019332:PI,PROJECT-V240208,V01019332,PI,Y,,Banner Grant Listing Report
PROJECT-V240221:V00485099:PI,PROJECT-V240221,V00485099,PI,Y,,Banner Grant Listing Report
PROJECT-V240234:V00487150:PI,PROJECT-V240234,V00487150,PI,Y,,Banner Grant Listing Report
PROJECT-V240238:V00094955:PI,PROJECT-V240238,V00094955,PI,Y,,Banner Grant Listing Report
PROJECT-V240239:V01150663:PI,PROJECT-V240239,V01150663,PI,Y,,Banner Grant Listing Report
PROJECT-V240251:V00423919:PI,PROJECT-V240251,V00423919,PI,Y,,Banner Grant Listing Report
PROJECT-V240259:V00762453:PI,PROJECT-V240259,V00762453,PI,Y,,Banner Grant Listing Report
PROJECT-V240260:V00879981:PI,PROJECT-V240260,V00879981,PI,Y,,Banner Grant Listing Report
PROJECT-V240261:V00010597:PI,PROJECT-V240261,V00010597,PI,Y,,Banner Grant Listing Report
PROJECT-V240269:V00888762:PI,PROJECT-V240269,V00888762,PI,Y,,Banner Grant Listing Report
PROJECT-V240273:V00891901:PI,PROJECT-V240273,V00891901,PI,Y,,Banner Grant Listing Report
PROJECT-V240278:V00948283:PI,PROJECT-V240278,V00948283,PI,Y,,Banner Grant Listing Report
PROJECT-V240279:V00900677:PI,PROJECT-V240279,V00900677,PI,Y,,Banner Grant Listing Report
PROJECT-V240280:V00006377:PI,PROJECT-V240280,V00006377,PI,Y,,Banner Grant Listing Report
PROJECT-V240281:V00006377:PI,PROJECT-V240281,V00006377,PI,Y,,Banner Grant Listing Report
PROJECT-V240288:V00404663:PI,PROJECT-V240288,V00404663,PI,Y,,Banner Grant Listing Report
PROJECT-V240291:V00428212:PI,PROJECT-V240291,V00428212,PI,Y,,Banner Grant Listing Report
PROJECT-V240302:V00541677:PI,PROJECT-V240302,V00541677,PI,Y,,Banner Grant Listing Report
PROJECT-V240303:V00513482:PI,PROJECT-V240303,V00513482,PI,Y,,Banner Grant Listing Report
PROJECT-V240305:V00741423:PI,PROJECT-V240305,V00741423,PI,Y,,Banner Grant Listing Report
PROJECT-V240310:V00890340:PI,PROJECT-V240310,V00890340,PI,Y,,Banner Grant Listing Report
PROJECT-V240311:V00933409:PI,PROJECT-V240311,V00933409,PI,Y,,Banner Grant Listing Report
PROJECT-V240319:V00541677:PI,PROJECT-V240319,V00541677,PI,Y,,Banner Grant Listing Report
PROJECT-V240329:V01048731:PI,PROJECT-V240329,V01048731,PI,Y,,Banner Grant Listing Report
PROJECT-V240330:V00549574:PI,PROJECT-V240330,V00549574,PI,Y,,Banner Grant Listing Report
PROJECT-V240331:V00875905:PI,PROJECT-V240331,V00875905,PI,Y,,Banner Grant Listing Report
PROJECT-V240335:V00888959:PI,PROJECT-V240335,V00888959,PI,Y,,Banner Grant Listing Report
PROJECT-V240341:V00469879:PI,PROJECT-V240341,V00469879,PI,Y,,Banner Grant Listing Report
PROJECT-V240345:V01138777:PI,PROJECT-V240345,V01138777,PI,Y,,Banner Grant Listing Report
PROJECT-V240347:V00541677:PI,PROJECT-V240347,V00541677,PI,Y,,Banner Grant Listing Report
PROJECT-V240351:V00605746:PI,PROJECT-V240351,V00605746,PI,Y,,Banner Grant Listing Report
PROJECT-V240353:V00469879:PI,PROJECT-V240353,V00469879,PI,Y,,Banner Grant Listing Report
PROJECT-V240356:V00206663:PI,PROJECT-V240356,V00206663,PI,Y,,Banner Grant Listing Report
PROJECT-V240370:V00301581:PI,PROJECT-V240370,V00301581,PI,Y,,Banner Grant Listing Report
PROJECT-V240371:V00718360:PI,PROJECT-V240371,V00718360,PI,Y,,Banner Grant Listing Report
PROJECT-V240372:V01130929:PI,PROJECT-V240372,V01130929,PI,Y,,Banner Grant Listing Report
PROJECT-V240374:V00298856:PI,PROJECT-V240374,V00298856,PI,Y,,Banner Grant Listing Report
PROJECT-V240376:V00487150:PI,PROJECT-V240376,V00487150,PI,Y,,Banner Grant Listing Report
PROJECT-V240377:V00590690:PI,PROJECT-V240377,V00590690,PI,Y,,Banner Grant Listing Report
PROJECT-V240378:V00605450:PI,PROJECT-V240378,V00605450,PI,Y,,Banner Grant Listing Report
PROJECT-V240379:V00513482:PI,PROJECT-V240379,V00513482,PI,Y,,Banner Grant Listing Report
PROJECT-V240381:V00420154:PI,PROJECT-V240381,V00420154,PI,Y,,Banner Grant Listing Report
PROJECT-V240382:V00096425:PI,PROJECT-V240382,V00096425,PI,Y,,Banner Grant Listing Report
PROJECT-V240384:V00553017:PI,PROJECT-V240384,V00553017,PI,Y,,Banner Grant Listing Report
PROJECT-V240387:V00010116:PI,PROJECT-V240387,V00010116,PI,Y,,Banner Grant Listing Report
PROJECT-V240390:V00868288:PI,PROJECT-V240390,V00868288,PI,Y,,Banner Grant Listing Report
PROJECT-V240391:V00799434:PI,PROJECT-V240391,V00799434,PI,Y,,Banner Grant Listing Report
PROJECT-V240396:V00421926:PI,PROJECT-V240396,V00421926,PI,Y,,Banner Grant Listing Report
PROJECT-V240398:V00793157:PI,PROJECT-V240398,V00793157,PI,Y,,Banner Grant Listing Report
PROJECT-V240399:V00448396:PI,PROJECT-V240399,V00448396,PI,Y,,Banner Grant Listing Report
PROJECT-V240401:V00611327:PI,PROJECT-V240401,V00611327,PI,Y,,Banner Grant Listing Report
PROJECT-V240410:V00812787:PI,PROJECT-V240410,V00812787,PI,Y,,Banner Grant Listing Report
PROJECT-V240411:V00819744:PI,PROJECT-V240411,V00819744,PI,Y,,Banner Grant Listing Report
PROJECT-V240412:V00491729:PI,PROJECT-V240412,V00491729,PI,Y,,Banner Grant Listing Report
PROJECT-V240413:V01225777:PI,PROJECT-V240413,V01225777,PI,Y,,Banner Grant Listing Report
PROJECT-V240414:V00664431:PI,PROJECT-V240414,V00664431,PI,Y,,Banner Grant Listing Report
PROJECT-V240415:V01225777:PI,PROJECT-V240415,V01225777,PI,Y,,Banner Grant Listing Report
PROJECT-V240416:V00446038:PI,PROJECT-V240416,V00446038,PI,Y,,Banner Grant Listing Report
PROJECT-V240420:V00618581:PI,PROJECT-V240420,V00618581,PI,Y,,Banner Grant Listing Report
PROJECT-V240423:V00480934:PI,PROJECT-V240423,V00480934,PI,Y,,Banner Grant Listing Report
PROJECT-V240425:V00091395:PI,PROJECT-V240425,V00091395,PI,Y,,Banner Grant Listing Report
PROJECT-V240426:V00924595:PI,PROJECT-V240426,V00924595,PI,Y,,Banner Grant Listing Report
PROJECT-V240427:V00738251:PI,PROJECT-V240427,V00738251,PI,Y,,Banner Grant Listing Report
PROJECT-V240429:V00336182:PI,PROJECT-V240429,V00336182,PI,Y,,Banner Grant Listing Report
PROJECT-V240430:V00762453:PI,PROJECT-V240430,V00762453,PI,Y,,Banner Grant Listing Report
PROJECT-V240432:V00137831:PI,PROJECT-V240432,V00137831,PI,Y,,Banner Grant Listing Report
PROJECT-V240436:V00692138:PI,PROJECT-V240436,V00692138,PI,Y,,Banner Grant Listing Report
PROJECT-V240438:V00738713:PI,PROJECT-V240438,V00738713,PI,Y,,Banner Grant Listing Report
PROJECT-V240441:V00565004:PI,PROJECT-V240441,V00565004,PI,Y,,Banner Grant Listing Report
PROJECT-V240442:V00610861:PI,PROJECT-V240442,V00610861,PI,Y,,Banner Grant Listing Report
PROJECT-V240444:V00510140:PI,PROJECT-V240444,V00510140,PI,Y,,Banner Grant Listing Report
PROJECT-V240446:V00010183:PI,PROJECT-V240446,V00010183,PI,Y,,Banner Grant Listing Report
PROJECT-V240447:V00010183:PI,PROJECT-V240447,V00010183,PI,Y,,Banner Grant Listing Report
PROJECT-V240450:V00083412:PI,PROJECT-V240450,V00083412,PI,Y,,Banner Grant Listing Report
PROJECT-V240454:V00402447:PI,PROJECT-V240454,V00402447,PI,Y,,Banner Grant Listing Report
PROJECT-V240457:V01216456:PI,PROJECT-V240457,V01216456,PI,Y,,Banner Grant Listing Report
PROJECT-V240461:V00289565:PI,PROJECT-V240461,V00289565,PI,Y,,Banner Grant Listing Report
PROJECT-V240465:V00690635:PI,PROJECT-V240465,V00690635,PI,Y,,Banner Grant Listing Report
PROJECT-V240471:V00394919:PI,PROJECT-V240471,V00394919,PI,Y,,Banner Grant Listing Report
PROJECT-V240476:V00228283:PI,PROJECT-V240476,V00228283,PI,Y,,Banner Grant Listing Report
PROJECT-V240478:V00009250:PI,PROJECT-V240478,V00009250,PI,Y,,Banner Grant Listing Report
PROJECT-V240479:V00160407:PI,PROJECT-V240479,V00160407,PI,Y,,Banner Grant Listing Report
PROJECT-V240480:V01218449:PI,PROJECT-V240480,V01218449,PI,Y,,Banner Grant Listing Report
PROJECT-V240481:V01193897:PI,PROJECT-V240481,V01193897,PI,Y,,Banner Grant Listing Report
PROJECT-V240482:V00327806:PI,PROJECT-V240482,V00327806,PI,Y,,Banner Grant Listing Report
PROJECT-V240483:V00762684:PI,PROJECT-V240483,V00762684,PI,Y,,Banner Grant Listing Report
PROJECT-V240486:V00487150:PI,PROJECT-V240486,V00487150,PI,Y,,Banner Grant Listing Report
PROJECT-V240488:V00402447:PI,PROJECT-V240488,V00402447,PI,Y,,Banner Grant Listing Report
PROJECT-V240491:V00763412:PI,PROJECT-V240491,V00763412,PI,Y,,Banner Grant Listing Report
PROJECT-V240493:V00620337:PI,PROJECT-V240493,V00620337,PI,Y,,Banner Grant Listing Report
PROJECT-V240504:V00368736:PI,PROJECT-V240504,V00368736,PI,Y,,Banner Grant Listing Report
PROJECT-V240505:V01150663:PI,PROJECT-V240505,V01150663,PI,Y,,Banner Grant Listing Report
PROJECT-V240506:V00445866:PI,PROJECT-V240506,V00445866,PI,Y,,Banner Grant Listing Report
PROJECT-V240514:V00941863:PI,PROJECT-V240514,V00941863,PI,Y,,Banner Grant Listing Report
PROJECT-V240519:V00087132:PI,PROJECT-V240519,V00087132,PI,Y,,Banner Grant Listing Report
PROJECT-V240525:V00230357:PI,PROJECT-V240525,V00230357,PI,Y,,Banner Grant Listing Report
PROJECT-V240527:V00423919:PI,PROJECT-V240527,V00423919,PI,Y,,Banner Grant Listing Report
PROJECT-V240528:V00998782:PI,PROJECT-V240528,V00998782,PI,Y,,Banner Grant Listing Report
PROJECT-V240535:V00828034:PI,PROJECT-V240535,V00828034,PI,Y,,Banner Grant Listing Report
PROJECT-V240538:V00204316:PI,PROJECT-V240538,V00204316,PI,Y,,Banner Grant Listing Report
PROJECT-V240542:V00404591:PI,PROJECT-V240542,V00404591,PI,Y,,Banner Grant Listing Report
PROJECT-V240544:V00480934:PI,PROJECT-V240544,V00480934,PI,Y,,Banner Grant Listing Report
PROJECT-V240545:V00510140:PI,PROJECT-V240545,V00510140,PI,Y,,Banner Grant Listing Report
PROJECT-V240546:V00510140:PI,PROJECT-V240546,V00510140,PI,Y,,Banner Grant Listing Report
PROJECT-V240547:V00510140:PI,PROJECT-V240547,V00510140,PI,Y,,Banner Grant Listing Report
PROJECT-V240548:V00630884:PI,PROJECT-V240548,V00630884,PI,Y,,Banner Grant Listing Report
PROJECT-V240549:V00630884:PI,PROJECT-V240549,V00630884,PI,Y,,Banner Grant Listing Report
PROJECT-V240550:V00377752:PI,PROJECT-V240550,V00377752,PI,Y,,Banner Grant Listing Report
PROJECT-V240555:V00678637:PI,PROJECT-V240555,V00678637,PI,Y,,Banner Grant Listing Report
PROJECT-V240556:V00018482:PI,PROJECT-V240556,V00018482,PI,Y,,Banner Grant Listing Report
PROJECT-V240559:V00869456:PI,PROJECT-V240559,V00869456,PI,Y,,Banner Grant Listing Report
PROJECT-V240560:V01047842:PI,PROJECT-V240560,V01047842,PI,Y,,Banner Grant Listing Report
PROJECT-V240562:V00730215:PI,PROJECT-V240562,V00730215,PI,Y,,Banner Grant Listing Report
PROJECT-V240565:V00632789:PI,PROJECT-V240565,V00632789,PI,Y,,Banner Grant Listing Report
PROJECT-V240566:V00791072:PI,PROJECT-V240566,V00791072,PI,Y,,Banner Grant Listing Report
PROJECT-V240567:V00402620:PI,PROJECT-V240567,V00402620,PI,Y,,Banner Grant Listing Report
PROJECT-V240568:V00228283:PI,PROJECT-V240568,V00228283,PI,Y,,Banner Grant Listing Report
PROJECT-V240570:V00762453:PI,PROJECT-V240570,V00762453,PI,Y,,Banner Grant Listing Report
PROJECT-V240571:V00009752:PI,PROJECT-V240571,V00009752,PI,Y,,Banner Grant Listing Report
PROJECT-V240572:V00592268:PI,PROJECT-V240572,V00592268,PI,Y,,Banner Grant Listing Report
PROJECT-V240573:V00791072:PI,PROJECT-V240573,V00791072,PI,Y,,Banner Grant Listing Report
PROJECT-V240575:V00837669:PI,PROJECT-V240575,V00837669,PI,Y,,Banner Grant Listing Report
PROJECT-V240576:V00549574:PI,PROJECT-V240576,V00549574,PI,Y,,Banner Grant Listing Report
PROJECT-V240578:V00007249:PI,PROJECT-V240578,V00007249,PI,Y,,Banner Grant Listing Report
PROJECT-V240581:V00762453:PI,PROJECT-V240581,V00762453,PI,Y,,Banner Grant Listing Report
PROJECT-V240586:V00006377:PI,PROJECT-V240586,V00006377,PI,Y,,Banner Grant Listing Report
PROJECT-V240591:V00019889:PI,PROJECT-V240591,V00019889,PI,Y,,Banner Grant Listing Report
PROJECT-V240593:V00575455:PI,PROJECT-V240593,V00575455,PI,Y,,Banner Grant Listing Report
PROJECT-V240595:V00402447:PI,PROJECT-V240595,V00402447,PI,Y,,Banner Grant Listing Report
PROJECT-V240602:V00349140:PI,PROJECT-V240602,V00349140,PI,Y,,Banner Grant Listing Report
PROJECT-V240603:V00793157:PI,PROJECT-V240603,V00793157,PI,Y,,Banner Grant Listing Report
PROJECT-V240605:V00773670:PI,PROJECT-V240605,V00773670,PI,Y,,Banner Grant Listing Report
PROJECT-V240614:V00007715:PI,PROJECT-V240614,V00007715,PI,Y,,Banner Grant Listing Report
PROJECT-V240615:V00629907:PI,PROJECT-V240615,V00629907,PI,Y,,Banner Grant Listing Report
PROJECT-V240621:V00600348:PI,PROJECT-V240621,V00600348,PI,Y,,Banner Grant Listing Report
PROJECT-V240623:V00630884:PI,PROJECT-V240623,V00630884,PI,Y,,Banner Grant Listing Report
PROJECT-V240625:V00448273:PI,PROJECT-V240625,V00448273,PI,Y,,Banner Grant Listing Report
PROJECT-V240632:V00538807:PI,PROJECT-V240632,V00538807,PI,Y,,Banner Grant Listing Report
PROJECT-V240636:V00466823:PI,PROJECT-V240636,V00466823,PI,Y,,Banner Grant Listing Report
PROJECT-V240637:V00538807:PI,PROJECT-V240637,V00538807,PI,Y,,Banner Grant Listing Report
PROJECT-V240641:V00423919:PI,PROJECT-V240641,V00423919,PI,Y,,Banner Grant Listing Report
PROJECT-V240643:V00096579:PI,PROJECT-V240643,V00096579,PI,Y,,Banner Grant Listing Report
PROJECT-V240649:V00608319:PI,PROJECT-V240649,V00608319,PI,Y,,Banner Grant Listing Report
PROJECT-V240651:V00156046:PI,PROJECT-V240651,V00156046,PI,Y,,Banner Grant Listing Report
PROJECT-V240654:V00776290:PI,PROJECT-V240654,V00776290,PI,Y,,Banner Grant Listing Report
PROJECT-V240655:V00752857:PI,PROJECT-V240655,V00752857,PI,Y,,Banner Grant Listing Report
PROJECT-V240656:V00006746:PI,PROJECT-V240656,V00006746,PI,Y,,Banner Grant Listing Report
PROJECT-V240660:V00782550:PI,PROJECT-V240660,V00782550,PI,Y,,Banner Grant Listing Report
PROJECT-V240661:V00487624:PI,PROJECT-V240661,V00487624,PI,Y,,Banner Grant Listing Report
PROJECT-V240662:V00872442:PI,PROJECT-V240662,V00872442,PI,Y,,Banner Grant Listing Report
PROJECT-V240664:V00725933:PI,PROJECT-V240664,V00725933,PI,Y,,Banner Grant Listing Report
PROJECT-V240665:V00883633:PI,PROJECT-V240665,V00883633,PI,Y,,Banner Grant Listing Report
PROJECT-V240668:V00602850:PI,PROJECT-V240668,V00602850,PI,Y,,Banner Grant Listing Report
PROJECT-V240674:V00872442:PI,PROJECT-V240674,V00872442,PI,Y,,Banner Grant Listing Report
PROJECT-V240675:V00608319:PI,PROJECT-V240675,V00608319,PI,Y,,Banner Grant Listing Report
PROJECT-V240676:V00448273:PI,PROJECT-V240676,V00448273,PI,Y,,Banner Grant Listing Report
PROJECT-V240680:V00448273:PI,PROJECT-V240680,V00448273,PI,Y,,Banner Grant Listing Report
PROJECT-V240683:V00690635:PI,PROJECT-V240683,V00690635,PI,Y,,Banner Grant Listing Report
PROJECT-V240685:V00087132:PI,PROJECT-V240685,V00087132,PI,Y,,Banner Grant Listing Report
PROJECT-V240687:V00532176:PI,PROJECT-V240687,V00532176,PI,Y,,Banner Grant Listing Report
PROJECT-V240689:V00469730:PI,PROJECT-V240689,V00469730,PI,Y,,Banner Grant Listing Report
PROJECT-V240697:V00398189:PI,PROJECT-V240697,V00398189,PI,Y,,Banner Grant Listing Report
PROJECT-V240701:V00377752:PI,PROJECT-V240701,V00377752,PI,Y,,Banner Grant Listing Report
PROJECT-V240702:V00480934:PI,PROJECT-V240702,V00480934,PI,Y,,Banner Grant Listing Report
PROJECT-V240706:V00489476:PI,PROJECT-V240706,V00489476,PI,Y,,Banner Grant Listing Report
PROJECT-V240707:V00298856:PI,PROJECT-V240707,V00298856,PI,Y,,Banner Grant Listing Report
PROJECT-V240708:V00327806:PI,PROJECT-V240708,V00327806,PI,Y,,Banner Grant Listing Report
PROJECT-V240709:V00370239:PI,PROJECT-V240709,V00370239,PI,Y,,Banner Grant Listing Report
PROJECT-V240713:V00155313:PI,PROJECT-V240713,V00155313,PI,Y,,Banner Grant Listing Report
PROJECT-V240717:V00457671:PI,PROJECT-V240717,V00457671,PI,Y,,Banner Grant Listing Report
PROJECT-V240721:V00781309:PI,PROJECT-V240721,V00781309,PI,Y,,Banner Grant Listing Report
PROJECT-V240722:V00230357:PI,PROJECT-V240722,V00230357,PI,Y,,Banner Grant Listing Report
PROJECT-V240725:V00604694:PI,PROJECT-V240725,V00604694,PI,Y,,Banner Grant Listing Report
PROJECT-V240727:V00019889:PI,PROJECT-V240727,V00019889,PI,Y,,Banner Grant Listing Report
PROJECT-V240730:V00602850:PI,PROJECT-V240730,V00602850,PI,Y,,Banner Grant Listing Report
PROJECT-V240731:V00402447:PI,PROJECT-V240731,V00402447,PI,Y,,Banner Grant Listing Report
PROJECT-V240734:V01095290:PI,PROJECT-V240734,V01095290,PI,Y,,Banner Grant Listing Report
PROJECT-V240738:V01038711:PI,PROJECT-V240738,V01038711,PI,Y,,Banner Grant Listing Report
PROJECT-V240739:V00405972:PI,PROJECT-V240739,V00405972,PI,Y,,Banner Grant Listing Report
PROJECT-V240742:V00513482:PI,PROJECT-V240742,V00513482,PI,Y,,Banner Grant Listing Report
PROJECT-V240745:V00776290:PI,PROJECT-V240745,V00776290,PI,Y,,Banner Grant Listing Report
PROJECT-V240750:V00019889:PI,PROJECT-V240750,V00019889,PI,Y,,Banner Grant Listing Report
PROJECT-V240753:V00010116:PI,PROJECT-V240753,V00010116,PI,Y,,Banner Grant Listing Report
PROJECT-V240754:V00493878:PI,PROJECT-V240754,V00493878,PI,Y,,Banner Grant Listing Report
PROJECT-V240757:V00809490:PI,PROJECT-V240757,V00809490,PI,Y,,Banner Grant Listing Report
PROJECT-V240773:V00487150:PI,PROJECT-V240773,V00487150,PI,Y,,Banner Grant Listing Report
PROJECT-V240776:V00484834:PI,PROJECT-V240776,V00484834,PI,Y,,Banner Grant Listing Report
PROJECT-V240777:V00574651:PI,PROJECT-V240777,V00574651,PI,Y,,Banner Grant Listing Report
PROJECT-V240778:V00092403:PI,PROJECT-V240778,V00092403,PI,Y,,Banner Grant Listing Report
PROJECT-V240779:V00366762:PI,PROJECT-V240779,V00366762,PI,Y,,Banner Grant Listing Report
PROJECT-V240782:V00518420:PI,PROJECT-V240782,V00518420,PI,Y,,Banner Grant Listing Report
PROJECT-V240783:V00869456:PI,PROJECT-V240783,V00869456,PI,Y,,Banner Grant Listing Report
PROJECT-V240787:V00781309:PI,PROJECT-V240787,V00781309,PI,Y,,Banner Grant Listing Report
PROJECT-V240797:V00246471:PI,PROJECT-V240797,V00246471,PI,Y,,Banner Grant Listing Report
PROJECT-V240800:V00361141:PI,PROJECT-V240800,V00361141,PI,Y,,Banner Grant Listing Report
PROJECT-V240801:V00234247:PI,PROJECT-V240801,V00234247,PI,Y,,Banner Grant Listing Report
PROJECT-V240802:V00004271:PI,PROJECT-V240802,V00004271,PI,Y,,Banner Grant Listing Report
PROJECT-V240808:V00484668:PI,PROJECT-V240808,V00484668,PI,Y,,Banner Grant Listing Report
PROJECT-V240810:V00605392:PI,PROJECT-V240810,V00605392,PI,Y,,Banner Grant Listing Report
PROJECT-V240812:V00156046:PI,PROJECT-V240812,V00156046,PI,Y,,Banner Grant Listing Report
PROJECT-V240820:V00812787:PI,PROJECT-V240820,V00812787,PI,Y,,Banner Grant Listing Report
PROJECT-V240823:V00599169:PI,PROJECT-V240823,V00599169,PI,Y,,Banner Grant Listing Report
PROJECT-V240826:V00809490:PI,PROJECT-V240826,V00809490,PI,Y,,Banner Grant Listing Report
PROJECT-V240827:V00009364:PI,PROJECT-V240827,V00009364,PI,Y,,Banner Grant Listing Report
PROJECT-V240828:V00942568:PI,PROJECT-V240828,V00942568,PI,Y,,Banner Grant Listing Report
PROJECT-V240829:V01130929:PI,PROJECT-V240829,V01130929,PI,Y,,Banner Grant Listing Report
PROJECT-V240830:V00150664:PI,PROJECT-V240830,V00150664,PI,Y,,Banner Grant Listing Report
PROJECT-V240838:V00815359:PI,PROJECT-V240838,V00815359,PI,Y,,Banner Grant Listing Report
PROJECT-V240843:V00983091:PI,PROJECT-V240843,V00983091,PI,Y,,Banner Grant Listing Report
PROJECT-V240848:V00499477:PI,PROJECT-V240848,V00499477,PI,Y,,Banner Grant Listing Report
PROJECT-V240852:V00550017:PI,PROJECT-V240852,V00550017,PI,Y,,Banner Grant Listing Report
PROJECT-V240865:V00545009:PI,PROJECT-V240865,V00545009,PI,Y,,Banner Grant Listing Report
PROJECT-V240874:V00611327:PI,PROJECT-V240874,V00611327,PI,Y,,Banner Grant Listing Report
PROJECT-V240876:V00969038:PI,PROJECT-V240876,V00969038,PI,Y,,Banner Grant Listing Report
PROJECT-V240891:V00014243:PI,PROJECT-V240891,V00014243,PI,Y,,Banner Grant Listing Report
PROJECT-V240895:V00484106:PI,PROJECT-V240895,V00484106,PI,Y,,Banner Grant Listing Report
PROJECT-V240899:V00006836:PI,PROJECT-V240899,V00006836,PI,Y,,Banner Grant Listing Report
PROJECT-V240908:V01015288:PI,PROJECT-V240908,V01015288,PI,Y,,Banner Grant Listing Report
PROJECT-V240909:V00664297:PI,PROJECT-V240909,V00664297,PI,Y,,Banner Grant Listing Report
PROJECT-V240913:V00837669:PI,PROJECT-V240913,V00837669,PI,Y,,Banner Grant Listing Report
PROJECT-V240919:V00456746:PI,PROJECT-V240919,V00456746,PI,Y,,Banner Grant Listing Report
PROJECT-V240921:V01130929:PI,PROJECT-V240921,V01130929,PI,Y,,Banner Grant Listing Report
PROJECT-V240927:V00812787:PI,PROJECT-V240927,V00812787,PI,Y,,Banner Grant Listing Report
PROJECT-V240932:V00480934:PI,PROJECT-V240932,V00480934,PI,Y,,Banner Grant Listing Report
PROJECT-V240935:V00745559:PI,PROJECT-V240935,V00745559,PI,Y,,Banner Grant Listing Report
PROJECT-V240937:V00292089:PI,PROJECT-V240937,V00292089,PI,Y,,Banner Grant Listing Report
PROJECT-V240940:V00604593:PI,PROJECT-V240940,V00604593,PI,Y,,Banner Grant Listing Report
PROJECT-V240941:V00487624:PI,PROJECT-V240941,V00487624,PI,Y,,Banner Grant Listing Report
PROJECT-V240944:V00094955:PI,PROJECT-V240944,V00094955,PI,Y,,Banner Grant Listing Report
PROJECT-V240946:V00083412:PI,PROJECT-V240946,V00083412,PI,Y,,Banner Grant Listing Report
PROJECT-V240948:V00692138:PI,PROJECT-V240948,V00692138,PI,Y,,Banner Grant Listing Report
PROJECT-V240949:V00799434:PI,PROJECT-V240949,V00799434,PI,Y,,Banner Grant Listing Report
PROJECT-V240951:V01150663:PI,PROJECT-V240951,V01150663,PI,Y,,Banner Grant Listing Report
PROJECT-V240953:V00962530:PI,PROJECT-V240953,V00962530,PI,Y,,Banner Grant Listing Report
PROJECT-V240955:V00549574:PI,PROJECT-V240955,V00549574,PI,Y,,Banner Grant Listing Report
PROJECT-V240956:V00083412:PI,PROJECT-V240956,V00083412,PI,Y,,Banner Grant Listing Report
PROJECT-V240957:V00624898:PI,PROJECT-V240957,V00624898,PI,Y,,Banner Grant Listing Report
PROJECT-V240958:V00377752:PI,PROJECT-V240958,V00377752,PI,Y,,Banner Grant Listing Report
PROJECT-V240959:V00837669:PI,PROJECT-V240959,V00837669,PI,Y,,Banner Grant Listing Report
PROJECT-V240962:V00762453:PI,PROJECT-V240962,V00762453,PI,Y,,Banner Grant Listing Report
PROJECT-V240965:V00622721:PI,PROJECT-V240965,V00622721,PI,Y,,Banner Grant Listing Report
PROJECT-V240967:V00611327:PI,PROJECT-V240967,V00611327,PI,Y,,Banner Grant Listing Report
PROJECT-V240969:V01150663:PI,PROJECT-V240969,V01150663,PI,Y,,Banner Grant Listing Report
PROJECT-V240972:V00156046:PI,PROJECT-V240972,V00156046,PI,Y,,Banner Grant Listing Report
PROJECT-V240973:V00690635:PI,PROJECT-V240973,V00690635,PI,Y,,Banner Grant Listing Report
PROJECT-V240974:V00004271:PI,PROJECT-V240974,V00004271,PI,Y,,Banner Grant Listing Report
PROJECT-V240975:V00019889:PI,PROJECT-V240975,V00019889,PI,Y,,Banner Grant Listing Report
PROJECT-V240979:V00448396:PI,PROJECT-V240979,V00448396,PI,Y,,Banner Grant Listing Report
PROJECT-V240980:V00416197:PI,PROJECT-V240980,V00416197,PI,Y,,Banner Grant Listing Report
PROJECT-V240982:V00632260:PI,PROJECT-V240982,V00632260,PI,Y,,Banner Grant Listing Report
PROJECT-V240984:V00632260:PI,PROJECT-V240984,V00632260,PI,Y,,Banner Grant Listing Report
PROJECT-V240986:V00762453:PI,PROJECT-V240986,V00762453,PI,Y,,Banner Grant Listing Report
PROJECT-V240987:V00762453:PI,PROJECT-V240987,V00762453,PI,Y,,Banner Grant Listing Report
PROJECT-V240988:V00006131:PI,PROJECT-V240988,V00006131,PI,Y,,Banner Grant Listing Report
PROJECT-V240990:V00208013:PI,PROJECT-V240990,V00208013,PI,Y,,Banner Grant Listing Report
PROJECT-V240992:V00690635:PI,PROJECT-V240992,V00690635,PI,Y,,Banner Grant Listing Report
PROJECT-V240994:V00607006:PI,PROJECT-V240994,V00607006,PI,Y,,Banner Grant Listing Report
PROJECT-V240995:V00781309:PI,PROJECT-V240995,V00781309,PI,Y,,Banner Grant Listing Report
PROJECT-V240996:V00632260:PI,PROJECT-V240996,V00632260,PI,Y,,Banner Grant Listing Report
PROJECT-V240998:V00577836:PI,PROJECT-V240998,V00577836,PI,Y,,Banner Grant Listing Report
PROJECT-V241002:V00402620:PI,PROJECT-V241002,V00402620,PI,Y,,Banner Grant Listing Report
PROJECT-V241004:V00402620:PI,PROJECT-V241004,V00402620,PI,Y,,Banner Grant Listing Report
PROJECT-V241007:V00156754:PI,PROJECT-V241007,V00156754,PI,Y,,Banner Grant Listing Report
PROJECT-V241009:V00314407:PI,PROJECT-V241009,V00314407,PI,Y,,Banner Grant Listing Report
PROJECT-V241013:V00557173:PI,PROJECT-V241013,V00557173,PI,Y,,Banner Grant Listing Report
PROJECT-V241018:V00525119:PI,PROJECT-V241018,V00525119,PI,Y,,Banner Grant Listing Report
PROJECT-V241020:V00402620:PI,PROJECT-V241020,V00402620,PI,Y,,Banner Grant Listing Report
PROJECT-V241021:V00599169:PI,PROJECT-V241021,V00599169,PI,Y,,Banner Grant Listing Report
PROJECT-V241024:V00932525:PI,PROJECT-V241024,V00932525,PI,Y,,Banner Grant Listing Report
PROJECT-V241029:V00230357:PI,PROJECT-V241029,V00230357,PI,Y,,Banner Grant Listing Report
PROJECT-V241030:V00230357:PI,PROJECT-V241030,V00230357,PI,Y,,Banner Grant Listing Report
PROJECT-V241031:V00402620:PI,PROJECT-V241031,V00402620,PI,Y,,Banner Grant Listing Report
PROJECT-V241033:V00435911:PI,PROJECT-V241033,V00435911,PI,Y,,Banner Grant Listing Report
PROJECT-V241036:V00428212:PI,PROJECT-V241036,V00428212,PI,Y,,Banner Grant Listing Report
PROJECT-V241038:V00156046:PI,PROJECT-V241038,V00156046,PI,Y,,Banner Grant Listing Report
PROJECT-V241041:V01219761:PI,PROJECT-V241041,V01219761,PI,Y,,Banner Grant Listing Report
PROJECT-V241042:V00327806:PI,PROJECT-V241042,V00327806,PI,Y,,Banner Grant Listing Report
PROJECT-V241044:V00480934:PI,PROJECT-V241044,V00480934,PI,Y,,Banner Grant Listing Report
PROJECT-V241049:V00230357:PI,PROJECT-V241049,V00230357,PI,Y,,Banner Grant Listing Report
PROJECT-V241054:V01095290:PI,PROJECT-V241054,V01095290,PI,Y,,Banner Grant Listing Report
PROJECT-V241055:V00446038:PI,PROJECT-V241055,V00446038,PI,Y,,Banner Grant Listing Report
PROJECT-V241061:V00323366:PI,PROJECT-V241061,V00323366,PI,Y,,Banner Grant Listing Report
PROJECT-V241062:V00006746:PI,PROJECT-V241062,V00006746,PI,Y,,Banner Grant Listing Report
PROJECT-V241063:V00618581:PI,PROJECT-V241063,V00618581,PI,Y,,Banner Grant Listing Report
PROJECT-V241068:V00610861:PI,PROJECT-V241068,V00610861,PI,Y,,Banner Grant Listing Report
PROJECT-V241069:V00006746:PI,PROJECT-V241069,V00006746,PI,Y,,Banner Grant Listing Report
PROJECT-V241070:V00469730:PI,PROJECT-V241070,V00469730,PI,Y,,Banner Grant Listing Report
PROJECT-V241071:V00006746:PI,PROJECT-V241071,V00006746,PI,Y,,Banner Grant Listing Report
PROJECT-V241072:V00004271:PI,PROJECT-V241072,V00004271,PI,Y,,Banner Grant Listing Report
PROJECT-V241074:V00007715:PI,PROJECT-V241074,V00007715,PI,Y,,Banner Grant Listing Report
PROJECT-V241076:V00402620:PI,PROJECT-V241076,V00402620,PI,Y,,Banner Grant Listing Report
PROJECT-V241078:V00006746:PI,PROJECT-V241078,V00006746,PI,Y,,Banner Grant Listing Report
PROJECT-V241081:V00204316:PI,PROJECT-V241081,V00204316,PI,Y,,Banner Grant Listing Report
PROJECT-V241082:V00006746:PI,PROJECT-V241082,V00006746,PI,Y,,Banner Grant Listing Report
PROJECT-V241083:V00469730:PI,PROJECT-V241083,V00469730,PI,Y,,Banner Grant Listing Report
PROJECT-V241085:V00464574:PI,PROJECT-V241085,V00464574,PI,Y,,Banner Grant Listing Report
PROJECT-V241090:V00004271:PI,PROJECT-V241090,V00004271,PI,Y,,Banner Grant Listing Report
PROJECT-V241091:V00004271:PI,PROJECT-V241091,V00004271,PI,Y,,Banner Grant Listing Report
PROJECT-V241092:V00402620:PI,PROJECT-V241092,V00402620,PI,Y,,Banner Grant Listing Report
PROJECT-V241099:V00611327:PI,PROJECT-V241099,V00611327,PI,Y,,Banner Grant Listing Report
PROJECT-V250002:V00160407:PI,PROJECT-V250002,V00160407,PI,Y,,Banner Grant Listing Report
PROJECT-V250004:V00202874:PI,PROJECT-V250004,V00202874,PI,Y,,Banner Grant Listing Report
PROJECT-V250006:V00828034:PI,PROJECT-V250006,V00828034,PI,Y,,Banner Grant Listing Report
PROJECT-V250007:V01130929:PI,PROJECT-V250007,V01130929,PI,Y,,Banner Grant Listing Report
PROJECT-V250009:V00602625:PI,PROJECT-V250009,V00602625,PI,Y,,Banner Grant Listing Report
PROJECT-V250038:V00469879:PI,PROJECT-V250038,V00469879,PI,Y,,Banner Grant Listing Report
PROJECT-V250039:V00487624:PI,PROJECT-V250039,V00487624,PI,Y,,Banner Grant Listing Report
PROJECT-V250041:V00941863:PI,PROJECT-V250041,V00941863,PI,Y,,Banner Grant Listing Report
PROJECT-V250042:V01193897:PI,PROJECT-V250042,V01193897,PI,Y,,Banner Grant Listing Report
PROJECT-V250043:V00137831:PI,PROJECT-V250043,V00137831,PI,Y,,Banner Grant Listing Report
PROJECT-V250044:V00443802:PI,PROJECT-V250044,V00443802,PI,Y,,Banner Grant Listing Report
PROJECT-V250047:V00742471:PI,PROJECT-V250047,V00742471,PI,Y,,Banner Grant Listing Report
PROJECT-V250055:V01212423:PI,PROJECT-V250055,V01212423,PI,Y,,Banner Grant Listing Report
PROJECT-V250063:V00738859:PI,PROJECT-V250063,V00738859,PI,Y,,Banner Grant Listing Report
PROJECT-V250065:V00010597:PI,PROJECT-V250065,V00010597,PI,Y,,Banner Grant Listing Report
PROJECT-V250069:V01218768:PI,PROJECT-V250069,V01218768,PI,Y,,Banner Grant Listing Report
PROJECT-V250080:V00606949:PI,PROJECT-V250080,V00606949,PI,Y,,Banner Grant Listing Report
PROJECT-V250081:V00995218:PI,PROJECT-V250081,V00995218,PI,Y,,Banner Grant Listing Report
PROJECT-V250083:V00995218:PI,PROJECT-V250083,V00995218,PI,Y,,Banner Grant Listing Report
PROJECT-V250111:V00327806:PI,PROJECT-V250111,V00327806,PI,Y,,Banner Grant Listing Report
PROJECT-V250120:V00487150:PI,PROJECT-V250120,V00487150,PI,Y,,Banner Grant Listing Report
PROJECT-V250125:V00909094:PI,PROJECT-V250125,V00909094,PI,Y,,Banner Grant Listing Report
PROJECT-V250127:V00663553:PI,PROJECT-V250127,V00663553,PI,Y,,Banner Grant Listing Report
PROJECT-V250131:V00772605:PI,PROJECT-V250131,V00772605,PI,Y,,Banner Grant Listing Report
PROJECT-V250132:V00006377:PI,PROJECT-V250132,V00006377,PI,Y,,Banner Grant Listing Report
PROJECT-V250133:V00006377:PI,PROJECT-V250133,V00006377,PI,Y,,Banner Grant Listing Report
PROJECT-V250134:V00872442:PI,PROJECT-V250134,V00872442,PI,Y,,Banner Grant Listing Report
PROJECT-V250136:V00604151:PI,PROJECT-V250136,V00604151,PI,Y,,Banner Grant Listing Report
PROJECT-V250137:V00701182:PI,PROJECT-V250137,V00701182,PI,Y,,Banner Grant Listing Report
PROJECT-V250138:V01150663:PI,PROJECT-V250138,V01150663,PI,Y,,Banner Grant Listing Report
PROJECT-V250140:V00932757:PI,PROJECT-V250140,V00932757,PI,Y,,Banner Grant Listing Report
PROJECT-V250142:V00848443:PI,PROJECT-V250142,V00848443,PI,Y,,Banner Grant Listing Report
PROJECT-V250143:V00402620:PI,PROJECT-V250143,V00402620,PI,Y,,Banner Grant Listing Report
PROJECT-V250144:V00402620:PI,PROJECT-V250144,V00402620,PI,Y,,Banner Grant Listing Report
PROJECT-V250149:V00762453:PI,PROJECT-V250149,V00762453,PI,Y,,Banner Grant Listing Report
PROJECT-V250150:V00848443:PI,PROJECT-V250150,V00848443,PI,Y,,Banner Grant Listing Report
PROJECT-V250151:V00404663:PI,PROJECT-V250151,V00404663,PI,Y,,Banner Grant Listing Report
PROJECT-V250153:V00228283:PI,PROJECT-V250153,V00228283,PI,Y,,Banner Grant Listing Report
PROJECT-V250155:V00007645:PI,PROJECT-V250155,V00007645,PI,Y,,Banner Grant Listing Report
PROJECT-V250156:V00466694:PI,PROJECT-V250156,V00466694,PI,Y,,Banner Grant Listing Report
PROJECT-V250158:V00956840:PI,PROJECT-V250158,V00956840,PI,Y,,Banner Grant Listing Report
PROJECT-V250162:V00156046:PI,PROJECT-V250162,V00156046,PI,Y,,Banner Grant Listing Report
PROJECT-V250163:V00019889:PI,PROJECT-V250163,V00019889,PI,Y,,Banner Grant Listing Report
PROJECT-V250169:V00465312:PI,PROJECT-V250169,V00465312,PI,Y,,Banner Grant Listing Report
PROJECT-V250173:V00018482:PI,PROJECT-V250173,V00018482,PI,Y,,Banner Grant Listing Report
PROJECT-V250176:V00019889:PI,PROJECT-V250176,V00019889,PI,Y,,Banner Grant Listing Report
PROJECT-V250182:V00496812:PI,PROJECT-V250182,V00496812,PI,Y,,Banner Grant Listing Report
PROJECT-V250188:V00233579:PI,PROJECT-V250188,V00233579,PI,Y,,Banner Grant Listing Report
PROJECT-V250198:V00837669:PI,PROJECT-V250198,V00837669,PI,Y,,Banner Grant Listing Report
PROJECT-V250203:V00402620:PI,PROJECT-V250203,V00402620,PI,Y,,Banner Grant Listing Report
PROJECT-V250209:V00496320:PI,PROJECT-V250209,V00496320,PI,Y,,Banner Grant Listing Report
PROJECT-V250210:V00815350:PI,PROJECT-V250210,V00815350,PI,Y,,Banner Grant Listing Report
PROJECT-V250212:V00602850:PI,PROJECT-V250212,V00602850,PI,Y,,Banner Grant Listing Report
PROJECT-V250219:V00865990:PI,PROJECT-V250219,V00865990,PI,Y,,Banner Grant Listing Report
PROJECT-V250222:V00402620:PI,PROJECT-V250222,V00402620,PI,Y,,Banner Grant Listing Report
PROJECT-V250226:V00007645:PI,PROJECT-V250226,V00007645,PI,Y,,Banner Grant Listing Report
PROJECT-V250227:V00301581:PI,PROJECT-V250227,V00301581,PI,Y,,Banner Grant Listing Report
PROJECT-V250233:V00422502:PI,PROJECT-V250233,V00422502,PI,Y,,Banner Grant Listing Report
PROJECT-V250235:V00464098:PI,PROJECT-V250235,V00464098,PI,Y,,Banner Grant Listing Report
PROJECT-V250239:V00692138:PI,PROJECT-V250239,V00692138,PI,Y,,Banner Grant Listing Report
PROJECT-V250242:V00692138:PI,PROJECT-V250242,V00692138,PI,Y,,Banner Grant Listing Report
PROJECT-V250243:V00603119:PI,PROJECT-V250243,V00603119,PI,Y,,Banner Grant Listing Report
PROJECT-V250244:V00781309:PI,PROJECT-V250244,V00781309,PI,Y,,Banner Grant Listing Report
PROJECT-V250247:V01036731:PI,PROJECT-V250247,V01036731,PI,Y,,Banner Grant Listing Report
PROJECT-V250249:V00004271:PI,PROJECT-V250249,V00004271,PI,Y,,Banner Grant Listing Report
PROJECT-V250252:V00596441:PI,PROJECT-V250252,V00596441,PI,Y,,Banner Grant Listing Report
PROJECT-V250255:V00741423:PI,PROJECT-V250255,V00741423,PI,Y,,Banner Grant Listing Report
PROJECT-V250256:V00402620:PI,PROJECT-V250256,V00402620,PI,Y,,Banner Grant Listing Report
PROJECT-V250260:V00815350:PI,PROJECT-V250260,V00815350,PI,Y,,Banner Grant Listing Report
PROJECT-V250263:V00611327:PI,PROJECT-V250263,V00611327,PI,Y,,Banner Grant Listing Report
PROJECT-V250269:V00487624:PI,PROJECT-V250269,V00487624,PI,Y,,Banner Grant Listing Report
PROJECT-V250270:V00606949:PI,PROJECT-V250270,V00606949,PI,Y,,Banner Grant Listing Report
PROJECT-V250272:V00014243:PI,PROJECT-V250272,V00014243,PI,Y,,Banner Grant Listing Report
PROJECT-V250274:V00448273:PI,PROJECT-V250274,V00448273,PI,Y,,Banner Grant Listing Report
PROJECT-V250275:V00480934:PI,PROJECT-V250275,V00480934,PI,Y,,Banner Grant Listing Report
PROJECT-V250279:V00532176:PI,PROJECT-V250279,V00532176,PI,Y,,Banner Grant Listing Report
PROJECT-V250280:V00541677:PI,PROJECT-V250280,V00541677,PI,Y,,Banner Grant Listing Report
PROJECT-V250286:V00664297:PI,PROJECT-V250286,V00664297,PI,Y,,Banner Grant Listing Report
PROJECT-V250288:V01038711:PI,PROJECT-V250288,V01038711,PI,Y,,Banner Grant Listing Report
PROJECT-V250289:V00603364:PI,PROJECT-V250289,V00603364,PI,Y,,Banner Grant Listing Report
PROJECT-V250292:V00610861:PI,PROJECT-V250292,V00610861,PI,Y,,Banner Grant Listing Report
PROJECT-V250295:V00541677:PI,PROJECT-V250295,V00541677,PI,Y,,Banner Grant Listing Report
PROJECT-V250298:V00624440:PI,PROJECT-V250298,V00624440,PI,Y,,Banner Grant Listing Report
PROJECT-V250300:V00156099:PI,PROJECT-V250300,V00156099,PI,Y,,Banner Grant Listing Report
PROJECT-V250301:V01014374:PI,PROJECT-V250301,V01014374,PI,Y,,Banner Grant Listing Report
PROJECT-V250308:V00888959:PI,PROJECT-V250308,V00888959,PI,Y,,Banner Grant Listing Report
PROJECT-V250311:V00009364:PI,PROJECT-V250311,V00009364,PI,Y,,Banner Grant Listing Report
PROJECT-V250323:V00428212:PI,PROJECT-V250323,V00428212,PI,Y,,Banner Grant Listing Report
PROJECT-V250324:V01034181:PI,PROJECT-V250324,V01034181,PI,Y,,Banner Grant Listing Report
PROJECT-V250325:V00755054:PI,PROJECT-V250325,V00755054,PI,Y,,Banner Grant Listing Report
PROJECT-V250326:V00470066:PI,PROJECT-V250326,V00470066,PI,Y,,Banner Grant Listing Report
PROJECT-V250333:V00420154:PI,PROJECT-V250333,V00420154,PI,Y,,Banner Grant Listing Report
PROJECT-V250335:V00006579:PI,PROJECT-V250335,V00006579,PI,Y,,Banner Grant Listing Report
PROJECT-V250336:V00592268:PI,PROJECT-V250336,V00592268,PI,Y,,Banner Grant Listing Report
PROJECT-V250337:V00006836:PI,PROJECT-V250337,V00006836,PI,Y,,Banner Grant Listing Report
PROJECT-V250341:V00009364:PI,PROJECT-V250341,V00009364,PI,Y,,Banner Grant Listing Report
PROJECT-V250342:V00541677:PI,PROJECT-V250342,V00541677,PI,Y,,Banner Grant Listing Report
PROJECT-V250345:V01216456:PI,PROJECT-V250345,V01216456,PI,Y,,Banner Grant Listing Report
PROJECT-V250347:V00932757:PI,PROJECT-V250347,V00932757,PI,Y,,Banner Grant Listing Report
PROJECT-V250349:V00837669:PI,PROJECT-V250349,V00837669,PI,Y,,Banner Grant Listing Report
PROJECT-V250350:V00480934:PI,PROJECT-V250350,V00480934,PI,Y,,Banner Grant Listing Report
PROJECT-V250351:V00799434:PI,PROJECT-V250351,V00799434,PI,Y,,Banner Grant Listing Report
PROJECT-V250354:V00402447:PI,PROJECT-V250354,V00402447,PI,Y,,Banner Grant Listing Report
PROJECT-V250361:V00755054:PI,PROJECT-V250361,V00755054,PI,Y,,Banner Grant Listing Report
PROJECT-V250365:V00480934:PI,PROJECT-V250365,V00480934,PI,Y,,Banner Grant Listing Report
PROJECT-V250370:V00773670:PI,PROJECT-V250370,V00773670,PI,Y,,Banner Grant Listing Report
PROJECT-V250375:V00092403:PI,PROJECT-V250375,V00092403,PI,Y,,Banner Grant Listing Report
PROJECT-V250381:V00510140:PI,PROJECT-V250381,V00510140,PI,Y,,Banner Grant Listing Report
PROJECT-V250382:V00553017:PI,PROJECT-V250382,V00553017,PI,Y,,Banner Grant Listing Report
PROJECT-V250383:V00010116:PI,PROJECT-V250383,V00010116,PI,Y,,Banner Grant Listing Report
PROJECT-V250389:V00496320:PI,PROJECT-V250389,V00496320,PI,Y,,Banner Grant Listing Report
PROJECT-V250394:V00983091:PI,PROJECT-V250394,V00983091,PI,Y,,Banner Grant Listing Report
PROJECT-V250400:V00402447:PI,PROJECT-V250400,V00402447,PI,Y,,Banner Grant Listing Report
PROJECT-V250403:V00781309:PI,PROJECT-V250403,V00781309,PI,Y,,Banner Grant Listing Report
PROJECT-V250406:V00565004:PI,PROJECT-V250406,V00565004,PI,Y,,Banner Grant Listing Report
PROJECT-V250407:V00466823:PI,PROJECT-V250407,V00466823,PI,Y,,Banner Grant Listing Report
PROJECT-V250408:V00630665:PI,PROJECT-V250408,V00630665,PI,Y,,Banner Grant Listing Report
PROJECT-V250409:V01216456:PI,PROJECT-V250409,V01216456,PI,Y,,Banner Grant Listing Report
PROJECT-V250410:V00868288:PI,PROJECT-V250410,V00868288,PI,Y,,Banner Grant Listing Report
PROJECT-V250412:V01150663:PI,PROJECT-V250412,V01150663,PI,Y,,Banner Grant Listing Report
PROJECT-V250413:V00605746:PI,PROJECT-V250413,V00605746,PI,Y,,Banner Grant Listing Report
PROJECT-V250415:V01150663:PI,PROJECT-V250415,V01150663,PI,Y,,Banner Grant Listing Report
PROJECT-V250416:V00137831:PI,PROJECT-V250416,V00137831,PI,Y,,Banner Grant Listing Report
PROJECT-V250417:V00091395:PI,PROJECT-V250417,V00091395,PI,Y,,Banner Grant Listing Report
PROJECT-V250420:V00010183:PI,PROJECT-V250420,V00010183,PI,Y,,Banner Grant Listing Report
PROJECT-V250421:V00010183:PI,PROJECT-V250421,V00010183,PI,Y,,Banner Grant Listing Report
PROJECT-V250425:V00480934:PI,PROJECT-V250425,V00480934,PI,Y,,Banner Grant Listing Report
PROJECT-V250427:V00605746:PI,PROJECT-V250427,V00605746,PI,Y,,Banner Grant Listing Report
PROJECT-V250429:V00411413:PI,PROJECT-V250429,V00411413,PI,Y,,Banner Grant Listing Report
PROJECT-V250430:V00234247:PI,PROJECT-V250430,V00234247,PI,Y,,Banner Grant Listing Report
PROJECT-V250432:V00006752:PI,PROJECT-V250432,V00006752,PI,Y,,Banner Grant Listing Report
PROJECT-V250434:V00776290:PI,PROJECT-V250434,V00776290,PI,Y,,Banner Grant Listing Report
PROJECT-V250436:V00599165:PI,PROJECT-V250436,V00599165,PI,Y,,Banner Grant Listing Report
PROJECT-V250437:V00632789:PI,PROJECT-V250437,V00632789,PI,Y,,Banner Grant Listing Report
PROJECT-V250444:V00402620:PI,PROJECT-V250444,V00402620,PI,Y,,Banner Grant Listing Report
PROJECT-V250446:V00491729:PI,PROJECT-V250446,V00491729,PI,Y,,Banner Grant Listing Report
PROJECT-V250448:V00298856:PI,PROJECT-V250448,V00298856,PI,Y,,Banner Grant Listing Report
PROJECT-V250451:V00202629:PI,PROJECT-V250451,V00202629,PI,Y,,Banner Grant Listing Report
PROJECT-V250452:V00793157:PI,PROJECT-V250452,V00793157,PI,Y,,Banner Grant Listing Report
PROJECT-V250463:V00932757:PI,PROJECT-V250463,V00932757,PI,Y,,Banner Grant Listing Report
PROJECT-V250466:V00448396:PI,PROJECT-V250466,V00448396,PI,Y,,Banner Grant Listing Report
PROJECT-V250468:V00092403:PI,PROJECT-V250468,V00092403,PI,Y,,Banner Grant Listing Report
PROJECT-V250469:V00599169:PI,PROJECT-V250469,V00599169,PI,Y,,Banner Grant Listing Report
PROJECT-V250472:V00793157:PI,PROJECT-V250472,V00793157,PI,Y,,Banner Grant Listing Report
PROJECT-V250477:V01047842:PI,PROJECT-V250477,V01047842,PI,Y,,Banner Grant Listing Report
PROJECT-V250478:V00083412:PI,PROJECT-V250478,V00083412,PI,Y,,Banner Grant Listing Report
PROJECT-V250481:V00006746:PI,PROJECT-V250481,V00006746,PI,Y,,Banner Grant Listing Report
PROJECT-V250482:V00761187:PI,PROJECT-V250482,V00761187,PI,Y,,Banner Grant Listing Report
PROJECT-V250485:V00423919:PI,PROJECT-V250485,V00423919,PI,Y,,Banner Grant Listing Report
PROJECT-V250489:V00624440:PI,PROJECT-V250489,V00624440,PI,Y,,Banner Grant Listing Report
PROJECT-V250491:V00611327:PI,PROJECT-V250491,V00611327,PI,Y,,Banner Grant Listing Report
PROJECT-V250493:V00298856:PI,PROJECT-V250493,V00298856,PI,Y,,Banner Grant Listing Report
PROJECT-V250495:V00924595:PI,PROJECT-V250495,V00924595,PI,Y,,Banner Grant Listing Report
PROJECT-V250498:V00868288:PI,PROJECT-V250498,V00868288,PI,Y,,Banner Grant Listing Report
PROJECT-V250508:V00484890:PI,PROJECT-V250508,V00484890,PI,Y,,Banner Grant Listing Report
PROJECT-V250509:V00618581:PI,PROJECT-V250509,V00618581,PI,Y,,Banner Grant Listing Report
PROJECT-V250518:V00664188:PI,PROJECT-V250518,V00664188,PI,Y,,Banner Grant Listing Report
PROJECT-V250521:V01193897:PI,PROJECT-V250521,V01193897,PI,Y,,Banner Grant Listing Report
PROJECT-V250525:V01218449:PI,PROJECT-V250525,V01218449,PI,Y,,Banner Grant Listing Report
PROJECT-V250544:V00402447:PI,PROJECT-V250544,V00402447,PI,Y,,Banner Grant Listing Report
PROJECT-V250552:V00423919:PI,PROJECT-V250552,V00423919,PI,Y,,Banner Grant Listing Report
PROJECT-V250554:V00828034:PI,PROJECT-V250554,V00828034,PI,Y,,Banner Grant Listing Report
PROJECT-V250555:V00592268:PI,PROJECT-V250555,V00592268,PI,Y,,Banner Grant Listing Report
PROJECT-V250556:V00881636:PI,PROJECT-V250556,V00881636,PI,Y,,Banner Grant Listing Report
PROJECT-V250559:V00762453:PI,PROJECT-V250559,V00762453,PI,Y,,Banner Grant Listing Report
PROJECT-V250561:V00604694:PI,PROJECT-V250561,V00604694,PI,Y,,Banner Grant Listing Report
PROJECT-V250566:V00402447:PI,PROJECT-V250566,V00402447,PI,Y,,Banner Grant Listing Report
PROJECT-V250573:V00891901:PI,PROJECT-V250573,V00891901,PI,Y,,Banner Grant Listing Report
PROJECT-V250577:V00487624:PI,PROJECT-V250577,V00487624,PI,Y,,Banner Grant Listing Report
PROJECT-V250578:V00781309:PI,PROJECT-V250578,V00781309,PI,Y,,Banner Grant Listing Report
PROJECT-V250608:V00632789:PI,PROJECT-V250608,V00632789,PI,Y,,Banner Grant Listing Report
PROJECT-V250638:V01055443:PI,PROJECT-V250638,V01055443,PI,Y,,Banner Grant Listing Report
PROJECT-V250642:V00538807:PI,PROJECT-V250642,V00538807,PI,Y,,Banner Grant Listing Report
PROJECT-V250643:V00763412:PI,PROJECT-V250643,V00763412,PI,Y,,Banner Grant Listing Report
PROJECT-V250644:V00738251:PI,PROJECT-V250644,V00738251,PI,Y,,Banner Grant Listing Report
PROJECT-V250645:V01095290:PI,PROJECT-V250645,V01095290,PI,Y,,Banner Grant Listing Report
PROJECT-V250646:V00654841:PI,PROJECT-V250646,V00654841,PI,Y,,Banner Grant Listing Report
PROJECT-V250648:V00577836:PI,PROJECT-V250648,V00577836,PI,Y,,Banner Grant Listing Report
PROJECT-V250651:V00820502:PI,PROJECT-V250651,V00820502,PI,Y,,Banner Grant Listing Report
PROJECT-V250660:V00465312:PI,PROJECT-V250660,V00465312,PI,Y,,Banner Grant Listing Report
PROJECT-V250668:V00480934:PI,PROJECT-V250668,V00480934,PI,Y,,Banner Grant Listing Report
PROJECT-V250674:V00448396:PI,PROJECT-V250674,V00448396,PI,Y,,Banner Grant Listing Report
PROJECT-V250685:V00230128:PI,PROJECT-V250685,V00230128,PI,Y,,Banner Grant Listing Report
PROJECT-V250706:V00545009:PI,PROJECT-V250706,V00545009,PI,Y,,Banner Grant Listing Report
PROJECT-V250715:V00006377:PI,PROJECT-V250715,V00006377,PI,Y,,Banner Grant Listing Report
PROJECT-V250717:V00464574:PI,PROJECT-V250717,V00464574,PI,Y,,Banner Grant Listing Report
PROJECT-V250722:V00092403:PI,PROJECT-V250722,V00092403,PI,Y,,Banner Grant Listing Report
PROJECT-V250727:V00903384:PI,PROJECT-V250727,V00903384,PI,Y,,Banner Grant Listing Report
PROJECT-V250729:V00903384:PI,PROJECT-V250729,V00903384,PI,Y,,Banner Grant Listing Report
PROJECT-V250737:V00602850:PI,PROJECT-V250737,V00602850,PI,Y,,Banner Grant Listing Report
PROJECT-V250740:V00007379:PI,PROJECT-V250740,V00007379,PI,Y,,Banner Grant Listing Report
PROJECT-V250758:V00208013:PI,PROJECT-V250758,V00208013,PI,Y,,Banner Grant Listing Report
PROJECT-V250764:V00411413:PI,PROJECT-V250764,V00411413,PI,Y,,Banner Grant Listing Report
PROJECT-V250770:V00018482:PI,PROJECT-V250770,V00018482,PI,Y,,Banner Grant Listing Report
PROJECT-V250805:V00603119:PI,PROJECT-V250805,V00603119,PI,Y,,Banner Grant Listing Report
PROJECT-V250806:V00006836:PI,PROJECT-V250806,V00006836,PI,Y,,Banner Grant Listing Report
PROJECT-V250837:V01130929:PI,PROJECT-V250837,V01130929,PI,Y,,Banner Grant Listing Report
PROJECT-V250845:V00618581:PI,PROJECT-V250845,V00618581,PI,Y,,Banner Grant Listing Report
PROJECT-V250860:V00327359:PI,PROJECT-V250860,V00327359,PI,Y,,Banner Grant Listing Report
PROJECT-V250861:V00532176:PI,PROJECT-V250861,V00532176,PI,Y,,Banner Grant Listing Report
PROJECT-V250864:V00942568:PI,PROJECT-V250864,V00942568,PI,Y,,Banner Grant Listing Report
PROJECT-V250865:V00618581:PI,PROJECT-V250865,V00618581,PI,Y,,Banner Grant Listing Report
PROJECT-V250867:V01049921:PI,PROJECT-V250867,V01049921,PI,Y,,Banner Grant Listing Report
PROJECT-V250868:V00745559:PI,PROJECT-V250868,V00745559,PI,Y,,Banner Grant Listing Report
PROJECT-V250875:V00018482:PI,PROJECT-V250875,V00018482,PI,Y,,Banner Grant Listing Report
PROJECT-V250907:V00611327:PI,PROJECT-V250907,V00611327,PI,Y,,Banner Grant Listing Report
PROJECT-V250910:V00704292:PI,PROJECT-V250910,V00704292,PI,Y,,Banner Grant Listing Report
PROJECT-V250911:V00327806:PI,PROJECT-V250911,V00327806,PI,Y,,Banner Grant Listing Report
PROJECT-V250915:V00913009:PI,PROJECT-V250915,V00913009,PI,Y,,Banner Grant Listing Report
PROJECT-V250917:V00470030:PI,PROJECT-V250917,V00470030,PI,Y,,Banner Grant Listing Report
PROJECT-V250925:V00480934:PI,PROJECT-V250925,V00480934,PI,Y,,Banner Grant Listing Report
PROJECT-V250930:V00692138:PI,PROJECT-V250930,V00692138,PI,Y,,Banner Grant Listing Report
PROJECT-V250932:V00692138:PI,PROJECT-V250932,V00692138,PI,Y,,Banner Grant Listing Report
PROJECT-V250939:V00487150:PI,PROJECT-V250939,V00487150,PI,Y,,Banner Grant Listing Report
PROJECT-V250943:V00298856:PI,PROJECT-V250943,V00298856,PI,Y,,Banner Grant Listing Report
PROJECT-V250944:V00327806:PI,PROJECT-V250944,V00327806,PI,Y,,Banner Grant Listing Report
PROJECT-V250946:V00611327:PI,PROJECT-V250946,V00611327,PI,Y,,Banner Grant Listing Report
PROJECT-V250985:V00577836:PI,PROJECT-V250985,V00577836,PI,Y,,Banner Grant Listing Report
PROJECT-V260025:V00848119:PI,PROJECT-V260025,V00848119,PI,Y,,Banner Grant Listing Report
PROJECT-V260027:V01047842:PI,PROJECT-V260027,V01047842,PI,Y,,Banner Grant Listing Report
PROJECT-V260028:V00577836:PI,PROJECT-V260028,V00577836,PI,Y,,Banner Grant Listing Report
PROJECT-V260029:V00774185:PI,PROJECT-V260029,V00774185,PI,Y,,Banner Grant Listing Report
PROJECT-V260042:V00592268:PI,PROJECT-V260042,V00592268,PI,Y,,Banner Grant Listing Report
PROJECT-V260169:V00565242:PI,PROJECT-V260169,V00565242,PI,Y,,Banner Grant Listing Report
