proposal_id,proposal_number,proposal_title,project_id,sponsor_organization_id,lead_organization_id,proposal_status,start_date,end_date,source_system,needs_veras_enrichment,title_source_path,title_source_type
08900D,08900D,DHHS NIH Idaho INBRE-4 Yr 1,PROJECT-08900D,SPONSOR-DHHS1,UI-LEAD,Active,2019-05-01,2025-04-30,Banner+VERAS Pending,N,SI3394/08900D/Proposal/08900D_5P20GM103408_Proposal Application_20260313.pdf,proposal_pdf
10099-R,10099-R,,PROJECT-10099-R,SPONSOR-DHHS1,UI-LEAD,Active,2019-09-16,2025-07-31,Banner+VERAS Pending,Y,,
10197-R,10197-R,,PROJECT-10197-R,SPONSOR-BALSTA,UI-LEAD,Active,2019-05-15,2025-05-14,Banner+VERAS Pending,Y,,
16080,16080,,PROJECT-16080,SPONSOR-NSF,UI-LEAD,Active,2016-09-01,2025-08-31,Banner+VERAS Pending,Y,,
16290,16290,,PROJECT-16290,SPONSOR-NSF,UI-LEAD,Active,2016-09-01,2022-08-31,Banner+VERAS Pending,Y,,
16729,16729,,PROJECT-16729,SPONSOR-ITD1,UI-LEAD,Active,2019-09-18,2021-09-17,Banner+VERAS Pending,Y,,
16766,16766,,PROJECT-16766,SPONSOR-NASA,UI-LEAD,Active,2017-02-03,2023-09-30,Banner+VERAS Pending,Y,,
17045-R,17045-R,,PROJECT-17045-R,SPONSOR-NSF,UI-LEAD,Active,2018-05-15,2025-04-30,Banner+VERAS Pending,Y,,
17116-RR,17116-RR,,PROJECT-17116-RR,SPONSOR-NIFA,UI-LEAD,Active,2019-07-15,2024-07-14,Banner+VERAS Pending,Y,,
17185-R,17185-R,,PROJECT-17185-R,SPONSOR-DHHS1,UI-LEAD,Active,2018-09-05,2025-06-30,Banner+VERAS Pending,Y,,
17296,17296,,PROJECT-17296,SPONSOR-NIFA,UI-LEAD,Active,2017-08-01,2023-07-31,Banner+VERAS Pending,Y,,
17301,17301,,PROJECT-17301,SPONSOR-USOE3,UI-LEAD,Active,2017-06-01,2022-09-30,Banner+VERAS Pending,Y,,
17303,17303,,PROJECT-17303,SPONSOR-USOE3,UI-LEAD,Active,2017-09-01,2022-08-31,Banner+VERAS Pending,Y,,
17422-R,17422-R,,PROJECT-17422-R,SPONSOR-ISDE7,UI-LEAD,Active,2021-07-01,2022-06-30,Banner+VERAS Pending,Y,,
17532,17532,,PROJECT-17532,SPONSOR-DHHS1,UI-LEAD,Active,2017-07-01,2023-06-30,Banner+VERAS Pending,Y,,
17570,17570,,PROJECT-17570,SPONSOR-DHHS1,UI-LEAD,Active,2018-06-01,2024-05-31,Banner+VERAS Pending,Y,,
17822,17822,,PROJECT-17822,SPONSOR-NASA,UI-LEAD,Active,2018-06-11,2025-06-10,Banner+VERAS Pending,Y,,
18037,18037,,PROJECT-18037,SPONSOR-NSF,UI-LEAD,Active,2018-05-01,2026-01-31,Banner+VERAS Pending,Y,,
18045B,18045B,,PROJECT-18045B,SPONSOR-NIFA,UI-LEAD,Active,2019-05-15,2024-05-14,Banner+VERAS Pending,Y,,
18168,18168,,PROJECT-18168,SPONSOR-WASSTA12,UI-LEAD,Active,2018-07-17,2024-06-30,Banner+VERAS Pending,Y,,
18193,18193,,PROJECT-18193,SPONSOR-NSF,UI-LEAD,Active,2018-08-01,2022-07-31,Banner+VERAS Pending,Y,,
18373,18373,,PROJECT-18373,SPONSOR-MICTEC,UI-LEAD,Active,2018-10-01,2022-09-30,Banner+VERAS Pending,Y,,
18398,18398,,PROJECT-18398,SPONSOR-DOE1,UI-LEAD,Active,2018-10-01,2022-09-30,Banner+VERAS Pending,Y,,
18421,18421,,PROJECT-18421,SPONSOR-USDFOR,UI-LEAD,Active,2018-04-24,2022-12-31,Banner+VERAS Pending,Y,,
18534,18534,,PROJECT-18534,SPONSOR-USDANRCS,UI-LEAD,Active,2018-10-01,2022-09-30,Banner+VERAS Pending,Y,,
18571,18571,,PROJECT-18571,SPONSOR-MINUNI,UI-LEAD,Active,2018-09-01,2023-08-31,Banner+VERAS Pending,Y,,
18628-PR,18628-PR,,PROJECT-18628-PR,SPONSOR-UTASTA,UI-LEAD,Active,2018-08-20,2023-12-31,Banner+VERAS Pending,Y,,
18645,18645,,PROJECT-18645,SPONSOR-ALADEP,UI-LEAD,Active,2018-07-05,2022-06-30,Banner+VERAS Pending,Y,,
18667,18667,,PROJECT-18667,SPONSOR-NORCAR,UI-LEAD,Active,2018-08-01,2023-08-31,Banner+VERAS Pending,Y,,
18686,18686,,PROJECT-18686,SPONSOR-IDAAGR,UI-LEAD,Active,2018-11-30,2022-06-30,Banner+VERAS Pending,Y,,
18691,18691,,PROJECT-18691,SPONSOR-IEOOC,UI-LEAD,Active,2018-11-21,2022-06-30,Banner+VERAS Pending,Y,,
18701,18701,,PROJECT-18701,SPONSOR-UOFME,UI-LEAD,Active,2019-07-01,2023-06-30,Banner+VERAS Pending,Y,,
18780B,18780B,,PROJECT-18780B,SPONSOR-USDFOR,UI-LEAD,Active,2018-06-22,2022-12-31,Banner+VERAS Pending,Y,,
19024,19024,,PROJECT-19024,SPONSOR-UARS5,UI-LEAD,Active,2018-07-01,2023-06-30,Banner+VERAS Pending,Y,,
19032,19032,,PROJECT-19032,SPONSOR-NSF,UI-LEAD,Active,2019-03-01,2024-02-28,Banner+VERAS Pending,Y,,
19041,19041,,PROJECT-19041,SPONSOR-NSF,UI-LEAD,Active,2019-06-01,2026-05-31,Banner+VERAS Pending,Y,,
19061,19061,,PROJECT-19061,SPONSOR-JOHHOP1,UI-LEAD,Active,2019-07-15,2025-04-18,Banner+VERAS Pending,Y,,
19064,19064,,PROJECT-19064,SPONSOR-USOE3,UI-LEAD,Active,2018-10-01,2024-10-31,Banner+VERAS Pending,Y,,
19065,19065,,PROJECT-19065,SPONSOR-DHHS1,UI-LEAD,Active,2018-09-30,2024-09-29,Banner+VERAS Pending,Y,,
19071,19071,,PROJECT-19071,SPONSOR-NIFA,UI-LEAD,Active,2019-03-01,2023-05-14,Banner+VERAS Pending,Y,,
19078,19078,,PROJECT-19078,SPONSOR-NIFA,UI-LEAD,Active,2019-05-15,2025-05-14,Banner+VERAS Pending,Y,,
19093,19093,,PROJECT-19093,SPONSOR-NIFA,UI-LEAD,Active,2019-03-01,2025-02-28,Banner+VERAS Pending,Y,,
19103,19103,,PROJECT-19103,SPONSOR-USBLM,UI-LEAD,Active,2018-08-31,2028-08-30,Banner+VERAS Pending,Y,,
19133,19133,,PROJECT-19133,SPONSOR-UARS5,UI-LEAD,Active,2018-09-24,2023-09-23,Banner+VERAS Pending,Y,,
19143,19143,,PROJECT-19143,SPONSOR-NIFA,UI-LEAD,Active,2019-06-01,2023-05-31,Banner+VERAS Pending,Y,,
19157,19157,,PROJECT-19157,SPONSOR-USOE1,UI-LEAD,Active,2018-10-01,2023-09-30,Banner+VERAS Pending,Y,,
19183,19183,,PROJECT-19183,SPONSOR-NSF,UI-LEAD,Active,2019-08-15,2026-06-30,Banner+VERAS Pending,Y,,
19201,19201,,PROJECT-19201,SPONSOR-NORCAR,UI-LEAD,Active,2019-09-01,2024-08-31,Banner+VERAS Pending,Y,,
19252,19252,,PROJECT-19252,SPONSOR-USDFOR,UI-LEAD,Active,2019-07-01,2023-09-30,Banner+VERAS Pending,Y,,
19310,19310,,PROJECT-19310,SPONSOR-NIFA,UI-LEAD,Active,2018-10-01,2023-09-30,Banner+VERAS Pending,Y,,
19315,19315,,PROJECT-19315,SPONSOR-WASSTA12,UI-LEAD,Active,2019-10-01,2022-09-30,Banner+VERAS Pending,Y,,
19317,19317,,PROJECT-19317,SPONSOR-INDLAN,UI-LEAD,Active,2019-01-01,2022-09-30,Banner+VERAS Pending,Y,,
19350,19350,,PROJECT-19350,SPONSOR-USFWS,UI-LEAD,Active,2019-05-16,2024-07-31,Banner+VERAS Pending,Y,,
19393,19393,,PROJECT-19393,SPONSOR-WASDFW,UI-LEAD,Active,2019-04-01,2024-09-30,Banner+VERAS Pending,Y,,
19395,19395,,PROJECT-19395,SPONSOR-AUSUNI1,UI-LEAD,Active,2019-03-01,2025-09-30,Banner+VERAS Pending,Y,,
19403,19403,,PROJECT-19403,SPONSOR-NORCAR,UI-LEAD,Active,2019-10-01,2024-09-30,Banner+VERAS Pending,Y,,
19412,19412,,PROJECT-19412,SPONSOR-UTASTA,UI-LEAD,Active,2019-07-01,2024-05-30,Banner+VERAS Pending,Y,,
19427,19427,,PROJECT-19427,SPONSOR-NSF,UI-LEAD,Active,2019-07-01,2026-06-30,Banner+VERAS Pending,Y,,
19486,19486,,PROJECT-19486,SPONSOR-NSF,UI-LEAD,Active,2019-09-01,2025-08-31,Banner+VERAS Pending,Y,,
19553,19553,,PROJECT-19553,SPONSOR-USDFOR,UI-LEAD,Active,2020-07-07,2025-07-06,Banner+VERAS Pending,Y,,
19572,19572,,PROJECT-19572,SPONSOR-USDANRCS,UI-LEAD,Active,2019-07-24,2024-06-30,Banner+VERAS Pending,Y,,
19622,19622,,PROJECT-19622,SPONSOR-COLSTA1,UI-LEAD,Active,2019-09-01,2023-08-31,Banner+VERAS Pending,Y,,
19636,19636,,PROJECT-19636,SPONSOR-IDACHE,UI-LEAD,Active,2019-12-05,2022-06-30,Banner+VERAS Pending,Y,,
19642,19642,,PROJECT-19642,SPONSOR-IDABEA1,UI-LEAD,Active,2020-01-02,2022-06-30,Banner+VERAS Pending,Y,,
AQK327,AQK327,,PROJECT-AQK327,SPONSOR-ITD1,UI-LEAD,Active,2018-02-27,2023-05-19,Banner+VERAS Pending,Y,,
BKK618,BKK618,,PROJECT-BKK618,SPONSOR-UTASTA,UI-LEAD,Active,2017-08-21,2022-02-28,Banner+VERAS Pending,Y,,
BRK758,BRK758,,PROJECT-BRK758,SPONSOR-NIFA,UI-LEAD,Active,2017-09-01,2022-08-31,Banner+VERAS Pending,Y,,
BSK944,BSK944,,PROJECT-BSK944,SPONSOR-SYNCRO,UI-LEAD,Active,2017-10-23,2024-07-31,Banner+VERAS Pending,Y,,
DCK800,DCK800,,PROJECT-DCK800,SPONSOR-MICRON,UI-LEAD,Active,2013-09-23,2021-03-31,Banner+VERAS Pending,Y,,
EFK620,EFK620,,PROJECT-EFK620,SPONSOR-USOE3,UI-LEAD,Active,2017-09-01,2022-08-31,Banner+VERAS Pending,Y,,
EFK732,EFK732,,PROJECT-EFK732,SPONSOR-USOE3,UI-LEAD,Active,2017-11-01,2022-10-31,Banner+VERAS Pending,Y,,
EFK736,EFK736,,PROJECT-EFK736,SPONSOR-USOE3,UI-LEAD,Active,2017-09-01,2022-08-31,Banner+VERAS Pending,Y,,
ETK242,ETK242,,PROJECT-ETK242,SPONSOR-USOE1,UI-LEAD,Active,2016-10-01,2021-09-30,Banner+VERAS Pending,Y,,
GNK545,GNK545,,PROJECT-GNK545,SPONSOR-USDFOR,UI-LEAD,Active,2017-06-13,2022-06-30,Banner+VERAS Pending,Y,,
GNK829,GNK829,,PROJECT-GNK829,SPONSOR-IDASTA34,UI-LEAD,Active,2017-10-01,2022-12-31,Banner+VERAS Pending,Y,,
GNK869,GNK869,,PROJECT-GNK869,SPONSOR-STILUM,UI-LEAD,Active,2017-04-03,2023-06-30,Banner+VERAS Pending,Y,,
IMK113,IMK113,,PROJECT-IMK113,SPONSOR-DHHS1,UI-LEAD,Active,2018-05-22,2024-03-31,Banner+VERAS Pending,Y,,
JDK061,JDK061,,PROJECT-JDK061,SPONSOR-NSF,UI-LEAD,Active,2016-09-01,2021-06-30,Banner+VERAS Pending,Y,,
KBK550,KBK550,,PROJECT-KBK550,SPONSOR-NSF,UI-LEAD,Active,2018-08-01,2024-03-31,Banner+VERAS Pending,Y,,
KGK088,KGK088,,PROJECT-KGK088,SPONSOR-DHHS1,UI-LEAD,Active,2018-05-16,2025-04-30,Banner+VERAS Pending,Y,,
V19018,V19018,,PROJECT-V19018,SPONSOR-USDFOR,UI-LEAD,Active,2019-09-20,2024-09-03,Banner+VERAS Pending,Y,,
V19034,V19034,,PROJECT-V19034,SPONSOR-NIFA,UI-LEAD,Active,2019-09-01,2024-08-31,Banner+VERAS Pending,Y,,
V19057,V19057,,PROJECT-V19057,SPONSOR-WASSTA12,UI-LEAD,Active,2019-09-01,2025-06-30,Banner+VERAS Pending,Y,,
V19126,V19126,,PROJECT-V19126,SPONSOR-UARS5,UI-LEAD,Active,2019-08-19,2024-08-18,Banner+VERAS Pending,Y,,
V19145,V19145,,PROJECT-V19145,SPONSOR-IDASTA34,UI-LEAD,Active,2021-07-01,2022-06-30,Banner+VERAS Pending,Y,,
V19173,V19173,"Creating a new bioeconomy for dairies to increase nutrient recycling, enhance productivity of crops, and stimulate prosperity in rural America",PROJECT-V19173,SPONSOR-NIFA,UI-LEAD,Active,2020-09-01,2026-08-31,Banner+VERAS Pending,N,AA4673/Proposal/V19173_2020-69012-31871_Proposal_20260303.pdf,proposal_pdf
V19223,V19223,,PROJECT-V19223,SPONSOR-MONDEP4,UI-LEAD,Active,2020-04-01,2022-10-31,Banner+VERAS Pending,Y,,
V19263,V19263,,PROJECT-V19263,SPONSOR-OHISTA2,UI-LEAD,Active,2021-09-01,2025-08-31,Banner+VERAS Pending,Y,,
V19277,V19277,,PROJECT-V19277,SPONSOR-DHHS1,UI-LEAD,Active,2020-08-01,2026-08-31,Banner+VERAS Pending,Y,,
V19278,V19278,,PROJECT-V19278,SPONSOR-NIFA,UI-LEAD,Active,2020-05-15,2025-05-14,Banner+VERAS Pending,Y,,
V19327,V19327,,PROJECT-V19327,SPONSOR-NIFA,UI-LEAD,Active,2020-03-01,2026-05-14,Banner+VERAS Pending,Y,,
V19330,V19330,,PROJECT-V19330,SPONSOR-XVERUNI,UI-LEAD,Active,2020-06-01,2023-05-31,Banner+VERAS Pending,Y,,
V19332,V19332,,PROJECT-V19332,SPONSOR-UARS5,UI-LEAD,Active,2019-08-01,2023-08-31,Banner+VERAS Pending,Y,,
V19357,V19357,,PROJECT-V19357,SPONSOR-WAKFOR,UI-LEAD,Active,2020-03-19,2023-02-28,Banner+VERAS Pending,Y,,
V19370,V19370,,PROJECT-V19370,SPONSOR-NIFA,UI-LEAD,Active,2020-05-01,2026-04-30,Banner+VERAS Pending,Y,,
V19394,V19394,,PROJECT-V19394,SPONSOR-USJUS,UI-LEAD,Active,2019-10-01,2025-09-30,Banner+VERAS Pending,Y,,
V19406,V19406,,PROJECT-V19406,SPONSOR-NASA,UI-LEAD,Active,2020-06-01,2026-05-31,Banner+VERAS Pending,Y,,
V19429,V19429,,PROJECT-V19429,SPONSOR-NIFA,UI-LEAD,Active,2019-10-01,2024-09-30,Banner+VERAS Pending,Y,,
V19443,V19443,,PROJECT-V19443,SPONSOR-IDAFIS,UI-LEAD,Active,2019-07-01,2025-12-31,Banner+VERAS Pending,Y,,
V19456,V19456,,PROJECT-V19456,SPONSOR-MULTIP,UI-LEAD,Active,2019-12-01,2025-09-01,Banner+VERAS Pending,Y,,
V19466,V19466,,PROJECT-V19466,SPONSOR-USBLM,UI-LEAD,Active,2020-09-30,2025-09-30,Banner+VERAS Pending,Y,,
V19496,V19496,,PROJECT-V19496,SPONSOR-WASSTA12,UI-LEAD,Active,2020-09-01,2023-07-31,Banner+VERAS Pending,Y,,
V19514,V19514,,PROJECT-V19514,SPONSOR-STESTO2,UI-LEAD,Active,2019-12-01,2025-09-30,Banner+VERAS Pending,Y,,
V19534,V19534,,PROJECT-V19534,SPONSOR-NSF,UI-LEAD,Active,2020-08-01,2025-12-31,Banner+VERAS Pending,Y,,
V19537,V19537,,PROJECT-V19537,SPONSOR-NSF,UI-LEAD,Active,2020-08-01,2025-07-31,Banner+VERAS Pending,Y,,
V19598,V19598,,PROJECT-V19598,SPONSOR-BRICOL6,UI-LEAD,Active,2019-09-01,2022-12-24,Banner+VERAS Pending,Y,,
V19629,V19629,,PROJECT-V19629,SPONSOR-USDFOR,UI-LEAD,Active,2020-05-20,2024-05-31,Banner+VERAS Pending,Y,,
V19640,V19640,,PROJECT-V19640,SPONSOR-AMECHE,UI-LEAD,Active,2021-09-01,2025-08-31,Banner+VERAS Pending,Y,,
V19706,V19706,,PROJECT-V19706,SPONSOR-IDAFIS,UI-LEAD,Active,2021-06-30,2024-06-30,Banner+VERAS Pending,Y,,
V19714,V19714,,PROJECT-V19714,SPONSOR-NASA,UI-LEAD,Active,2020-08-20,2025-08-20,Banner+VERAS Pending,Y,,
V19726,V19726,,PROJECT-V19726,SPONSOR-ITD1,UI-LEAD,Active,2021-03-01,2025-09-30,Banner+VERAS Pending,Y,,
V19751,V19751,,PROJECT-V19751,SPONSOR-USBLM,UI-LEAD,Active,2020-09-30,2025-09-30,Banner+VERAS Pending,Y,,
V19763,V19763,,PROJECT-V19763,SPONSOR-EPA11,UI-LEAD,Active,2020-09-01,2024-08-31,Banner+VERAS Pending,Y,,
V19775,V19775,,PROJECT-V19775,SPONSOR-MURCHA,UI-LEAD,Active,2020-03-05,2023-05-01,Banner+VERAS Pending,Y,,
V19828,V19828,,PROJECT-V19828,SPONSOR-USOE1,UI-LEAD,Active,2022-11-01,2026-10-31,Banner+VERAS Pending,Y,,
V19891,V19891,,PROJECT-V19891,SPONSOR-USOE1,UI-LEAD,Active,2020-09-01,2025-08-31,Banner+VERAS Pending,Y,,
V200004,V200004,,PROJECT-V200004,SPONSOR-NEVUNI3,UI-LEAD,Active,2020-10-01,2024-09-30,Banner+VERAS Pending,Y,,
V200020,V200020,,PROJECT-V200020,SPONSOR-USOE1,UI-LEAD,Active,2020-07-01,2025-09-30,Banner+VERAS Pending,Y,,
V200057,V200057,,PROJECT-V200057,SPONSOR-DOE1,UI-LEAD,Active,2020-10-01,2023-09-30,Banner+VERAS Pending,Y,,
V200078,V200078,,PROJECT-V200078,SPONSOR-USJUS,UI-LEAD,Active,2020-10-01,2024-09-30,Banner+VERAS Pending,Y,,
V200113,V200113,,PROJECT-V200113,SPONSOR-NIFA,UI-LEAD,Active,2020-09-01,2024-08-31,Banner+VERAS Pending,Y,,
V200118,V200118,,PROJECT-V200118,SPONSOR-UARS5,UI-LEAD,Active,2020-04-01,2024-10-30,Banner+VERAS Pending,Y,,
V200134,V200134,,PROJECT-V200134,SPONSOR-NASA,UI-LEAD,Active,2021-06-01,2025-05-31,Banner+VERAS Pending,Y,,
V200187,V200187,,PROJECT-V200187,SPONSOR-NASA,UI-LEAD,Active,2021-01-01,2025-12-31,Banner+VERAS Pending,Y,,
V200196,V200196,,PROJECT-V200196,SPONSOR-SIMFOU1,UI-LEAD,Active,2020-09-01,2025-08-31,Banner+VERAS Pending,Y,,
V200256,V200256,,PROJECT-V200256,SPONSOR-TEXBIO,UI-LEAD,Active,2020-09-30,2025-05-31,Banner+VERAS Pending,Y,,
V200274,V200274,,PROJECT-V200274,SPONSOR-NIFA,UI-LEAD,Active,2021-01-01,2023-12-31,Banner+VERAS Pending,Y,,
V200276,V200276,,PROJECT-V200276,SPONSOR-USBLM,UI-LEAD,Active,2020-06-09,2022-06-30,Banner+VERAS Pending,Y,,
V200284,V200284,,PROJECT-V200284,SPONSOR-UARS5,UI-LEAD,Active,2020-08-01,2024-10-31,Banner+VERAS Pending,Y,,
V200292,V200292,,PROJECT-V200292,SPONSOR-NIFA,UI-LEAD,Active,2017-07-01,2022-08-14,Banner+VERAS Pending,Y,,
V200312,V200312,,PROJECT-V200312,SPONSOR-USARM,UI-LEAD,Active,2020-05-22,2026-05-21,Banner+VERAS Pending,Y,,
V200314,V200314,,PROJECT-V200314,SPONSOR-NIFA,UI-LEAD,Active,2021-01-01,2024-12-31,Banner+VERAS Pending,Y,,
V200319,V200319,,PROJECT-V200319,SPONSOR-NIFA,UI-LEAD,Active,2021-01-01,2025-06-30,Banner+VERAS Pending,Y,,
V200324,V200324,,PROJECT-V200324,SPONSOR-IDANUR,UI-LEAD,Active,2020-12-20,2023-06-30,Banner+VERAS Pending,Y,,
V200333,V200333,,PROJECT-V200333,SPONSOR-NASA,UI-LEAD,Active,2021-01-01,2025-06-30,Banner+VERAS Pending,Y,,
V200339,V200339,,PROJECT-V200339,SPONSOR-IDAAGR,UI-LEAD,Active,2020-12-22,2023-09-29,Banner+VERAS Pending,Y,,
V200347,V200347,,PROJECT-V200347,SPONSOR-IAC,UI-LEAD,Active,2020-11-04,2023-06-30,Banner+VERAS Pending,Y,,
V200369,V200369,,PROJECT-V200369,SPONSOR-BSU,UI-LEAD,Active,2022-01-20,2024-06-30,Banner+VERAS Pending,Y,,
V200375,V200375,,PROJECT-V200375,SPONSOR-IEOOC,UI-LEAD,Active,2020-11-04,2023-06-30,Banner+VERAS Pending,Y,,
V200388,V200388,,PROJECT-V200388,SPONSOR-IDABEA1,UI-LEAD,Active,2020-10-01,2023-06-30,Banner+VERAS Pending,Y,,
V200393,V200393,,PROJECT-V200393,SPONSOR-NIFA,UI-LEAD,Active,2021-01-01,2023-12-31,Banner+VERAS Pending,Y,,
V200409,V200409,,PROJECT-V200409,SPONSOR-NIFA,UI-LEAD,Active,2020-09-01,2026-08-31,Banner+VERAS Pending,Y,,
V200417,V200417,,PROJECT-V200417,SPONSOR-USNUC,UI-LEAD,Active,2021-03-29,2025-06-30,Banner+VERAS Pending,Y,,
V200432,V200432,,PROJECT-V200432,SPONSOR-USGS,UI-LEAD,Active,2020-11-12,2025-11-11,Banner+VERAS Pending,Y,,
V200435,V200435,,PROJECT-V200435,SPONSOR-NIFA,UI-LEAD,Active,2021-05-01,2026-04-30,Banner+VERAS Pending,Y,,
V200449,V200449,,PROJECT-V200449,SPONSOR-NSF,UI-LEAD,Active,2021-04-01,2025-03-31,Banner+VERAS Pending,Y,,
V200455,V200455,,PROJECT-V200455,SPONSOR-NEZTRI,UI-LEAD,Active,2021-01-01,2024-03-31,Banner+VERAS Pending,Y,,
V200465,V200465,,PROJECT-V200465,SPONSOR-MURCHA,UI-LEAD,Active,2020-10-01,2023-06-01,Banner+VERAS Pending,Y,,
V200524,V200524,,PROJECT-V200524,SPONSOR-NIFA,UI-LEAD,Active,2021-02-01,2026-01-31,Banner+VERAS Pending,Y,,
V200572,V200572,,PROJECT-V200572,SPONSOR-USDFOR,UI-LEAD,Active,2020-05-20,2023-05-31,Banner+VERAS Pending,Y,,
V200575,V200575,,PROJECT-V200575,SPONSOR-NIFA,UI-LEAD,Active,2021-05-01,2026-04-30,Banner+VERAS Pending,Y,,
V200582,V200582,,PROJECT-V200582,SPONSOR-NIFA,UI-LEAD,Active,2020-09-01,2024-08-31,Banner+VERAS Pending,Y,,
V200599,V200599,,PROJECT-V200599,SPONSOR-IDHW7,UI-LEAD,Active,2020-07-01,2021-06-30,Banner+VERAS Pending,Y,,
V200601,V200601,,PROJECT-V200601,SPONSOR-NIFA,UI-LEAD,Active,2021-08-01,2026-07-31,Banner+VERAS Pending,Y,,
V200617,V200617,,PROJECT-V200617,SPONSOR-USDFOR,UI-LEAD,Active,2020-09-15,2025-09-15,Banner+VERAS Pending,Y,,
V200634,V200634,,PROJECT-V200634,SPONSOR-MULTIPLE,UI-LEAD,Active,2013-10-01,2023-12-31,Banner+VERAS Pending,Y,,
V200642,V200642,,PROJECT-V200642,SPONSOR-NEVUNI3,UI-LEAD,Active,2021-02-01,2026-01-31,Banner+VERAS Pending,Y,,
V200658,V200658,,PROJECT-V200658,SPONSOR-NIFA,UI-LEAD,Active,2017-09-01,2022-08-31,Banner+VERAS Pending,Y,,
V200675,V200675,,PROJECT-V200675,SPONSOR-MICSTA,UI-LEAD,Active,2021-01-01,2024-12-31,Banner+VERAS Pending,Y,,
V200677,V200677,,PROJECT-V200677,SPONSOR-UARS5,UI-LEAD,Active,2019-05-01,2024-04-30,Banner+VERAS Pending,Y,,
V200689,V200689,,PROJECT-V200689,SPONSOR-USDRUS,UI-LEAD,Active,2021-03-16,2026-03-16,Banner+VERAS Pending,Y,,
V200692,V200692,,PROJECT-V200692,SPONSOR-COLRIV,UI-LEAD,Active,2020-07-01,2021-06-30,Banner+VERAS Pending,Y,,
V200693,V200693,,PROJECT-V200693,SPONSOR-INTSOC7,UI-LEAD,Active,2020-10-01,2023-01-14,Banner+VERAS Pending,Y,,
V200711,V200711,,PROJECT-V200711,SPONSOR-USAPHIS,UI-LEAD,Active,2020-08-01,2022-07-31,Banner+VERAS Pending,Y,,
V200720,V200720,,PROJECT-V200720,SPONSOR-MARUNI,UI-LEAD,Active,2021-04-20,2026-03-31,Banner+VERAS Pending,Y,,
V200723,V200723,,PROJECT-V200723,SPONSOR-AMEPSY,UI-LEAD,Active,2020-09-01,2021-08-31,Banner+VERAS Pending,Y,,
V200755,V200755,,PROJECT-V200755,SPONSOR-NIFA,UI-LEAD,Active,2020-09-01,2025-08-31,Banner+VERAS Pending,Y,,
V200791,V200791,,PROJECT-V200791,SPONSOR-USDFOR,UI-LEAD,Active,2020-09-01,2025-08-31,Banner+VERAS Pending,Y,,
V200798,V200798,,PROJECT-V200798,SPONSOR-NSF,UI-LEAD,Active,2021-09-01,2026-08-31,Banner+VERAS Pending,Y,,
V200801,V200801,,PROJECT-V200801,SPONSOR-NSF,UI-LEAD,Active,2021-03-01,2027-02-28,Banner+VERAS Pending,Y,,
V200804,V200804,,PROJECT-V200804,SPONSOR-WASSTA12,UI-LEAD,Active,2021-09-27,2025-08-26,Banner+VERAS Pending,Y,,
V200818,V200818,,PROJECT-V200818,SPONSOR-WASSTA12,UI-LEAD,Active,2022-09-01,2024-07-30,Banner+VERAS Pending,Y,,
V200826,V200826,,PROJECT-V200826,SPONSOR-NASA,UI-LEAD,Active,2021-02-08,2027-02-07,Banner+VERAS Pending,Y,,
V200846,V200846,,PROJECT-V200846,SPONSOR-NIFA,UI-LEAD,Active,2021-04-15,2026-04-14,Banner+VERAS Pending,Y,,
V200848,V200848,,PROJECT-V200848,SPONSOR-NIFA,UI-LEAD,Active,2021-03-01,2025-02-28,Banner+VERAS Pending,Y,,
V200852,V200852,,PROJECT-V200852,SPONSOR-NATPOR,UI-LEAD,Active,2020-09-01,2022-01-01,Banner+VERAS Pending,Y,,
V200862,V200862,,PROJECT-V200862,SPONSOR-NSF,UI-LEAD,Active,2021-08-01,2026-07-31,Banner+VERAS Pending,Y,,
V200863,V200863,,PROJECT-V200863,SPONSOR-UARS5,UI-LEAD,Active,2018-09-01,2023-08-31,Banner+VERAS Pending,Y,,
V200866,V200866,,PROJECT-V200866,SPONSOR-UOFW1,UI-LEAD,Active,2023-03-01,2025-12-31,Banner+VERAS Pending,Y,,
V200868,V200868,,PROJECT-V200868,SPONSOR-HRC,UI-LEAD,Active,2021-02-01,2024-01-31,Banner+VERAS Pending,Y,,
V200888,V200888,,PROJECT-V200888,SPONSOR-NIFA,UI-LEAD,Active,2021-05-17,2024-06-14,Banner+VERAS Pending,Y,,
V200890,V200890,,PROJECT-V200890,SPONSOR-USDFOR,UI-LEAD,Active,2020-08-05,2025-07-20,Banner+VERAS Pending,Y,,
V200911,V200911,,PROJECT-V200911,SPONSOR-RURDEV2,UI-LEAD,Active,2020-09-01,2023-12-31,Banner+VERAS Pending,Y,,
V200943,V200943,,PROJECT-V200943,SPONSOR-ZEIBRO,UI-LEAD,Active,2020-10-13,2021-07-13,Banner+VERAS Pending,Y,,
V200960,V200960,,PROJECT-V200960,SPONSOR-USBLM,UI-LEAD,Active,2020-10-01,2025-07-01,Banner+VERAS Pending,Y,,
V200993,V200993,,PROJECT-V200993,SPONSOR-MONSTA1,UI-LEAD,Active,2021-01-01,2024-12-31,Banner+VERAS Pending,Y,,
V200994,V200994,,PROJECT-V200994,SPONSOR-MISUNI1,UI-LEAD,Active,2021-01-01,2025-02-28,Banner+VERAS Pending,Y,,
V201012,V201012,,PROJECT-V201012,SPONSOR-KANSTA,UI-LEAD,Active,2021-01-01,2021-09-30,Banner+VERAS Pending,Y,,
V201035,V201035,,PROJECT-V201035,SPONSOR-WASSTA12,UI-LEAD,Active,2021-06-16,2026-07-01,Banner+VERAS Pending,Y,,
V201041,V201041,,PROJECT-V201041,SPONSOR-UARS5,UI-LEAD,Active,2020-09-01,2025-08-31,Banner+VERAS Pending,Y,,
V201052,V201052,,PROJECT-V201052,SPONSOR-NIFA,UI-LEAD,Active,2020-10-01,2025-09-30,Banner+VERAS Pending,Y,,
V201060,V201060,,PROJECT-V201060,SPONSOR-NSF,UI-LEAD,Active,2021-08-01,2026-07-31,Banner+VERAS Pending,Y,,
V201078,V201078,,PROJECT-V201078,SPONSOR-NSF,UI-LEAD,Active,2021-10-01,2026-09-30,Banner+VERAS Pending,Y,,
V201086,V201086,,PROJECT-V201086,SPONSOR-WASSTA12,UI-LEAD,Active,2021-04-01,2024-11-30,Banner+VERAS Pending,Y,,
V201095,V201095,,PROJECT-V201095,SPONSOR-DHHS1,UI-LEAD,Active,2021-07-13,2025-03-31,Banner+VERAS Pending,Y,,
V201102,V201102,,PROJECT-V201102,SPONSOR-BSU,UI-LEAD,Active,2025-01-01,2025-12-31,Banner+VERAS Pending,Y,,
V201103,V201103,,PROJECT-V201103,SPONSOR-BSU,UI-LEAD,Active,2025-01-01,2025-12-31,Banner+VERAS Pending,Y,,
V201105,V201105,,PROJECT-V201105,SPONSOR-CITTWI,UI-LEAD,Active,2021-01-01,2022-06-30,Banner+VERAS Pending,Y,,
V201118,V201118,,PROJECT-V201118,SPONSOR-DOE1,UI-LEAD,Active,2021-08-01,2033-08-31,Banner+VERAS Pending,Y,,
V201119,V201119,,PROJECT-V201119,SPONSOR-USGS,UI-LEAD,Active,2021-02-19,2025-06-25,Banner+VERAS Pending,Y,,
V201121,V201121,,PROJECT-V201121,SPONSOR-YALUNI1,UI-LEAD,Active,2021-04-01,2022-12-31,Banner+VERAS Pending,Y,,
V201126,V201126,,PROJECT-V201126,SPONSOR-USGS,UI-LEAD,Active,2021-02-16,2025-09-30,Banner+VERAS Pending,Y,,
V201138,V201138,,PROJECT-V201138,SPONSOR-USDFOR,UI-LEAD,Active,2021-06-23,2026-05-31,Banner+VERAS Pending,Y,,
V201142,V201142,,PROJECT-V201142,SPONSOR-BATCON,UI-LEAD,Active,2022-07-01,2023-12-31,Banner+VERAS Pending,Y,,
V201150,V201150,,PROJECT-V201150,SPONSOR-MONSTA1,UI-LEAD,Active,2021-04-01,2024-03-31,Banner+VERAS Pending,Y,,
V201158,V201158,,PROJECT-V201158,SPONSOR-COULIB1,UI-LEAD,Active,2021-04-01,2024-03-31,Banner+VERAS Pending,Y,,
V201160,V201160,,PROJECT-V201160,SPONSOR-GREPAT,UI-LEAD,Active,2021-09-01,2022-12-31,Banner+VERAS Pending,Y,,
V201178,V201178,,PROJECT-V201178,SPONSOR-CONSCI1,UI-LEAD,Active,2021-06-01,2023-09-30,Banner+VERAS Pending,Y,,
V201188,V201188,,PROJECT-V201188,SPONSOR-USGS,UI-LEAD,Active,2021-02-15,2023-06-30,Banner+VERAS Pending,Y,,
V201192,V201192,,PROJECT-V201192,SPONSOR-USOE1,UI-LEAD,Active,2021-09-01,2025-09-30,Banner+VERAS Pending,Y,,
V201207,V201207,,PROJECT-V201207,SPONSOR-DHHS1,UI-LEAD,Active,2021-05-01,2025-04-30,Banner+VERAS Pending,Y,,
V201224,V201224,,PROJECT-V201224,SPONSOR-IDAPOW3,UI-LEAD,Active,2021-01-01,2021-12-31,Banner+VERAS Pending,Y,,
V201259,V201259,,PROJECT-V201259,SPONSOR-USADRY,UI-LEAD,Active,2021-07-01,2022-12-31,Banner+VERAS Pending,Y,,
V201264,V201264,,PROJECT-V201264,SPONSOR-WTFC,UI-LEAD,Active,2021-03-08,2024-03-08,Banner+VERAS Pending,Y,,
V201281,V201281,,PROJECT-V201281,SPONSOR-KANSTA,UI-LEAD,Active,2020-10-01,2021-09-30,Banner+VERAS Pending,Y,,
V201292,V201292,,PROJECT-V201292,SPONSOR-BLALAN,UI-LEAD,Active,2022-07-01,2024-12-31,Banner+VERAS Pending,Y,,
V201310,V201310,,PROJECT-V201310,SPONSOR-IDWR,UI-LEAD,Active,2021-02-16,2024-06-30,Banner+VERAS Pending,Y,,
V201325,V201325,,PROJECT-V201325,SPONSOR-NSF,UI-LEAD,Active,2021-10-01,2026-09-30,Banner+VERAS Pending,Y,,
V201328,V201328,,PROJECT-V201328,SPONSOR-ORESTA3,UI-LEAD,Active,2022-07-01,2025-06-30,Banner+VERAS Pending,Y,,
V201337,V201337,,PROJECT-V201337,SPONSOR-NSF,UI-LEAD,Active,2022-01-01,2026-12-31,Banner+VERAS Pending,Y,,
V210016,V210016,,PROJECT-V210016,SPONSOR-IDABAR,UI-LEAD,Active,2021-07-01,2023-06-30,Banner+VERAS Pending,Y,,
V210034,V210034,,PROJECT-V210034,SPONSOR-IDALAB1,UI-LEAD,Active,2021-09-01,2022-08-31,Banner+VERAS Pending,Y,,
V210038,V210038,,PROJECT-V210038,SPONSOR-IDAWHE,UI-LEAD,Active,2021-07-01,2022-06-30,Banner+VERAS Pending,Y,,
V210039,V210039,,PROJECT-V210039,SPONSOR-NIFA,UI-LEAD,Active,2021-09-01,2024-06-30,Banner+VERAS Pending,Y,,
V210041,V210041,,PROJECT-V210041,SPONSOR-IDAWHE,UI-LEAD,Active,2021-07-01,2022-06-30,Banner+VERAS Pending,Y,,
V210042,V210042,,PROJECT-V210042,SPONSOR-IDAWHE,UI-LEAD,Active,2021-07-01,2022-06-30,Banner+VERAS Pending,Y,,
V210045,V210045,,PROJECT-V210045,SPONSOR-NASA,UI-LEAD,Active,2021-10-01,2026-09-30,Banner+VERAS Pending,Y,,
V210059,V210059,,PROJECT-V210059,SPONSOR-NSF,UI-LEAD,Active,2021-09-15,2025-04-18,Banner+VERAS Pending,Y,,
V210060,V210060,,PROJECT-V210060,SPONSOR-IDABAR,UI-LEAD,Active,2021-07-01,2022-06-30,Banner+VERAS Pending,Y,,
V210074,V210074,,PROJECT-V210074,SPONSOR-USOE1,UI-LEAD,Active,2021-09-01,2026-08-31,Banner+VERAS Pending,Y,,
V210079,V210079,,PROJECT-V210079,SPONSOR-IDAWHE,UI-LEAD,Active,2021-07-01,2022-06-30,Banner+VERAS Pending,Y,,
V210086,V210086,,PROJECT-V210086,SPONSOR-NASA,UI-LEAD,Active,2021-09-01,2026-08-31,Banner+VERAS Pending,Y,,
V210096,V210096,,PROJECT-V210096,SPONSOR-UCAL2,UI-LEAD,Active,2018-10-01,2022-09-30,Banner+VERAS Pending,Y,,
V210101,V210101,,PROJECT-V210101,SPONSOR-NIFA,UI-LEAD,Active,2021-06-15,2026-06-14,Banner+VERAS Pending,Y,,
V210116,V210116,,PROJECT-V210116,SPONSOR-FLOUNI,UI-LEAD,Active,2021-07-01,2025-06-30,Banner+VERAS Pending,Y,,
V210124,V210124,,PROJECT-V210124,SPONSOR-NIFA,UI-LEAD,Active,2021-08-25,2026-04-15,Banner+VERAS Pending,Y,,
V210147,V210147,,PROJECT-V210147,SPONSOR-IDAFOR4,UI-LEAD,Active,2021-03-03,2023-06-30,Banner+VERAS Pending,Y,,
V210148,V210148,,PROJECT-V210148,SPONSOR-NIFA,UI-LEAD,Active,2021-09-01,2025-08-31,Banner+VERAS Pending,Y,,
V210149,V210149,,PROJECT-V210149,SPONSOR-MONSTA1,UI-LEAD,Active,2021-08-01,2023-12-31,Banner+VERAS Pending,Y,,
V210150,V210150,,PROJECT-V210150,SPONSOR-INDLAN,UI-LEAD,Active,2021-03-01,2023-09-01,Banner+VERAS Pending,Y,,
V210155,V210155,,PROJECT-V210155,SPONSOR-NSF,UI-LEAD,Active,2021-04-01,2025-03-31,Banner+VERAS Pending,Y,,
V210178,V210178,,PROJECT-V210178,SPONSOR-MARUNI,UI-LEAD,Active,2021-09-01,2026-08-31,Banner+VERAS Pending,Y,,
V210183,V210183,,PROJECT-V210183,SPONSOR-DOE1,UI-LEAD,Active,2021-08-15,2025-08-14,Banner+VERAS Pending,Y,,
V210196,V210196,,PROJECT-V210196,SPONSOR-ORESTA3,UI-LEAD,Active,2021-09-01,2026-07-31,Banner+VERAS Pending,Y,,
V210198,V210198,,PROJECT-V210198,SPONSOR-IDHW7,UI-LEAD,Active,2021-08-01,2024-06-01,Banner+VERAS Pending,Y,,
V210199,V210199,,PROJECT-V210199,SPONSOR-NIFA,UI-LEAD,Active,2021-09-01,2026-08-31,Banner+VERAS Pending,Y,,
V210205,V210205,,PROJECT-V210205,SPONSOR-USDFOR,UI-LEAD,Active,2020-09-24,2025-07-31,Banner+VERAS Pending,Y,,
V210215,V210215,,PROJECT-V210215,SPONSOR-USAPHIS,UI-LEAD,Active,2021-08-13,2023-07-31,Banner+VERAS Pending,Y,,
V210222,V210222,,PROJECT-V210222,SPONSOR-NIFA,UI-LEAD,Active,2021-09-01,2025-07-31,Banner+VERAS Pending,Y,,
V210223,V210223,,PROJECT-V210223,SPONSOR-NIFA,UI-LEAD,Active,2021-09-01,2025-08-31,Banner+VERAS Pending,Y,,
V210224,V210224,,PROJECT-V210224,SPONSOR-MICSTA,UI-LEAD,Active,2021-09-24,2025-01-28,Banner+VERAS Pending,Y,,
V210228,V210228,,PROJECT-V210228,SPONSOR-NIFA,UI-LEAD,Active,2022-04-15,2024-11-14,Banner+VERAS Pending,Y,,
V210240,V210240,,PROJECT-V210240,SPONSOR-USAPHIS,UI-LEAD,Active,2021-08-01,2023-07-31,Banner+VERAS Pending,Y,,
V210244,V210244,,PROJECT-V210244,SPONSOR-NIFA,UI-LEAD,Active,2021-09-01,2024-08-31,Banner+VERAS Pending,Y,,
V210251,V210251,,PROJECT-V210251,SPONSOR-AMEMAL,UI-LEAD,Active,2021-07-01,2022-06-30,Banner+VERAS Pending,Y,,
V210253,V210253,,PROJECT-V210253,SPONSOR-DOE1,UI-LEAD,Active,2021-09-01,2025-08-31,Banner+VERAS Pending,Y,,
V210255,V210255,,PROJECT-V210255,SPONSOR-UARS5,UI-LEAD,Active,2021-08-01,2024-07-31,Banner+VERAS Pending,Y,,
V210258,V210258,,PROJECT-V210258,SPONSOR-UARS5,UI-LEAD,Active,2020-05-01,2023-10-31,Banner+VERAS Pending,Y,,
V210266,V210266,,PROJECT-V210266,SPONSOR-BATTELLE1,UI-LEAD,Active,2021-11-29,2024-09-30,Banner+VERAS Pending,Y,,
V210267,V210267,,PROJECT-V210267,SPONSOR-BATTELLE1,UI-LEAD,Active,2021-12-09,2024-09-30,Banner+VERAS Pending,Y,,
V210268,V210268,,PROJECT-V210268,SPONSOR-NIFA,UI-LEAD,Active,2021-08-01,2025-07-31,Banner+VERAS Pending,Y,,
V210272,V210272,,PROJECT-V210272,SPONSOR-IDASTA34,UI-LEAD,Active,2021-03-25,2023-06-30,Banner+VERAS Pending,Y,,
V210275,V210275,,PROJECT-V210275,SPONSOR-NIFA,UI-LEAD,Active,2023-08-01,2028-07-31,Banner+VERAS Pending,Y,,
V210278,V210278,,PROJECT-V210278,SPONSOR-IDASTA34,UI-LEAD,Active,2021-01-07,2023-12-31,Banner+VERAS Pending,Y,,
V210282,V210282,,PROJECT-V210282,SPONSOR-IDAAGR,UI-LEAD,Active,2022-04-13,2024-06-30,Banner+VERAS Pending,Y,,
V210283,V210283,,PROJECT-V210283,SPONSOR-IDANUR,UI-LEAD,Active,2021-10-01,2024-09-29,Banner+VERAS Pending,Y,,
V210288,V210288,,PROJECT-V210288,SPONSOR-USJUS,UI-LEAD,Active,2021-10-01,2023-09-30,Banner+VERAS Pending,Y,,
V210289,V210289,,PROJECT-V210289,SPONSOR-NIFA,UI-LEAD,Active,2021-09-01,2026-04-15,Banner+VERAS Pending,Y,,
V210292,V210292,,PROJECT-V210292,SPONSOR-IDAHOP,UI-LEAD,Active,2021-10-01,2024-09-29,Banner+VERAS Pending,Y,,
V210293,V210293,,PROJECT-V210293,SPONSOR-IDABEA1,UI-LEAD,Active,2021-10-01,2024-09-29,Banner+VERAS Pending,Y,,
V210296,V210296,,PROJECT-V210296,SPONSOR-IAC,UI-LEAD,Active,2021-10-01,2023-09-30,Banner+VERAS Pending,Y,,
V210297,V210297,,PROJECT-V210297,SPONSOR-IDAAGR,UI-LEAD,Active,2022-04-13,2024-09-29,Banner+VERAS Pending,Y,,
V210303,V210303,,PROJECT-V210303,SPONSOR-IEOOC,UI-LEAD,Active,2022-01-01,2024-09-30,Banner+VERAS Pending,Y,,
V210309,V210309,,PROJECT-V210309,SPONSOR-UARS5,UI-LEAD,Active,2019-05-01,2024-04-30,Banner+VERAS Pending,Y,,
V210311,V210311,,PROJECT-V210311,SPONSOR-WASSTA12,UI-LEAD,Active,2021-04-01,2024-06-30,Banner+VERAS Pending,Y,,
V210316,V210316,,PROJECT-V210316,SPONSOR-SOUDAK,UI-LEAD,Active,2022-01-01,2026-12-31,Banner+VERAS Pending,Y,,
V210318,V210318,,PROJECT-V210318,SPONSOR-NSF,UI-LEAD,Active,2021-10-15,2026-09-30,Banner+VERAS Pending,Y,,
V210323,V210323,,PROJECT-V210323,SPONSOR-UCAL2,UI-LEAD,Active,2022-01-01,2026-12-31,Banner+VERAS Pending,Y,,
V210332,V210332,,PROJECT-V210332,SPONSOR-IDAAGR,UI-LEAD,Active,2022-07-01,2025-06-30,Banner+VERAS Pending,Y,,
V210342,V210342,,PROJECT-V210342,SPONSOR-NATCAT,UI-LEAD,Active,2021-05-01,2022-11-01,Banner+VERAS Pending,Y,,
V210351,V210351,,PROJECT-V210351,SPONSOR-IDHW7,UI-LEAD,Active,2021-10-01,2022-09-30,Banner+VERAS Pending,Y,,
V210353,V210353,,PROJECT-V210353,SPONSOR-USDFOR,UI-LEAD,Active,2019-07-10,2023-07-31,Banner+VERAS Pending,Y,,
V210357,V210357,,PROJECT-V210357,SPONSOR-NIFA,UI-LEAD,Active,2022-06-01,2024-11-30,Banner+VERAS Pending,Y,,
V210358,V210358,,PROJECT-V210358,SPONSOR-MASINS,UI-LEAD,Active,2021-09-01,2025-08-31,Banner+VERAS Pending,Y,,
V210361,V210361,,PROJECT-V210361,SPONSOR-NIFA,UI-LEAD,Active,2021-12-01,2026-11-30,Banner+VERAS Pending,Y,,
V210371,V210371,,PROJECT-V210371,SPONSOR-WASSTA12,UI-LEAD,Active,2021-09-01,2023-08-31,Banner+VERAS Pending,Y,,
V210374,V210374,,PROJECT-V210374,SPONSOR-DHHS1,UI-LEAD,Active,2020-10-01,2023-09-30,Banner+VERAS Pending,Y,,
V210382,V210382,,PROJECT-V210382,SPONSOR-ODFW3,UI-LEAD,Active,2021-06-29,2024-06-30,Banner+VERAS Pending,Y,,
V210392,V210392,Advancing Tribal Food System-based Economic Development in Northern Idaho,PROJECT-V210392,SPONSOR-NIFA,UI-LEAD,Active,2022-03-01,2026-02-28,Banner+VERAS Pending,N,AA6006/Proposal/V210392_2022-68006-36434_Proposal_20260304.pdf,proposal_pdf
V210395,V210395,,PROJECT-V210395,SPONSOR-DOE1,UI-LEAD,Active,2020-09-01,2026-08-31,Banner+VERAS Pending,Y,,
V210407,V210407,,PROJECT-V210407,SPONSOR-BATTELLE1,UI-LEAD,Active,2021-11-23,2024-09-30,Banner+VERAS Pending,Y,,
V210415,V210415,,PROJECT-V210415,SPONSOR-NIFA,UI-LEAD,Active,2022-03-01,2025-02-28,Banner+VERAS Pending,Y,,
V210428,V210428,,PROJECT-V210428,SPONSOR-USOE1,UI-LEAD,Active,2021-08-03,2026-08-02,Banner+VERAS Pending,Y,,
V210436,V210436,,PROJECT-V210436,SPONSOR-XVERUNI,UI-LEAD,Active,2022-01-01,2026-12-31,Banner+VERAS Pending,Y,,
V210446,V210446,,PROJECT-V210446,SPONSOR-ISDE1,UI-LEAD,Active,2021-07-01,2022-06-30,Banner+VERAS Pending,Y,,
V210449,V210449,,PROJECT-V210449,SPONSOR-MERANI,UI-LEAD,Active,2022-01-11,2022-09-30,Banner+VERAS Pending,Y,,
V210457,V210457,,PROJECT-V210457,SPONSOR-UOFW1,UI-LEAD,Active,2021-04-01,2025-03-31,Banner+VERAS Pending,Y,,
V210458,V210458,,PROJECT-V210458,SPONSOR-UOFW1,UI-LEAD,Active,2021-04-01,2025-03-31,Banner+VERAS Pending,Y,,
V210461,V210461,,PROJECT-V210461,SPONSOR-UARS5,UI-LEAD,Active,2020-05-01,2023-04-30,Banner+VERAS Pending,Y,,
V210468,V210468,,PROJECT-V210468,SPONSOR-NIFA,UI-LEAD,Active,2022-01-01,2026-12-31,Banner+VERAS Pending,Y,,
V210473,V210473,,PROJECT-V210473,SPONSOR-IOWSTA,UI-LEAD,Active,2021-09-01,2024-05-31,Banner+VERAS Pending,Y,,
V210479,V210479,,PROJECT-V210479,SPONSOR-NIFA,UI-LEAD,Active,2021-12-01,2026-11-30,Banner+VERAS Pending,Y,,
V210483,V210483,,PROJECT-V210483,SPONSOR-ENEMIN,UI-LEAD,Active,2021-07-01,2022-06-30,Banner+VERAS Pending,Y,,
V210488,V210488,,PROJECT-V210488,SPONSOR-USBLM,UI-LEAD,Active,2022-09-23,2026-09-30,Banner+VERAS Pending,Y,,
V210492,V210492,,PROJECT-V210492,SPONSOR-GALOPP,UI-LEAD,Active,2021-07-24,2021-12-31,Banner+VERAS Pending,Y,,
V210494,V210494,,PROJECT-V210494,SPONSOR-UARS5,UI-LEAD,Active,2019-09-01,2024-08-31,Banner+VERAS Pending,Y,,
V210498,V210498,,PROJECT-V210498,SPONSOR-NIFA,UI-LEAD,Active,2022-04-01,2025-03-31,Banner+VERAS Pending,Y,,
V210500,V210500,,PROJECT-V210500,SPONSOR-MONCOM,UI-LEAD,Active,2021-04-15,2021-12-31,Banner+VERAS Pending,Y,,
V210501,V210501,,PROJECT-V210501,SPONSOR-USFWS,UI-LEAD,Active,2021-07-01,2025-06-30,Banner+VERAS Pending,Y,,
V210504,V210504,,PROJECT-V210504,SPONSOR-NIFA,UI-LEAD,Active,2022-03-01,2025-02-28,Banner+VERAS Pending,Y,,
V210509,V210509,,PROJECT-V210509,SPONSOR-IDASTE2,UI-LEAD,Active,2021-08-29,2023-05-15,Banner+VERAS Pending,Y,,
V210511,V210511,,PROJECT-V210511,SPONSOR-NIFA,UI-LEAD,Active,2022-01-01,2026-12-31,Banner+VERAS Pending,Y,,
V210514,V210514,,PROJECT-V210514,SPONSOR-IDHW7,UI-LEAD,Active,2021-07-01,2022-06-30,Banner+VERAS Pending,Y,,
V210519,V210519,,PROJECT-V210519,SPONSOR-NSF,UI-LEAD,Active,2022-05-01,2026-04-30,Banner+VERAS Pending,Y,,
V210526,V210526,,PROJECT-V210526,SPONSOR-IDALAN,UI-LEAD,Active,2021-09-01,2024-08-31,Banner+VERAS Pending,Y,,
V210545,V210545,,PROJECT-V210545,SPONSOR-IDHW7,UI-LEAD,Active,2021-07-15,2022-09-30,Banner+VERAS Pending,Y,,
V210553,V210553,,PROJECT-V210553,SPONSOR-NSF,UI-LEAD,Active,2022-05-15,2028-04-30,Banner+VERAS Pending,Y,,
V210557,V210557,,PROJECT-V210557,SPONSOR-WASDNR,UI-LEAD,Active,2021-07-01,2023-06-30,Banner+VERAS Pending,Y,,
V210578,V210578,,PROJECT-V210578,SPONSOR-ISDE1,UI-LEAD,Active,2021-07-01,2022-06-30,Banner+VERAS Pending,Y,,
V210579,V210579,,PROJECT-V210579,SPONSOR-NIFA,UI-LEAD,Active,2022-07-01,2025-12-31,Banner+VERAS Pending,Y,,
V210582,V210582,,PROJECT-V210582,SPONSOR-NASA,UI-LEAD,Active,2022-01-01,2026-12-31,Banner+VERAS Pending,Y,,
V210583,V210583,,PROJECT-V210583,SPONSOR-SNARIV45,UI-LEAD,Active,2023-04-01,2024-03-31,Banner+VERAS Pending,Y,,
V210586,V210586,,PROJECT-V210586,SPONSOR-MCCFOO1,UI-LEAD,Active,2021-09-01,2023-12-31,Banner+VERAS Pending,Y,,
V210588,V210588,,PROJECT-V210588,SPONSOR-NEVUNI3,UI-LEAD,Active,2022-01-01,2026-12-31,Banner+VERAS Pending,Y,,
V210589,V210589,,PROJECT-V210589,SPONSOR-NIFA,UI-LEAD,Active,2021-10-01,2026-09-30,Banner+VERAS Pending,Y,,
V210590,V210590,,PROJECT-V210590,SPONSOR-NATSEC2,UI-LEAD,Active,2021-09-14,2024-09-14,Banner+VERAS Pending,Y,,
V210591,V210591,,PROJECT-V210591,SPONSOR-ASPRHO,UI-LEAD,Active,2022-01-01,2025-12-31,Banner+VERAS Pending,Y,,
V210602,V210602,,PROJECT-V210602,SPONSOR-NSF,UI-LEAD,Active,2022-01-15,2027-09-30,Banner+VERAS Pending,Y,,
V210607,V210607,,PROJECT-V210607,SPONSOR-USNPS,UI-LEAD,Active,2021-09-01,2024-09-30,Banner+VERAS Pending,Y,,
V210617,V210617,,PROJECT-V210617,SPONSOR-FEDCOM,UI-LEAD,Active,2022-07-01,2023-06-30,Banner+VERAS Pending,Y,,
V210620,V210620,,PROJECT-V210620,SPONSOR-NIFA,UI-LEAD,Active,2022-07-01,2027-02-28,Banner+VERAS Pending,Y,,
V210621,V210621,,PROJECT-V210621,SPONSOR-USDANRCS,UI-LEAD,Active,2021-09-10,2026-09-09,Banner+VERAS Pending,Y,,
V210622,V210622,,PROJECT-V210622,SPONSOR-NSF,UI-LEAD,Active,2020-09-01,2025-08-31,Banner+VERAS Pending,Y,,
V210624,V210624,,PROJECT-V210624,SPONSOR-NSF,UI-LEAD,Active,2022-02-01,2026-01-31,Banner+VERAS Pending,Y,,
V210625,V210625,,PROJECT-V210625,SPONSOR-IDHW7,UI-LEAD,Active,2021-06-01,2022-09-30,Banner+VERAS Pending,Y,,
V210626,V210626,,PROJECT-V210626,SPONSOR-IDHW7,UI-LEAD,Active,2021-06-01,2022-09-30,Banner+VERAS Pending,Y,,
V210627,V210627,,PROJECT-V210627,SPONSOR-IDHW7,UI-LEAD,Active,2021-07-15,2022-09-30,Banner+VERAS Pending,Y,,
V210628,V210628,,PROJECT-V210628,SPONSOR-IDHW7,UI-LEAD,Active,2021-06-01,2022-09-30,Banner+VERAS Pending,Y,,
V210631,V210631,,PROJECT-V210631,SPONSOR-IDHW7,UI-LEAD,Active,2021-06-01,2022-09-30,Banner+VERAS Pending,Y,,
V210632,V210632,,PROJECT-V210632,SPONSOR-NSF,UI-LEAD,Active,2022-03-01,2027-02-28,Banner+VERAS Pending,Y,,
V210634,V210634,,PROJECT-V210634,SPONSOR-SPEFOU,UI-LEAD,Active,2022-06-01,2025-08-31,Banner+VERAS Pending,Y,,
V210635,V210635,,PROJECT-V210635,SPONSOR-IDAPOT5,UI-LEAD,Active,2021-07-01,2022-07-31,Banner+VERAS Pending,Y,,
V210643,V210643,,PROJECT-V210643,SPONSOR-IDHW7,UI-LEAD,Active,2021-06-01,2022-09-30,Banner+VERAS Pending,Y,,
V210648,V210648,,PROJECT-V210648,SPONSOR-NASA,UI-LEAD,Active,2022-09-01,2026-08-31,Banner+VERAS Pending,Y,,
V210653,V210653,,PROJECT-V210653,SPONSOR-IDHW7,UI-LEAD,Active,2021-06-01,2022-09-30,Banner+VERAS Pending,Y,,
V210661,V210661,,PROJECT-V210661,SPONSOR-NIFA,UI-LEAD,Active,2022-05-01,2026-04-30,Banner+VERAS Pending,Y,,
V210663,V210663,,PROJECT-V210663,SPONSOR-IDHW7,UI-LEAD,Active,2021-06-01,2022-09-30,Banner+VERAS Pending,Y,,
V210666,V210666,,PROJECT-V210666,SPONSOR-NIFA,UI-LEAD,Active,2022-07-01,2026-06-30,Banner+VERAS Pending,Y,,
V210667,V210667,,PROJECT-V210667,SPONSOR-NEVUNI3,UI-LEAD,Active,2022-08-01,2024-10-31,Banner+VERAS Pending,Y,,
V210675,V210675,,PROJECT-V210675,SPONSOR-NIFA,UI-LEAD,Active,2019-09-01,2023-08-31,Banner+VERAS Pending,Y,,
V210676,V210676,,PROJECT-V210676,SPONSOR-IDHW7,UI-LEAD,Active,2021-08-06,2022-06-29,Banner+VERAS Pending,Y,,
V210678,V210678,,PROJECT-V210678,SPONSOR-IDHW7,UI-LEAD,Active,2021-06-01,2022-09-30,Banner+VERAS Pending,Y,,
V210680,V210680,,PROJECT-V210680,SPONSOR-IDAARM,UI-LEAD,Active,2021-08-20,2022-08-09,Banner+VERAS Pending,Y,,
V210684,V210684,,PROJECT-V210684,SPONSOR-IDHW7,UI-LEAD,Active,2021-06-01,2022-09-30,Banner+VERAS Pending,Y,,
V210689,V210689,,PROJECT-V210689,SPONSOR-IDHW7,UI-LEAD,Active,2021-06-01,2022-09-30,Banner+VERAS Pending,Y,,
V210690,V210690,,PROJECT-V210690,SPONSOR-NASA,UI-LEAD,Active,2022-05-01,2027-04-30,Banner+VERAS Pending,Y,,
V210703,V210703,,PROJECT-V210703,SPONSOR-SOCSTU2,UI-LEAD,Active,2021-07-01,2022-06-30,Banner+VERAS Pending,Y,,
V210719,V210719,,PROJECT-V210719,SPONSOR-SOCSYS,UI-LEAD,Active,2021-07-01,2024-05-31,Banner+VERAS Pending,Y,,
V210722,V210722,,PROJECT-V210722,SPONSOR-JPL,UI-LEAD,Active,2021-08-09,2023-12-31,Banner+VERAS Pending,Y,,
V210723,V210723,,PROJECT-V210723,SPONSOR-JPL,UI-LEAD,Active,2021-08-09,2023-12-31,Banner+VERAS Pending,Y,,
V210728,V210728,,PROJECT-V210728,SPONSOR-COLSTA1,UI-LEAD,Active,2022-03-15,2026-03-14,Banner+VERAS Pending,Y,,
V210729,V210729,,PROJECT-V210729,SPONSOR-USDANRCS,UI-LEAD,Active,2021-09-29,2024-08-30,Banner+VERAS Pending,Y,,
V210737,V210737,,PROJECT-V210737,SPONSOR-USAPHIS,UI-LEAD,Active,2022-08-01,2024-06-30,Banner+VERAS Pending,Y,,
V210742,V210742,,PROJECT-V210742,SPONSOR-USDANRCS,UI-LEAD,Active,2021-09-10,2023-09-30,Banner+VERAS Pending,Y,,
V210749,V210749,,PROJECT-V210749,SPONSOR-IDAHUM1,UI-LEAD,Active,2021-11-01,2022-10-31,Banner+VERAS Pending,Y,,
V210751,V210751,,PROJECT-V210751,SPONSOR-GENLLC,UI-LEAD,Active,2022-06-01,2026-05-31,Banner+VERAS Pending,Y,,
V210777,V210777,,PROJECT-V210777,SPONSOR-IDHW7,UI-LEAD,Active,2021-09-01,2022-09-30,Banner+VERAS Pending,Y,,
V210781,V210781,,PROJECT-V210781,SPONSOR-IDHW7,UI-LEAD,Active,2021-09-01,2022-09-30,Banner+VERAS Pending,Y,,
V210792,V210792,,PROJECT-V210792,SPONSOR-NIFA,UI-LEAD,Active,2021-10-01,2023-09-30,Banner+VERAS Pending,Y,,
V210800,V210800,,PROJECT-V210800,SPONSOR-USBLM,UI-LEAD,Active,2019-07-01,2023-07-01,Banner+VERAS Pending,Y,,
V210801,V210801,,PROJECT-V210801,SPONSOR-NIFA,UI-LEAD,Active,2021-10-01,2023-09-30,Banner+VERAS Pending,Y,,
V210804,V210804,,PROJECT-V210804,SPONSOR-USDFOR,UI-LEAD,Active,2021-08-18,2025-12-31,Banner+VERAS Pending,Y,,
V210813,V210813,,PROJECT-V210813,SPONSOR-NIFA,UI-LEAD,Active,2021-10-01,2026-09-30,Banner+VERAS Pending,Y,,
V210816,V210816,,PROJECT-V210816,SPONSOR-IDAFIS,UI-LEAD,Active,2022-01-01,2023-12-31,Banner+VERAS Pending,Y,,
V210841,V210841,,PROJECT-V210841,SPONSOR-MONCOM,UI-LEAD,Active,2021-09-01,2022-07-31,Banner+VERAS Pending,Y,,
V210846,V210846,,PROJECT-V210846,SPONSOR-DHHS1,UI-LEAD,Active,2022-08-08,2026-07-31,Banner+VERAS Pending,Y,,
V210852,V210852,,PROJECT-V210852,SPONSOR-UCAL2,UI-LEAD,Active,2021-08-01,2023-07-31,Banner+VERAS Pending,Y,,
V210866,V210866,,PROJECT-V210866,SPONSOR-ISDE1,UI-LEAD,Active,2021-12-14,2022-09-29,Banner+VERAS Pending,Y,,
V210869,V210869,,PROJECT-V210869,SPONSOR-WASSTA12,UI-LEAD,Active,2022-04-15,2026-04-13,Banner+VERAS Pending,Y,,
V210871,V210871,,PROJECT-V210871,SPONSOR-IDADAI,UI-LEAD,Active,2022-01-01,2022-12-31,Banner+VERAS Pending,Y,,
V210878,V210878,,PROJECT-V210878,SPONSOR-IDAFIS,UI-LEAD,Active,2022-01-01,2024-12-31,Banner+VERAS Pending,Y,,
V210879,V210879,,PROJECT-V210879,SPONSOR-IDAFIS,UI-LEAD,Active,2023-01-01,2023-12-31,Banner+VERAS Pending,Y,,
V210880,V210880,,PROJECT-V210880,SPONSOR-NSF,UI-LEAD,Active,2022-07-01,2026-06-30,Banner+VERAS Pending,Y,,
V210883,V210883,,PROJECT-V210883,SPONSOR-MONSTA1,UI-LEAD,Active,2022-10-01,2025-12-31,Banner+VERAS Pending,Y,,
V210886,V210886,,PROJECT-V210886,SPONSOR-SPECON4,UI-LEAD,Active,2021-07-01,2022-12-01,Banner+VERAS Pending,Y,,
V210907,V210907,,PROJECT-V210907,SPONSOR-GORBET,UI-LEAD,Active,2021-10-25,2026-08-31,Banner+VERAS Pending,Y,,
V210911,V210911,,PROJECT-V210911,SPONSOR-SANDIE11,UI-LEAD,Active,2021-07-01,2023-12-30,Banner+VERAS Pending,Y,,
V210921,V210921,,PROJECT-V210921,SPONSOR-FAMADV1,UI-LEAD,Active,2021-10-01,2022-09-30,Banner+VERAS Pending,Y,,
V210940,V210940,,PROJECT-V210940,SPONSOR-DOD1,UI-LEAD,Active,2022-09-30,2026-09-30,Banner+VERAS Pending,Y,,
V210954,V210954,,PROJECT-V210954,SPONSOR-AMEFAR3,UI-LEAD,Active,2021-09-15,2023-08-31,Banner+VERAS Pending,Y,,
V210957,V210957,,PROJECT-V210957,SPONSOR-NAT4H3,UI-LEAD,Active,2022-01-01,2023-10-31,Banner+VERAS Pending,Y,,
V210960,V210960,,PROJECT-V210960,SPONSOR-VENWEL,UI-LEAD,Active,2022-02-01,2025-08-31,Banner+VERAS Pending,Y,,
V210961,V210961,,PROJECT-V210961,SPONSOR-IDAFIS,UI-LEAD,Active,2022-07-01,2023-06-30,Banner+VERAS Pending,Y,,
V210964,V210964,,PROJECT-V210964,SPONSOR-AUSUNI1,UI-LEAD,Active,2021-09-01,2022-09-30,Banner+VERAS Pending,Y,,
V210973,V210973,,PROJECT-V210973,SPONSOR-IDAPOW3,UI-LEAD,Active,2022-01-01,2022-12-31,Banner+VERAS Pending,Y,,
V210975,V210975,,PROJECT-V210975,SPONSOR-USBLM,UI-LEAD,Active,2022-12-19,2024-12-31,Banner+VERAS Pending,Y,,
V210979,V210979,,PROJECT-V210979,SPONSOR-IDASTA34,UI-LEAD,Active,2022-01-01,2024-12-31,Banner+VERAS Pending,Y,,
V210983,V210983,,PROJECT-V210983,SPONSOR-MONSTA1,UI-LEAD,Active,2022-07-01,2025-12-31,Banner+VERAS Pending,Y,,
V210985,V210985,,PROJECT-V210985,SPONSOR-IDASTA34,UI-LEAD,Active,2022-02-25,2024-05-31,Banner+VERAS Pending,Y,,
V210988,V210988,,PROJECT-V210988,SPONSOR-WASSTA12,UI-LEAD,Active,2010-05-20,2026-05-31,Banner+VERAS Pending,Y,,
V211000,V211000,,PROJECT-V211000,SPONSOR-USGS,UI-LEAD,Active,2021-11-23,2025-06-30,Banner+VERAS Pending,Y,,
V211008,V211008,,PROJECT-V211008,SPONSOR-IDHW7,UI-LEAD,Active,2022-01-12,2025-12-31,Banner+VERAS Pending,Y,,
V211014,V211014,,PROJECT-V211014,SPONSOR-ELEBATT,UI-LEAD,Active,2021-12-01,2023-12-31,Banner+VERAS Pending,Y,,
V211020,V211020,,PROJECT-V211020,SPONSOR-MONSTA1,UI-LEAD,Active,2022-04-01,2025-03-31,Banner+VERAS Pending,Y,,
V211022,V211022,,PROJECT-V211022,SPONSOR-IDAFIS,UI-LEAD,Active,2023-05-15,2024-08-18,Banner+VERAS Pending,Y,,
V211035,V211035,,PROJECT-V211035,SPONSOR-COLUNI6,UI-LEAD,Active,2022-10-01,2026-09-30,Banner+VERAS Pending,Y,,
V211036,V211036,,PROJECT-V211036,SPONSOR-IDHW7,UI-LEAD,Active,2021-07-01,2022-06-30,Banner+VERAS Pending,Y,,
V211084,V211084,,PROJECT-V211084,SPONSOR-AREAGE,UI-LEAD,Active,2021-11-01,2024-06-30,Banner+VERAS Pending,Y,,
V211099,V211099,,PROJECT-V211099,SPONSOR-UOFW1,UI-LEAD,Active,2022-09-30,2025-09-29,Banner+VERAS Pending,Y,,
V211118,V211118,,PROJECT-V211118,SPONSOR-IDADAI,UI-LEAD,Active,2022-01-01,2022-12-31,Banner+VERAS Pending,Y,,
V211121,V211121,,PROJECT-V211121,SPONSOR-IDAPOT5,UI-LEAD,Active,2022-07-01,2024-07-31,Banner+VERAS Pending,Y,,
V211124,V211124,,PROJECT-V211124,SPONSOR-IDAPOT5,UI-LEAD,Active,2022-07-01,2023-07-31,Banner+VERAS Pending,Y,,
V211128,V211128,,PROJECT-V211128,SPONSOR-USNPS,UI-LEAD,Active,2023-05-08,2024-12-31,Banner+VERAS Pending,Y,,
V211129,V211129,,PROJECT-V211129,SPONSOR-NIFA,UI-LEAD,Active,2022-09-01,2026-08-31,Banner+VERAS Pending,Y,,
V211133,V211133,,PROJECT-V211133,SPONSOR-NIFA,UI-LEAD,Active,2022-09-01,2025-08-31,Banner+VERAS Pending,Y,,
V211139,V211139,,PROJECT-V211139,SPONSOR-COULIB1,UI-LEAD,Active,2022-05-01,2023-10-31,Banner+VERAS Pending,Y,,
V211145,V211145,,PROJECT-V211145,SPONSOR-IDAPAR1,UI-LEAD,Active,2022-07-01,2026-06-30,Banner+VERAS Pending,Y,,
V211165,V211165,,PROJECT-V211165,SPONSOR-NSF,UI-LEAD,Active,2023-01-01,2026-12-31,Banner+VERAS Pending,Y,,
V211166,V211166,,PROJECT-V211166,SPONSOR-USADRY,UI-LEAD,Active,2022-07-01,2023-06-30,Banner+VERAS Pending,Y,,
V211168,V211168,,PROJECT-V211168,SPONSOR-USADRY,UI-LEAD,Active,2022-07-01,2023-12-31,Banner+VERAS Pending,Y,,
V211169,V211169,,PROJECT-V211169,SPONSOR-IDAPOT5,UI-LEAD,Active,2022-07-01,2023-07-31,Banner+VERAS Pending,Y,,
V211170,V211170,,PROJECT-V211170,SPONSOR-DHHS1,UI-LEAD,Active,2023-07-03,2025-04-01,Banner+VERAS Pending,Y,,
V211172,V211172,,PROJECT-V211172,SPONSOR-BONENV,UI-LEAD,Active,2022-03-01,2023-09-01,Banner+VERAS Pending,Y,,
V211174,V211174,,PROJECT-V211174,SPONSOR-NIFA,UI-LEAD,Active,2022-09-01,2026-08-31,Banner+VERAS Pending,Y,,
V211177,V211177,,PROJECT-V211177,SPONSOR-SNARIV45,UI-LEAD,Active,2023-04-01,2024-03-31,Banner+VERAS Pending,Y,,
V211178,V211178,,PROJECT-V211178,SPONSOR-SNARIV45,UI-LEAD,Active,2022-04-01,2024-03-31,Banner+VERAS Pending,Y,,
V211184,V211184,,PROJECT-V211184,SPONSOR-USOE1,UI-LEAD,Active,2022-09-01,2026-08-31,Banner+VERAS Pending,Y,,
V211185,V211185,,PROJECT-V211185,SPONSOR-USOE1,UI-LEAD,Active,2022-09-01,2026-08-31,Banner+VERAS Pending,Y,,
V211188,V211188,,PROJECT-V211188,SPONSOR-USOE1,UI-LEAD,Active,2022-06-01,2026-08-31,Banner+VERAS Pending,Y,,
V211189,V211189,,PROJECT-V211189,SPONSOR-USOE1,UI-LEAD,Active,2022-09-01,2026-08-31,Banner+VERAS Pending,Y,,
V211201,V211201,,PROJECT-V211201,SPONSOR-EPA11,UI-LEAD,Active,2023-01-01,2025-12-31,Banner+VERAS Pending,Y,,
V211205,V211205,,PROJECT-V211205,SPONSOR-IDABAR,UI-LEAD,Active,2022-07-01,2023-06-30,Banner+VERAS Pending,Y,,
V211207,V211207,,PROJECT-V211207,SPONSOR-IDAWHE,UI-LEAD,Active,2022-07-01,2023-06-30,Banner+VERAS Pending,Y,,
V211208,V211208,,PROJECT-V211208,SPONSOR-IDABAR,UI-LEAD,Active,2022-07-01,2023-06-30,Banner+VERAS Pending,Y,,
V211212,V211212,,PROJECT-V211212,SPONSOR-SNARIV45,UI-LEAD,Active,2022-04-01,2023-03-31,Banner+VERAS Pending,Y,,
V211213,V211213,,PROJECT-V211213,SPONSOR-SNARIV45,UI-LEAD,Active,2023-04-01,2024-03-31,Banner+VERAS Pending,Y,,
V220001,V220001,,PROJECT-V220001,SPONSOR-IDAWHE,UI-LEAD,Active,2022-07-01,2023-06-30,Banner+VERAS Pending,Y,,
V220003,V220003,,PROJECT-V220003,SPONSOR-IDHW7,UI-LEAD,Active,2022-03-24,2022-12-31,Banner+VERAS Pending,Y,,
V220021,V220021,,PROJECT-V220021,SPONSOR-BATTELLE1,UI-LEAD,Active,2022-03-22,2024-09-30,Banner+VERAS Pending,Y,,
V220026,V220026,,PROJECT-V220026,SPONSOR-IDAAGR,UI-LEAD,Active,2022-06-17,2023-06-16,Banner+VERAS Pending,Y,,
V220031,V220031,,PROJECT-V220031,SPONSOR-USDFOR,UI-LEAD,Active,2022-02-14,2026-09-30,Banner+VERAS Pending,Y,,
V220032,V220032,,PROJECT-V220032,SPONSOR-CENWAS,UI-LEAD,Active,2022-01-01,2025-12-31,Banner+VERAS Pending,Y,,
V220034,V220034,,PROJECT-V220034,SPONSOR-IDAHUM1,UI-LEAD,Active,2022-03-01,2023-05-31,Banner+VERAS Pending,Y,,
V220035,V220035,,PROJECT-V220035,SPONSOR-IDALAB1,UI-LEAD,Active,2022-09-01,2023-08-31,Banner+VERAS Pending,Y,,
V220037,V220037,,PROJECT-V220037,SPONSOR-IDAWHE,UI-LEAD,Active,2022-07-01,2023-06-30,Banner+VERAS Pending,Y,,
V220039,V220039,,PROJECT-V220039,SPONSOR-IDABAR,UI-LEAD,Active,2022-07-01,2023-06-30,Banner+VERAS Pending,Y,,
V220040,V220040,,PROJECT-V220040,SPONSOR-IDAWHE,UI-LEAD,Active,2022-07-01,2023-06-30,Banner+VERAS Pending,Y,,
V220041,V220041,,PROJECT-V220041,SPONSOR-WESVIR,UI-LEAD,Active,2022-04-01,2026-03-31,Banner+VERAS Pending,Y,,
V220042,V220042,,PROJECT-V220042,SPONSOR-IDAWHE,UI-LEAD,Active,2022-07-01,2023-06-30,Banner+VERAS Pending,Y,,
V220045,V220045,,PROJECT-V220045,SPONSOR-IDAWHE,UI-LEAD,Active,2022-07-01,2023-06-30,Banner+VERAS Pending,Y,,
V220046,V220046,,PROJECT-V220046,SPONSOR-IDAWHE,UI-LEAD,Active,2022-07-01,2023-06-30,Banner+VERAS Pending,Y,,
V220052,V220052,,PROJECT-V220052,SPONSOR-IDAWHE,UI-LEAD,Active,2022-07-01,2023-06-30,Banner+VERAS Pending,Y,,
V220053,V220053,,PROJECT-V220053,SPONSOR-IDAWHE,UI-LEAD,Active,2022-07-01,2023-06-30,Banner+VERAS Pending,Y,,
V220055,V220055,,PROJECT-V220055,SPONSOR-UNVTEN,UI-LEAD,Active,2022-10-01,2027-09-30,Banner+VERAS Pending,Y,,
V220061,V220061,,PROJECT-V220061,SPONSOR-NASA,UI-LEAD,Active,2022-07-01,2026-08-14,Banner+VERAS Pending,Y,,
V220064,V220064,,PROJECT-V220064,SPONSOR-IDABAR,UI-LEAD,Active,2022-07-01,2023-06-30,Banner+VERAS Pending,Y,,
V220068,V220068,,PROJECT-V220068,SPONSOR-IDAWHE,UI-LEAD,Active,2022-07-01,2023-06-30,Banner+VERAS Pending,Y,,
V220071,V220071,,PROJECT-V220071,SPONSOR-IDABAR,UI-LEAD,Active,2022-07-01,2023-06-30,Banner+VERAS Pending,Y,,
V220072,V220072,,PROJECT-V220072,SPONSOR-SIGXI,UI-LEAD,Active,2022-01-01,2022-12-30,Banner+VERAS Pending,Y,,
V220077,V220077,,PROJECT-V220077,SPONSOR-IDAWHE,UI-LEAD,Active,2022-07-01,2023-06-30,Banner+VERAS Pending,Y,,
V220079,V220079,,PROJECT-V220079,SPONSOR-NATA,UI-LEAD,Active,2022-05-01,2024-04-30,Banner+VERAS Pending,Y,,
V220086,V220086,,PROJECT-V220086,SPONSOR-IDAFIS,UI-LEAD,Active,2024-01-01,2024-12-31,Banner+VERAS Pending,Y,,
V220092,V220092,,PROJECT-V220092,SPONSOR-MONUNI1,UI-LEAD,Active,2022-08-15,2027-07-31,Banner+VERAS Pending,Y,,
V220093,V220093,,PROJECT-V220093,SPONSOR-IDASTA34,UI-LEAD,Active,2022-07-01,2025-09-30,Banner+VERAS Pending,Y,,
V220109,V220109,,PROJECT-V220109,SPONSOR-DHHS1,UI-LEAD,Active,2023-09-20,2025-08-31,Banner+VERAS Pending,Y,,
V220111,V220111,,PROJECT-V220111,SPONSOR-SNARIV45,UI-LEAD,Active,2023-04-01,2024-03-31,Banner+VERAS Pending,Y,,
V220117,V220117,,PROJECT-V220117,SPONSOR-IDAFIS,UI-LEAD,Active,2023-05-01,2025-04-30,Banner+VERAS Pending,Y,,
V220118,V220118,,PROJECT-V220118,SPONSOR-UARS5,UI-LEAD,Active,2022-05-01,2025-10-31,Banner+VERAS Pending,Y,,
V220120,V220120,,PROJECT-V220120,SPONSOR-UARS5,UI-LEAD,Active,2022-05-01,2025-10-31,Banner+VERAS Pending,Y,,
V220126,V220126,,PROJECT-V220126,SPONSOR-NSF,UI-LEAD,Active,2022-04-01,2026-05-31,Banner+VERAS Pending,Y,,
V220140,V220140,,PROJECT-V220140,SPONSOR-USDFOR,UI-LEAD,Active,2022-06-15,2027-05-31,Banner+VERAS Pending,Y,,
V220144,V220144,,PROJECT-V220144,SPONSOR-NSF,UI-LEAD,Active,2022-05-01,2026-07-31,Banner+VERAS Pending,Y,,
V220155,V220155,,PROJECT-V220155,SPONSOR-NATACA1,UI-LEAD,Active,2022-09-01,2023-08-31,Banner+VERAS Pending,Y,,
V220157,V220157,,PROJECT-V220157,SPONSOR-USBLM,UI-LEAD,Active,2023-03-15,2026-03-14,Banner+VERAS Pending,Y,,
V220159,V220159,,PROJECT-V220159,SPONSOR-DEPHEA,UI-LEAD,Active,2022-04-01,2025-09-30,Banner+VERAS Pending,Y,,
V220161,V220161,,PROJECT-V220161,SPONSOR-IEOOC,UI-LEAD,Active,2022-07-01,2023-06-30,Banner+VERAS Pending,Y,,
V220165,V220165,,PROJECT-V220165,SPONSOR-IEOOC,UI-LEAD,Active,2022-07-01,2023-06-30,Banner+VERAS Pending,Y,,
V220173,V220173,,PROJECT-V220173,SPONSOR-IEOOC,UI-LEAD,Active,2022-07-01,2023-06-30,Banner+VERAS Pending,Y,,
V220174,V220174,,PROJECT-V220174,SPONSOR-NEVREG,UI-LEAD,Active,2022-10-27,2023-06-30,Banner+VERAS Pending,Y,,
V220175,V220175,,PROJECT-V220175,SPONSOR-IDHW7,UI-LEAD,Active,2022-03-31,2025-12-31,Banner+VERAS Pending,Y,,
V220179,V220179,,PROJECT-V220179,SPONSOR-NASA,UI-LEAD,Active,2022-08-01,2026-07-31,Banner+VERAS Pending,Y,,
V220181,V220181,,PROJECT-V220181,SPONSOR-MININD1,UI-LEAD,Active,2022-02-01,2022-12-31,Banner+VERAS Pending,Y,,
V220186,V220186,,PROJECT-V220186,SPONSOR-WATSHE,UI-LEAD,Active,2022-08-15,2025-05-31,Banner+VERAS Pending,Y,,
V220209,V220209,,PROJECT-V220209,SPONSOR-NIFA,UI-LEAD,Active,2022-09-01,2026-08-31,Banner+VERAS Pending,Y,,
V220211,V220211,,PROJECT-V220211,SPONSOR-INSMUS,UI-LEAD,Active,2022-08-01,2027-01-31,Banner+VERAS Pending,Y,,
V220224,V220224,,PROJECT-V220224,SPONSOR-AMEMAL,UI-LEAD,Active,2022-07-01,2023-06-30,Banner+VERAS Pending,Y,,
V220233,V220233,,PROJECT-V220233,SPONSOR-NASA,UI-LEAD,Active,2022-09-01,2024-08-31,Banner+VERAS Pending,Y,,
V220240,V220240,,PROJECT-V220240,SPONSOR-IOEM,UI-LEAD,Active,2022-03-30,2022-07-01,Banner+VERAS Pending,Y,,
V220241,V220241,,PROJECT-V220241,SPONSOR-BSU,UI-LEAD,Active,2022-10-01,2025-09-30,Banner+VERAS Pending,Y,,
V220244,V220244,,PROJECT-V220244,SPONSOR-IDAAGR,UI-LEAD,Active,2022-11-02,2025-06-30,Banner+VERAS Pending,Y,,
V220248,V220248,,PROJECT-V220248,SPONSOR-OKLWIL,UI-LEAD,Active,2019-07-01,2025-06-30,Banner+VERAS Pending,Y,,
V220253,V220253,,PROJECT-V220253,SPONSOR-IDANUR,UI-LEAD,Active,2022-11-09,2025-06-30,Banner+VERAS Pending,Y,,
V220258,V220258,,PROJECT-V220258,SPONSOR-IDAGRA2,UI-LEAD,Active,2022-10-28,2025-06-30,Banner+VERAS Pending,Y,,
V220263,V220263,,PROJECT-V220263,SPONSOR-USOE1,UI-LEAD,Active,2022-10-01,2027-09-30,Banner+VERAS Pending,Y,,
V220266,V220266,,PROJECT-V220266,SPONSOR-IDASTE2,UI-LEAD,Active,2022-04-06,2022-11-15,Banner+VERAS Pending,Y,,
V220268,V220268,,PROJECT-V220268,SPONSOR-USAPHIS,UI-LEAD,Active,2022-08-01,2023-07-31,Banner+VERAS Pending,Y,,
V220273,V220273,,PROJECT-V220273,SPONSOR-IDAAGR,UI-LEAD,Active,2022-11-02,2024-12-31,Banner+VERAS Pending,Y,,
V220276,V220276,,PROJECT-V220276,SPONSOR-IEOOC,UI-LEAD,Active,2022-12-06,2024-09-29,Banner+VERAS Pending,Y,,
V220278,V220278,,PROJECT-V220278,SPONSOR-BATTELLE1,UI-LEAD,Active,2022-06-30,2024-09-30,Banner+VERAS Pending,Y,,
V220279,V220279,Climate-Smart Commodities for Idaho – A Public-Private-Tribal Partnership,PROJECT-V220279,SPONSOR-USDANRCS,UI-LEAD,Active,2023-05-03,2025-04-22,Banner+VERAS Pending,N,OS7090/V220279/Willem/Proposal/V220279_NR233A750004G038_PROPOSAL_APPLICATION_20260303.pdf,proposal_pdf
V220285,V220285,,PROJECT-V220285,SPONSOR-NASA,UI-LEAD,Active,2022-08-22,2026-08-21,Banner+VERAS Pending,Y,,
V220287,V220287,,PROJECT-V220287,SPONSOR-IDABEA1,UI-LEAD,Active,2022-10-27,2025-06-30,Banner+VERAS Pending,Y,,
V220292,V220292,,PROJECT-V220292,SPONSOR-USBLM,UI-LEAD,Active,2023-05-11,2026-04-30,Banner+VERAS Pending,Y,,
V220304,V220304,,PROJECT-V220304,SPONSOR-MUSBIO,UI-LEAD,Active,2022-09-01,2024-08-31,Banner+VERAS Pending,Y,,
V220307,V220307,,PROJECT-V220307,SPONSOR-INSMUS,UI-LEAD,Active,2022-08-01,2026-07-31,Banner+VERAS Pending,Y,,
V220310,V220310,,PROJECT-V220310,SPONSOR-USAPHIS,UI-LEAD,Active,2022-08-01,2024-07-31,Banner+VERAS Pending,Y,,
V220323,V220323,,PROJECT-V220323,SPONSOR-NIFA,UI-LEAD,Active,2022-09-15,2026-09-14,Banner+VERAS Pending,Y,,
V220325,V220325,,PROJECT-V220325,SPONSOR-UARS5,UI-LEAD,Active,2022-09-01,2026-08-31,Banner+VERAS Pending,Y,,
V220327,V220327,,PROJECT-V220327,SPONSOR-IDHW7,UI-LEAD,Active,2022-10-01,2026-09-30,Banner+VERAS Pending,Y,,
V220330,V220330,,PROJECT-V220330,SPONSOR-UARS5,UI-LEAD,Active,2022-09-01,2025-12-31,Banner+VERAS Pending,Y,,
V220331,V220331,,PROJECT-V220331,SPONSOR-NEVREG,UI-LEAD,Active,2022-07-01,2023-06-30,Banner+VERAS Pending,Y,,
V220332,V220332,,PROJECT-V220332,SPONSOR-UTASTA,UI-LEAD,Active,2022-09-30,2025-09-29,Banner+VERAS Pending,Y,,
V220348,V220348,,PROJECT-V220348,SPONSOR-NUCINC,UI-LEAD,Active,2022-04-21,2023-12-31,Banner+VERAS Pending,Y,,
V220349,V220349,,PROJECT-V220349,SPONSOR-INCFAR,UI-LEAD,Active,2022-07-01,2023-12-31,Banner+VERAS Pending,Y,,
V220362,V220362,,PROJECT-V220362,SPONSOR-DHHS1,UI-LEAD,Active,2023-08-01,2026-07-31,Banner+VERAS Pending,Y,,
V220363,V220363,,PROJECT-V220363,SPONSOR-NIFA,UI-LEAD,Active,2022-09-15,2023-09-14,Banner+VERAS Pending,Y,,
V220364,V220364,,PROJECT-V220364,SPONSOR-ISDE1,UI-LEAD,Active,2022-07-01,2023-06-30,Banner+VERAS Pending,Y,,
V220373,V220373,,PROJECT-V220373,SPONSOR-COLSTA1,UI-LEAD,Active,2023-08-01,2025-04-22,Banner+VERAS Pending,Y,,
V220374,V220374,,PROJECT-V220374,SPONSOR-NSF,UI-LEAD,Active,2022-05-01,2025-08-31,Banner+VERAS Pending,Y,,
V220383,V220383,,PROJECT-V220383,SPONSOR-NSF,UI-LEAD,Active,2023-08-15,2026-07-31,Banner+VERAS Pending,Y,,
V220384,V220384,,PROJECT-V220384,SPONSOR-NATCAT,UI-LEAD,Active,2022-08-01,2023-08-31,Banner+VERAS Pending,Y,,
V220388,V220388,,PROJECT-V220388,SPONSOR-NIFA,UI-LEAD,Active,2022-09-15,2026-09-14,Banner+VERAS Pending,Y,,
V220394,V220394,,PROJECT-V220394,SPONSOR-CORAGR,UI-LEAD,Active,2022-04-04,2022-09-05,Banner+VERAS Pending,Y,,
V220399,V220399,,PROJECT-V220399,SPONSOR-ARISTA,UI-LEAD,Active,2023-01-01,2027-12-31,Banner+VERAS Pending,Y,,
V220400,V220400,,PROJECT-V220400,SPONSOR-AGRMAR,UI-LEAD,Active,2022-09-30,2026-09-29,Banner+VERAS Pending,Y,,
V220413,V220413,,PROJECT-V220413,SPONSOR-USDANRCS,UI-LEAD,Active,2022-08-18,2026-09-30,Banner+VERAS Pending,Y,,
V220414,V220414,,PROJECT-V220414,SPONSOR-USDANRCS,UI-LEAD,Active,2022-09-07,2026-03-31,Banner+VERAS Pending,Y,,
V220415,V220415,,PROJECT-V220415,SPONSOR-MONSTA1,UI-LEAD,Active,2023-09-01,2026-08-31,Banner+VERAS Pending,Y,,
V220417,V220417,,PROJECT-V220417,SPONSOR-ORESTA3,UI-LEAD,Active,2023-04-27,2025-10-14,Banner+VERAS Pending,Y,,
V220423,V220423,,PROJECT-V220423,SPONSOR-IDHWDEQ3,UI-LEAD,Active,2022-05-23,2024-08-30,Banner+VERAS Pending,Y,,
V220432,V220432,,PROJECT-V220432,SPONSOR-IDAAGR,UI-LEAD,Active,2022-11-14,2025-06-30,Banner+VERAS Pending,Y,,
V220436,V220436,,PROJECT-V220436,SPONSOR-PENSTA,UI-LEAD,Active,2023-07-01,2025-07-21,Banner+VERAS Pending,Y,,
V220446,V220446,,PROJECT-V220446,SPONSOR-IDHW7,UI-LEAD,Active,2022-12-16,2025-09-30,Banner+VERAS Pending,Y,,
V220447,V220447,,PROJECT-V220447,SPONSOR-NIFA,UI-LEAD,Active,2022-09-01,2026-08-31,Banner+VERAS Pending,Y,,
V220449,V220449,,PROJECT-V220449,SPONSOR-ISDE1,UI-LEAD,Active,2022-07-01,2023-06-30,Banner+VERAS Pending,Y,,
V220452,V220452,,PROJECT-V220452,SPONSOR-NIFA,UI-LEAD,Active,2022-09-01,2025-08-31,Banner+VERAS Pending,Y,,
V220458,V220458,,PROJECT-V220458,SPONSOR-MONFW-P,UI-LEAD,Active,2022-06-01,2026-06-30,Banner+VERAS Pending,Y,,
V220464,V220464,,PROJECT-V220464,SPONSOR-IDACOM5,UI-LEAD,Active,2019-11-22,2023-12-31,Banner+VERAS Pending,Y,,
V220472,V220472,,PROJECT-V220472,SPONSOR-BIOMAR,UI-LEAD,Active,2022-06-15,2024-02-28,Banner+VERAS Pending,Y,,
V220478,V220478,,PROJECT-V220478,SPONSOR-IDACOM5,UI-LEAD,Active,2022-04-15,2024-12-31,Banner+VERAS Pending,Y,,
V220480,V220480,,PROJECT-V220480,SPONSOR-COLRIV,UI-LEAD,Active,2022-07-01,2023-06-30,Banner+VERAS Pending,Y,,
V220486,V220486,,PROJECT-V220486,SPONSOR-VALUSA,UI-LEAD,Active,2022-06-15,2023-06-14,Banner+VERAS Pending,Y,,
V220487,V220487,,PROJECT-V220487,SPONSOR-PALLAN,UI-LEAD,Active,2022-05-16,2022-09-30,Banner+VERAS Pending,Y,,
V220488,V220488,,PROJECT-V220488,SPONSOR-IDADIV2,UI-LEAD,Active,2022-07-01,2023-06-30,Banner+VERAS Pending,Y,,
V220491,V220491,,PROJECT-V220491,SPONSOR-CORAGR,UI-LEAD,Active,2022-04-04,2022-12-31,Banner+VERAS Pending,Y,,
V220495,V220495,,PROJECT-V220495,SPONSOR-DOD1,UI-LEAD,Active,2022-07-01,2024-03-21,Banner+VERAS Pending,Y,,
V220498,V220498,,PROJECT-V220498,SPONSOR-UARS5,UI-LEAD,Active,2022-06-01,2023-05-31,Banner+VERAS Pending,Y,,
V220514,V220514,,PROJECT-V220514,SPONSOR-NSF,UI-LEAD,Active,2023-08-01,2028-07-31,Banner+VERAS Pending,Y,,
V220517,V220517,,PROJECT-V220517,SPONSOR-NATALF1,UI-LEAD,Active,2022-10-01,2024-09-30,Banner+VERAS Pending,Y,,
V220522,V220522,,PROJECT-V220522,SPONSOR-UARS5,UI-LEAD,Active,2021-06-01,2026-05-31,Banner+VERAS Pending,Y,,
V220523,V220523,,PROJECT-V220523,SPONSOR-IDAFIS,UI-LEAD,Active,2022-08-01,2024-12-31,Banner+VERAS Pending,Y,,
V220524,V220524,,PROJECT-V220524,SPONSOR-CORUNI,UI-LEAD,Active,2023-01-01,2026-12-31,Banner+VERAS Pending,Y,,
V220527,V220527,,PROJECT-V220527,SPONSOR-USJUS,UI-LEAD,Active,2022-10-01,2026-06-30,Banner+VERAS Pending,Y,,
V220533,V220533,,PROJECT-V220533,SPONSOR-BATTELLE1,UI-LEAD,Active,2020-02-12,2023-09-30,Banner+VERAS Pending,Y,,
V220543,V220543,,PROJECT-V220543,SPONSOR-USDAFS,UI-LEAD,Active,2022-08-24,2027-08-15,Banner+VERAS Pending,Y,,
V220544,V220544,,PROJECT-V220544,SPONSOR-IDAFIS,UI-LEAD,Active,2022-07-01,2023-06-30,Banner+VERAS Pending,Y,,
V220553,V220553,,PROJECT-V220553,SPONSOR-USFWS,UI-LEAD,Active,2023-04-03,2028-04-02,Banner+VERAS Pending,Y,,
V220559,V220559,,PROJECT-V220559,SPONSOR-IDAFOR4,UI-LEAD,Active,2022-10-17,2024-12-31,Banner+VERAS Pending,Y,,
V220561,V220561,,PROJECT-V220561,SPONSOR-NSF,UI-LEAD,Active,2023-08-15,2026-07-31,Banner+VERAS Pending,Y,,
V220564,V220564,,PROJECT-V220564,SPONSOR-BSU,UI-LEAD,Active,2022-12-15,2024-11-30,Banner+VERAS Pending,Y,,
V220571,V220571,,PROJECT-V220571,SPONSOR-NSF,UI-LEAD,Active,2023-07-01,2026-06-30,Banner+VERAS Pending,Y,,
V220582,V220582,,PROJECT-V220582,SPONSOR-NIFA,UI-LEAD,Active,2023-05-01,2027-04-30,Banner+VERAS Pending,Y,,
V220584,V220584,,PROJECT-V220584,SPONSOR-IDHW7,UI-LEAD,Active,2022-09-01,2023-09-30,Banner+VERAS Pending,Y,,
V220586,V220586,,PROJECT-V220586,SPONSOR-UARS5,UI-LEAD,Active,2022-09-01,2025-08-31,Banner+VERAS Pending,Y,,
V220589,V220589,,PROJECT-V220589,SPONSOR-CPRDEV,UI-LEAD,Active,2023-10-10,2026-10-09,Banner+VERAS Pending,Y,,
V220590,V220590,,PROJECT-V220590,SPONSOR-WASSTA12,UI-LEAD,Active,2023-05-01,2026-04-30,Banner+VERAS Pending,Y,,
V220591,V220591,,PROJECT-V220591,SPONSOR-IOWSTA,UI-LEAD,Active,2022-09-15,2024-09-14,Banner+VERAS Pending,Y,,
V220592,V220592,,PROJECT-V220592,SPONSOR-NIFA,UI-LEAD,Active,2023-01-01,2025-12-31,Banner+VERAS Pending,Y,,
V220594,V220594,,PROJECT-V220594,SPONSOR-IDHW7,UI-LEAD,Active,2022-07-01,2023-06-30,Banner+VERAS Pending,Y,,
V220599,V220599,,PROJECT-V220599,SPONSOR-NIFA,UI-LEAD,Active,2023-03-15,2026-09-13,Banner+VERAS Pending,Y,,
V220601,V220601,,PROJECT-V220601,SPONSOR-IDHW7,UI-LEAD,Active,2022-09-01,2023-09-30,Banner+VERAS Pending,Y,,
V220602,V220602,,PROJECT-V220602,SPONSOR-IDHW7,UI-LEAD,Active,2022-09-01,2023-09-30,Banner+VERAS Pending,Y,,
V220603,V220603,,PROJECT-V220603,SPONSOR-IDHW7,UI-LEAD,Active,2022-09-01,2023-09-30,Banner+VERAS Pending,Y,,
V220604,V220604,,PROJECT-V220604,SPONSOR-IDHW7,UI-LEAD,Active,2022-09-01,2023-09-30,Banner+VERAS Pending,Y,,
V220607,V220607,,PROJECT-V220607,SPONSOR-TEXAM,UI-LEAD,Active,2023-07-01,2027-06-30,Banner+VERAS Pending,Y,,
V220608,V220608,,PROJECT-V220608,SPONSOR-IDHW7,UI-LEAD,Active,2022-09-01,2023-09-30,Banner+VERAS Pending,Y,,
V220610,V220610,,PROJECT-V220610,SPONSOR-IDAFIS,UI-LEAD,Active,2022-07-01,2024-06-30,Banner+VERAS Pending,Y,,
V220613,V220613,,PROJECT-V220613,SPONSOR-IDHW7,UI-LEAD,Active,2022-09-01,2023-09-30,Banner+VERAS Pending,Y,,
V220620,V220620,,PROJECT-V220620,SPONSOR-IDHW7,UI-LEAD,Active,2022-09-01,2023-09-30,Banner+VERAS Pending,Y,,
V220621,V220621,,PROJECT-V220621,SPONSOR-IDHW7,UI-LEAD,Active,2022-09-01,2023-09-30,Banner+VERAS Pending,Y,,
V220623,V220623,,PROJECT-V220623,SPONSOR-IDHW7,UI-LEAD,Active,2022-09-01,2023-09-30,Banner+VERAS Pending,Y,,
V220624,V220624,,PROJECT-V220624,SPONSOR-IDHW7,UI-LEAD,Active,2022-09-01,2023-09-30,Banner+VERAS Pending,Y,,
V220626,V220626,,PROJECT-V220626,SPONSOR-IDHW7,UI-LEAD,Active,2022-09-01,2023-09-30,Banner+VERAS Pending,Y,,
V220627,V220627,,PROJECT-V220627,SPONSOR-IDHW7,UI-LEAD,Active,2022-09-01,2023-09-30,Banner+VERAS Pending,Y,,
V220632,V220632,,PROJECT-V220632,SPONSOR-IDHW7,UI-LEAD,Active,2022-09-01,2023-09-30,Banner+VERAS Pending,Y,,
V220634,V220634,,PROJECT-V220634,SPONSOR-IDHW7,UI-LEAD,Active,2022-09-01,2023-09-30,Banner+VERAS Pending,Y,,
V220635,V220635,,PROJECT-V220635,SPONSOR-IDHW7,UI-LEAD,Active,2022-09-01,2023-09-30,Banner+VERAS Pending,Y,,
V220636,V220636,,PROJECT-V220636,SPONSOR-IDHW7,UI-LEAD,Active,2022-09-01,2023-09-30,Banner+VERAS Pending,Y,,
V220639,V220639,,PROJECT-V220639,SPONSOR-NIFA,UI-LEAD,Active,2023-09-01,2026-08-31,Banner+VERAS Pending,Y,,
V220644,V220644,,PROJECT-V220644,SPONSOR-MERANI,UI-LEAD,Active,2014-12-17,2024-07-31,Banner+VERAS Pending,Y,,
V220648,V220648,,PROJECT-V220648,SPONSOR-UOFW1,UI-LEAD,Active,2024-01-01,2025-08-31,Banner+VERAS Pending,Y,,
V220652,V220652,,PROJECT-V220652,SPONSOR-NIFA,UI-LEAD,Active,2023-05-01,2026-04-30,Banner+VERAS Pending,Y,,
V220654,V220654,,PROJECT-V220654,SPONSOR-UNIBRT,UI-LEAD,Active,2023-04-01,2025-05-31,Banner+VERAS Pending,Y,,
V220667,V220667,,PROJECT-V220667,SPONSOR-NIFA,UI-LEAD,Active,2023-06-01,2027-05-31,Banner+VERAS Pending,Y,,
V220668,V220668,,PROJECT-V220668,SPONSOR-GOOFOO,UI-LEAD,Active,2022-09-29,2024-09-29,Banner+VERAS Pending,Y,,
V220670,V220670,,PROJECT-V220670,SPONSOR-WASSTA12,UI-LEAD,Active,2022-08-31,2026-12-31,Banner+VERAS Pending,Y,,
V220678,V220678,,PROJECT-V220678,SPONSOR-IDALAN,UI-LEAD,Active,2022-07-01,2024-09-30,Banner+VERAS Pending,Y,,
V220681,V220681,,PROJECT-V220681,SPONSOR-BATTELLE1,UI-LEAD,Active,2017-10-01,2024-05-31,Banner+VERAS Pending,Y,,
V220699,V220699,,PROJECT-V220699,SPONSOR-NSF,UI-LEAD,Active,2023-12-01,2027-11-30,Banner+VERAS Pending,Y,,
V220702,V220702,,PROJECT-V220702,SPONSOR-IDASTA34,UI-LEAD,Active,2022-07-01,2023-06-30,Banner+VERAS Pending,Y,,
V220704,V220704,,PROJECT-V220704,SPONSOR-WESVIR,UI-LEAD,Active,2023-05-01,2026-04-30,Banner+VERAS Pending,Y,,
V220705,V220705,,PROJECT-V220705,SPONSOR-MISUNI,UI-LEAD,Active,2023-07-01,2026-06-30,Banner+VERAS Pending,Y,,
V220707,V220707,,PROJECT-V220707,SPONSOR-NAT4H3,UI-LEAD,Active,2022-09-30,2023-04-30,Banner+VERAS Pending,Y,,
V220720,V220720,,PROJECT-V220720,SPONSOR-DHHS1,UI-LEAD,Active,2021-10-01,2023-09-30,Banner+VERAS Pending,Y,,
V220726,V220726,,PROJECT-V220726,SPONSOR-WESVIR,UI-LEAD,Active,2022-09-01,2026-03-31,Banner+VERAS Pending,Y,,
V220735,V220735,,PROJECT-V220735,SPONSOR-NIFA,UI-LEAD,Active,2023-09-01,2028-08-31,Banner+VERAS Pending,Y,,
V220736,V220736,,PROJECT-V220736,SPONSOR-USDFOR,UI-LEAD,Active,2020-08-26,2025-08-25,Banner+VERAS Pending,Y,,
V220738,V220738,,PROJECT-V220738,SPONSOR-USDFOR,UI-LEAD,Active,2022-09-01,2023-06-30,Banner+VERAS Pending,Y,,
V220747,V220747,,PROJECT-V220747,SPONSOR-UARS5,UI-LEAD,Active,2022-09-01,2026-08-31,Banner+VERAS Pending,Y,,
V220749,V220749,,PROJECT-V220749,SPONSOR-MULTIPLE,UI-LEAD,Active,2022-08-15,2025-08-31,Banner+VERAS Pending,Y,,
V220751,V220751,,PROJECT-V220751,SPONSOR-UARS5,UI-LEAD,Active,2018-09-28,2023-09-27,Banner+VERAS Pending,Y,,
V220753,V220753,,PROJECT-V220753,SPONSOR-KANSTA,UI-LEAD,Active,2023-01-09,2023-07-31,Banner+VERAS Pending,Y,,
V220754,V220754,,PROJECT-V220754,SPONSOR-NIFA,UI-LEAD,Active,2023-03-15,2027-03-14,Banner+VERAS Pending,Y,,
V220756,V220756,,PROJECT-V220756,SPONSOR-NATCAM,UI-LEAD,Active,2022-11-22,2023-07-31,Banner+VERAS Pending,Y,,
V220757,V220757,,PROJECT-V220757,SPONSOR-NSF,UI-LEAD,Active,2022-09-01,2027-08-31,Banner+VERAS Pending,Y,,
V220776,V220776,,PROJECT-V220776,SPONSOR-ISDE1,UI-LEAD,Active,2022-09-30,2023-09-30,Banner+VERAS Pending,Y,,
V220785,V220785,,PROJECT-V220785,SPONSOR-POTUSA,UI-LEAD,Active,2022-07-01,2023-06-30,Banner+VERAS Pending,Y,,
V220787,V220787,,PROJECT-V220787,SPONSOR-SOUADV1,UI-LEAD,Active,2022-07-01,2026-06-30,Banner+VERAS Pending,Y,,
V220791,V220791,,PROJECT-V220791,SPONSOR-WASDNR,UI-LEAD,Active,2023-07-01,2025-06-30,Banner+VERAS Pending,Y,,
V220794,V220794,,PROJECT-V220794,SPONSOR-ILLUNI,UI-LEAD,Active,2022-08-16,2025-09-30,Banner+VERAS Pending,Y,,
V220796,V220796,,PROJECT-V220796,SPONSOR-FAMADV1,UI-LEAD,Active,2022-10-01,2023-09-30,Banner+VERAS Pending,Y,,
V220798,V220798,,PROJECT-V220798,SPONSOR-KENUNIKEN,UI-LEAD,Active,2022-08-01,2023-07-31,Banner+VERAS Pending,Y,,
V220803,V220803,,PROJECT-V220803,SPONSOR-STILUM,UI-LEAD,Active,2022-09-12,2023-06-30,Banner+VERAS Pending,Y,,
V220805,V220805,,PROJECT-V220805,SPONSOR-NIFA,UI-LEAD,Active,2023-09-01,2025-07-21,Banner+VERAS Pending,Y,,
V220813,V220813,,PROJECT-V220813,SPONSOR-NIFA,UI-LEAD,Active,2023-06-15,2025-12-14,Banner+VERAS Pending,Y,,
V220818,V220818,,PROJECT-V220818,SPONSOR-UERS1,UI-LEAD,Active,2022-09-29,2025-12-31,Banner+VERAS Pending,Y,,
V220820,V220820,,PROJECT-V220820,SPONSOR-UARS5,UI-LEAD,Active,2022-09-05,2027-05-30,Banner+VERAS Pending,Y,,
V220823,V220823,,PROJECT-V220823,SPONSOR-MONCOM,UI-LEAD,Active,2022-06-15,2022-12-31,Banner+VERAS Pending,Y,,
V220826,V220826,,PROJECT-V220826,SPONSOR-USGS,UI-LEAD,Active,2022-08-01,2025-12-29,Banner+VERAS Pending,Y,,
V220827,V220827,,PROJECT-V220827,SPONSOR-CAVRES,UI-LEAD,Active,2022-05-19,2023-05-18,Banner+VERAS Pending,Y,,
V220829,V220829,,PROJECT-V220829,SPONSOR-USGS,UI-LEAD,Active,2022-09-22,2025-09-21,Banner+VERAS Pending,Y,,
V220832,V220832,,PROJECT-V220832,SPONSOR-BARD,UI-LEAD,Active,2023-12-01,2026-12-01,Banner+VERAS Pending,Y,,
V220834,V220834,,PROJECT-V220834,SPONSOR-UARS5,UI-LEAD,Active,2021-09-01,2024-08-31,Banner+VERAS Pending,Y,,
V220837,V220837,,PROJECT-V220837,SPONSOR-UARS5,UI-LEAD,Active,2018-08-16,2023-08-13,Banner+VERAS Pending,Y,,
V220839,V220839,,PROJECT-V220839,SPONSOR-UARS5,UI-LEAD,Active,2022-06-01,2025-08-31,Banner+VERAS Pending,Y,,
V220841,V220841,,PROJECT-V220841,SPONSOR-UARS5,UI-LEAD,Active,2022-07-01,2023-06-30,Banner+VERAS Pending,Y,,
V220842,V220842,,PROJECT-V220842,SPONSOR-IDHW7,UI-LEAD,Active,2022-12-28,2023-05-31,Banner+VERAS Pending,Y,,
V220843,V220843,,PROJECT-V220843,SPONSOR-DHHS1,UI-LEAD,Active,2019-05-01,2025-08-31,Banner+VERAS Pending,Y,,
V220846,V220846,,PROJECT-V220846,SPONSOR-BAYCRO,UI-LEAD,Active,2022-08-15,2023-08-31,Banner+VERAS Pending,Y,,
V220848,V220848,,PROJECT-V220848,SPONSOR-BSU,UI-LEAD,Active,2023-09-01,2027-08-31,Banner+VERAS Pending,Y,,
V220849,V220849,,PROJECT-V220849,SPONSOR-SPASTR,UI-LEAD,Active,2022-08-01,2024-07-30,Banner+VERAS Pending,Y,,
V220854,V220854,,PROJECT-V220854,SPONSOR-WASSTA12,UI-LEAD,Active,2023-07-01,2027-06-30,Banner+VERAS Pending,Y,,
V220856,V220856,,PROJECT-V220856,SPONSOR-ISDE1,UI-LEAD,Active,2022-09-30,2023-06-16,Banner+VERAS Pending,Y,,
V220857,V220857,,PROJECT-V220857,SPONSOR-NSF,UI-LEAD,Active,2023-05-01,2025-04-30,Banner+VERAS Pending,Y,,
V220868,V220868,,PROJECT-V220868,SPONSOR-UARS5,UI-LEAD,Active,2022-09-01,2026-08-31,Banner+VERAS Pending,Y,,
V220869,V220869,,PROJECT-V220869,SPONSOR-URBANO,UI-LEAD,Active,2023-04-15,2025-04-15,Banner+VERAS Pending,Y,,
V220874,V220874,,PROJECT-V220874,SPONSOR-UNIDEN,UI-LEAD,Active,2022-12-01,2025-07-31,Banner+VERAS Pending,Y,,
V220876,V220876,,PROJECT-V220876,SPONSOR-IDAWOR,UI-LEAD,Active,2023-07-03,2026-07-02,Banner+VERAS Pending,Y,,
V220880,V220880,,PROJECT-V220880,SPONSOR-UNIWAY20,UI-LEAD,Active,2023-01-01,2023-12-31,Banner+VERAS Pending,Y,,
V220883,V220883,,PROJECT-V220883,SPONSOR-CPRDEV,UI-LEAD,Active,2023-07-01,2025-04-25,Banner+VERAS Pending,Y,,
V220893,V220893,,PROJECT-V220893,SPONSOR-MONSTA1,UI-LEAD,Active,2023-09-01,2026-08-31,Banner+VERAS Pending,Y,,
V220894,V220894,,PROJECT-V220894,SPONSOR-UCAL2,UI-LEAD,Active,2022-08-15,2023-08-31,Banner+VERAS Pending,Y,,
V220896,V220896,,PROJECT-V220896,SPONSOR-USGS,UI-LEAD,Active,2023-07-01,2024-08-31,Banner+VERAS Pending,Y,,
V220901,V220901,,PROJECT-V220901,SPONSOR-NSF,UI-LEAD,Active,2023-07-01,2026-06-30,Banner+VERAS Pending,Y,,
V220905,V220905,,PROJECT-V220905,SPONSOR-THECEN,UI-LEAD,Active,2022-10-01,2023-05-31,Banner+VERAS Pending,Y,,
V220907,V220907,,PROJECT-V220907,SPONSOR-IDACAT5,UI-LEAD,Active,2023-01-01,2025-12-31,Banner+VERAS Pending,Y,,
V220908,V220908,,PROJECT-V220908,SPONSOR-IDACAT5,UI-LEAD,Active,2023-02-20,2025-06-30,Banner+VERAS Pending,Y,,
V220909,V220909,,PROJECT-V220909,SPONSOR-AMECOL1,UI-LEAD,Active,2022-11-01,2023-10-31,Banner+VERAS Pending,Y,,
V220910,V220910,,PROJECT-V220910,SPONSOR-NIFA,UI-LEAD,Active,2023-06-01,2026-05-31,Banner+VERAS Pending,Y,,
V220911,V220911,,PROJECT-V220911,SPONSOR-SYNSEE,UI-LEAD,Active,2022-11-01,2023-08-31,Banner+VERAS Pending,Y,,
V220913,V220913,,PROJECT-V220913,SPONSOR-NATCAT,UI-LEAD,Active,2023-05-01,2024-07-01,Banner+VERAS Pending,Y,,
V220916,V220916,,PROJECT-V220916,SPONSOR-STIADV,UI-LEAD,Active,2023-05-01,2025-03-31,Banner+VERAS Pending,Y,,
V220917,V220917,,PROJECT-V220917,SPONSOR-IDASTA34,UI-LEAD,Active,2023-01-01,2024-09-30,Banner+VERAS Pending,Y,,
V220918,V220918,,PROJECT-V220918,SPONSOR-EVEAQU,UI-LEAD,Active,2023-07-01,2024-02-28,Banner+VERAS Pending,Y,,
V220920,V220920,,PROJECT-V220920,SPONSOR-NATREN,UI-LEAD,Active,2023-10-01,2026-09-30,Banner+VERAS Pending,Y,,
V220922,V220922,,PROJECT-V220922,SPONSOR-NSF,UI-LEAD,Active,2023-08-15,2026-07-31,Banner+VERAS Pending,Y,,
V220924,V220924,,PROJECT-V220924,SPONSOR-AMECOL1,UI-LEAD,Active,2022-11-01,2023-10-31,Banner+VERAS Pending,Y,,
V220926,V220926,,PROJECT-V220926,SPONSOR-NAT4H3,UI-LEAD,Active,2022-12-01,2023-12-01,Banner+VERAS Pending,Y,,
V220930,V220930,,PROJECT-V220930,SPONSOR-IDVR,UI-LEAD,Active,2022-12-19,2023-08-15,Banner+VERAS Pending,Y,,
V220931,V220931,,PROJECT-V220931,SPONSOR-IDAFIS,UI-LEAD,Active,2023-07-01,2025-06-30,Banner+VERAS Pending,Y,,
V220933,V220933,,PROJECT-V220933,SPONSOR-GRAWOM,UI-LEAD,Active,2022-11-14,2024-01-08,Banner+VERAS Pending,Y,,
V220935,V220935,,PROJECT-V220935,SPONSOR-GEOUNI1,UI-LEAD,Active,2022-09-30,2026-08-31,Banner+VERAS Pending,Y,,
V220936,V220936,,PROJECT-V220936,SPONSOR-NSF,UI-LEAD,Active,2022-10-01,2025-02-28,Banner+VERAS Pending,Y,,
V220944,V220944,,PROJECT-V220944,SPONSOR-USADRY,UI-LEAD,Active,2022-07-01,2023-12-31,Banner+VERAS Pending,Y,,
V220945,V220945,,PROJECT-V220945,SPONSOR-WASSTA12,UI-LEAD,Active,2023-04-01,2024-09-30,Banner+VERAS Pending,Y,,
V220954,V220954,,PROJECT-V220954,SPONSOR-YURTRI,UI-LEAD,Active,2023-09-23,2026-12-31,Banner+VERAS Pending,Y,,
V220959,V220959,,PROJECT-V220959,SPONSOR-SPESCIINC,UI-LEAD,Active,2023-09-01,2026-08-31,Banner+VERAS Pending,Y,,
V220960,V220960,,PROJECT-V220960,SPONSOR-IDHWDEQ3,UI-LEAD,Active,2023-07-01,2026-12-31,Banner+VERAS Pending,Y,,
V220965,V220965,,PROJECT-V220965,SPONSOR-IDADAI,UI-LEAD,Active,2023-01-01,2024-02-29,Banner+VERAS Pending,Y,,
V220971,V220971,,PROJECT-V220971,SPONSOR-UCAL2,UI-LEAD,Active,2022-08-01,2026-03-31,Banner+VERAS Pending,Y,,
V220974,V220974,,PROJECT-V220974,SPONSOR-NASA,UI-LEAD,Active,2023-07-01,2026-06-30,Banner+VERAS Pending,Y,,
V220978,V220978,,PROJECT-V220978,SPONSOR-NIFA,UI-LEAD,Active,2022-10-01,2027-09-30,Banner+VERAS Pending,Y,,
V220983,V220983,,PROJECT-V220983,SPONSOR-HOWHUG2,UI-LEAD,Active,2023-09-01,2026-08-31,Banner+VERAS Pending,Y,,
V220984,V220984,,PROJECT-V220984,SPONSOR-BSU,UI-LEAD,Active,2023-09-29,2025-09-28,Banner+VERAS Pending,Y,,
V220986,V220986,,PROJECT-V220986,SPONSOR-MONSTA1,UI-LEAD,Active,2023-04-01,2025-03-31,Banner+VERAS Pending,Y,,
V220993,V220993,,PROJECT-V220993,SPONSOR-ZEIBRO,UI-LEAD,Active,2022-12-14,2023-09-13,Banner+VERAS Pending,Y,,
V220998,V220998,,PROJECT-V220998,SPONSOR-NATALF1,UI-LEAD,Active,2023-03-01,2025-09-30,Banner+VERAS Pending,Y,,
V221000,V221000,,PROJECT-V221000,SPONSOR-COLSTA1,UI-LEAD,Active,2023-07-01,2028-06-30,Banner+VERAS Pending,Y,,
V221002,V221002,,PROJECT-V221002,SPONSOR-MONSTA1,UI-LEAD,Active,2023-04-01,2025-03-31,Banner+VERAS Pending,Y,,
V221004,V221004,COBRE in Nutrition and Women's Health,PROJECT-V221004,SPONSOR-DHHS1,UI-LEAD,Active,2024-03-11,2026-05-01,Banner+VERAS Pending,N,AL7749/V221004/V221004_proposal.pdf,proposal_pdf
V221005,V221005,,PROJECT-V221005,SPONSOR-ASCEDU,UI-LEAD,Active,2023-03-01,2026-02-28,Banner+VERAS Pending,Y,,
V221007,V221007,,PROJECT-V221007,SPONSOR-USADRY,UI-LEAD,Active,2023-07-01,2025-06-30,Banner+VERAS Pending,Y,,
V221009,V221009,,PROJECT-V221009,SPONSOR-USNPS,UI-LEAD,Active,2024-06-14,2025-12-31,Banner+VERAS Pending,Y,,
V221012,V221012,,PROJECT-V221012,SPONSOR-USADRY,UI-LEAD,Active,2023-07-01,2024-06-30,Banner+VERAS Pending,Y,,
V221013,V221013,,PROJECT-V221013,SPONSOR-USBLM,UI-LEAD,Active,2023-10-01,2025-09-30,Banner+VERAS Pending,Y,,
V221019,V221019,,PROJECT-V221019,SPONSOR-NSF,UI-LEAD,Active,2023-10-01,2026-09-30,Banner+VERAS Pending,Y,,
V221021,V221021,,PROJECT-V221021,SPONSOR-WASDFW,UI-LEAD,Active,2023-01-01,2023-12-31,Banner+VERAS Pending,Y,,
V221022,V221022,,PROJECT-V221022,SPONSOR-IDALAN,UI-LEAD,Active,2023-08-10,2026-05-30,Banner+VERAS Pending,Y,,
V221026,V221026,,PROJECT-V221026,SPONSOR-USBLM,UI-LEAD,Active,2023-01-30,2027-01-31,Banner+VERAS Pending,Y,,
V221029,V221029,,PROJECT-V221029,SPONSOR-NSF,UI-LEAD,Active,2023-10-01,2027-09-30,Banner+VERAS Pending,Y,,
V221032,V221032,,PROJECT-V221032,SPONSOR-NATCAT,UI-LEAD,Active,2023-02-01,2025-04-01,Banner+VERAS Pending,Y,,
V221034,V221034,,PROJECT-V221034,SPONSOR-IDAPOT5,UI-LEAD,Active,2023-07-01,2024-07-31,Banner+VERAS Pending,Y,,
V221035,V221035,,PROJECT-V221035,SPONSOR-TEASTU,UI-LEAD,Active,2022-07-01,2022-10-31,Banner+VERAS Pending,Y,,
V221036,V221036,,PROJECT-V221036,SPONSOR-IDAPOT5,UI-LEAD,Active,2023-07-01,2024-07-31,Banner+VERAS Pending,Y,,
V221040,V221040,,PROJECT-V221040,SPONSOR-IDAPOT5,UI-LEAD,Active,2023-07-01,2024-07-31,Banner+VERAS Pending,Y,,
V221042,V221042,,PROJECT-V221042,SPONSOR-IDAWHE,UI-LEAD,Active,2023-07-01,2024-06-30,Banner+VERAS Pending,Y,,
V221044,V221044,,PROJECT-V221044,SPONSOR-IDAPOT5,UI-LEAD,Active,2023-07-01,2024-07-31,Banner+VERAS Pending,Y,,
V221048,V221048,,PROJECT-V221048,SPONSOR-SOYAQU,UI-LEAD,Active,2023-08-01,2025-03-31,Banner+VERAS Pending,Y,,
V221049,V221049,,PROJECT-V221049,SPONSOR-USGS,UI-LEAD,Active,2023-02-01,2026-01-31,Banner+VERAS Pending,Y,,
V221056,V221056,,PROJECT-V221056,SPONSOR-NASA,UI-LEAD,Active,2023-09-01,2026-08-31,Banner+VERAS Pending,Y,,
V221057,V221057,,PROJECT-V221057,SPONSOR-NASA,UI-LEAD,Active,2024-01-01,2025-12-31,Banner+VERAS Pending,Y,,
V221058,V221058,,PROJECT-V221058,SPONSOR-IDAPOT5,UI-LEAD,Active,2023-07-01,2024-07-31,Banner+VERAS Pending,Y,,
V221059,V221059,,PROJECT-V221059,SPONSOR-IDACOM5,UI-LEAD,Active,2023-03-07,2024-10-31,Banner+VERAS Pending,Y,,
V221061,V221061,,PROJECT-V221061,SPONSOR-IDAPOT5,UI-LEAD,Active,2023-07-01,2024-07-31,Banner+VERAS Pending,Y,,
V221062,V221062,,PROJECT-V221062,SPONSOR-IDAPOT5,UI-LEAD,Active,2023-07-01,2024-07-31,Banner+VERAS Pending,Y,,
V221063,V221063,,PROJECT-V221063,SPONSOR-NEVUNI3,UI-LEAD,Active,2023-10-01,2025-09-30,Banner+VERAS Pending,Y,,
V221066,V221066,,PROJECT-V221066,SPONSOR-ARIUNI,UI-LEAD,Active,2023-04-14,2026-03-31,Banner+VERAS Pending,Y,,
V221067,V221067,,PROJECT-V221067,SPONSOR-IDAPOT5,UI-LEAD,Active,2023-07-01,2024-07-31,Banner+VERAS Pending,Y,,
V221069,V221069,,PROJECT-V221069,SPONSOR-WEESCI,UI-LEAD,Active,2022-12-01,2024-11-30,Banner+VERAS Pending,Y,,
V221070,V221070,,PROJECT-V221070,SPONSOR-IDAPOT5,UI-LEAD,Active,2023-07-01,2024-07-31,Banner+VERAS Pending,Y,,
V221071,V221071,,PROJECT-V221071,SPONSOR-IDAPOT5,UI-LEAD,Active,2023-07-01,2024-07-31,Banner+VERAS Pending,Y,,
V221072,V221072,,PROJECT-V221072,SPONSOR-IDAPOT5,UI-LEAD,Active,2023-07-01,2024-07-31,Banner+VERAS Pending,Y,,
V221074,V221074,,PROJECT-V221074,SPONSOR-IDAPOT5,UI-LEAD,Active,2023-07-01,2024-07-31,Banner+VERAS Pending,Y,,
V221075,V221075,,PROJECT-V221075,SPONSOR-IDAPOT5,UI-LEAD,Active,2023-07-01,2024-07-31,Banner+VERAS Pending,Y,,
V221076,V221076,,PROJECT-V221076,SPONSOR-SNARIV45,UI-LEAD,Active,2023-04-01,2024-03-31,Banner+VERAS Pending,Y,,
V221078,V221078,,PROJECT-V221078,SPONSOR-USBLM,UI-LEAD,Active,2023-08-23,2025-06-30,Banner+VERAS Pending,Y,,
V221079,V221079,,PROJECT-V221079,SPONSOR-IDASTE2,UI-LEAD,Active,2023-05-19,2023-08-30,Banner+VERAS Pending,Y,,
V221082,V221082,,PROJECT-V221082,SPONSOR-SNARIV45,UI-LEAD,Active,2023-04-01,2024-03-31,Banner+VERAS Pending,Y,,
V221086,V221086,,PROJECT-V221086,SPONSOR-POTCOR,UI-LEAD,Active,2023-01-01,2023-12-31,Banner+VERAS Pending,Y,,
V221088,V221088,,PROJECT-V221088,SPONSOR-SNARIV45,UI-LEAD,Active,2023-04-01,2024-03-31,Banner+VERAS Pending,Y,,
V221090,V221090,,PROJECT-V221090,SPONSOR-IDAPOW3,UI-LEAD,Active,2023-01-01,2024-01-15,Banner+VERAS Pending,Y,,
V221093,V221093,,PROJECT-V221093,SPONSOR-CONTRI1,UI-LEAD,Active,2023-01-10,2023-12-31,Banner+VERAS Pending,Y,,
V221094,V221094,,PROJECT-V221094,SPONSOR-NSF,UI-LEAD,Active,2023-11-01,2026-10-31,Banner+VERAS Pending,Y,,
V221095,V221095,,PROJECT-V221095,SPONSOR-IDAWHE,UI-LEAD,Active,2023-07-01,2024-06-30,Banner+VERAS Pending,Y,,
V221096,V221096,,PROJECT-V221096,SPONSOR-IDAWHE,UI-LEAD,Active,2023-07-01,2024-06-30,Banner+VERAS Pending,Y,,
V221097,V221097,,PROJECT-V221097,SPONSOR-IDAWHE,UI-LEAD,Active,2023-07-01,2024-06-30,Banner+VERAS Pending,Y,,
V221099,V221099,,PROJECT-V221099,SPONSOR-IDAWHE,UI-LEAD,Active,2023-07-01,2024-06-30,Banner+VERAS Pending,Y,,
V221101,V221101,,PROJECT-V221101,SPONSOR-USGS,UI-LEAD,Active,2023-07-01,2024-09-30,Banner+VERAS Pending,Y,,
V221110,V221110,,PROJECT-V221110,SPONSOR-KOOCOU4,UI-LEAD,Active,2022-10-01,2023-09-30,Banner+VERAS Pending,Y,,
V221115,V221115,,PROJECT-V221115,SPONSOR-SNARIV45,UI-LEAD,Active,2023-04-01,2024-03-31,Banner+VERAS Pending,Y,,
V221116,V221116,,PROJECT-V221116,SPONSOR-SNARIV45,UI-LEAD,Active,2023-04-01,2024-03-31,Banner+VERAS Pending,Y,,
V221118,V221118,,PROJECT-V221118,SPONSOR-IDAWHE,UI-LEAD,Active,2023-07-01,2024-06-30,Banner+VERAS Pending,Y,,
V221121,V221121,,PROJECT-V221121,SPONSOR-IDAWHE,UI-LEAD,Active,2023-07-01,2024-06-30,Banner+VERAS Pending,Y,,
V221122,V221122,,PROJECT-V221122,SPONSOR-IDABAR,UI-LEAD,Active,2023-07-01,2024-06-30,Banner+VERAS Pending,Y,,
V221123,V221123,,PROJECT-V221123,SPONSOR-COMCOU4,UI-LEAD,Active,2023-01-23,2024-06-30,Banner+VERAS Pending,Y,,
V221126,V221126,,PROJECT-V221126,SPONSOR-ITD1,UI-LEAD,Active,2023-05-08,2026-05-11,Banner+VERAS Pending,Y,,
V221127,V221127,,PROJECT-V221127,SPONSOR-IDABAR,UI-LEAD,Active,2023-07-01,2024-06-30,Banner+VERAS Pending,Y,,
V221128,V221128,,PROJECT-V221128,SPONSOR-IDABAR,UI-LEAD,Active,2023-07-01,2025-06-30,Banner+VERAS Pending,Y,,
V221132,V221132,,PROJECT-V221132,SPONSOR-UARS5,UI-LEAD,Active,2023-05-01,2026-10-31,Banner+VERAS Pending,Y,,
V229088,V229088,,PROJECT-V229088,SPONSOR-JPL,UI-LEAD,Active,2025-10-06,2027-10-31,Banner+VERAS Pending,Y,,
V230002,V230002,,PROJECT-V230002,SPONSOR-IDAWHE,UI-LEAD,Active,2023-07-01,2024-06-30,Banner+VERAS Pending,Y,,
V230004,V230004,,PROJECT-V230004,SPONSOR-LANSLI,UI-LEAD,Active,2023-06-01,2026-03-31,Banner+VERAS Pending,Y,,
V230010,V230010,,PROJECT-V230010,SPONSOR-IDAWHE,UI-LEAD,Active,2023-07-01,2025-06-30,Banner+VERAS Pending,Y,,
V230011,V230011,,PROJECT-V230011,SPONSOR-IDAWHE,UI-LEAD,Active,2023-07-01,2025-06-30,Banner+VERAS Pending,Y,,
V230015,V230015,,PROJECT-V230015,SPONSOR-UARS5,UI-LEAD,Active,2023-03-31,2027-03-30,Banner+VERAS Pending,Y,,
V230017,V230017,,PROJECT-V230017,SPONSOR-DHHS1,UI-LEAD,Active,2024-09-01,2025-08-31,Banner+VERAS Pending,Y,,
V230021,V230021,,PROJECT-V230021,SPONSOR-USOE1,UI-LEAD,Active,2023-10-01,2026-09-30,Banner+VERAS Pending,Y,,
V230024,V230024,,PROJECT-V230024,SPONSOR-BATTELLE1,UI-LEAD,Active,2023-04-27,2026-04-30,Banner+VERAS Pending,Y,,
V230029,V230029,,PROJECT-V230029,SPONSOR-IDABAR,UI-LEAD,Active,2023-07-01,2024-06-30,Banner+VERAS Pending,Y,,
V230034,V230034,,PROJECT-V230034,SPONSOR-ORESTA3,UI-LEAD,Active,2023-05-01,2026-10-31,Banner+VERAS Pending,Y,,
V230041,V230041,,PROJECT-V230041,SPONSOR-NEVREG,UI-LEAD,Active,2024-01-31,2025-04-30,Banner+VERAS Pending,Y,,
V230047,V230047,,PROJECT-V230047,SPONSOR-IOWSTA,UI-LEAD,Active,2024-04-16,2026-03-31,Banner+VERAS Pending,Y,,
V230057,V230057,,PROJECT-V230057,SPONSOR-NSF,UI-LEAD,Active,2023-05-01,2028-04-30,Banner+VERAS Pending,Y,,
V230063,V230063,,PROJECT-V230063,SPONSOR-NSF,UI-LEAD,Active,2024-01-15,2030-04-30,Banner+VERAS Pending,Y,,
V230064,V230064,,PROJECT-V230064,SPONSOR-IDALAB1,UI-LEAD,Active,2023-09-01,2024-08-31,Banner+VERAS Pending,Y,,
V230066,V230066,,PROJECT-V230066,SPONSOR-NASA,UI-LEAD,Active,2023-09-01,2026-10-09,Banner+VERAS Pending,Y,,
V230068,V230068,,PROJECT-V230068,SPONSOR-WASSTA12,UI-LEAD,Active,2023-09-01,2027-07-31,Banner+VERAS Pending,Y,,
V230076,V230076,,PROJECT-V230076,SPONSOR-NIFA,UI-LEAD,Active,2023-09-01,2027-08-31,Banner+VERAS Pending,Y,,
V230078,V230078,,PROJECT-V230078,SPONSOR-USFWS,UI-LEAD,Active,2023-06-05,2026-06-04,Banner+VERAS Pending,Y,,
V230082,V230082,,PROJECT-V230082,SPONSOR-IDABEA1,UI-LEAD,Active,2023-07-01,2024-06-30,Banner+VERAS Pending,Y,,
V230084,V230084,,PROJECT-V230084,SPONSOR-JRSIM,UI-LEAD,Active,2023-04-01,2023-12-31,Banner+VERAS Pending,Y,,
V230092,V230092,,PROJECT-V230092,SPONSOR-IDALAN,UI-LEAD,Active,2023-04-01,2025-03-01,Banner+VERAS Pending,Y,,
V230097,V230097,,PROJECT-V230097,SPONSOR-BATTELLE1,UI-LEAD,Active,2023-02-23,2024-09-30,Banner+VERAS Pending,Y,,
V230101,V230101,,PROJECT-V230101,SPONSOR-WASSTA12,UI-LEAD,Active,2024-01-01,2025-11-30,Banner+VERAS Pending,Y,,
V230104,V230104,,PROJECT-V230104,SPONSOR-IDASTE2,UI-LEAD,Active,2023-01-11,2023-11-15,Banner+VERAS Pending,Y,,
V230109,V230109,,PROJECT-V230109,SPONSOR-NORCAR,UI-LEAD,Active,2023-04-15,2025-12-31,Banner+VERAS Pending,Y,,
V230113,V230113,,PROJECT-V230113,SPONSOR-COLAGR1,UI-LEAD,Active,2023-05-01,2025-12-31,Banner+VERAS Pending,Y,,
V230115,V230115,,PROJECT-V230115,SPONSOR-IDAOIL,UI-LEAD,Active,2023-07-01,2024-06-30,Banner+VERAS Pending,Y,,
V230117,V230117,,PROJECT-V230117,SPONSOR-NEVREG,UI-LEAD,Active,2024-01-19,2025-04-30,Banner+VERAS Pending,Y,,
V230119,V230119,,PROJECT-V230119,SPONSOR-MURCHA,UI-LEAD,Active,2024-01-01,2026-12-31,Banner+VERAS Pending,Y,,
V230121,V230121,,PROJECT-V230121,SPONSOR-IEOOC,UI-LEAD,Active,2023-07-01,2024-06-30,Banner+VERAS Pending,Y,,
V230123,V230123,,PROJECT-V230123,SPONSOR-IDAFIS,UI-LEAD,Active,2023-07-01,2025-06-30,Banner+VERAS Pending,Y,,
V230127,V230127,,PROJECT-V230127,SPONSOR-KANSTA,UI-LEAD,Active,2022-07-01,2026-06-30,Banner+VERAS Pending,Y,,
V230128,V230128,,PROJECT-V230128,SPONSOR-NUSNUT,UI-LEAD,Active,2023-05-15,2024-06-11,Banner+VERAS Pending,Y,,
V230143,V230143,,PROJECT-V230143,SPONSOR-IEOOC,UI-LEAD,Active,2023-07-01,2024-06-30,Banner+VERAS Pending,Y,,
V230144,V230144,,PROJECT-V230144,SPONSOR-IDASTE2,UI-LEAD,Active,2023-05-01,2023-08-30,Banner+VERAS Pending,Y,,
V230147,V230147,,PROJECT-V230147,SPONSOR-IEOOC,UI-LEAD,Active,2023-07-01,2024-06-30,Banner+VERAS Pending,Y,,
V230148,V230148,,PROJECT-V230148,SPONSOR-IEOOC,UI-LEAD,Active,2023-07-01,2024-06-30,Banner+VERAS Pending,Y,,
V230152,V230152,,PROJECT-V230152,SPONSOR-DHHS1,UI-LEAD,Active,2023-09-26,2026-08-31,Banner+VERAS Pending,Y,,
V230153,V230153,,PROJECT-V230153,SPONSOR-USNPS,UI-LEAD,Active,2023-07-01,2027-06-30,Banner+VERAS Pending,Y,,
V230164,V230164,,PROJECT-V230164,SPONSOR-UARS5,UI-LEAD,Active,2023-07-01,2025-06-30,Banner+VERAS Pending,Y,,
V230168,V230168,,PROJECT-V230168,SPONSOR-DHHS1,UI-LEAD,Active,2020-07-20,2025-06-30,Banner+VERAS Pending,Y,,
V230183,V230183,,PROJECT-V230183,SPONSOR-UARS5,UI-LEAD,Active,2022-07-24,2024-07-23,Banner+VERAS Pending,Y,,
V230187,V230187,,PROJECT-V230187,SPONSOR-IDAOIL,UI-LEAD,Active,2023-11-01,2026-06-30,Banner+VERAS Pending,Y,,
V230188,V230188,,PROJECT-V230188,SPONSOR-USFWS,UI-LEAD,Active,2021-05-11,2025-12-31,Banner+VERAS Pending,Y,,
V230192,V230192,,PROJECT-V230192,SPONSOR-EXTFOU,UI-LEAD,Active,2023-06-01,2024-11-30,Banner+VERAS Pending,Y,,
V230197,V230197,,PROJECT-V230197,SPONSOR-USGS,UI-LEAD,Active,2023-06-01,2026-05-31,Banner+VERAS Pending,Y,,
V230201,V230201,,PROJECT-V230201,SPONSOR-IDAAGR,UI-LEAD,Active,2023-11-09,2025-09-29,Banner+VERAS Pending,Y,,
V230202,V230202,,PROJECT-V230202,SPONSOR-BATTELLE1,UI-LEAD,Active,2023-04-13,2023-10-31,Banner+VERAS Pending,Y,,
V230205,V230205,,PROJECT-V230205,SPONSOR-IDAAGR,UI-LEAD,Active,2023-11-08,2026-06-30,Banner+VERAS Pending,Y,,
V230206,V230206,,PROJECT-V230206,SPONSOR-NSF,UI-LEAD,Active,2020-05-15,2026-04-30,Banner+VERAS Pending,Y,,
V230208,V230208,,PROJECT-V230208,SPONSOR-IDAAGR,UI-LEAD,Active,2023-11-08,2025-09-29,Banner+VERAS Pending,Y,,
V230210,V230210,,PROJECT-V230210,SPONSOR-IDAEAS,UI-LEAD,Active,2023-11-30,2025-09-29,Banner+VERAS Pending,Y,,
V230212,V230212,,PROJECT-V230212,SPONSOR-IEOOC,UI-LEAD,Active,2023-11-02,2025-09-29,Banner+VERAS Pending,Y,,
V230213,V230213,,PROJECT-V230213,SPONSOR-IDAAGR,UI-LEAD,Active,2023-11-09,2025-09-29,Banner+VERAS Pending,Y,,
V230215,V230215,,PROJECT-V230215,SPONSOR-USDFOR,UI-LEAD,Active,2019-08-07,2024-07-31,Banner+VERAS Pending,Y,,
V230216,V230216,,PROJECT-V230216,SPONSOR-UNIMARBAL,UI-LEAD,Active,2023-11-30,2026-11-29,Banner+VERAS Pending,Y,,
V230220,V230220,,PROJECT-V230220,SPONSOR-AMEMAL,UI-LEAD,Active,2023-07-01,2024-06-30,Banner+VERAS Pending,Y,,
V230236,V230236,,PROJECT-V230236,SPONSOR-COLSTA1,UI-LEAD,Active,2023-11-01,2025-10-31,Banner+VERAS Pending,Y,,
V230237,V230237,,PROJECT-V230237,SPONSOR-IDHWDEQ3,UI-LEAD,Active,2023-07-03,2024-11-01,Banner+VERAS Pending,Y,,
V230240,V230240,,PROJECT-V230240,SPONSOR-EPRI,UI-LEAD,Active,2023-05-18,2025-04-30,Banner+VERAS Pending,Y,,
V230242,V230242,,PROJECT-V230242,SPONSOR-IDAHUM1,UI-LEAD,Active,2023-03-01,2024-03-31,Banner+VERAS Pending,Y,,
V230251,V230251,,PROJECT-V230251,SPONSOR-MBRAYN,UI-LEAD,Active,2023-05-01,2024-01-15,Banner+VERAS Pending,Y,,
V230252,V230252,,PROJECT-V230252,SPONSOR-UARS5,UI-LEAD,Active,2023-01-01,2023-12-31,Banner+VERAS Pending,Y,,
V230254,V230254,,PROJECT-V230254,SPONSOR-USAPHIS,UI-LEAD,Active,2023-08-01,2025-07-31,Banner+VERAS Pending,Y,,
V230255,V230255,,PROJECT-V230255,SPONSOR-UOFW1,UI-LEAD,Active,2023-07-01,2026-06-30,Banner+VERAS Pending,Y,,
V230256,V230256,,PROJECT-V230256,SPONSOR-USAPHIS,UI-LEAD,Active,2023-08-01,2025-07-31,Banner+VERAS Pending,Y,,
V230261,V230261,,PROJECT-V230261,SPONSOR-USAPHIS,UI-LEAD,Active,2023-08-01,2025-07-31,Banner+VERAS Pending,Y,,
V230263,V230263,,PROJECT-V230263,SPONSOR-USDANRCS,UI-LEAD,Active,2019-05-16,2024-04-30,Banner+VERAS Pending,Y,,
V230268,V230268,,PROJECT-V230268,SPONSOR-JANNUS,UI-LEAD,Active,2023-05-16,2023-09-15,Banner+VERAS Pending,Y,,
V230272,V230272,,PROJECT-V230272,SPONSOR-USBLM,UI-LEAD,Active,2023-07-01,2025-06-30,Banner+VERAS Pending,Y,,
V230273,V230273,,PROJECT-V230273,SPONSOR-ORETIL,UI-LEAD,Active,2023-09-07,2025-12-30,Banner+VERAS Pending,Y,,
V230274,V230274,,PROJECT-V230274,SPONSOR-MISUNI,UI-LEAD,Active,2024-01-01,2026-12-31,Banner+VERAS Pending,Y,,
V230278,V230278,,PROJECT-V230278,SPONSOR-BURREC,UI-LEAD,Active,2020-07-11,2023-12-31,Banner+VERAS Pending,Y,,
V230282,V230282,,PROJECT-V230282,SPONSOR-IDHW7,UI-LEAD,Active,2023-07-25,2025-06-30,Banner+VERAS Pending,Y,,
V230291,V230291,,PROJECT-V230291,SPONSOR-USAGRI,UI-LEAD,Active,2023-06-01,2024-05-31,Banner+VERAS Pending,Y,,
V230294,V230294,,PROJECT-V230294,SPONSOR-ALADEP,UI-LEAD,Active,2023-06-29,2027-06-30,Banner+VERAS Pending,Y,,
V230296,V230296,,PROJECT-V230296,SPONSOR-COLRIV,UI-LEAD,Active,2023-08-03,2024-03-31,Banner+VERAS Pending,Y,,
V230297,V230297,,PROJECT-V230297,SPONSOR-IDAFIS,UI-LEAD,Active,2023-07-01,2025-06-30,Banner+VERAS Pending,Y,,
V230300,V230300,,PROJECT-V230300,SPONSOR-COLRIV,UI-LEAD,Active,2023-05-01,2024-04-30,Banner+VERAS Pending,Y,,
V230301,V230301,,PROJECT-V230301,SPONSOR-POTCOR,UI-LEAD,Active,2023-04-17,2023-12-31,Banner+VERAS Pending,Y,,
V230303,V230303,,PROJECT-V230303,SPONSOR-NIFA,UI-LEAD,Active,2023-09-15,2026-09-14,Banner+VERAS Pending,Y,,
V230307,V230307,,PROJECT-V230307,SPONSOR-SYNSEE,UI-LEAD,Active,2023-04-04,2024-04-03,Banner+VERAS Pending,Y,,
V230308,V230308,,PROJECT-V230308,SPONSOR-WILKSB,UI-LEAD,Active,2023-04-10,2023-10-09,Banner+VERAS Pending,Y,,
V230309,V230309,,PROJECT-V230309,SPONSOR-USDFOR,UI-LEAD,Active,2021-06-23,2026-06-22,Banner+VERAS Pending,Y,,
V230310,V230310,,PROJECT-V230310,SPONSOR-IDASTA34,UI-LEAD,Active,2023-07-01,2024-06-30,Banner+VERAS Pending,Y,,
V230311,V230311,,PROJECT-V230311,SPONSOR-IDHW7,UI-LEAD,Active,2023-10-12,2025-09-30,Banner+VERAS Pending,Y,,
V230313,V230313,,PROJECT-V230313,SPONSOR-USDFOR,UI-LEAD,Active,2021-06-10,2026-06-09,Banner+VERAS Pending,Y,,
V230317,V230317,,PROJECT-V230317,SPONSOR-BATTELLE1,UI-LEAD,Active,2024-02-27,2025-09-30,Banner+VERAS Pending,Y,,
V230319,V230319,,PROJECT-V230319,SPONSOR-COLRIV,UI-LEAD,Active,2023-05-01,2024-04-30,Banner+VERAS Pending,Y,,
V230331,V230331,,PROJECT-V230331,SPONSOR-MOSCHA,UI-LEAD,Active,2023-04-06,2023-12-31,Banner+VERAS Pending,Y,,
V230345,V230345,,PROJECT-V230345,SPONSOR-PALCON,UI-LEAD,Active,2023-04-24,2027-02-14,Banner+VERAS Pending,Y,,
V230352,V230352,,PROJECT-V230352,SPONSOR-FLOAM,UI-LEAD,Active,2023-07-01,2026-12-31,Banner+VERAS Pending,Y,,
V230354,V230354,,PROJECT-V230354,SPONSOR-USGS,UI-LEAD,Active,2023-08-05,2026-06-30,Banner+VERAS Pending,Y,,
V230355,V230355,,PROJECT-V230355,SPONSOR-USGS,UI-LEAD,Active,2024-01-01,2026-12-31,Banner+VERAS Pending,Y,,
V230362,V230362,,PROJECT-V230362,SPONSOR-IDHWDEQ3,UI-LEAD,Active,2023-07-17,2027-06-30,Banner+VERAS Pending,Y,,
V230365,V230365,,PROJECT-V230365,SPONSOR-NIFA,UI-LEAD,Active,2024-09-01,2026-08-31,Banner+VERAS Pending,Y,,
V230366,V230366,,PROJECT-V230366,SPONSOR-NIFA,UI-LEAD,Active,2023-09-01,2027-08-31,Banner+VERAS Pending,Y,,
V230372,V230372,,PROJECT-V230372,SPONSOR-UARS5,UI-LEAD,Active,2023-09-01,2024-12-31,Banner+VERAS Pending,Y,,
V230373,V230373,,PROJECT-V230373,SPONSOR-HOMSEC,UI-LEAD,Active,2023-09-27,2027-10-26,Banner+VERAS Pending,Y,,
V230376,V230376,,PROJECT-V230376,SPONSOR-SKRETT,UI-LEAD,Active,2023-05-20,2024-02-14,Banner+VERAS Pending,Y,,
V230377,V230377,,PROJECT-V230377,SPONSOR-NORUNI2,UI-LEAD,Active,2023-10-01,2025-03-31,Banner+VERAS Pending,Y,,
V230378,V230378,,PROJECT-V230378,SPONSOR-ENVFLI,UI-LEAD,Active,2023-05-15,2024-12-21,Banner+VERAS Pending,Y,,
V230379,V230379,,PROJECT-V230379,SPONSOR-USDFOR,UI-LEAD,Active,2020-09-01,2025-08-31,Banner+VERAS Pending,Y,,
V230386,V230386,,PROJECT-V230386,SPONSOR-DHHS1,UI-LEAD,Active,2025-05-01,2026-08-31,Banner+VERAS Pending,Y,,
V230387,V230387,,PROJECT-V230387,SPONSOR-IDHW7,UI-LEAD,Active,2023-10-01,2026-09-30,Banner+VERAS Pending,Y,,
V230389,V230389,,PROJECT-V230389,SPONSOR-ISDE1,UI-LEAD,Active,2023-07-01,2024-06-30,Banner+VERAS Pending,Y,,
V230395,V230395,,PROJECT-V230395,SPONSOR-IDAAGR,UI-LEAD,Active,2023-08-01,2025-09-30,Banner+VERAS Pending,Y,,
V230399,V230399,,PROJECT-V230399,SPONSOR-WASSTA12,UI-LEAD,Active,2023-09-01,2025-08-31,Banner+VERAS Pending,Y,,
V230400,V230400,,PROJECT-V230400,SPONSOR-NIFA,UI-LEAD,Active,2023-12-01,2028-11-30,Banner+VERAS Pending,Y,,
V230401,V230401,,PROJECT-V230401,SPONSOR-IDHW7,UI-LEAD,Active,2023-07-01,2024-06-30,Banner+VERAS Pending,Y,,
V230404,V230404,,PROJECT-V230404,SPONSOR-UARS5,UI-LEAD,Active,2023-08-14,2024-06-30,Banner+VERAS Pending,Y,,
V230405,V230405,,PROJECT-V230405,SPONSOR-ISDE1,UI-LEAD,Active,2023-07-01,2024-06-30,Banner+VERAS Pending,Y,,
V230406,V230406,,PROJECT-V230406,SPONSOR-BENMED,UI-LEAD,Active,2024-01-31,2024-12-31,Banner+VERAS Pending,Y,,
V230407,V230407,,PROJECT-V230407,SPONSOR-USDFOR,UI-LEAD,Active,2023-06-01,2028-06-01,Banner+VERAS Pending,Y,,
V230411,V230411,,PROJECT-V230411,SPONSOR-BURREC,UI-LEAD,Active,2024-03-05,2027-03-31,Banner+VERAS Pending,Y,,
V230412,V230412,,PROJECT-V230412,SPONSOR-USOE1,UI-LEAD,Active,2023-10-01,2026-09-30,Banner+VERAS Pending,Y,,
V230413,V230413,,PROJECT-V230413,SPONSOR-OHISOY,UI-LEAD,Active,2023-08-15,2025-03-31,Banner+VERAS Pending,Y,,
V230415,V230415,,PROJECT-V230415,SPONSOR-NEBUNI,UI-LEAD,Active,2023-09-01,2025-05-31,Banner+VERAS Pending,Y,,
V230416,V230416,,PROJECT-V230416,SPONSOR-IDAHUM1,UI-LEAD,Active,2023-04-15,2023-07-31,Banner+VERAS Pending,Y,,
V230420,V230420,,PROJECT-V230420,SPONSOR-MONSTA1,UI-LEAD,Active,2024-08-01,2027-07-31,Banner+VERAS Pending,Y,,
V230421,V230421,,PROJECT-V230421,SPONSOR-USDFOR,UI-LEAD,Active,2019-09-17,2024-09-17,Banner+VERAS Pending,Y,,
V230428,V230428,,PROJECT-V230428,SPONSOR-NEVREG,UI-LEAD,Active,2023-05-01,2023-06-30,Banner+VERAS Pending,Y,,
V230434,V230434,,PROJECT-V230434,SPONSOR-IDAPOT5,UI-LEAD,Active,2023-07-01,2024-07-31,Banner+VERAS Pending,Y,,
V230440,V230440,,PROJECT-V230440,SPONSOR-WASDNR,UI-LEAD,Active,2023-07-01,2025-06-30,Banner+VERAS Pending,Y,,
V230443,V230443,,PROJECT-V230443,SPONSOR-COLRIV,UI-LEAD,Active,2023-07-01,2025-06-30,Banner+VERAS Pending,Y,,
V230447,V230447,,PROJECT-V230447,SPONSOR-USGS,UI-LEAD,Active,2023-09-01,2026-08-31,Banner+VERAS Pending,Y,,
V230453,V230453,,PROJECT-V230453,SPONSOR-USFWS,UI-LEAD,Active,2022-07-01,2025-09-30,Banner+VERAS Pending,Y,,
V230454,V230454,,PROJECT-V230454,SPONSOR-FEDCOM,UI-LEAD,Active,2023-07-01,2024-06-30,Banner+VERAS Pending,Y,,
V230456,V230456,,PROJECT-V230456,SPONSOR-IDALAN,UI-LEAD,Active,2023-05-19,2026-04-30,Banner+VERAS Pending,Y,,
V230458,V230458,,PROJECT-V230458,SPONSOR-UARS5,UI-LEAD,Active,2023-06-01,2024-05-31,Banner+VERAS Pending,Y,,
V230461,V230461,,PROJECT-V230461,SPONSOR-NIFA,UI-LEAD,Active,2023-09-18,2026-09-17,Banner+VERAS Pending,Y,,
V230462,V230462,,PROJECT-V230462,SPONSOR-IDADIV2,UI-LEAD,Active,2023-07-01,2024-06-30,Banner+VERAS Pending,Y,,
V230466,V230466,,PROJECT-V230466,SPONSOR-IDASTE2,UI-LEAD,Active,2023-05-05,2024-05-15,Banner+VERAS Pending,Y,,
V230471,V230471,,PROJECT-V230471,SPONSOR-IDADIV3,UI-LEAD,Active,2023-10-11,2024-10-10,Banner+VERAS Pending,Y,,
V230472,V230472,,PROJECT-V230472,SPONSOR-IDALAN,UI-LEAD,Active,2023-11-01,2028-02-29,Banner+VERAS Pending,Y,,
V230476,V230476,,PROJECT-V230476,SPONSOR-IDAFIS,UI-LEAD,Active,2022-10-01,2024-12-31,Banner+VERAS Pending,Y,,
V230479,V230479,,PROJECT-V230479,SPONSOR-BROUNI,UI-LEAD,Active,2025-05-01,2026-04-30,Banner+VERAS Pending,Y,,
V230488,V230488,,PROJECT-V230488,SPONSOR-WESSTA1,UI-LEAD,Active,2023-09-01,2024-08-31,Banner+VERAS Pending,Y,,
V230490,V230490,,PROJECT-V230490,SPONSOR-NSF,UI-LEAD,Active,2014-10-01,2025-05-02,Banner+VERAS Pending,Y,,
V230492,V230492,,PROJECT-V230492,SPONSOR-NSF,UI-LEAD,Active,2024-08-15,2027-07-31,Banner+VERAS Pending,Y,,
V230495,V230495,,PROJECT-V230495,SPONSOR-USDFOR,UI-LEAD,Active,2023-06-21,2028-05-01,Banner+VERAS Pending,Y,,
V230496,V230496,,PROJECT-V230496,SPONSOR-NEBUNI,UI-LEAD,Active,2024-01-01,2025-04-01,Banner+VERAS Pending,Y,,
V230499,V230499,,PROJECT-V230499,SPONSOR-USBLM,UI-LEAD,Active,2023-09-15,2027-01-31,Banner+VERAS Pending,Y,,
V230500,V230500,,PROJECT-V230500,SPONSOR-MCCFOO1,UI-LEAD,Active,2023-09-01,2025-08-31,Banner+VERAS Pending,Y,,
V230502,V230502,,PROJECT-V230502,SPONSOR-EMBGER,UI-LEAD,Active,2023-09-01,2023-12-15,Banner+VERAS Pending,Y,,
V230504,V230504,,PROJECT-V230504,SPONSOR-JANNUS,UI-LEAD,Active,2023-08-06,2024-09-30,Banner+VERAS Pending,Y,,
V230509,V230509,,PROJECT-V230509,SPONSOR-DHHS1,UI-LEAD,Active,2024-06-01,2026-05-31,Banner+VERAS Pending,Y,,
V230512,V230512,,PROJECT-V230512,SPONSOR-IDAOIL,UI-LEAD,Active,2023-07-01,2024-06-30,Banner+VERAS Pending,Y,,
V230520,V230520,,PROJECT-V230520,SPONSOR-USGS,UI-LEAD,Active,2023-08-14,2026-08-13,Banner+VERAS Pending,Y,,
V230522,V230522,,PROJECT-V230522,SPONSOR-USDFOR,UI-LEAD,Active,2019-06-14,2024-06-13,Banner+VERAS Pending,Y,,
V230525,V230525,,PROJECT-V230525,SPONSOR-JANNUS,UI-LEAD,Active,2023-08-06,2024-09-30,Banner+VERAS Pending,Y,,
V230526,V230526,,PROJECT-V230526,SPONSOR-JANNUS,UI-LEAD,Active,2023-08-06,2024-09-30,Banner+VERAS Pending,Y,,
V230529,V230529,,PROJECT-V230529,SPONSOR-INTREV,UI-LEAD,Active,2024-01-01,2024-12-31,Banner+VERAS Pending,Y,,
V230531,V230531,,PROJECT-V230531,SPONSOR-NIFA,UI-LEAD,Active,2024-03-01,2026-02-28,Banner+VERAS Pending,Y,,
V230535,V230535,,PROJECT-V230535,SPONSOR-NASA,UI-LEAD,Active,2024-02-01,2027-01-31,Banner+VERAS Pending,Y,,
V230536,V230536,,PROJECT-V230536,SPONSOR-UARS5,UI-LEAD,Active,2023-08-13,2025-10-01,Banner+VERAS Pending,Y,,
V230538,V230538,,PROJECT-V230538,SPONSOR-UARS5,UI-LEAD,Active,2021-09-01,2025-10-31,Banner+VERAS Pending,Y,,
V230540,V230540,,PROJECT-V230540,SPONSOR-FEDCOM,UI-LEAD,Active,2023-09-01,2024-06-30,Banner+VERAS Pending,Y,,
V230541,V230541,,PROJECT-V230541,SPONSOR-SPESCIINC,UI-LEAD,Active,2024-01-01,2026-12-31,Banner+VERAS Pending,Y,,
V230543,V230543,,PROJECT-V230543,SPONSOR-IDAFIS,UI-LEAD,Active,2023-07-01,2024-06-30,Banner+VERAS Pending,Y,,
V230544,V230544,,PROJECT-V230544,SPONSOR-COTINC1,UI-LEAD,Active,2024-01-01,2024-05-31,Banner+VERAS Pending,Y,,
V230561,V230561,,PROJECT-V230561,SPONSOR-NEVREG,UI-LEAD,Active,2023-07-01,2023-11-08,Banner+VERAS Pending,Y,,
V230566,V230566,,PROJECT-V230566,SPONSOR-DHHS1,UI-LEAD,Active,2022-10-01,2024-09-30,Banner+VERAS Pending,Y,,
V230569,V230569,,PROJECT-V230569,SPONSOR-UARS5,UI-LEAD,Active,2023-07-01,2024-06-30,Banner+VERAS Pending,Y,,
V230575,V230575,,PROJECT-V230575,SPONSOR-DHHS1,UI-LEAD,Active,2024-05-01,2026-02-28,Banner+VERAS Pending,Y,,
V230577,V230577,,PROJECT-V230577,SPONSOR-BATTELLE1,UI-LEAD,Active,2023-05-18,2024-02-29,Banner+VERAS Pending,Y,,
V230578,V230578,,PROJECT-V230578,SPONSOR-NEWUNI1,UI-LEAD,Active,2024-07-01,2025-03-31,Banner+VERAS Pending,Y,,
V230580,V230580,,PROJECT-V230580,SPONSOR-THEAND,UI-LEAD,Active,2023-09-15,2024-06-30,Banner+VERAS Pending,Y,,
V230581,V230581,,PROJECT-V230581,SPONSOR-STASMI,UI-LEAD,Active,2024-01-01,2024-12-31,Banner+VERAS Pending,Y,,
V230582,V230582,,PROJECT-V230582,SPONSOR-CORAGR,UI-LEAD,Active,2023-04-01,2023-12-31,Banner+VERAS Pending,Y,,
V230584,V230584,,PROJECT-V230584,SPONSOR-POTUSA,UI-LEAD,Active,2023-07-01,2024-06-30,Banner+VERAS Pending,Y,,
V230591,V230591,,PROJECT-V230591,SPONSOR-NIFA,UI-LEAD,Active,2024-09-01,2029-08-31,Banner+VERAS Pending,Y,,
V230602,V230602,,PROJECT-V230602,SPONSOR-COEDAL7,UI-LEAD,Active,2024-02-01,2026-01-06,Banner+VERAS Pending,Y,,
V230605,V230605,,PROJECT-V230605,SPONSOR-IDAWOR,UI-LEAD,Active,2024-07-01,2027-06-30,Banner+VERAS Pending,Y,,
V230606,V230606,,PROJECT-V230606,SPONSOR-GEOUNI1,UI-LEAD,Active,2024-07-01,2027-05-30,Banner+VERAS Pending,Y,,
V230607,V230607,,PROJECT-V230607,SPONSOR-NIFA,UI-LEAD,Active,2024-01-01,2027-09-30,Banner+VERAS Pending,Y,,
V230617,V230617,,PROJECT-V230617,SPONSOR-SCHENG,UI-LEAD,Active,2023-09-01,2026-12-31,Banner+VERAS Pending,Y,,
V230618,V230618,,PROJECT-V230618,SPONSOR-PHEINC1,UI-LEAD,Active,2023-07-01,2025-06-30,Banner+VERAS Pending,Y,,
V230627,V230627,,PROJECT-V230627,SPONSOR-ARCRAP,UI-LEAD,Active,2023-07-31,2025-03-31,Banner+VERAS Pending,Y,,
V230629,V230629,,PROJECT-V230629,SPONSOR-ISDE1,UI-LEAD,Active,2023-08-25,2024-06-15,Banner+VERAS Pending,Y,,
V230633,V230633,,PROJECT-V230633,SPONSOR-UARS5,UI-LEAD,Active,2022-10-01,2023-09-30,Banner+VERAS Pending,Y,,
V230637,V230637,,PROJECT-V230637,SPONSOR-NASA,UI-LEAD,Active,2025-02-01,2028-01-31,Banner+VERAS Pending,Y,,
V230642,V230642,,PROJECT-V230642,SPONSOR-BSU,UI-LEAD,Active,2023-12-15,2025-06-10,Banner+VERAS Pending,Y,,
V230644,V230644,,PROJECT-V230644,SPONSOR-WASSTA12,UI-LEAD,Active,2025-07-01,2026-09-30,Banner+VERAS Pending,Y,,
V230647,V230647,,PROJECT-V230647,SPONSOR-NASA,UI-LEAD,Active,2020-06-01,2026-05-31,Banner+VERAS Pending,Y,,
V230659,V230659,,PROJECT-V230659,SPONSOR-UTASTA,UI-LEAD,Active,2024-07-01,2026-06-30,Banner+VERAS Pending,Y,,
V230661,V230661,,PROJECT-V230661,SPONSOR-NIFA,UI-LEAD,Active,2024-06-01,2027-05-31,Banner+VERAS Pending,Y,,
V230662,V230662,,PROJECT-V230662,SPONSOR-SANDIA,UI-LEAD,Active,2024-06-17,2026-04-23,Banner+VERAS Pending,Y,,
V230666,V230666,,PROJECT-V230666,SPONSOR-CONFUN,UI-LEAD,Active,2023-08-01,2025-08-31,Banner+VERAS Pending,Y,,
V230669,V230669,,PROJECT-V230669,SPONSOR-IDADAI,UI-LEAD,Active,2023-09-01,2024-02-29,Banner+VERAS Pending,Y,,
V230670,V230670,,PROJECT-V230670,SPONSOR-USNPS,UI-LEAD,Active,2022-08-01,2026-09-30,Banner+VERAS Pending,Y,,
V230671,V230671,,PROJECT-V230671,SPONSOR-DHHS1,UI-LEAD,Active,2024-07-19,2026-06-30,Banner+VERAS Pending,Y,,
V230672,V230672,,PROJECT-V230672,SPONSOR-SCHENG,UI-LEAD,Active,2023-08-14,2026-05-29,Banner+VERAS Pending,Y,,
V230673,V230673,,PROJECT-V230673,SPONSOR-BATTELLE1,UI-LEAD,Active,2023-09-21,2024-06-30,Banner+VERAS Pending,Y,,
V230676,V230676,,PROJECT-V230676,SPONSOR-NSF,UI-LEAD,Active,2024-04-01,2027-03-31,Banner+VERAS Pending,Y,,
V230678,V230678,,PROJECT-V230678,SPONSOR-NIFA,UI-LEAD,Active,2024-09-01,2025-07-21,Banner+VERAS Pending,Y,,
V230679,V230679,,PROJECT-V230679,SPONSOR-NSF,UI-LEAD,Active,2024-08-15,2028-07-31,Banner+VERAS Pending,Y,,
V230684,V230684,,PROJECT-V230684,SPONSOR-TECRES,UI-LEAD,Active,2024-02-05,2026-05-31,Banner+VERAS Pending,Y,,
V230687,V230687,,PROJECT-V230687,SPONSOR-NIFA,UI-LEAD,Active,2024-07-01,2026-06-30,Banner+VERAS Pending,Y,,
V230689,V230689,,PROJECT-V230689,SPONSOR-WASSTA12,UI-LEAD,Active,2023-09-15,2025-08-14,Banner+VERAS Pending,Y,,
V230693,V230693,,PROJECT-V230693,SPONSOR-NIFA,UI-LEAD,Active,2024-09-15,2027-09-14,Banner+VERAS Pending,Y,,
V230698,V230698,,PROJECT-V230698,SPONSOR-IDHW7,UI-LEAD,Active,2021-09-17,2024-08-31,Banner+VERAS Pending,Y,,
V230705,V230705,,PROJECT-V230705,SPONSOR-WISUNI,UI-LEAD,Active,2024-06-01,2026-08-31,Banner+VERAS Pending,Y,,
V230712,V230712,,PROJECT-V230712,SPONSOR-USAPHIS,UI-LEAD,Active,2023-09-08,2025-09-07,Banner+VERAS Pending,Y,,
V230713,V230713,,PROJECT-V230713,SPONSOR-NAT4H3,UI-LEAD,Active,2023-08-14,2024-05-31,Banner+VERAS Pending,Y,,
V230714,V230714,,PROJECT-V230714,SPONSOR-USDRMA,UI-LEAD,Active,2024-06-06,2025-09-30,Banner+VERAS Pending,Y,,
V230718,V230718,,PROJECT-V230718,SPONSOR-NSF,UI-LEAD,Active,2024-04-01,2026-03-31,Banner+VERAS Pending,Y,,
V230728,V230728,,PROJECT-V230728,SPONSOR-IDHW7,UI-LEAD,Active,2022-03-14,2024-09-30,Banner+VERAS Pending,Y,,
V230732,V230732,,PROJECT-V230732,SPONSOR-UARS5,UI-LEAD,Active,2023-09-26,2024-09-25,Banner+VERAS Pending,Y,,
V230736,V230736,,PROJECT-V230736,SPONSOR-MONSTA1,UI-LEAD,Active,2024-01-01,2026-12-31,Banner+VERAS Pending,Y,,
V230743,V230743,,PROJECT-V230743,SPONSOR-UARS5,UI-LEAD,Active,2023-07-01,2026-04-30,Banner+VERAS Pending,Y,,
V230748,V230748,,PROJECT-V230748,SPONSOR-IDASTE2,UI-LEAD,Active,2023-10-25,2024-06-30,Banner+VERAS Pending,Y,,
V230751,V230751,,PROJECT-V230751,SPONSOR-ISDE1,UI-LEAD,Active,2023-10-01,2024-06-30,Banner+VERAS Pending,Y,,
V230752,V230752,,PROJECT-V230752,SPONSOR-ISDE1,UI-LEAD,Active,2023-09-17,2024-06-14,Banner+VERAS Pending,Y,,
V230756,V230756,,PROJECT-V230756,SPONSOR-NIFA,UI-LEAD,Active,2023-10-01,2025-09-30,Banner+VERAS Pending,Y,,
V230765,V230765,,PROJECT-V230765,SPONSOR-NIFA,UI-LEAD,Active,2024-08-01,2028-07-31,Banner+VERAS Pending,Y,,
V230767,V230767,,PROJECT-V230767,SPONSOR-WEESCI,UI-LEAD,Active,2024-01-01,2025-12-31,Banner+VERAS Pending,Y,,
V230768,V230768,,PROJECT-V230768,SPONSOR-IDAWOR,UI-LEAD,Active,2024-05-01,2027-04-30,Banner+VERAS Pending,Y,,
V230769,V230769,,PROJECT-V230769,SPONSOR-USDFOR,UI-LEAD,Active,2024-02-22,2027-09-30,Banner+VERAS Pending,Y,,
V230774,V230774,,PROJECT-V230774,SPONSOR-VIRTEC,UI-LEAD,Active,2024-07-01,2027-06-30,Banner+VERAS Pending,Y,,
V230777,V230777,,PROJECT-V230777,SPONSOR-BATTELLE1,UI-LEAD,Active,2021-10-01,2024-05-12,Banner+VERAS Pending,Y,,
V230778,V230778,,PROJECT-V230778,SPONSOR-USDFOR,UI-LEAD,Active,2024-01-31,2026-12-31,Banner+VERAS Pending,Y,,
V230779,V230779,,PROJECT-V230779,SPONSOR-NATRES20,UI-LEAD,Active,2024-02-15,2026-02-15,Banner+VERAS Pending,Y,,
V230788,V230788,,PROJECT-V230788,SPONSOR-NIFA,UI-LEAD,Active,2024-07-01,2027-12-31,Banner+VERAS Pending,Y,,
V230789,V230789,,PROJECT-V230789,SPONSOR-GENNEX1,UI-LEAD,Active,2024-02-12,2025-05-11,Banner+VERAS Pending,Y,,
V230790,V230790,,PROJECT-V230790,SPONSOR-NSF,UI-LEAD,Active,2024-03-01,2026-08-31,Banner+VERAS Pending,Y,,
V230792,V230792,,PROJECT-V230792,SPONSOR-OHISTA,UI-LEAD,Active,2024-10-01,2026-09-30,Banner+VERAS Pending,Y,,
V230794,V230794,,PROJECT-V230794,SPONSOR-VIRTEC,UI-LEAD,Active,2024-09-01,2028-08-31,Banner+VERAS Pending,Y,,
V230800,V230800,,PROJECT-V230800,SPONSOR-NIFA,UI-LEAD,Active,2024-05-01,2026-07-31,Banner+VERAS Pending,Y,,
V230801,V230801,,PROJECT-V230801,SPONSOR-GORBET,UI-LEAD,Active,2023-10-30,2027-08-31,Banner+VERAS Pending,Y,,
V230807,V230807,,PROJECT-V230807,SPONSOR-UARS5,UI-LEAD,Active,2023-07-01,2028-05-31,Banner+VERAS Pending,Y,,
V230811,V230811,,PROJECT-V230811,SPONSOR-IDAAGR,UI-LEAD,Active,2024-12-09,2025-12-31,Banner+VERAS Pending,Y,,
V230813,V230813,,PROJECT-V230813,SPONSOR-IDAFIS,UI-LEAD,Active,2023-07-01,2025-06-30,Banner+VERAS Pending,Y,,
V230816,V230816,,PROJECT-V230816,SPONSOR-NSF,UI-LEAD,Active,2024-08-15,2027-07-31,Banner+VERAS Pending,Y,,
V230826,V230826,,PROJECT-V230826,SPONSOR-MICSTA,UI-LEAD,Active,2024-08-01,2029-07-31,Banner+VERAS Pending,Y,,
V230829,V230829,,PROJECT-V230829,SPONSOR-OHISTA,UI-LEAD,Active,2023-10-01,2024-09-30,Banner+VERAS Pending,Y,,
V230834,V230834,,PROJECT-V230834,SPONSOR-KANSTA,UI-LEAD,Active,2024-01-01,2024-08-31,Banner+VERAS Pending,Y,,
V230836,V230836,,PROJECT-V230836,SPONSOR-NSF,UI-LEAD,Active,2024-08-01,2027-07-31,Banner+VERAS Pending,Y,,
V230842,V230842,,PROJECT-V230842,SPONSOR-ILLUNI,UI-LEAD,Active,2024-08-15,2026-07-31,Banner+VERAS Pending,Y,,
V230847,V230847,,PROJECT-V230847,SPONSOR-BAYCRO,UI-LEAD,Active,2023-08-15,2024-12-31,Banner+VERAS Pending,Y,,
V230850,V230850,,PROJECT-V230850,SPONSOR-NIFA,UI-LEAD,Active,2023-10-01,2028-09-30,Banner+VERAS Pending,Y,,
V230851,V230851,,PROJECT-V230851,SPONSOR-NSF,UI-LEAD,Active,2024-09-15,2027-08-31,Banner+VERAS Pending,Y,,
V230854,V230854,,PROJECT-V230854,SPONSOR-USDFOR,UI-LEAD,Active,2024-07-24,2027-06-30,Banner+VERAS Pending,Y,,
V230856,V230856,,PROJECT-V230856,SPONSOR-NIFA,UI-LEAD,Active,2023-10-01,2025-09-30,Banner+VERAS Pending,Y,,
V230857,V230857,,PROJECT-V230857,SPONSOR-IDAWOR,UI-LEAD,Active,2023-12-01,2026-09-30,Banner+VERAS Pending,Y,,
V230858,V230858,,PROJECT-V230858,SPONSOR-USDFOR,UI-LEAD,Active,2023-11-04,2028-06-01,Banner+VERAS Pending,Y,,
V230861,V230861,,PROJECT-V230861,SPONSOR-USGS,UI-LEAD,Active,2022-05-11,2027-04-30,Banner+VERAS Pending,Y,,
V230862,V230862,,PROJECT-V230862,SPONSOR-USDFOR,UI-LEAD,Active,2024-06-27,2028-09-30,Banner+VERAS Pending,Y,,
V230863,V230863,,PROJECT-V230863,SPONSOR-IDADIV3,UI-LEAD,Active,2024-01-08,2024-05-30,Banner+VERAS Pending,Y,,
V230865,V230865,,PROJECT-V230865,SPONSOR-NIFA,UI-LEAD,Active,2023-10-01,2025-09-30,Banner+VERAS Pending,Y,,
V230869,V230869,,PROJECT-V230869,SPONSOR-ISDE1,UI-LEAD,Active,2024-10-03,2026-12-31,Banner+VERAS Pending,Y,,
V230870,V230870,,PROJECT-V230870,SPONSOR-JOHHOP1,UI-LEAD,Active,2022-04-01,2028-08-31,Banner+VERAS Pending,Y,,
V230871,V230871,,PROJECT-V230871,SPONSOR-USDFOR,UI-LEAD,Active,2024-07-17,2027-06-30,Banner+VERAS Pending,Y,,
V230875,V230875,,PROJECT-V230875,SPONSOR-MONSTA1,UI-LEAD,Active,2024-05-01,2027-04-30,Banner+VERAS Pending,Y,,
V230876,V230876,,PROJECT-V230876,SPONSOR-NSF,UI-LEAD,Active,2024-08-01,2027-07-31,Banner+VERAS Pending,Y,,
V230879,V230879,,PROJECT-V230879,SPONSOR-IDACAT5,UI-LEAD,Active,2024-05-01,2026-12-31,Banner+VERAS Pending,Y,,
V230886,V230886,,PROJECT-V230886,SPONSOR-ITD1,UI-LEAD,Active,2025-11-10,2027-09-30,Banner+VERAS Pending,Y,,
V230889,V230889,,PROJECT-V230889,SPONSOR-WASOIL,UI-LEAD,Active,2024-05-01,2025-09-30,Banner+VERAS Pending,Y,,
V230893,V230893,,PROJECT-V230893,SPONSOR-WASOIL,UI-LEAD,Active,2024-05-01,2025-08-31,Banner+VERAS Pending,Y,,
V230897,V230897,,PROJECT-V230897,SPONSOR-MONSTA1,UI-LEAD,Active,2024-04-01,2026-12-31,Banner+VERAS Pending,Y,,
V230899,V230899,,PROJECT-V230899,SPONSOR-FAMADV1,UI-LEAD,Active,2023-10-01,2024-06-30,Banner+VERAS Pending,Y,,
V230903,V230903,,PROJECT-V230903,SPONSOR-IDASTA34,UI-LEAD,Active,2024-07-01,2026-06-30,Banner+VERAS Pending,Y,,
V230905,V230905,,PROJECT-V230905,SPONSOR-NSF,UI-LEAD,Active,2024-09-01,2028-08-31,Banner+VERAS Pending,Y,,
V230910,V230910,,PROJECT-V230910,SPONSOR-USDFOR,UI-LEAD,Active,2023-12-11,2025-12-15,Banner+VERAS Pending,Y,,
V230911,V230911,,PROJECT-V230911,SPONSOR-BATTELLE1,UI-LEAD,Active,2023-12-09,2025-05-31,Banner+VERAS Pending,Y,,
V230913,V230913,,PROJECT-V230913,SPONSOR-IDAWHE,UI-LEAD,Active,2024-07-01,2025-06-30,Banner+VERAS Pending,Y,,
V230914,V230914,,PROJECT-V230914,SPONSOR-PURUNI,UI-LEAD,Active,2024-03-01,2024-08-17,Banner+VERAS Pending,Y,,
V230916,V230916,,PROJECT-V230916,SPONSOR-IDASTA34,UI-LEAD,Active,2024-07-01,2025-06-30,Banner+VERAS Pending,Y,,
V230928,V230928,,PROJECT-V230928,SPONSOR-NSF,UI-LEAD,Active,2024-09-01,2026-08-31,Banner+VERAS Pending,Y,,
V230938,V230938,,PROJECT-V230938,SPONSOR-NSF,UI-LEAD,Active,2024-09-15,2029-08-31,Banner+VERAS Pending,Y,,
V230941,V230941,,PROJECT-V230941,SPONSOR-IDADAI,UI-LEAD,Active,2024-01-01,2025-01-31,Banner+VERAS Pending,Y,,
V230944,V230944,,PROJECT-V230944,SPONSOR-AMECOL1,UI-LEAD,Active,2024-01-01,2024-06-30,Banner+VERAS Pending,Y,,
V230945,V230945,,PROJECT-V230945,SPONSOR-HOLEDU,UI-LEAD,Active,2024-01-01,2026-05-01,Banner+VERAS Pending,Y,,
V230947,V230947,,PROJECT-V230947,SPONSOR-KOOTRI,UI-LEAD,Active,2024-05-12,2026-12-31,Banner+VERAS Pending,Y,,
V230949,V230949,,PROJECT-V230949,SPONSOR-NIFA,UI-LEAD,Active,2024-06-01,2026-05-31,Banner+VERAS Pending,Y,,
V230952,V230952,,PROJECT-V230952,SPONSOR-TARLST,UI-LEAD,Active,2023-11-07,2024-04-30,Banner+VERAS Pending,Y,,
V230953,V230953,,PROJECT-V230953,SPONSOR-ORESTA3,UI-LEAD,Active,2024-04-01,2026-09-30,Banner+VERAS Pending,Y,,
V230956,V230956,,PROJECT-V230956,SPONSOR-WASSTA12,UI-LEAD,Active,2024-04-01,2025-09-30,Banner+VERAS Pending,Y,,
V230960,V230960,,PROJECT-V230960,SPONSOR-EXTFOU,UI-LEAD,Active,2024-01-15,2025-01-14,Banner+VERAS Pending,Y,,
V230961,V230961,,PROJECT-V230961,SPONSOR-IDAPOW3,UI-LEAD,Active,2024-01-01,2024-12-31,Banner+VERAS Pending,Y,,
V230965,V230965,,PROJECT-V230965,SPONSOR-IDASTA43,UI-LEAD,Active,2024-01-03,2024-06-30,Banner+VERAS Pending,Y,,
V230969,V230969,,PROJECT-V230969,SPONSOR-POTCOR,UI-LEAD,Active,2024-01-01,2024-12-31,Banner+VERAS Pending,Y,,
V230971,V230971,,PROJECT-V230971,SPONSOR-USDFOR,UI-LEAD,Active,2023-12-01,2027-12-31,Banner+VERAS Pending,Y,,
V230975,V230975,,PROJECT-V230975,SPONSOR-PALCON,UI-LEAD,Active,2021-08-01,2025-12-31,Banner+VERAS Pending,Y,,
V230977,V230977,,PROJECT-V230977,SPONSOR-NSF,UI-LEAD,Active,2024-12-01,2027-11-30,Banner+VERAS Pending,Y,,
V230979,V230979,,PROJECT-V230979,SPONSOR-NEWMEX12,UI-LEAD,Active,2024-02-02,2025-02-28,Banner+VERAS Pending,Y,,
V230980,V230980,,PROJECT-V230980,SPONSOR-IDAPOT5,UI-LEAD,Active,2024-07-01,2025-07-31,Banner+VERAS Pending,Y,,
V230982,V230982,,PROJECT-V230982,SPONSOR-IDAPOT5,UI-LEAD,Active,2024-07-01,2025-07-31,Banner+VERAS Pending,Y,,
V230986,V230986,,PROJECT-V230986,SPONSOR-USADRY,UI-LEAD,Active,2024-07-01,2025-12-31,Banner+VERAS Pending,Y,,
V230989,V230989,,PROJECT-V230989,SPONSOR-IDAPOT5,UI-LEAD,Active,2024-07-01,2025-12-31,Banner+VERAS Pending,Y,,
V230991,V230991,,PROJECT-V230991,SPONSOR-SOYAQU,UI-LEAD,Active,2024-05-01,2026-12-31,Banner+VERAS Pending,Y,,
V230995,V230995,,PROJECT-V230995,SPONSOR-IDAPOT5,UI-LEAD,Active,2024-07-01,2025-12-31,Banner+VERAS Pending,Y,,
V231008,V231008,,PROJECT-V231008,SPONSOR-USGS,UI-LEAD,Active,2024-06-01,2025-05-31,Banner+VERAS Pending,Y,,
V231009,V231009,,PROJECT-V231009,SPONSOR-IDAPOT5,UI-LEAD,Active,2024-07-01,2025-07-31,Banner+VERAS Pending,Y,,
V231013,V231013,,PROJECT-V231013,SPONSOR-IDAPOT5,UI-LEAD,Active,2024-07-01,2025-07-31,Banner+VERAS Pending,Y,,
V231014,V231014,,PROJECT-V231014,SPONSOR-USBLM,UI-LEAD,Active,2024-07-19,2027-07-18,Banner+VERAS Pending,Y,,
V231015,V231015,,PROJECT-V231015,SPONSOR-USGS,UI-LEAD,Active,2024-02-01,2025-01-28,Banner+VERAS Pending,Y,,
V231016,V231016,,PROJECT-V231016,SPONSOR-IDAPOT5,UI-LEAD,Active,2024-07-01,2025-07-31,Banner+VERAS Pending,Y,,
V231017,V231017,,PROJECT-V231017,SPONSOR-IDAPOT5,UI-LEAD,Active,2024-07-01,2025-07-31,Banner+VERAS Pending,Y,,
V231018,V231018,,PROJECT-V231018,SPONSOR-MONSTA1,UI-LEAD,Active,2024-05-01,2026-04-30,Banner+VERAS Pending,Y,,
V231019,V231019,,PROJECT-V231019,SPONSOR-SOYAQU,UI-LEAD,Active,2024-05-01,2026-04-15,Banner+VERAS Pending,Y,,
V231021,V231021,,PROJECT-V231021,SPONSOR-IDAPOT5,UI-LEAD,Active,2024-07-01,2025-07-31,Banner+VERAS Pending,Y,,
V231024,V231024,,PROJECT-V231024,SPONSOR-IDAPOT5,UI-LEAD,Active,2024-07-01,2025-07-31,Banner+VERAS Pending,Y,,
V231025,V231025,,PROJECT-V231025,SPONSOR-IDAPOT5,UI-LEAD,Active,2024-07-01,2025-07-31,Banner+VERAS Pending,Y,,
V231026,V231026,,PROJECT-V231026,SPONSOR-IDAPOT5,UI-LEAD,Active,2024-07-01,2025-07-31,Banner+VERAS Pending,Y,,
V231027,V231027,,PROJECT-V231027,SPONSOR-IDAPOT5,UI-LEAD,Active,2024-07-01,2025-07-31,Banner+VERAS Pending,Y,,
V231028,V231028,,PROJECT-V231028,SPONSOR-IDAPOT5,UI-LEAD,Active,2024-07-01,2025-07-31,Banner+VERAS Pending,Y,,
V231029,V231029,,PROJECT-V231029,SPONSOR-IDAPOT5,UI-LEAD,Active,2024-07-01,2025-07-31,Banner+VERAS Pending,Y,,
V231030,V231030,,PROJECT-V231030,SPONSOR-IDHW7,UI-LEAD,Active,2023-11-14,2024-09-30,Banner+VERAS Pending,Y,,
V231032,V231032,,PROJECT-V231032,SPONSOR-IDAPOT5,UI-LEAD,Active,2024-07-01,2025-07-31,Banner+VERAS Pending,Y,,
V231034,V231034,,PROJECT-V231034,SPONSOR-USBLM,UI-LEAD,Active,2024-08-31,2029-08-30,Banner+VERAS Pending,Y,,
V231035,V231035,,PROJECT-V231035,SPONSOR-IDAPOT5,UI-LEAD,Active,2024-07-01,2025-07-31,Banner+VERAS Pending,Y,,
V231036,V231036,,PROJECT-V231036,SPONSOR-SNARIV45,UI-LEAD,Active,2024-04-01,2026-03-31,Banner+VERAS Pending,Y,,
V231037,V231037,,PROJECT-V231037,SPONSOR-SNARIV45,UI-LEAD,Active,2024-04-01,2026-03-31,Banner+VERAS Pending,Y,,
V231039,V231039,,PROJECT-V231039,SPONSOR-NIFA,UI-LEAD,Active,2025-09-15,2028-09-14,Banner+VERAS Pending,Y,,
V231040,V231040,,PROJECT-V231040,SPONSOR-NATCAT,UI-LEAD,Active,2024-01-24,2025-06-01,Banner+VERAS Pending,Y,,
V231049,V231049,,PROJECT-V231049,SPONSOR-NIFA,UI-LEAD,Active,2024-08-01,2025-08-31,Banner+VERAS Pending,Y,,
V231050,V231050,,PROJECT-V231050,SPONSOR-AMASUG,UI-LEAD,Active,2024-06-17,2026-05-15,Banner+VERAS Pending,Y,,
V231056,V231056,,PROJECT-V231056,SPONSOR-WESVIR,UI-LEAD,Active,2024-08-16,2026-08-15,Banner+VERAS Pending,Y,,
V231059,V231059,,PROJECT-V231059,SPONSOR-IDABAR,UI-LEAD,Active,2024-07-01,2025-06-30,Banner+VERAS Pending,Y,,
V231061,V231061,,PROJECT-V231061,SPONSOR-IDAWHE,UI-LEAD,Active,2024-07-01,2025-06-30,Banner+VERAS Pending,Y,,
V231062,V231062,,PROJECT-V231062,SPONSOR-IDABAR,UI-LEAD,Active,2024-07-01,2025-06-30,Banner+VERAS Pending,Y,,
V231064,V231064,,PROJECT-V231064,SPONSOR-IDAWHE,UI-LEAD,Active,2024-07-01,2025-06-30,Banner+VERAS Pending,Y,,
V231066,V231066,,PROJECT-V231066,SPONSOR-IDWR,UI-LEAD,Active,2024-05-24,2026-05-23,Banner+VERAS Pending,Y,,
V231073,V231073,,PROJECT-V231073,SPONSOR-IDANUR,UI-LEAD,Active,2024-11-08,2027-06-30,Banner+VERAS Pending,Y,,
V231074,V231074,,PROJECT-V231074,SPONSOR-ISDE1,UI-LEAD,Active,2023-10-01,2024-09-30,Banner+VERAS Pending,Y,,
V231081,V231081,,PROJECT-V231081,SPONSOR-NASA,UI-LEAD,Active,2024-06-21,2027-06-20,Banner+VERAS Pending,Y,,
V231084,V231084,,PROJECT-V231084,SPONSOR-INSINT3,UI-LEAD,Active,2024-03-04,2025-04-30,Banner+VERAS Pending,Y,,
V231086,V231086,,PROJECT-V231086,SPONSOR-NASSHA,UI-LEAD,Active,2025-01-01,2027-12-31,Banner+VERAS Pending,Y,,
V231091,V231091,,PROJECT-V231091,SPONSOR-NSF,UI-LEAD,Active,2024-09-15,2028-08-31,Banner+VERAS Pending,Y,,
V231095,V231095,,PROJECT-V231095,SPONSOR-IDAWHE,UI-LEAD,Active,2024-07-01,2025-06-30,Banner+VERAS Pending,Y,,
V231101,V231101,,PROJECT-V231101,SPONSOR-SNARIV45,UI-LEAD,Active,2024-04-01,2025-03-31,Banner+VERAS Pending,Y,,
V231105,V231105,,PROJECT-V231105,SPONSOR-SNARIV45,UI-LEAD,Active,2024-04-01,2025-03-31,Banner+VERAS Pending,Y,,
V231106,V231106,,PROJECT-V231106,SPONSOR-SNARIV45,UI-LEAD,Active,2024-04-01,2025-03-31,Banner+VERAS Pending,Y,,
V231108,V231108,,PROJECT-V231108,SPONSOR-SNARIV45,UI-LEAD,Active,2024-04-01,2026-03-31,Banner+VERAS Pending,Y,,
V231111,V231111,,PROJECT-V231111,SPONSOR-NATCAT,UI-LEAD,Active,2024-01-01,2025-10-15,Banner+VERAS Pending,Y,,
V231112,V231112,,PROJECT-V231112,SPONSOR-IDAWHE,UI-LEAD,Active,2024-07-01,2025-06-30,Banner+VERAS Pending,Y,,
V231115,V231115,,PROJECT-V231115,SPONSOR-IDAFIS,UI-LEAD,Active,2024-07-01,2026-06-30,Banner+VERAS Pending,Y,,
V231118,V231118,,PROJECT-V231118,SPONSOR-IDABAR,UI-LEAD,Active,2024-07-01,2025-06-30,Banner+VERAS Pending,Y,,
V231119,V231119,,PROJECT-V231119,SPONSOR-IDABAR,UI-LEAD,Active,2024-07-01,2025-06-30,Banner+VERAS Pending,Y,,
V231120,V231120,,PROJECT-V231120,SPONSOR-IDAAGR,UI-LEAD,Active,2024-10-23,2027-06-30,Banner+VERAS Pending,Y,,
V231121,V231121,,PROJECT-V231121,SPONSOR-IDAWHE,UI-LEAD,Active,2024-07-01,2025-12-31,Banner+VERAS Pending,Y,,
V240001,V240001,,PROJECT-V240001,SPONSOR-IDAWHE,UI-LEAD,Active,2024-07-01,2025-06-30,Banner+VERAS Pending,Y,,
V240003,V240003,,PROJECT-V240003,SPONSOR-IDASTA34,UI-LEAD,Active,2024-02-06,2024-05-31,Banner+VERAS Pending,Y,,
V240006,V240006,,PROJECT-V240006,SPONSOR-IDAWHE,UI-LEAD,Active,2024-07-01,2025-06-30,Banner+VERAS Pending,Y,,
V240007,V240007,,PROJECT-V240007,SPONSOR-ORESTA3,UI-LEAD,Active,2024-05-01,2025-06-30,Banner+VERAS Pending,Y,,
V240012,V240012,,PROJECT-V240012,SPONSOR-IDABAR,UI-LEAD,Active,2024-07-01,2025-06-30,Banner+VERAS Pending,Y,,
V240013,V240013,,PROJECT-V240013,SPONSOR-IDABAR,UI-LEAD,Active,2024-07-01,2025-06-30,Banner+VERAS Pending,Y,,
V240019,V240019,,PROJECT-V240019,SPONSOR-YELYUK,UI-LEAD,Active,2024-01-01,2024-12-31,Banner+VERAS Pending,Y,,
V240024,V240024,,PROJECT-V240024,SPONSOR-NORDAK3,UI-LEAD,Active,2024-01-01,2024-12-31,Banner+VERAS Pending,Y,,
V240025,V240025,,PROJECT-V240025,SPONSOR-IDAWHE,UI-LEAD,Active,2024-07-01,2025-06-30,Banner+VERAS Pending,Y,,
V240026,V240026,,PROJECT-V240026,SPONSOR-IDAAGR,UI-LEAD,Active,2024-10-23,2027-06-30,Banner+VERAS Pending,Y,,
V240030,V240030,,PROJECT-V240030,SPONSOR-IDAWHE,UI-LEAD,Active,2024-07-01,2025-06-30,Banner+VERAS Pending,Y,,
V240031,V240031,,PROJECT-V240031,SPONSOR-IDABEA1,UI-LEAD,Active,2024-07-01,2025-06-30,Banner+VERAS Pending,Y,,
V240033,V240033,,PROJECT-V240033,SPONSOR-IDAWHE,UI-LEAD,Active,2024-07-01,2025-06-30,Banner+VERAS Pending,Y,,
V240034,V240034,,PROJECT-V240034,SPONSOR-IDAWHE,UI-LEAD,Active,2024-07-01,2025-06-30,Banner+VERAS Pending,Y,,
V240036,V240036,,PROJECT-V240036,SPONSOR-NSF,UI-LEAD,Active,2020-07-01,2027-06-30,Banner+VERAS Pending,Y,,
V240038,V240038,,PROJECT-V240038,SPONSOR-IDABEA1,UI-LEAD,Active,2024-07-01,2025-06-30,Banner+VERAS Pending,Y,,
V240042,V240042,,PROJECT-V240042,SPONSOR-IDAWHE,UI-LEAD,Active,2024-07-01,2025-06-30,Banner+VERAS Pending,Y,,
V240043,V240043,,PROJECT-V240043,SPONSOR-IDAWHE,UI-LEAD,Active,2024-07-01,2025-06-30,Banner+VERAS Pending,Y,,
V240044,V240044,,PROJECT-V240044,SPONSOR-IDAWHE,UI-LEAD,Active,2024-07-01,2025-06-30,Banner+VERAS Pending,Y,,
V240045,V240045,,PROJECT-V240045,SPONSOR-IDAWHE,UI-LEAD,Active,2024-07-01,2025-06-30,Banner+VERAS Pending,Y,,
V240046,V240046,,PROJECT-V240046,SPONSOR-IDABAR,UI-LEAD,Active,2024-07-01,2025-06-30,Banner+VERAS Pending,Y,,
V240047,V240047,,PROJECT-V240047,SPONSOR-IDABAR,UI-LEAD,Active,2024-07-01,2025-06-30,Banner+VERAS Pending,Y,,
V240048,V240048,,PROJECT-V240048,SPONSOR-IDAWHE,UI-LEAD,Active,2024-07-01,2025-06-30,Banner+VERAS Pending,Y,,
V240054,V240054,,PROJECT-V240054,SPONSOR-DHHS1,UI-LEAD,Active,2020-07-20,2026-06-30,Banner+VERAS Pending,Y,,
V240057,V240057,,PROJECT-V240057,SPONSOR-ITD1,UI-LEAD,Active,2025-04-07,2025-12-31,Banner+VERAS Pending,Y,,
V240059,V240059,,PROJECT-V240059,SPONSOR-KOOTRI,UI-LEAD,Active,2024-02-01,2026-04-30,Banner+VERAS Pending,Y,,
V240061,V240061,,PROJECT-V240061,SPONSOR-USFWS,UI-LEAD,Active,2024-05-01,2027-04-30,Banner+VERAS Pending,Y,,
V240062,V240062,,PROJECT-V240062,SPONSOR-IEOOC,UI-LEAD,Active,2024-07-01,2025-06-30,Banner+VERAS Pending,Y,,
V240065,V240065,,PROJECT-V240065,SPONSOR-IDABAR,UI-LEAD,Active,2024-07-01,2025-06-30,Banner+VERAS Pending,Y,,
V240075,V240075,,PROJECT-V240075,SPONSOR-IDABAR,UI-LEAD,Active,2024-07-01,2025-06-30,Banner+VERAS Pending,Y,,
V240076,V240076,,PROJECT-V240076,SPONSOR-IDAOIL,UI-LEAD,Active,2024-04-01,2026-04-30,Banner+VERAS Pending,Y,,
V240077,V240077,,PROJECT-V240077,SPONSOR-IDABAR,UI-LEAD,Active,2024-07-01,2026-06-30,Banner+VERAS Pending,Y,,
V240081,V240081,,PROJECT-V240081,SPONSOR-IDABEA1,UI-LEAD,Active,2024-11-12,2027-06-30,Banner+VERAS Pending,Y,,
V240084,V240084,,PROJECT-V240084,SPONSOR-IDABEA1,UI-LEAD,Active,2024-11-13,2027-06-30,Banner+VERAS Pending,Y,,
V240089,V240089,,PROJECT-V240089,SPONSOR-WASSTA12,UI-LEAD,Active,2024-09-01,2026-08-31,Banner+VERAS Pending,Y,,
V240090,V240090,,PROJECT-V240090,SPONSOR-JPL,UI-LEAD,Active,2024-06-03,2024-08-31,Banner+VERAS Pending,Y,,
V240092,V240092,,PROJECT-V240092,SPONSOR-IDABAR,UI-LEAD,Active,2024-07-01,2025-06-30,Banner+VERAS Pending,Y,,
V240093,V240093,,PROJECT-V240093,SPONSOR-USDFOR,UI-LEAD,Active,2024-06-25,2029-04-30,Banner+VERAS Pending,Y,,
V240094,V240094,,PROJECT-V240094,SPONSOR-IDACOM,UI-LEAD,Active,2024-07-01,2025-06-30,Banner+VERAS Pending,Y,,
V240105,V240105,,PROJECT-V240105,SPONSOR-NIFA,UI-LEAD,Active,2024-09-01,2026-08-31,Banner+VERAS Pending,Y,,
V240110,V240110,,PROJECT-V240110,SPONSOR-NSF,UI-LEAD,Active,2024-08-15,2026-07-31,Banner+VERAS Pending,Y,,
V240112,V240112,,PROJECT-V240112,SPONSOR-USGS,UI-LEAD,Active,2022-01-01,2025-12-31,Banner+VERAS Pending,Y,,
V240113,V240113,,PROJECT-V240113,SPONSOR-IDAFIS,UI-LEAD,Active,2024-03-01,2024-12-31,Banner+VERAS Pending,Y,,
V240115,V240115,,PROJECT-V240115,SPONSOR-USFWS,UI-LEAD,Active,2025-06-16,2026-06-15,Banner+VERAS Pending,Y,,
V240118,V240118,,PROJECT-V240118,SPONSOR-IDASTE2,UI-LEAD,Active,2024-05-28,2024-08-30,Banner+VERAS Pending,Y,,
V240120,V240120,,PROJECT-V240120,SPONSOR-UARS5,UI-LEAD,Active,2024-01-01,2024-12-31,Banner+VERAS Pending,Y,,
V240121,V240121,,PROJECT-V240121,SPONSOR-GRAPRO5,UI-LEAD,Active,2024-04-01,2024-12-30,Banner+VERAS Pending,Y,,
V240127,V240127,,PROJECT-V240127,SPONSOR-NASSHA,UI-LEAD,Active,2024-08-12,2025-08-11,Banner+VERAS Pending,Y,,
V240135,V240135,,PROJECT-V240135,SPONSOR-DHHS1,UI-LEAD,Active,2024-08-26,2026-06-30,Banner+VERAS Pending,Y,,
V240136,V240136,,PROJECT-V240136,SPONSOR-IDASTA34,UI-LEAD,Active,2024-07-01,2025-08-31,Banner+VERAS Pending,Y,,
V240139,V240139,,PROJECT-V240139,SPONSOR-IDABEA1,UI-LEAD,Active,2024-07-01,2025-06-30,Banner+VERAS Pending,Y,,
V240140,V240140,,PROJECT-V240140,SPONSOR-KOOCOU4,UI-LEAD,Active,2024-10-01,2025-07-31,Banner+VERAS Pending,Y,,
V240147,V240147,,PROJECT-V240147,SPONSOR-BATTELLE1,UI-LEAD,Active,2023-02-17,2024-09-30,Banner+VERAS Pending,Y,,
V240149,V240149,,PROJECT-V240149,SPONSOR-IEOOC,UI-LEAD,Active,2024-07-01,2025-06-30,Banner+VERAS Pending,Y,,
V240152,V240152,,PROJECT-V240152,SPONSOR-BATTELLE1,UI-LEAD,Active,2024-06-01,2026-05-31,Banner+VERAS Pending,Y,,
V240153,V240153,,PROJECT-V240153,SPONSOR-DOE1,UI-LEAD,Active,2024-09-01,2026-08-31,Banner+VERAS Pending,Y,,
V240163,V240163,,PROJECT-V240163,SPONSOR-NAT4H3,UI-LEAD,Active,2024-04-01,2024-09-01,Banner+VERAS Pending,Y,,
V240164,V240164,,PROJECT-V240164,SPONSOR-SNARIV45,UI-LEAD,Active,2024-04-01,2027-03-31,Banner+VERAS Pending,Y,,
V240165,V240165,,PROJECT-V240165,SPONSOR-PENSTA,UI-LEAD,Active,2024-10-01,2026-07-31,Banner+VERAS Pending,Y,,
V240166,V240166,,PROJECT-V240166,SPONSOR-IEOOC,UI-LEAD,Active,2024-07-01,2025-06-30,Banner+VERAS Pending,Y,,
V240173,V240173,,PROJECT-V240173,SPONSOR-ISDE1,UI-LEAD,Active,2024-07-01,2025-06-30,Banner+VERAS Pending,Y,,
V240182,V240182,,PROJECT-V240182,SPONSOR-RESLEG1,UI-LEAD,Active,2024-05-01,2025-06-30,Banner+VERAS Pending,Y,,
V240184,V240184,,PROJECT-V240184,SPONSOR-IDAFIS,UI-LEAD,Active,2023-10-01,2025-09-30,Banner+VERAS Pending,Y,,
V240185,V240185,,PROJECT-V240185,SPONSOR-USBLM,UI-LEAD,Active,2024-09-15,2029-09-14,Banner+VERAS Pending,Y,,
V240189,V240189,Copy of Idaho INBRE: Establishing a developmentally inspired biomaterial platform to direct stem cell tenogenesis,PROJECT-V240189,SPONSOR-DHHS1,UI-LEAD,Active,2024-05-01,2025-08-31,Banner+VERAS Pending,N,SI7662/V240189/Proposal/V240189_P20GM103408_PROPOSAL_APPLICATION_20260316.pdf,proposal_pdf
V240197,V240197,,PROJECT-V240197,SPONSOR-IDALAB1,UI-LEAD,Active,2024-09-01,2025-04-28,Banner+VERAS Pending,Y,,
V240201,V240201,,PROJECT-V240201,SPONSOR-NSF,UI-LEAD,Active,2024-07-01,2027-06-30,Banner+VERAS Pending,Y,,
V240204,V240204,,PROJECT-V240204,SPONSOR-JANNUS,UI-LEAD,Active,2024-04-29,2024-09-30,Banner+VERAS Pending,Y,,
V240208,V240208,,PROJECT-V240208,SPONSOR-JANNUS,UI-LEAD,Active,2024-04-24,2024-09-30,Banner+VERAS Pending,Y,,
V240221,V240221,,PROJECT-V240221,SPONSOR-IDHWDEQ3,UI-LEAD,Active,2024-03-19,2026-06-30,Banner+VERAS Pending,Y,,
V240234,V240234,,PROJECT-V240234,SPONSOR-IDAFOR4,UI-LEAD,Active,2024-06-01,2025-05-31,Banner+VERAS Pending,Y,,
V240238,V240238,,PROJECT-V240238,SPONSOR-USDFOR,UI-LEAD,Active,2023-12-01,2027-12-31,Banner+VERAS Pending,Y,,
V240239,V240239,,PROJECT-V240239,SPONSOR-USAPHIS,UI-LEAD,Active,2024-08-01,2026-07-31,Banner+VERAS Pending,Y,,
V240251,V240251,,PROJECT-V240251,SPONSOR-MISSTA1,UI-LEAD,Active,2024-02-01,2024-04-30,Banner+VERAS Pending,Y,,
V240259,V240259,,PROJECT-V240259,SPONSOR-NIFA,UI-LEAD,Active,2025-09-15,2028-09-14,Banner+VERAS Pending,Y,,
V240260,V240260,,PROJECT-V240260,SPONSOR-NSF,UI-LEAD,Active,2025-08-01,2030-07-31,Banner+VERAS Pending,Y,,
V240261,V240261,,PROJECT-V240261,SPONSOR-UCAL2,UI-LEAD,Active,2023-08-01,2026-03-31,Banner+VERAS Pending,Y,,
V240269,V240269,,PROJECT-V240269,SPONSOR-BATTELLE1,UI-LEAD,Active,2024-05-15,2024-09-30,Banner+VERAS Pending,Y,,
V240273,V240273,,PROJECT-V240273,SPONSOR-BATTELLE1,UI-LEAD,Active,2024-05-15,2024-08-30,Banner+VERAS Pending,Y,,
V240278,V240278,,PROJECT-V240278,SPONSOR-TEXTTI,UI-LEAD,Active,2025-09-01,2026-08-31,Banner+VERAS Pending,Y,,
V240279,V240279,,PROJECT-V240279,SPONSOR-NAT4H3,UI-LEAD,Active,2024-03-25,2025-12-31,Banner+VERAS Pending,Y,,
V240280,V240280,,PROJECT-V240280,SPONSOR-USAPHIS,UI-LEAD,Active,2024-08-01,2026-07-31,Banner+VERAS Pending,Y,,
V240281,V240281,,PROJECT-V240281,SPONSOR-USAPHIS,UI-LEAD,Active,2024-08-01,2026-07-31,Banner+VERAS Pending,Y,,
V240288,V240288,,PROJECT-V240288,SPONSOR-IDASTA34,UI-LEAD,Active,2024-07-01,2026-04-30,Banner+VERAS Pending,Y,,
V240291,V240291,,PROJECT-V240291,SPONSOR-USGS,UI-LEAD,Active,2024-09-09,2025-09-08,Banner+VERAS Pending,Y,,
V240302,V240302,,PROJECT-V240302,SPONSOR-COLRIV,UI-LEAD,Active,2024-04-01,2025-03-31,Banner+VERAS Pending,Y,,
V240303,V240303,,PROJECT-V240303,SPONSOR-USDFOR,UI-LEAD,Active,2024-06-08,2027-06-30,Banner+VERAS Pending,Y,,
V240305,V240305,,PROJECT-V240305,SPONSOR-KOOCOU4,UI-LEAD,Active,2020-10-01,2026-09-30,Banner+VERAS Pending,Y,,
V240310,V240310,,PROJECT-V240310,SPONSOR-AVIFOU,UI-LEAD,Active,2024-07-08,2025-07-07,Banner+VERAS Pending,Y,,
V240311,V240311,,PROJECT-V240311,SPONSOR-NSF,UI-LEAD,Active,2025-01-01,2026-12-31,Banner+VERAS Pending,Y,,
V240319,V240319,,PROJECT-V240319,SPONSOR-COLRIV,UI-LEAD,Active,2024-05-01,2025-04-30,Banner+VERAS Pending,Y,,
V240329,V240329,,PROJECT-V240329,SPONSOR-MURCHA,UI-LEAD,Active,2025-01-01,2027-12-31,Banner+VERAS Pending,Y,,
V240330,V240330,,PROJECT-V240330,SPONSOR-NSF,UI-LEAD,Active,2025-01-01,2026-12-31,Banner+VERAS Pending,Y,,
V240331,V240331,,PROJECT-V240331,SPONSOR-NSF,UI-LEAD,Active,2025-02-01,2027-01-31,Banner+VERAS Pending,Y,,
V240335,V240335,,PROJECT-V240335,SPONSOR-EXTFOU,UI-LEAD,Active,2024-04-01,2025-03-31,Banner+VERAS Pending,Y,,
V240341,V240341,,PROJECT-V240341,SPONSOR-IDAWOR,UI-LEAD,Active,2024-05-01,2026-09-30,Banner+VERAS Pending,Y,,
V240345,V240345,,PROJECT-V240345,SPONSOR-ISDE1,UI-LEAD,Active,2024-05-15,2024-07-30,Banner+VERAS Pending,Y,,
V240347,V240347,,PROJECT-V240347,SPONSOR-COLRIV,UI-LEAD,Active,2024-05-01,2025-04-30,Banner+VERAS Pending,Y,,
V240351,V240351,,PROJECT-V240351,SPONSOR-USFWS,UI-LEAD,Active,2024-07-01,2029-06-30,Banner+VERAS Pending,Y,,
V240353,V240353,,PROJECT-V240353,SPONSOR-NSF,UI-LEAD,Active,2025-01-01,2026-12-31,Banner+VERAS Pending,Y,,
V240356,V240356,,PROJECT-V240356,SPONSOR-USDFOR,UI-LEAD,Active,2024-06-09,2029-03-15,Banner+VERAS Pending,Y,,
V240370,V240370,,PROJECT-V240370,SPONSOR-BLACOU,UI-LEAD,Active,2020-10-01,2025-09-30,Banner+VERAS Pending,Y,,
V240371,V240371,,PROJECT-V240371,SPONSOR-NSF,UI-LEAD,Active,2025-08-01,2030-08-31,Banner+VERAS Pending,Y,,
V240372,V240372,,PROJECT-V240372,SPONSOR-ENERES,UI-LEAD,Active,2024-07-01,2025-06-30,Banner+VERAS Pending,Y,,
V240374,V240374,,PROJECT-V240374,SPONSOR-IDAPOT5,UI-LEAD,Active,2024-07-01,2025-07-31,Banner+VERAS Pending,Y,,
V240376,V240376,,PROJECT-V240376,SPONSOR-NSF,UI-LEAD,Active,2019-12-15,2025-11-30,Banner+VERAS Pending,Y,,
V240377,V240377,,PROJECT-V240377,SPONSOR-NAT4H3,UI-LEAD,Active,2024-06-01,2026-12-31,Banner+VERAS Pending,Y,,
V240378,V240378,,PROJECT-V240378,SPONSOR-IDAWOR,UI-LEAD,Active,2023-09-05,2025-08-30,Banner+VERAS Pending,Y,,
V240379,V240379,,PROJECT-V240379,SPONSOR-USDFOR,UI-LEAD,Active,2025-08-08,2030-08-07,Banner+VERAS Pending,Y,,
V240381,V240381,,PROJECT-V240381,SPONSOR-ISDE1,UI-LEAD,Active,2024-07-01,2025-06-30,Banner+VERAS Pending,Y,,
V240382,V240382,,PROJECT-V240382,SPONSOR-USDFOR,UI-LEAD,Active,2024-08-27,2029-08-24,Banner+VERAS Pending,Y,,
V240384,V240384,,PROJECT-V240384,SPONSOR-MICRON,UI-LEAD,Active,2024-05-20,2025-01-31,Banner+VERAS Pending,Y,,
V240387,V240387,,PROJECT-V240387,SPONSOR-POTCOR,UI-LEAD,Active,2024-05-06,2024-12-31,Banner+VERAS Pending,Y,,
V240390,V240390,,PROJECT-V240390,SPONSOR-USDFOR,UI-LEAD,Active,2024-07-25,2029-07-23,Banner+VERAS Pending,Y,,
V240391,V240391,,PROJECT-V240391,SPONSOR-BURREC,UI-LEAD,Active,2024-08-15,2028-06-30,Banner+VERAS Pending,Y,,
V240396,V240396,,PROJECT-V240396,SPONSOR-NASA,UI-LEAD,Active,2025-02-01,2028-01-31,Banner+VERAS Pending,Y,,
V240398,V240398,,PROJECT-V240398,SPONSOR-UARS5,UI-LEAD,Active,2024-09-01,2025-08-31,Banner+VERAS Pending,Y,,
V240399,V240399,,PROJECT-V240399,SPONSOR-WASSTA12,UI-LEAD,Active,2024-05-31,2027-05-30,Banner+VERAS Pending,Y,,
V240401,V240401,,PROJECT-V240401,SPONSOR-USGS,UI-LEAD,Active,2021-09-01,2027-01-28,Banner+VERAS Pending,Y,,
V240410,V240410,,PROJECT-V240410,SPONSOR-NSF,UI-LEAD,Active,2024-06-01,2027-05-31,Banner+VERAS Pending,Y,,
V240411,V240411,,PROJECT-V240411,SPONSOR-SASUNI,UI-LEAD,Active,2024-04-01,2027-03-31,Banner+VERAS Pending,Y,,
V240412,V240412,,PROJECT-V240412,SPONSOR-USAPHIS,UI-LEAD,Active,2024-09-30,2025-09-29,Banner+VERAS Pending,Y,,
V240413,V240413,,PROJECT-V240413,SPONSOR-IDHWDEQ3,UI-LEAD,Active,2017-03-20,2025-06-30,Banner+VERAS Pending,Y,,
V240414,V240414,,PROJECT-V240414,SPONSOR-IDASTA8,UI-LEAD,Active,2024-11-01,2026-11-30,Banner+VERAS Pending,Y,,
V240415,V240415,,PROJECT-V240415,SPONSOR-IDHWDEQ3,UI-LEAD,Active,2025-01-01,2025-06-30,Banner+VERAS Pending,Y,,
V240416,V240416,,PROJECT-V240416,SPONSOR-DHHS1,UI-LEAD,Active,2025-09-01,2029-08-31,Banner+VERAS Pending,Y,,
V240420,V240420,,PROJECT-V240420,SPONSOR-AMEMEA,UI-LEAD,Active,2024-07-01,2026-07-31,Banner+VERAS Pending,Y,,
V240423,V240423,,PROJECT-V240423,SPONSOR-SOYAQU,UI-LEAD,Active,2024-07-01,2025-09-30,Banner+VERAS Pending,Y,,
V240425,V240425,,PROJECT-V240425,SPONSOR-IDALAB1,UI-LEAD,Active,2024-09-01,2025-08-31,Banner+VERAS Pending,Y,,
V240426,V240426,,PROJECT-V240426,SPONSOR-NIFA,UI-LEAD,Active,2024-08-01,2027-04-30,Banner+VERAS Pending,Y,,
V240427,V240427,,PROJECT-V240427,SPONSOR-TWIFAL1,UI-LEAD,Active,2020-10-01,2026-09-30,Banner+VERAS Pending,Y,,
V240429,V240429,,PROJECT-V240429,SPONSOR-USOE1,UI-LEAD,Active,2024-10-01,2029-09-30,Banner+VERAS Pending,Y,,
V240430,V240430,,PROJECT-V240430,SPONSOR-UARS5,UI-LEAD,Active,2022-09-01,2027-05-31,Banner+VERAS Pending,Y,,
V240432,V240432,,PROJECT-V240432,SPONSOR-NSF,UI-LEAD,Active,2025-08-15,2027-07-31,Banner+VERAS Pending,Y,,
V240436,V240436,,PROJECT-V240436,SPONSOR-IDHW7,UI-LEAD,Active,2024-07-01,2025-06-30,Banner+VERAS Pending,Y,,
V240438,V240438,,PROJECT-V240438,SPONSOR-USDFOR,UI-LEAD,Active,2024-07-03,2028-09-30,Banner+VERAS Pending,Y,,
V240441,V240441,,PROJECT-V240441,SPONSOR-UARS5,UI-LEAD,Active,2024-06-01,2025-05-31,Banner+VERAS Pending,Y,,
V240442,V240442,,PROJECT-V240442,SPONSOR-MONUNI1,UI-LEAD,Active,2024-03-06,2025-04-30,Banner+VERAS Pending,Y,,
V240444,V240444,,PROJECT-V240444,SPONSOR-USDFOR,UI-LEAD,Active,2024-09-05,2025-09-30,Banner+VERAS Pending,Y,,
V240446,V240446,,PROJECT-V240446,SPONSOR-WESFOR,UI-LEAD,Active,2019-07-01,2026-06-30,Banner+VERAS Pending,Y,,
V240447,V240447,,PROJECT-V240447,SPONSOR-WESFOR,UI-LEAD,Active,2009-05-01,2026-06-30,Banner+VERAS Pending,Y,,
V240450,V240450,,PROJECT-V240450,SPONSOR-USGS,UI-LEAD,Active,2024-07-01,2027-06-30,Banner+VERAS Pending,Y,,
V240454,V240454,,PROJECT-V240454,SPONSOR-ISDE1,UI-LEAD,Active,2024-07-01,2025-06-30,Banner+VERAS Pending,Y,,
V240457,V240457,,PROJECT-V240457,SPONSOR-USDFOR,UI-LEAD,Active,2022-06-08,2026-09-30,Banner+VERAS Pending,Y,,
V240461,V240461,,PROJECT-V240461,SPONSOR-USDANRCS,UI-LEAD,Active,2024-07-05,2027-06-30,Banner+VERAS Pending,Y,,
V240465,V240465,,PROJECT-V240465,SPONSOR-IDAPOT5,UI-LEAD,Active,2024-07-01,2025-07-31,Banner+VERAS Pending,Y,,
V240471,V240471,,PROJECT-V240471,SPONSOR-PBAC,UI-LEAD,Active,2025-05-11,2027-05-15,Banner+VERAS Pending,Y,,
V240476,V240476,,PROJECT-V240476,SPONSOR-ARIUNI,UI-LEAD,Active,2025-01-01,2026-12-31,Banner+VERAS Pending,Y,,
V240478,V240478,,PROJECT-V240478,SPONSOR-NIFA,UI-LEAD,Active,2024-09-01,2027-08-31,Banner+VERAS Pending,Y,,
V240479,V240479,,PROJECT-V240479,SPONSOR-IDAWHE,UI-LEAD,Active,2024-07-07,2025-06-30,Banner+VERAS Pending,Y,,
V240480,V240480,,PROJECT-V240480,SPONSOR-IDADIV2,UI-LEAD,Active,2024-07-01,2025-06-30,Banner+VERAS Pending,Y,,
V240481,V240481,,PROJECT-V240481,SPONSOR-WESSTA1,UI-LEAD,Active,2024-09-01,2025-08-31,Banner+VERAS Pending,Y,,
V240482,V240482,,PROJECT-V240482,SPONSOR-SPECON4,UI-LEAD,Active,2023-07-01,2024-12-01,Banner+VERAS Pending,Y,,
V240483,V240483,,PROJECT-V240483,SPONSOR-INTREV,UI-LEAD,Active,2025-01-01,2025-12-31,Banner+VERAS Pending,Y,,
V240486,V240486,,PROJECT-V240486,SPONSOR-USFS,UI-LEAD,Active,2024-09-15,2029-07-31,Banner+VERAS Pending,Y,,
V240488,V240488,,PROJECT-V240488,SPONSOR-FEDCOM,UI-LEAD,Active,2024-07-01,2025-06-30,Banner+VERAS Pending,Y,,
V240491,V240491,,PROJECT-V240491,SPONSOR-CUSCO,UI-LEAD,Active,2019-10-01,2026-09-30,Banner+VERAS Pending,Y,,
V240493,V240493,,PROJECT-V240493,SPONSOR-WASSTA12,UI-LEAD,Active,2024-09-01,2026-07-31,Banner+VERAS Pending,Y,,
V240504,V240504,,PROJECT-V240504,SPONSOR-NEH,UI-LEAD,Active,2025-02-01,2025-04-02,Banner+VERAS Pending,Y,,
V240505,V240505,,PROJECT-V240505,SPONSOR-UARS5,UI-LEAD,Active,2022-09-01,2025-10-01,Banner+VERAS Pending,Y,,
V240506,V240506,,PROJECT-V240506,SPONSOR-USDFOR,UI-LEAD,Active,2024-03-31,2029-03-01,Banner+VERAS Pending,Y,,
V240514,V240514,,PROJECT-V240514,SPONSOR-HRC,UI-LEAD,Active,2025-04-01,2026-03-31,Banner+VERAS Pending,Y,,
V240519,V240519,,PROJECT-V240519,SPONSOR-USNPS,UI-LEAD,Active,2024-08-02,2027-06-30,Banner+VERAS Pending,Y,,
V240525,V240525,,PROJECT-V240525,SPONSOR-UARS5,UI-LEAD,Active,2024-09-01,2026-08-31,Banner+VERAS Pending,Y,,
V240527,V240527,,PROJECT-V240527,SPONSOR-NIFA,UI-LEAD,Active,2024-09-01,2026-08-31,Banner+VERAS Pending,Y,,
V240528,V240528,,PROJECT-V240528,SPONSOR-USGS,UI-LEAD,Active,2024-09-16,2026-04-25,Banner+VERAS Pending,Y,,
V240535,V240535,,PROJECT-V240535,SPONSOR-USGS,UI-LEAD,Active,2024-09-04,2027-09-01,Banner+VERAS Pending,Y,,
V240538,V240538,,PROJECT-V240538,SPONSOR-WASSTA12,UI-LEAD,Active,2024-07-01,2026-05-31,Banner+VERAS Pending,Y,,
V240542,V240542,,PROJECT-V240542,SPONSOR-USDFOR,UI-LEAD,Active,2024-07-01,2029-07-15,Banner+VERAS Pending,Y,,
V240544,V240544,,PROJECT-V240544,SPONSOR-KENCOR2,UI-LEAD,Active,2024-09-15,2025-05-15,Banner+VERAS Pending,Y,,
V240545,V240545,,PROJECT-V240545,SPONSOR-USDFOR,UI-LEAD,Active,2024-09-03,2029-09-02,Banner+VERAS Pending,Y,,
V240546,V240546,,PROJECT-V240546,SPONSOR-USDANRCS,UI-LEAD,Active,2024-10-01,2027-09-30,Banner+VERAS Pending,Y,,
V240547,V240547,,PROJECT-V240547,SPONSOR-USDANRCS,UI-LEAD,Active,2024-10-08,2026-09-30,Banner+VERAS Pending,Y,,
V240548,V240548,,PROJECT-V240548,SPONSOR-BATTELLE1,UI-LEAD,Active,2021-11-17,2025-06-30,Banner+VERAS Pending,Y,,
V240549,V240549,,PROJECT-V240549,SPONSOR-NSF,UI-LEAD,Active,2025-09-01,2028-08-31,Banner+VERAS Pending,Y,,
V240550,V240550,,PROJECT-V240550,SPONSOR-POTUSA,UI-LEAD,Active,2024-07-15,2025-06-30,Banner+VERAS Pending,Y,,
V240555,V240555,,PROJECT-V240555,SPONSOR-USDFOR,UI-LEAD,Active,2020-09-15,2025-09-15,Banner+VERAS Pending,Y,,
V240556,V240556,,PROJECT-V240556,SPONSOR-ISDE1,UI-LEAD,Active,2024-07-14,2025-09-30,Banner+VERAS Pending,Y,,
V240559,V240559,,PROJECT-V240559,SPONSOR-NCAFOU,UI-LEAD,Active,2024-10-01,2026-09-30,Banner+VERAS Pending,Y,,
V240560,V240560,,PROJECT-V240560,SPONSOR-IDAFIS,UI-LEAD,Active,2024-07-01,2025-06-30,Banner+VERAS Pending,Y,,
V240562,V240562,,PROJECT-V240562,SPONSOR-USOE1,UI-LEAD,Active,2025-09-01,2026-08-31,Banner+VERAS Pending,Y,,
V240565,V240565,,PROJECT-V240565,SPONSOR-USDFOR,UI-LEAD,Active,2024-09-05,2027-12-30,Banner+VERAS Pending,Y,,
V240566,V240566,,PROJECT-V240566,SPONSOR-KOOTRI,UI-LEAD,Active,2024-08-11,2026-05-31,Banner+VERAS Pending,Y,,
V240567,V240567,,PROJECT-V240567,SPONSOR-UCAL2,UI-LEAD,Active,2023-08-01,2026-03-31,Banner+VERAS Pending,Y,,
V240568,V240568,,PROJECT-V240568,SPONSOR-BRIYOU,UI-LEAD,Active,2024-05-17,2026-05-16,Banner+VERAS Pending,Y,,
V240570,V240570,,PROJECT-V240570,SPONSOR-UCAL2,UI-LEAD,Active,2023-08-01,2026-03-31,Banner+VERAS Pending,Y,,
V240571,V240571,,PROJECT-V240571,SPONSOR-DHHS1,UI-LEAD,Active,2025-09-02,2026-06-30,Banner+VERAS Pending,Y,,
V240572,V240572,,PROJECT-V240572,SPONSOR-JANNUS,UI-LEAD,Active,2024-07-24,2025-12-31,Banner+VERAS Pending,Y,,
V240573,V240573,,PROJECT-V240573,SPONSOR-IDAFIS,UI-LEAD,Active,2024-07-01,2025-06-30,Banner+VERAS Pending,Y,,
V240575,V240575,,PROJECT-V240575,SPONSOR-NIFA,UI-LEAD,Active,2025-07-15,2027-07-14,Banner+VERAS Pending,Y,,
V240576,V240576,,PROJECT-V240576,SPONSOR-NSF,UI-LEAD,Active,2021-09-01,2026-08-31,Banner+VERAS Pending,Y,,
V240578,V240578,,PROJECT-V240578,SPONSOR-NSF,UI-LEAD,Active,2025-07-15,2027-06-30,Banner+VERAS Pending,Y,,
V240581,V240581,,PROJECT-V240581,SPONSOR-UCAL2,UI-LEAD,Active,2022-08-01,2026-03-31,Banner+VERAS Pending,Y,,
V240586,V240586,,PROJECT-V240586,SPONSOR-MUSBIO,UI-LEAD,Active,2024-09-01,2026-08-31,Banner+VERAS Pending,Y,,
V240591,V240591,,PROJECT-V240591,SPONSOR-IDAFIS,UI-LEAD,Active,2024-08-19,2025-02-28,Banner+VERAS Pending,Y,,
V240593,V240593,,PROJECT-V240593,SPONSOR-NSF,UI-LEAD,Active,2025-08-01,2030-07-31,Banner+VERAS Pending,Y,,
V240595,V240595,,PROJECT-V240595,SPONSOR-DHHS1,UI-LEAD,Active,2023-10-01,2025-09-30,Banner+VERAS Pending,Y,,
V240602,V240602,,PROJECT-V240602,SPONSOR-NSF,UI-LEAD,Active,2025-10-01,2028-09-30,Banner+VERAS Pending,Y,,
V240603,V240603,,PROJECT-V240603,SPONSOR-USBLM,UI-LEAD,Active,2021-09-24,2025-09-30,Banner+VERAS Pending,Y,,
V240605,V240605,,PROJECT-V240605,SPONSOR-UOFW1,UI-LEAD,Active,2023-06-01,2026-05-31,Banner+VERAS Pending,Y,,
V240614,V240614,,PROJECT-V240614,SPONSOR-USADRY,UI-LEAD,Active,2024-07-01,2025-06-30,Banner+VERAS Pending,Y,,
V240615,V240615,,PROJECT-V240615,SPONSOR-USADRY,UI-LEAD,Active,2024-07-01,2025-09-30,Banner+VERAS Pending,Y,,
V240621,V240621,,PROJECT-V240621,SPONSOR-BATTELLE1,UI-LEAD,Active,2021-10-01,2025-01-12,Banner+VERAS Pending,Y,,
V240623,V240623,,PROJECT-V240623,SPONSOR-BATTELLE1,UI-LEAD,Active,2023-05-30,2024-12-31,Banner+VERAS Pending,Y,,
V240625,V240625,,PROJECT-V240625,SPONSOR-JPL,UI-LEAD,Active,2024-11-25,2034-06-25,Banner+VERAS Pending,Y,,
V240632,V240632,,PROJECT-V240632,SPONSOR-ADACOU,UI-LEAD,Active,2020-10-01,2025-09-30,Banner+VERAS Pending,Y,,
V240636,V240636,,PROJECT-V240636,SPONSOR-IDASTA34,UI-LEAD,Active,2024-07-01,2025-06-30,Banner+VERAS Pending,Y,,
V240637,V240637,,PROJECT-V240637,SPONSOR-IDHW7,UI-LEAD,Active,2020-08-05,2025-07-31,Banner+VERAS Pending,Y,,
V240641,V240641,,PROJECT-V240641,SPONSOR-NIFA,UI-LEAD,Active,2024-09-15,2026-09-14,Banner+VERAS Pending,Y,,
V240643,V240643,,PROJECT-V240643,SPONSOR-CITBOI,UI-LEAD,Active,2022-05-15,2025-05-31,Banner+VERAS Pending,Y,,
V240649,V240649,,PROJECT-V240649,SPONSOR-IFPC,UI-LEAD,Active,2024-10-31,2025-09-30,Banner+VERAS Pending,Y,,
V240651,V240651,,PROJECT-V240651,SPONSOR-HAYLAK3,UI-LEAD,Active,2024-07-01,2025-06-30,Banner+VERAS Pending,Y,,
V240654,V240654,,PROJECT-V240654,SPONSOR-BATTELLE1,UI-LEAD,Active,2024-08-16,2025-05-31,Banner+VERAS Pending,Y,,
V240655,V240655,,PROJECT-V240655,SPONSOR-JANNUS,UI-LEAD,Active,2024-08-23,2025-06-30,Banner+VERAS Pending,Y,,
V240656,V240656,,PROJECT-V240656,SPONSOR-UARS5,UI-LEAD,Active,2024-09-01,2027-08-31,Banner+VERAS Pending,Y,,
V240660,V240660,,PROJECT-V240660,SPONSOR-BATTELLE1,UI-LEAD,Active,2023-10-19,2026-09-30,Banner+VERAS Pending,Y,,
V240661,V240661,,PROJECT-V240661,SPONSOR-NEWMEX12,UI-LEAD,Active,2025-05-01,2026-03-31,Banner+VERAS Pending,Y,,
V240662,V240662,,PROJECT-V240662,SPONSOR-WASSTA12,UI-LEAD,Active,2025-06-24,2027-06-30,Banner+VERAS Pending,Y,,
V240664,V240664,,PROJECT-V240664,SPONSOR-IDHWDEQ3,UI-LEAD,Active,2024-09-16,2025-12-31,Banner+VERAS Pending,Y,,
V240665,V240665,,PROJECT-V240665,SPONSOR-COCOCO,UI-LEAD,Active,2025-05-01,2027-04-30,Banner+VERAS Pending,Y,,
V240668,V240668,,PROJECT-V240668,SPONSOR-NIFA,UI-LEAD,Active,2024-10-01,2029-09-30,Banner+VERAS Pending,Y,,
V240674,V240674,,PROJECT-V240674,SPONSOR-NSF,UI-LEAD,Active,2025-09-01,2028-08-31,Banner+VERAS Pending,Y,,
V240675,V240675,,PROJECT-V240675,SPONSOR-NIFA,UI-LEAD,Active,2024-10-01,2026-09-30,Banner+VERAS Pending,Y,,
V240676,V240676,,PROJECT-V240676,SPONSOR-SPATEL,UI-LEAD,Active,2025-02-01,2028-01-31,Banner+VERAS Pending,Y,,
V240680,V240680,,PROJECT-V240680,SPONSOR-NASA,UI-LEAD,Active,2025-07-08,2028-07-07,Banner+VERAS Pending,Y,,
V240683,V240683,,PROJECT-V240683,SPONSOR-MCCFOO1,UI-LEAD,Active,2024-09-01,2026-07-31,Banner+VERAS Pending,Y,,
V240685,V240685,,PROJECT-V240685,SPONSOR-USDFOR,UI-LEAD,Active,2024-09-05,2029-08-31,Banner+VERAS Pending,Y,,
V240687,V240687,,PROJECT-V240687,SPONSOR-IDASTA8,UI-LEAD,Active,2022-09-01,2026-08-31,Banner+VERAS Pending,Y,,
V240689,V240689,,PROJECT-V240689,SPONSOR-CORAGR,UI-LEAD,Active,2024-07-31,2025-06-30,Banner+VERAS Pending,Y,,
V240697,V240697,,PROJECT-V240697,SPONSOR-BETTEC,UI-LEAD,Active,2024-10-14,2025-07-31,Banner+VERAS Pending,Y,,
V240701,V240701,,PROJECT-V240701,SPONSOR-UARS5,UI-LEAD,Active,2024-07-01,2026-09-15,Banner+VERAS Pending,Y,,
V240702,V240702,,PROJECT-V240702,SPONSOR-UARS5,UI-LEAD,Active,2024-09-30,2025-09-29,Banner+VERAS Pending,Y,,
V240706,V240706,,PROJECT-V240706,SPONSOR-NIFA,UI-LEAD,Active,2025-12-01,2029-11-30,Banner+VERAS Pending,Y,,
V240707,V240707,,PROJECT-V240707,SPONSOR-UARS5,UI-LEAD,Active,2021-07-01,2026-06-30,Banner+VERAS Pending,Y,,
V240708,V240708,,PROJECT-V240708,SPONSOR-USGS,UI-LEAD,Active,2022-04-15,2026-12-31,Banner+VERAS Pending,Y,,
V240709,V240709,,PROJECT-V240709,SPONSOR-BSU,UI-LEAD,Active,2025-09-01,2026-08-31,Banner+VERAS Pending,Y,,
V240713,V240713,,PROJECT-V240713,SPONSOR-UNCAME,UI-LEAD,Active,2025-01-01,2025-12-31,Banner+VERAS Pending,Y,,
V240717,V240717,,PROJECT-V240717,SPONSOR-UARS5,UI-LEAD,Active,2023-09-01,2026-08-31,Banner+VERAS Pending,Y,,
V240721,V240721,,PROJECT-V240721,SPONSOR-IDAIMM2,UI-LEAD,Active,2024-09-12,2025-04-30,Banner+VERAS Pending,Y,,
V240722,V240722,,PROJECT-V240722,SPONSOR-UARS5,UI-LEAD,Active,2023-08-01,2026-07-31,Banner+VERAS Pending,Y,,
V240725,V240725,,PROJECT-V240725,SPONSOR-BATTELLE1,UI-LEAD,Active,2022-11-14,2025-12-31,Banner+VERAS Pending,Y,,
V240727,V240727,,PROJECT-V240727,SPONSOR-IDAFIS,UI-LEAD,Active,2025-01-01,2026-12-31,Banner+VERAS Pending,Y,,
V240730,V240730,,PROJECT-V240730,SPONSOR-IDHW7,UI-LEAD,Active,2024-10-17,2025-05-16,Banner+VERAS Pending,Y,,
V240731,V240731,,PROJECT-V240731,SPONSOR-ISDE1,UI-LEAD,Active,2024-10-01,2025-09-30,Banner+VERAS Pending,Y,,
V240734,V240734,,PROJECT-V240734,SPONSOR-GOOCOU4,UI-LEAD,Active,2020-10-01,2026-09-30,Banner+VERAS Pending,Y,,
V240738,V240738,,PROJECT-V240738,SPONSOR-ODFW3,UI-LEAD,Active,2025-06-18,2027-08-31,Banner+VERAS Pending,Y,,
V240739,V240739,,PROJECT-V240739,SPONSOR-NSF,UI-LEAD,Active,2025-06-15,2025-11-30,Banner+VERAS Pending,Y,,
V240742,V240742,,PROJECT-V240742,SPONSOR-OREFOR,UI-LEAD,Active,2025-01-13,2026-06-30,Banner+VERAS Pending,Y,,
V240745,V240745,,PROJECT-V240745,SPONSOR-DOD1,UI-LEAD,Active,2025-04-01,2026-06-01,Banner+VERAS Pending,Y,,
V240750,V240750,,PROJECT-V240750,SPONSOR-USGS,UI-LEAD,Active,2025-04-30,2027-05-31,Banner+VERAS Pending,Y,,
V240753,V240753,,PROJECT-V240753,SPONSOR-STILUM,UI-LEAD,Active,2024-09-23,2025-06-30,Banner+VERAS Pending,Y,,
V240754,V240754,,PROJECT-V240754,SPONSOR-IDHW7,UI-LEAD,Active,2024-11-12,2025-09-30,Banner+VERAS Pending,Y,,
V240757,V240757,,PROJECT-V240757,SPONSOR-USFS,UI-LEAD,Active,2025-01-08,2029-12-31,Banner+VERAS Pending,Y,,
V240773,V240773,,PROJECT-V240773,SPONSOR-USDFOR,UI-LEAD,Active,2025-01-06,2027-09-30,Banner+VERAS Pending,Y,,
V240776,V240776,,PROJECT-V240776,SPONSOR-NEWMEX12,UI-LEAD,Active,2025-01-01,2025-12-31,Banner+VERAS Pending,Y,,
V240777,V240777,,PROJECT-V240777,SPONSOR-NIFA,UI-LEAD,Active,2024-10-01,2026-09-30,Banner+VERAS Pending,Y,,
V240778,V240778,,PROJECT-V240778,SPONSOR-NIFA,UI-LEAD,Active,2024-10-01,2026-09-30,Banner+VERAS Pending,Y,,
V240779,V240779,,PROJECT-V240779,SPONSOR-IDASTA34,UI-LEAD,Active,2024-10-01,2025-03-28,Banner+VERAS Pending,Y,,
V240782,V240782,,PROJECT-V240782,SPONSOR-NSF,UI-LEAD,Active,2025-07-15,2028-06-30,Banner+VERAS Pending,Y,,
V240783,V240783,,PROJECT-V240783,SPONSOR-NCAFOU,UI-LEAD,Active,2024-10-01,2026-09-30,Banner+VERAS Pending,Y,,
V240787,V240787,,PROJECT-V240787,SPONSOR-IDHW7,UI-LEAD,Active,2024-10-17,2027-09-29,Banner+VERAS Pending,Y,,
V240797,V240797,,PROJECT-V240797,SPONSOR-IDHW7,UI-LEAD,Active,2024-10-21,2025-06-30,Banner+VERAS Pending,Y,,
V240800,V240800,,PROJECT-V240800,SPONSOR-NEH,UI-LEAD,Active,2025-01-01,2025-04-02,Banner+VERAS Pending,Y,,
V240801,V240801,,PROJECT-V240801,SPONSOR-UARS5,UI-LEAD,Active,2024-07-01,2025-06-30,Banner+VERAS Pending,Y,,
V240802,V240802,,PROJECT-V240802,SPONSOR-BAYCRO,UI-LEAD,Active,2024-09-01,2025-12-31,Banner+VERAS Pending,Y,,
V240808,V240808,,PROJECT-V240808,SPONSOR-NSF,UI-LEAD,Active,2025-04-01,2027-03-31,Banner+VERAS Pending,Y,,
V240810,V240810,,PROJECT-V240810,SPONSOR-BATTELLE1,UI-LEAD,Active,2022-11-29,2024-09-30,Banner+VERAS Pending,Y,,
V240812,V240812,,PROJECT-V240812,SPONSOR-HAYLAK3,UI-LEAD,Active,2025-05-01,2027-05-31,Banner+VERAS Pending,Y,,
V240820,V240820,,PROJECT-V240820,SPONSOR-NSF,UI-LEAD,Active,2024-11-15,2025-09-30,Banner+VERAS Pending,Y,,
V240823,V240823,,PROJECT-V240823,SPONSOR-IDHW7,UI-LEAD,Active,2024-06-30,2025-05-16,Banner+VERAS Pending,Y,,
V240826,V240826,,PROJECT-V240826,SPONSOR-IDAPAR1,UI-LEAD,Active,2024-12-01,2026-11-30,Banner+VERAS Pending,Y,,
V240827,V240827,,PROJECT-V240827,SPONSOR-EXTFOU,UI-LEAD,Active,2024-09-01,2025-02-08,Banner+VERAS Pending,Y,,
V240828,V240828,,PROJECT-V240828,SPONSOR-IDAHUM1,UI-LEAD,Active,2024-11-01,2025-05-31,Banner+VERAS Pending,Y,,
V240829,V240829,,PROJECT-V240829,SPONSOR-IDAARM,UI-LEAD,Active,2024-09-30,2025-05-01,Banner+VERAS Pending,Y,,
V240830,V240830,,PROJECT-V240830,SPONSOR-IDALAN,UI-LEAD,Active,2024-09-01,2029-08-31,Banner+VERAS Pending,Y,,
V240838,V240838,,PROJECT-V240838,SPONSOR-NCSTUN,UI-LEAD,Active,2025-08-01,2028-02-14,Banner+VERAS Pending,Y,,
V240843,V240843,,PROJECT-V240843,SPONSOR-NIFA,UI-LEAD,Active,2024-08-15,2026-07-31,Banner+VERAS Pending,Y,,
V240848,V240848,,PROJECT-V240848,SPONSOR-HEISIM,UI-LEAD,Active,2025-03-01,2029-02-28,Banner+VERAS Pending,Y,,
V240852,V240852,,PROJECT-V240852,SPONSOR-NSF,UI-LEAD,Active,2025-07-01,2028-06-30,Banner+VERAS Pending,Y,,
V240865,V240865,,PROJECT-V240865,SPONSOR-MONSTA1,UI-LEAD,Active,2025-04-01,2028-03-31,Banner+VERAS Pending,Y,,
V240874,V240874,,PROJECT-V240874,SPONSOR-NIFA,UI-LEAD,Active,2025-08-15,2026-02-14,Banner+VERAS Pending,Y,,
V240876,V240876,,PROJECT-V240876,SPONSOR-MONSTA1,UI-LEAD,Active,2025-04-01,2028-03-31,Banner+VERAS Pending,Y,,
V240891,V240891,,PROJECT-V240891,SPONSOR-BATTELLE1,UI-LEAD,Active,2024-11-06,2025-09-30,Banner+VERAS Pending,Y,,
V240895,V240895,,PROJECT-V240895,SPONSOR-SEBIFO,UI-LEAD,Active,2025-01-01,2025-07-31,Banner+VERAS Pending,Y,,
V240899,V240899,,PROJECT-V240899,SPONSOR-NORDAK3,UI-LEAD,Active,2025-01-01,2025-12-31,Banner+VERAS Pending,Y,,
V240908,V240908,,PROJECT-V240908,SPONSOR-WASSTA12,UI-LEAD,Active,2025-03-01,2026-09-30,Banner+VERAS Pending,Y,,
V240909,V240909,,PROJECT-V240909,SPONSOR-ANDPER,UI-LEAD,Active,2024-06-17,2025-03-31,Banner+VERAS Pending,Y,,
V240913,V240913,,PROJECT-V240913,SPONSOR-IDAPOT5,UI-LEAD,Active,2025-07-01,2026-07-31,Banner+VERAS Pending,Y,,
V240919,V240919,,PROJECT-V240919,SPONSOR-NSF,UI-LEAD,Active,2025-09-15,2028-08-31,Banner+VERAS Pending,Y,,
V240921,V240921,,PROJECT-V240921,SPONSOR-IDAPOW3,UI-LEAD,Active,2025-01-01,2025-12-31,Banner+VERAS Pending,Y,,
V240927,V240927,,PROJECT-V240927,SPONSOR-NSF,UI-LEAD,Active,2025-09-01,2028-08-31,Banner+VERAS Pending,Y,,
V240932,V240932,,PROJECT-V240932,SPONSOR-COLRIV,UI-LEAD,Active,2023-02-01,2025-03-31,Banner+VERAS Pending,Y,,
V240935,V240935,,PROJECT-V240935,SPONSOR-IDADAI,UI-LEAD,Active,2025-01-01,2026-02-28,Banner+VERAS Pending,Y,,
V240937,V240937,,PROJECT-V240937,SPONSOR-NSF,UI-LEAD,Active,2025-08-15,2028-07-31,Banner+VERAS Pending,Y,,
V240940,V240940,,PROJECT-V240940,SPONSOR-BRIFOC,UI-LEAD,Active,2025-07-01,2027-06-30,Banner+VERAS Pending,Y,,
V240941,V240941,,PROJECT-V240941,SPONSOR-MONSTA1,UI-LEAD,Active,2021-11-15,2025-06-30,Banner+VERAS Pending,Y,,
V240944,V240944,,PROJECT-V240944,SPONSOR-IDAWOR,UI-LEAD,Active,2025-05-14,2028-05-13,Banner+VERAS Pending,Y,,
V240946,V240946,,PROJECT-V240946,SPONSOR-USGS,UI-LEAD,Active,2025-08-18,2026-08-17,Banner+VERAS Pending,Y,,
V240948,V240948,,PROJECT-V240948,SPONSOR-IAEYC,UI-LEAD,Active,2023-04-01,2025-12-30,Banner+VERAS Pending,Y,,
V240949,V240949,,PROJECT-V240949,SPONSOR-BURREC,UI-LEAD,Active,2025-05-19,2027-11-30,Banner+VERAS Pending,Y,,
V240951,V240951,,PROJECT-V240951,SPONSOR-IDAPOT5,UI-LEAD,Active,2025-07-01,2026-07-31,Banner+VERAS Pending,Y,,
V240953,V240953,,PROJECT-V240953,SPONSOR-SACLDI,UI-LEAD,Active,2025-04-01,2026-12-31,Banner+VERAS Pending,Y,,
V240955,V240955,,PROJECT-V240955,SPONSOR-NSF,UI-LEAD,Active,2025-12-01,2028-11-30,Banner+VERAS Pending,Y,,
V240956,V240956,,PROJECT-V240956,SPONSOR-USGS,UI-LEAD,Active,2025-08-18,2026-08-17,Banner+VERAS Pending,Y,,
V240957,V240957,,PROJECT-V240957,SPONSOR-USGS,UI-LEAD,Active,2025-07-01,2026-06-30,Banner+VERAS Pending,Y,,
V240958,V240958,,PROJECT-V240958,SPONSOR-IDAPOT5,UI-LEAD,Active,2025-07-01,2026-07-31,Banner+VERAS Pending,Y,,
V240959,V240959,,PROJECT-V240959,SPONSOR-IDAPOT5,UI-LEAD,Active,2025-07-01,2026-07-31,Banner+VERAS Pending,Y,,
V240962,V240962,,PROJECT-V240962,SPONSOR-IDAMIN2,UI-LEAD,Active,2025-03-01,2026-02-28,Banner+VERAS Pending,Y,,
V240965,V240965,,PROJECT-V240965,SPONSOR-BATTELLE1,UI-LEAD,Active,2021-10-01,2025-10-23,Banner+VERAS Pending,Y,,
V240967,V240967,,PROJECT-V240967,SPONSOR-BSU,UI-LEAD,Active,2024-01-15,2025-09-30,Banner+VERAS Pending,Y,,
V240969,V240969,,PROJECT-V240969,SPONSOR-IDAPOT5,UI-LEAD,Active,2025-07-01,2026-07-31,Banner+VERAS Pending,Y,,
V240972,V240972,,PROJECT-V240972,SPONSOR-IDHWDEQ3,UI-LEAD,Active,2024-09-01,2026-05-31,Banner+VERAS Pending,Y,,
V240973,V240973,,PROJECT-V240973,SPONSOR-IDAPOT5,UI-LEAD,Active,2025-07-01,2026-07-31,Banner+VERAS Pending,Y,,
V240974,V240974,,PROJECT-V240974,SPONSOR-USADRY,UI-LEAD,Active,2025-07-01,2026-06-30,Banner+VERAS Pending,Y,,
V240975,V240975,,PROJECT-V240975,SPONSOR-IDAFIS,UI-LEAD,Active,2025-01-01,2026-12-31,Banner+VERAS Pending,Y,,
V240979,V240979,,PROJECT-V240979,SPONSOR-USDFOR,UI-LEAD,Active,2025-03-27,2026-12-31,Banner+VERAS Pending,Y,,
V240980,V240980,,PROJECT-V240980,SPONSOR-IDAWHE,UI-LEAD,Active,2025-07-01,2026-06-30,Banner+VERAS Pending,Y,,
V240982,V240982,,PROJECT-V240982,SPONSOR-IDAPOT5,UI-LEAD,Active,2025-07-01,2026-07-31,Banner+VERAS Pending,Y,,
V240984,V240984,,PROJECT-V240984,SPONSOR-IDAPOT5,UI-LEAD,Active,2025-07-01,2026-07-31,Banner+VERAS Pending,Y,,
V240986,V240986,,PROJECT-V240986,SPONSOR-SNARIV45,UI-LEAD,Active,2025-04-01,2027-03-31,Banner+VERAS Pending,Y,,
V240987,V240987,,PROJECT-V240987,SPONSOR-IDAPOT5,UI-LEAD,Active,2025-07-01,2026-07-31,Banner+VERAS Pending,Y,,
V240988,V240988,,PROJECT-V240988,SPONSOR-BATTELLE1,UI-LEAD,Active,2025-01-22,2027-09-30,Banner+VERAS Pending,Y,,
V240990,V240990,,PROJECT-V240990,SPONSOR-WAOFMA,UI-LEAD,Active,2025-04-09,2026-03-31,Banner+VERAS Pending,Y,,
V240992,V240992,,PROJECT-V240992,SPONSOR-IDAPOT5,UI-LEAD,Active,2025-07-01,2026-07-31,Banner+VERAS Pending,Y,,
V240994,V240994,,PROJECT-V240994,SPONSOR-NEBUNI,UI-LEAD,Active,2026-01-01,2026-12-31,Banner+VERAS Pending,Y,,
V240995,V240995,,PROJECT-V240995,SPONSOR-DHHS1,UI-LEAD,Active,2021-09-30,2026-09-29,Banner+VERAS Pending,Y,,
V240996,V240996,,PROJECT-V240996,SPONSOR-IDAPOT5,UI-LEAD,Active,2025-07-01,2026-07-31,Banner+VERAS Pending,Y,,
V240998,V240998,,PROJECT-V240998,SPONSOR-IDAHUM1,UI-LEAD,Active,2024-12-12,2025-04-03,Banner+VERAS Pending,Y,,
V241002,V241002,,PROJECT-V241002,SPONSOR-IDAPOT5,UI-LEAD,Active,2025-07-01,2026-07-31,Banner+VERAS Pending,Y,,
V241004,V241004,,PROJECT-V241004,SPONSOR-IDAPOT5,UI-LEAD,Active,2025-07-01,2026-07-31,Banner+VERAS Pending,Y,,
V241007,V241007,,PROJECT-V241007,SPONSOR-PAINLL,UI-LEAD,Active,2025-09-03,2026-08-31,Banner+VERAS Pending,Y,,
V241009,V241009,,PROJECT-V241009,SPONSOR-IDAPOT5,UI-LEAD,Active,2025-07-01,2026-07-31,Banner+VERAS Pending,Y,,
V241013,V241013,,PROJECT-V241013,SPONSOR-HENMJA,UI-LEAD,Active,2025-09-01,2026-08-31,Banner+VERAS Pending,Y,,
V241018,V241018,,PROJECT-V241018,SPONSOR-DHHS1,UI-LEAD,Active,2025-08-01,2026-07-31,Banner+VERAS Pending,Y,,
V241020,V241020,,PROJECT-V241020,SPONSOR-PANOVE,UI-LEAD,Active,2025-01-01,2025-12-31,Banner+VERAS Pending,Y,,
V241021,V241021,,PROJECT-V241021,SPONSOR-DIAALL,UI-LEAD,Active,2025-02-01,2025-12-31,Banner+VERAS Pending,Y,,
V241024,V241024,,PROJECT-V241024,SPONSOR-NSF,UI-LEAD,Active,2026-01-15,2028-12-31,Banner+VERAS Pending,Y,,
V241029,V241029,,PROJECT-V241029,SPONSOR-IDABAR,UI-LEAD,Active,2025-07-01,2026-06-30,Banner+VERAS Pending,Y,,
V241030,V241030,,PROJECT-V241030,SPONSOR-IDABAR,UI-LEAD,Active,2025-07-01,2026-06-30,Banner+VERAS Pending,Y,,
V241031,V241031,,PROJECT-V241031,SPONSOR-SNARIV45,UI-LEAD,Active,2025-04-01,2026-03-31,Banner+VERAS Pending,Y,,
V241033,V241033,,PROJECT-V241033,SPONSOR-IDABUS8,UI-LEAD,Active,2025-02-14,2025-08-31,Banner+VERAS Pending,Y,,
V241036,V241036,,PROJECT-V241036,SPONSOR-ITD1,UI-LEAD,Active,2025-04-30,2027-10-30,Banner+VERAS Pending,Y,,
V241038,V241038,,PROJECT-V241038,SPONSOR-WASDFW,UI-LEAD,Active,2024-12-01,2029-11-30,Banner+VERAS Pending,Y,,
V241041,V241041,,PROJECT-V241041,SPONSOR-IDHW7,UI-LEAD,Active,2025-05-07,2026-04-30,Banner+VERAS Pending,Y,,
V241042,V241042,,PROJECT-V241042,SPONSOR-USGS,UI-LEAD,Active,2022-08-01,2028-04-30,Banner+VERAS Pending,Y,,
V241044,V241044,,PROJECT-V241044,SPONSOR-USDFAS,UI-LEAD,Active,2022-07-01,2026-12-31,Banner+VERAS Pending,Y,,
V241049,V241049,,PROJECT-V241049,SPONSOR-IDABAR,UI-LEAD,Active,2025-07-01,2026-06-30,Banner+VERAS Pending,Y,,
V241054,V241054,,PROJECT-V241054,SPONSOR-EXTFOU,UI-LEAD,Active,2025-01-01,2025-12-31,Banner+VERAS Pending,Y,,
V241055,V241055,,PROJECT-V241055,SPONSOR-DOE1,UI-LEAD,Active,2025-09-01,2026-08-31,Banner+VERAS Pending,Y,,
V241061,V241061,,PROJECT-V241061,SPONSOR-IDAWHE,UI-LEAD,Active,2025-07-01,2026-06-30,Banner+VERAS Pending,Y,,
V241062,V241062,,PROJECT-V241062,SPONSOR-IDAWHE,UI-LEAD,Active,2025-07-01,2026-06-30,Banner+VERAS Pending,Y,,
V241063,V241063,,PROJECT-V241063,SPONSOR-NATCAT,UI-LEAD,Active,2025-04-01,2026-11-01,Banner+VERAS Pending,Y,,
V241068,V241068,,PROJECT-V241068,SPONSOR-USBLM,UI-LEAD,Active,2024-09-19,2029-09-18,Banner+VERAS Pending,Y,,
V241069,V241069,,PROJECT-V241069,SPONSOR-IDAWHE,UI-LEAD,Active,2025-07-01,2026-06-30,Banner+VERAS Pending,Y,,
V241070,V241070,,PROJECT-V241070,SPONSOR-IDAWHE,UI-LEAD,Active,2025-07-01,2026-06-30,Banner+VERAS Pending,Y,,
V241071,V241071,,PROJECT-V241071,SPONSOR-IDABAR,UI-LEAD,Active,2025-07-01,2026-06-30,Banner+VERAS Pending,Y,,
V241072,V241072,,PROJECT-V241072,SPONSOR-IDAWHE,UI-LEAD,Active,2025-07-01,2026-06-30,Banner+VERAS Pending,Y,,
V241074,V241074,,PROJECT-V241074,SPONSOR-IDAWHE,UI-LEAD,Active,2025-07-01,2026-06-30,Banner+VERAS Pending,Y,,
V241076,V241076,,PROJECT-V241076,SPONSOR-IDAWHE,UI-LEAD,Active,2025-07-01,2026-06-30,Banner+VERAS Pending,Y,,
V241078,V241078,,PROJECT-V241078,SPONSOR-IDABAR,UI-LEAD,Active,2025-07-01,2026-06-30,Banner+VERAS Pending,Y,,
V241081,V241081,,PROJECT-V241081,SPONSOR-IDAWHE,UI-LEAD,Active,2025-07-01,2026-06-30,Banner+VERAS Pending,Y,,
V241082,V241082,,PROJECT-V241082,SPONSOR-IDAWHE,UI-LEAD,Active,2025-07-01,2026-06-30,Banner+VERAS Pending,Y,,
V241083,V241083,,PROJECT-V241083,SPONSOR-IDABAR,UI-LEAD,Active,2025-07-01,2026-06-30,Banner+VERAS Pending,Y,,
V241085,V241085,,PROJECT-V241085,SPONSOR-IDABAR,UI-LEAD,Active,2025-07-01,2026-06-30,Banner+VERAS Pending,Y,,
V241090,V241090,,PROJECT-V241090,SPONSOR-IDABAR,UI-LEAD,Active,2025-07-01,2026-06-30,Banner+VERAS Pending,Y,,
V241091,V241091,,PROJECT-V241091,SPONSOR-IDABAR,UI-LEAD,Active,2025-07-01,2026-06-30,Banner+VERAS Pending,Y,,
V241092,V241092,,PROJECT-V241092,SPONSOR-IDABAR,UI-LEAD,Active,2025-07-01,2026-06-30,Banner+VERAS Pending,Y,,
V241099,V241099,,PROJECT-V241099,SPONSOR-CITPOC,UI-LEAD,Active,2025-02-01,2027-08-31,Banner+VERAS Pending,Y,,
V250002,V250002,,PROJECT-V250002,SPONSOR-IDAWHE,UI-LEAD,Active,2025-07-01,2026-06-30,Banner+VERAS Pending,Y,,
V250004,V250004,,PROJECT-V250004,SPONSOR-NSF,UI-LEAD,Active,2026-02-01,2029-01-31,Banner+VERAS Pending,Y,,
V250006,V250006,,PROJECT-V250006,SPONSOR-STIADV,UI-LEAD,Active,2025-04-01,2027-03-31,Banner+VERAS Pending,Y,,
V250007,V250007,,PROJECT-V250007,SPONSOR-NORENE2,UI-LEAD,Active,2022-01-01,2025-12-31,Banner+VERAS Pending,Y,,
V250009,V250009,,PROJECT-V250009,SPONSOR-NSF,UI-LEAD,Active,2026-01-01,2027-12-31,Banner+VERAS Pending,Y,,
V250038,V250038,,PROJECT-V250038,SPONSOR-MICRON,UI-LEAD,Active,2026-01-01,2028-12-31,Banner+VERAS Pending,Y,,
V250039,V250039,,PROJECT-V250039,SPONSOR-NASA,UI-LEAD,Active,2025-08-01,2028-07-31,Banner+VERAS Pending,Y,,
V250041,V250041,,PROJECT-V250041,SPONSOR-IDABEA1,UI-LEAD,Active,2025-07-01,2026-06-30,Banner+VERAS Pending,Y,,
V250042,V250042,,PROJECT-V250042,SPONSOR-IDACOM,UI-LEAD,Active,2025-07-01,2026-06-30,Banner+VERAS Pending,Y,,
V250043,V250043,,PROJECT-V250043,SPONSOR-IDASTE2,UI-LEAD,Active,2025-02-01,2025-09-12,Banner+VERAS Pending,Y,,
V250044,V250044,,PROJECT-V250044,SPONSOR-IDASTE2,UI-LEAD,Active,2025-01-01,2026-06-30,Banner+VERAS Pending,Y,,
V250047,V250047,,PROJECT-V250047,SPONSOR-KOOTRI,UI-LEAD,Active,2025-02-01,2027-01-31,Banner+VERAS Pending,Y,,
V250055,V250055,,PROJECT-V250055,SPONSOR-HENMJA,UI-LEAD,Active,2025-10-13,2028-08-31,Banner+VERAS Pending,Y,,
V250063,V250063,,PROJECT-V250063,SPONSOR-HENMJA,UI-LEAD,Active,2026-02-10,2026-08-31,Banner+VERAS Pending,Y,,
V250065,V250065,,PROJECT-V250065,SPONSOR-UCAL2,UI-LEAD,Active,2024-08-01,2026-03-31,Banner+VERAS Pending,Y,,
V250069,V250069,,PROJECT-V250069,SPONSOR-HENMJA,UI-LEAD,Active,2025-09-01,2026-08-31,Banner+VERAS Pending,Y,,
V250080,V250080,,PROJECT-V250080,SPONSOR-IDASTA34,UI-LEAD,Active,2025-07-01,2026-06-30,Banner+VERAS Pending,Y,,
V250081,V250081,,PROJECT-V250081,SPONSOR-HENMJA,UI-LEAD,Active,2025-09-15,2026-08-14,Banner+VERAS Pending,Y,,
V250083,V250083,,PROJECT-V250083,SPONSOR-HENMJA,UI-LEAD,Active,2025-10-01,2028-08-31,Banner+VERAS Pending,Y,,
V250111,V250111,,PROJECT-V250111,SPONSOR-USGS,UI-LEAD,Active,2022-05-18,2026-03-31,Banner+VERAS Pending,Y,,
V250120,V250120,,PROJECT-V250120,SPONSOR-POTCOR,UI-LEAD,Active,2025-03-07,2025-12-31,Banner+VERAS Pending,Y,,
V250125,V250125,,PROJECT-V250125,SPONSOR-NAHPAI,UI-LEAD,Active,2025-09-30,2026-09-30,Banner+VERAS Pending,Y,,
V250127,V250127,,PROJECT-V250127,SPONSOR-KOOTRI,UI-LEAD,Active,2025-03-01,2027-05-31,Banner+VERAS Pending,Y,,
V250131,V250131,,PROJECT-V250131,SPONSOR-DHHS1,UI-LEAD,Active,2024-04-12,2026-02-28,Banner+VERAS Pending,Y,,
V250132,V250132,,PROJECT-V250132,SPONSOR-USAPHIS,UI-LEAD,Active,2025-08-01,2026-07-31,Banner+VERAS Pending,Y,,
V250133,V250133,,PROJECT-V250133,SPONSOR-USAPHIS,UI-LEAD,Active,2025-08-01,2026-07-31,Banner+VERAS Pending,Y,,
V250134,V250134,,PROJECT-V250134,SPONSOR-NSF,UI-LEAD,Active,2025-09-15,2028-08-31,Banner+VERAS Pending,Y,,
V250136,V250136,,PROJECT-V250136,SPONSOR-IDASTA34,UI-LEAD,Active,2025-07-01,2026-06-20,Banner+VERAS Pending,Y,,
V250137,V250137,,PROJECT-V250137,SPONSOR-IDAFIS,UI-LEAD,Active,2024-07-01,2025-06-30,Banner+VERAS Pending,Y,,
V250138,V250138,,PROJECT-V250138,SPONSOR-IDABEA1,UI-LEAD,Active,2025-07-01,2026-06-30,Banner+VERAS Pending,Y,,
V250140,V250140,,PROJECT-V250140,SPONSOR-IDAFIS,UI-LEAD,Active,2024-07-01,2025-06-30,Banner+VERAS Pending,Y,,
V250142,V250142,,PROJECT-V250142,SPONSOR-IEOOC,UI-LEAD,Active,2025-07-01,2026-06-30,Banner+VERAS Pending,Y,,
V250143,V250143,,PROJECT-V250143,SPONSOR-IDABEA1,UI-LEAD,Active,2025-07-01,2026-06-30,Banner+VERAS Pending,Y,,
V250144,V250144,,PROJECT-V250144,SPONSOR-IEOOC,UI-LEAD,Active,2025-07-01,2026-06-30,Banner+VERAS Pending,Y,,
V250149,V250149,,PROJECT-V250149,SPONSOR-UARS5,UI-LEAD,Active,2025-08-01,2027-07-31,Banner+VERAS Pending,Y,,
V250150,V250150,,PROJECT-V250150,SPONSOR-IDAAGR,UI-LEAD,Active,2025-12-11,2028-06-30,Banner+VERAS Pending,Y,,
V250151,V250151,,PROJECT-V250151,SPONSOR-IDASTA34,UI-LEAD,Active,2025-07-01,2026-12-31,Banner+VERAS Pending,Y,,
V250153,V250153,,PROJECT-V250153,SPONSOR-NASA,UI-LEAD,Active,2025-11-25,2028-11-24,Banner+VERAS Pending,Y,,
V250155,V250155,,PROJECT-V250155,SPONSOR-EPRI,UI-LEAD,Active,2025-04-28,2027-04-30,Banner+VERAS Pending,Y,,
V250156,V250156,,PROJECT-V250156,SPONSOR-DHHS1,UI-LEAD,Active,2024-12-19,2026-11-30,Banner+VERAS Pending,Y,,
V250158,V250158,,PROJECT-V250158,SPONSOR-KOOCOU4,UI-LEAD,Active,2025-06-01,2026-05-31,Banner+VERAS Pending,Y,,
V250162,V250162,,PROJECT-V250162,SPONSOR-IDAFIS,UI-LEAD,Active,2025-05-12,2025-08-15,Banner+VERAS Pending,Y,,
V250163,V250163,,PROJECT-V250163,SPONSOR-IDAFIS,UI-LEAD,Active,2025-03-01,2026-12-31,Banner+VERAS Pending,Y,,
V250169,V250169,,PROJECT-V250169,SPONSOR-AMECHE,UI-LEAD,Active,2026-01-01,2028-08-31,Banner+VERAS Pending,Y,,
V250173,V250173,,PROJECT-V250173,SPONSOR-DEPHEA,UI-LEAD,Active,2022-07-01,2026-06-30,Banner+VERAS Pending,Y,,
V250176,V250176,,PROJECT-V250176,SPONSOR-IDAFIS,UI-LEAD,Active,2025-01-01,2026-12-31,Banner+VERAS Pending,Y,,
V250182,V250182,,PROJECT-V250182,SPONSOR-IDASTA34,UI-LEAD,Active,2025-07-01,2026-06-30,Banner+VERAS Pending,Y,,
V250188,V250188,,PROJECT-V250188,SPONSOR-IDAAGR,UI-LEAD,Active,2025-12-02,2028-06-30,Banner+VERAS Pending,Y,,
V250198,V250198,,PROJECT-V250198,SPONSOR-UARS5,UI-LEAD,Active,2025-09-01,2027-08-31,Banner+VERAS Pending,Y,,
V250203,V250203,,PROJECT-V250203,SPONSOR-IDABEA1,UI-LEAD,Active,2025-12-31,2028-06-30,Banner+VERAS Pending,Y,,
V250209,V250209,,PROJECT-V250209,SPONSOR-NATCON1,UI-LEAD,Active,2025-06-30,2026-08-31,Banner+VERAS Pending,Y,,
V250210,V250210,,PROJECT-V250210,SPONSOR-JAPFOU,UI-LEAD,Active,2025-04-01,2026-03-31,Banner+VERAS Pending,Y,,
V250212,V250212,,PROJECT-V250212,SPONSOR-IDHW7,UI-LEAD,Active,2024-10-01,2026-09-30,Banner+VERAS Pending,Y,,
V250219,V250219,,PROJECT-V250219,SPONSOR-BATTELLE1,UI-LEAD,Active,2025-04-18,2025-09-30,Banner+VERAS Pending,Y,,
V250222,V250222,,PROJECT-V250222,SPONSOR-UARS5,UI-LEAD,Active,2025-08-15,2026-08-14,Banner+VERAS Pending,Y,,
V250226,V250226,,PROJECT-V250226,SPONSOR-EPRI,UI-LEAD,Active,2025-04-18,2027-12-31,Banner+VERAS Pending,Y,,
V250227,V250227,,PROJECT-V250227,SPONSOR-BLACOU,UI-LEAD,Active,2025-10-01,2026-09-30,Banner+VERAS Pending,Y,,
V250233,V250233,,PROJECT-V250233,SPONSOR-IDASTE2,UI-LEAD,Active,2025-05-19,2026-06-30,Banner+VERAS Pending,Y,,
V250235,V250235,,PROJECT-V250235,SPONSOR-IDAFIS3,UI-LEAD,Active,2025-08-14,2026-12-31,Banner+VERAS Pending,Y,,
V250239,V250239,,PROJECT-V250239,SPONSOR-STRFOU,UI-LEAD,Active,2025-07-01,2028-06-30,Banner+VERAS Pending,Y,,
V250242,V250242,,PROJECT-V250242,SPONSOR-IDHW7,UI-LEAD,Active,2025-07-01,2026-06-30,Banner+VERAS Pending,Y,,
V250243,V250243,,PROJECT-V250243,SPONSOR-USBLM,UI-LEAD,Active,2025-09-15,2027-09-30,Banner+VERAS Pending,Y,,
V250244,V250244,,PROJECT-V250244,SPONSOR-IDHW7,UI-LEAD,Active,2025-05-19,2025-06-30,Banner+VERAS Pending,Y,,
V250247,V250247,,PROJECT-V250247,SPONSOR-UARS5,UI-LEAD,Active,2025-09-01,2027-08-31,Banner+VERAS Pending,Y,,
V250249,V250249,,PROJECT-V250249,SPONSOR-WASSTA12,UI-LEAD,Active,2025-07-01,2026-06-30,Banner+VERAS Pending,Y,,
V250252,V250252,,PROJECT-V250252,SPONSOR-NSF,UI-LEAD,Active,2025-08-01,2028-07-31,Banner+VERAS Pending,Y,,
V250255,V250255,,PROJECT-V250255,SPONSOR-KOOCOU4,UI-LEAD,Active,2025-10-01,2026-09-30,Banner+VERAS Pending,Y,,
V250256,V250256,,PROJECT-V250256,SPONSOR-MILCHE,UI-LEAD,Active,2025-03-24,2025-12-31,Banner+VERAS Pending,Y,,
V250260,V250260,,PROJECT-V250260,SPONSOR-HIPCFU,UI-LEAD,Active,2025-07-01,2026-06-30,Banner+VERAS Pending,Y,,
V250263,V250263,,PROJECT-V250263,SPONSOR-USGS,UI-LEAD,Active,2021-09-01,2027-01-28,Banner+VERAS Pending,Y,,
V250269,V250269,,PROJECT-V250269,SPONSOR-ISDE1,UI-LEAD,Active,2025-04-25,2025-10-15,Banner+VERAS Pending,Y,,
V250270,V250270,,PROJECT-V250270,SPONSOR-MURCHA,UI-LEAD,Active,2025-06-30,2027-06-29,Banner+VERAS Pending,Y,,
V250272,V250272,,PROJECT-V250272,SPONSOR-SYRUNI1,UI-LEAD,Active,2024-11-15,2026-03-31,Banner+VERAS Pending,Y,,
V250274,V250274,,PROJECT-V250274,SPONSOR-SPATEL,UI-LEAD,Active,2026-01-01,2028-12-31,Banner+VERAS Pending,Y,,
V250275,V250275,,PROJECT-V250275,SPONSOR-UARS5,UI-LEAD,Active,2023-08-19,2027-08-18,Banner+VERAS Pending,Y,,
V250279,V250279,,PROJECT-V250279,SPONSOR-NATAHE,UI-LEAD,Active,2025-06-01,2026-03-31,Banner+VERAS Pending,Y,,
V250280,V250280,,PROJECT-V250280,SPONSOR-COLRIV,UI-LEAD,Active,2025-05-01,2026-04-30,Banner+VERAS Pending,Y,,
V250286,V250286,,PROJECT-V250286,SPONSOR-CITECH,UI-LEAD,Active,2025-05-01,2028-09-28,Banner+VERAS Pending,Y,,
V250288,V250288,,PROJECT-V250288,SPONSOR-NOFOJO,UI-LEAD,Active,2025-06-30,2029-04-11,Banner+VERAS Pending,Y,,
V250289,V250289,,PROJECT-V250289,SPONSOR-MOSSCH,UI-LEAD,Active,2025-04-21,2026-05-31,Banner+VERAS Pending,Y,,
V250292,V250292,,PROJECT-V250292,SPONSOR-USDANRCS,UI-LEAD,Active,2024-05-18,2029-06-01,Banner+VERAS Pending,Y,,
V250295,V250295,,PROJECT-V250295,SPONSOR-COLRIV,UI-LEAD,Active,2025-05-01,2026-04-30,Banner+VERAS Pending,Y,,
V250298,V250298,,PROJECT-V250298,SPONSOR-ISDE1,UI-LEAD,Active,2025-07-01,2026-06-30,Banner+VERAS Pending,Y,,
V250300,V250300,,PROJECT-V250300,SPONSOR-BATTELLE1,UI-LEAD,Active,2023-02-06,2026-05-15,Banner+VERAS Pending,Y,,
V250301,V250301,,PROJECT-V250301,SPONSOR-MICTEC,UI-LEAD,Active,2025-07-08,2028-07-07,Banner+VERAS Pending,Y,,
V250308,V250308,,PROJECT-V250308,SPONSOR-IDHW7,UI-LEAD,Active,2025-09-15,2027-09-29,Banner+VERAS Pending,Y,,
V250311,V250311,,PROJECT-V250311,SPONSOR-EXTFOU,UI-LEAD,Active,2025-05-01,2026-04-30,Banner+VERAS Pending,Y,,
V250323,V250323,,PROJECT-V250323,SPONSOR-USGS,UI-LEAD,Active,2025-09-01,2026-08-31,Banner+VERAS Pending,Y,,
V250324,V250324,,PROJECT-V250324,SPONSOR-IDHW7,UI-LEAD,Active,2025-10-01,2026-09-30,Banner+VERAS Pending,Y,,
V250325,V250325,,PROJECT-V250325,SPONSOR-USGS,UI-LEAD,Active,2025-07-01,2026-06-30,Banner+VERAS Pending,Y,,
V250326,V250326,,PROJECT-V250326,SPONSOR-USOE1,UI-LEAD,Active,2025-10-01,2026-09-30,Banner+VERAS Pending,Y,,
V250333,V250333,,PROJECT-V250333,SPONSOR-ISDE1,UI-LEAD,Active,2025-07-01,2026-06-30,Banner+VERAS Pending,Y,,
V250335,V250335,,PROJECT-V250335,SPONSOR-SCHENG,UI-LEAD,Active,2021-07-01,2026-05-31,Banner+VERAS Pending,Y,,
V250336,V250336,,PROJECT-V250336,SPONSOR-IDASTE2,UI-LEAD,Active,2025-07-01,2026-06-30,Banner+VERAS Pending,Y,,
V250337,V250337,,PROJECT-V250337,SPONSOR-OKLWIL,UI-LEAD,Active,2025-07-01,2026-06-30,Banner+VERAS Pending,Y,,
V250341,V250341,,PROJECT-V250341,SPONSOR-EXTFOU,UI-LEAD,Active,2025-03-01,2025-08-31,Banner+VERAS Pending,Y,,
V250342,V250342,,PROJECT-V250342,SPONSOR-COLRIV,UI-LEAD,Active,2025-07-01,2026-06-30,Banner+VERAS Pending,Y,,
V250345,V250345,,PROJECT-V250345,SPONSOR-USDFOR,UI-LEAD,Active,2025-07-18,2027-09-30,Banner+VERAS Pending,Y,,
V250347,V250347,,PROJECT-V250347,SPONSOR-IDAFIS,UI-LEAD,Active,2025-07-01,2026-06-30,Banner+VERAS Pending,Y,,
V250349,V250349,,PROJECT-V250349,SPONSOR-MCCFOO1,UI-LEAD,Active,2025-07-31,2026-09-30,Banner+VERAS Pending,Y,,
V250350,V250350,,PROJECT-V250350,SPONSOR-DPIGLO,UI-LEAD,Active,2025-07-01,2026-05-29,Banner+VERAS Pending,Y,,
V250351,V250351,,PROJECT-V250351,SPONSOR-BURREC,UI-LEAD,Active,2025-10-01,2027-09-30,Banner+VERAS Pending,Y,,
V250354,V250354,,PROJECT-V250354,SPONSOR-ISDE1,UI-LEAD,Active,2025-07-01,2026-06-30,Banner+VERAS Pending,Y,,
V250361,V250361,,PROJECT-V250361,SPONSOR-GHDSER,UI-LEAD,Active,2025-07-02,2026-06-30,Banner+VERAS Pending,Y,,
V250365,V250365,,PROJECT-V250365,SPONSOR-COLRIV,UI-LEAD,Active,2025-04-01,2027-03-31,Banner+VERAS Pending,Y,,
V250370,V250370,,PROJECT-V250370,SPONSOR-UOFW1,UI-LEAD,Active,2023-06-01,2026-05-31,Banner+VERAS Pending,Y,,
V250375,V250375,,PROJECT-V250375,SPONSOR-UARS5,UI-LEAD,Active,2024-10-01,2025-09-30,Banner+VERAS Pending,Y,,
V250381,V250381,,PROJECT-V250381,SPONSOR-WASDNR,UI-LEAD,Active,2025-07-22,2027-06-30,Banner+VERAS Pending,Y,,
V250382,V250382,,PROJECT-V250382,SPONSOR-MICRON,UI-LEAD,Active,2025-06-01,2026-06-30,Banner+VERAS Pending,Y,,
V250383,V250383,,PROJECT-V250383,SPONSOR-POTCOR,UI-LEAD,Active,2025-06-16,2025-12-31,Banner+VERAS Pending,Y,,
V250389,V250389,,PROJECT-V250389,SPONSOR-SPECON4,UI-LEAD,Active,2025-07-01,2026-06-15,Banner+VERAS Pending,Y,,
V250394,V250394,,PROJECT-V250394,SPONSOR-DAIMAN,UI-LEAD,Active,2025-08-01,2026-07-30,Banner+VERAS Pending,Y,,
V250400,V250400,,PROJECT-V250400,SPONSOR-FEDCOM,UI-LEAD,Active,2025-07-01,2026-06-30,Banner+VERAS Pending,Y,,
V250403,V250403,,PROJECT-V250403,SPONSOR-IDHW7,UI-LEAD,Active,2025-08-18,2026-06-29,Banner+VERAS Pending,Y,,
V250406,V250406,,PROJECT-V250406,SPONSOR-UARS5,UI-LEAD,Active,2025-06-01,2026-05-31,Banner+VERAS Pending,Y,,
V250407,V250407,,PROJECT-V250407,SPONSOR-IDASTA34,UI-LEAD,Active,2025-07-01,2026-06-30,Banner+VERAS Pending,Y,,
V250408,V250408,,PROJECT-V250408,SPONSOR-NAT4H4,UI-LEAD,Active,2025-06-23,2026-05-20,Banner+VERAS Pending,Y,,
V250409,V250409,,PROJECT-V250409,SPONSOR-USDFOR,UI-LEAD,Active,2025-08-21,2030-08-21,Banner+VERAS Pending,Y,,
V250410,V250410,,PROJECT-V250410,SPONSOR-USDFOR,UI-LEAD,Active,2025-09-15,2030-09-14,Banner+VERAS Pending,Y,,
V250412,V250412,,PROJECT-V250412,SPONSOR-UARS5,UI-LEAD,Active,2025-07-15,2026-09-30,Banner+VERAS Pending,Y,,
V250413,V250413,,PROJECT-V250413,SPONSOR-USFWS,UI-LEAD,Active,2024-09-01,2029-08-31,Banner+VERAS Pending,Y,,
V250415,V250415,,PROJECT-V250415,SPONSOR-UARS5,UI-LEAD,Active,2024-08-01,2026-10-31,Banner+VERAS Pending,Y,,
V250416,V250416,,PROJECT-V250416,SPONSOR-ISDE1,UI-LEAD,Active,2025-09-01,2026-08-31,Banner+VERAS Pending,Y,,
V250417,V250417,,PROJECT-V250417,SPONSOR-IDALAB1,UI-LEAD,Active,2025-09-01,2026-08-31,Banner+VERAS Pending,Y,,
V250420,V250420,,PROJECT-V250420,SPONSOR-WESFOR,UI-LEAD,Active,2025-07-01,2026-06-30,Banner+VERAS Pending,Y,,
V250421,V250421,,PROJECT-V250421,SPONSOR-WESFOR,UI-LEAD,Active,2025-07-01,2026-06-30,Banner+VERAS Pending,Y,,
V250425,V250425,,PROJECT-V250425,SPONSOR-TYSFOO,UI-LEAD,Active,2025-10-01,2026-06-30,Banner+VERAS Pending,Y,,
V250427,V250427,,PROJECT-V250427,SPONSOR-USNPS,UI-LEAD,Active,2022-09-20,2026-08-31,Banner+VERAS Pending,Y,,
V250429,V250429,,PROJECT-V250429,SPONSOR-PALCON,UI-LEAD,Active,2025-08-01,2027-02-14,Banner+VERAS Pending,Y,,
V250430,V250430,,PROJECT-V250430,SPONSOR-IDAFIS,UI-LEAD,Active,2010-07-01,2026-06-30,Banner+VERAS Pending,Y,,
V250432,V250432,,PROJECT-V250432,SPONSOR-DOE1,UI-LEAD,Active,2003-09-01,2026-06-26,Banner+VERAS Pending,Y,,
V250434,V250434,,PROJECT-V250434,SPONSOR-BATTELLE1,UI-LEAD,Active,2025-09-08,2026-08-17,Banner+VERAS Pending,Y,,
V250436,V250436,,PROJECT-V250436,SPONSOR-MULTIPLE,UI-LEAD,Active,2025-08-01,2026-08-31,Banner+VERAS Pending,Y,,
V250437,V250437,,PROJECT-V250437,SPONSOR-UARS5,UI-LEAD,Active,2023-09-01,2028-08-31,Banner+VERAS Pending,Y,,
V250444,V250444,,PROJECT-V250444,SPONSOR-UCAL2,UI-LEAD,Active,2022-09-01,2026-08-31,Banner+VERAS Pending,Y,,
V250446,V250446,,PROJECT-V250446,SPONSOR-WESVIR,UI-LEAD,Active,2025-07-01,2026-06-30,Banner+VERAS Pending,Y,,
V250448,V250448,,PROJECT-V250448,SPONSOR-POTUSA,UI-LEAD,Active,2025-11-26,2026-06-30,Banner+VERAS Pending,Y,,
V250451,V250451,,PROJECT-V250451,SPONSOR-MULTIPLE,UI-LEAD,Active,2025-08-15,2026-08-14,Banner+VERAS Pending,Y,,
V250452,V250452,,PROJECT-V250452,SPONSOR-UARS5,UI-LEAD,Active,2025-09-01,2026-08-30,Banner+VERAS Pending,Y,,
V250463,V250463,,PROJECT-V250463,SPONSOR-IDAFIS,UI-LEAD,Active,2025-07-01,2026-06-30,Banner+VERAS Pending,Y,,
V250466,V250466,,PROJECT-V250466,SPONSOR-USDFOR,UI-LEAD,Active,2025-09-15,2027-09-30,Banner+VERAS Pending,Y,,
V250468,V250468,,PROJECT-V250468,SPONSOR-UARS5,UI-LEAD,Active,2025-07-01,2026-06-30,Banner+VERAS Pending,Y,,
V250469,V250469,,PROJECT-V250469,SPONSOR-PRADIA1,UI-LEAD,Active,2025-09-26,2026-09-26,Banner+VERAS Pending,Y,,
V250472,V250472,,PROJECT-V250472,SPONSOR-USBLM,UI-LEAD,Active,2023-09-20,2028-09-19,Banner+VERAS Pending,Y,,
V250477,V250477,,PROJECT-V250477,SPONSOR-IDAFIS,UI-LEAD,Active,2025-07-01,2026-06-30,Banner+VERAS Pending,Y,,
V250478,V250478,,PROJECT-V250478,SPONSOR-USGS,UI-LEAD,Active,2026-02-01,2029-01-31,Banner+VERAS Pending,Y,,
V250481,V250481,,PROJECT-V250481,SPONSOR-UARS5,UI-LEAD,Active,2022-05-01,2026-07-30,Banner+VERAS Pending,Y,,
V250482,V250482,,PROJECT-V250482,SPONSOR-IDAWOR,UI-LEAD,Active,2025-08-31,2026-06-20,Banner+VERAS Pending,Y,,
V250485,V250485,,PROJECT-V250485,SPONSOR-NIFA,UI-LEAD,Active,2025-09-15,2026-09-14,Banner+VERAS Pending,Y,,
V250489,V250489,,PROJECT-V250489,SPONSOR-ISDE1,UI-LEAD,Active,2025-07-01,2026-06-30,Banner+VERAS Pending,Y,,
V250491,V250491,,PROJECT-V250491,SPONSOR-IDASTA34,UI-LEAD,Active,2025-07-01,2026-06-30,Banner+VERAS Pending,Y,,
V250493,V250493,,PROJECT-V250493,SPONSOR-WASSTA12,UI-LEAD,Active,2025-09-30,2026-09-29,Banner+VERAS Pending,Y,,
V250495,V250495,,PROJECT-V250495,SPONSOR-USDFOR,UI-LEAD,Active,2025-09-10,2028-10-31,Banner+VERAS Pending,Y,,
V250498,V250498,,PROJECT-V250498,SPONSOR-USDAFS,UI-LEAD,Active,2022-01-19,2026-09-30,Banner+VERAS Pending,Y,,
V250508,V250508,,PROJECT-V250508,SPONSOR-MONUNI1,UI-LEAD,Active,2025-09-01,2026-08-31,Banner+VERAS Pending,Y,,
V250509,V250509,,PROJECT-V250509,SPONSOR-NATCAT,UI-LEAD,Active,2025-11-01,2026-11-30,Banner+VERAS Pending,Y,,
V250518,V250518,,PROJECT-V250518,SPONSOR-ISDE1,UI-LEAD,Active,2013-10-01,2026-09-30,Banner+VERAS Pending,Y,,
V250521,V250521,,PROJECT-V250521,SPONSOR-WESSTA1,UI-LEAD,Active,2025-10-01,2026-09-30,Banner+VERAS Pending,Y,,
V250525,V250525,,PROJECT-V250525,SPONSOR-IDADIV2,UI-LEAD,Active,2025-07-01,2026-06-30,Banner+VERAS Pending,Y,,
V250544,V250544,,PROJECT-V250544,SPONSOR-DHHS1,UI-LEAD,Active,2024-10-01,2026-09-30,Banner+VERAS Pending,Y,,
V250552,V250552,,PROJECT-V250552,SPONSOR-ATTFOU,UI-LEAD,Active,2025-09-15,2026-06-30,Banner+VERAS Pending,Y,,
V250554,V250554,,PROJECT-V250554,SPONSOR-WASDNR,UI-LEAD,Active,2025-07-01,2027-06-30,Banner+VERAS Pending,Y,,
V250555,V250555,,PROJECT-V250555,SPONSOR-INVEDU,UI-LEAD,Active,2025-12-15,2026-12-31,Banner+VERAS Pending,Y,,
V250556,V250556,,PROJECT-V250556,SPONSOR-NATALF1,UI-LEAD,Active,2025-12-01,2027-11-30,Banner+VERAS Pending,Y,,
V250559,V250559,,PROJECT-V250559,SPONSOR-UARS5,UI-LEAD,Active,2025-09-01,2026-08-31,Banner+VERAS Pending,Y,,
V250561,V250561,,PROJECT-V250561,SPONSOR-BATTELLE1,UI-LEAD,Active,2024-10-25,2026-09-30,Banner+VERAS Pending,Y,,
V250566,V250566,,PROJECT-V250566,SPONSOR-ISDE1,UI-LEAD,Active,2025-10-01,2026-09-30,Banner+VERAS Pending,Y,,
V250573,V250573,,PROJECT-V250573,SPONSOR-BATTELLE1,UI-LEAD,Active,2024-04-22,2026-08-16,Banner+VERAS Pending,Y,,
V250577,V250577,,PROJECT-V250577,SPONSOR-NASA,UI-LEAD,Active,2025-06-01,2029-05-31,Banner+VERAS Pending,Y,,
V250578,V250578,,PROJECT-V250578,SPONSOR-IDHW7,UI-LEAD,Active,2020-05-13,2026-09-29,Banner+VERAS Pending,Y,,
V250608,V250608,,PROJECT-V250608,SPONSOR-USDFOR,UI-LEAD,Active,2024-09-23,2026-10-01,Banner+VERAS Pending,Y,,
V250638,V250638,,PROJECT-V250638,SPONSOR-UTASTA,UI-LEAD,Active,2025-08-01,2027-09-30,Banner+VERAS Pending,Y,,
V250642,V250642,,PROJECT-V250642,SPONSOR-ADACOU,UI-LEAD,Active,2025-10-01,2026-09-30,Banner+VERAS Pending,Y,,
V250643,V250643,,PROJECT-V250643,SPONSOR-CUSCO,UI-LEAD,Active,2025-10-01,2026-09-30,Banner+VERAS Pending,Y,,
V250644,V250644,,PROJECT-V250644,SPONSOR-TWIFAL1,UI-LEAD,Active,2025-10-01,2026-09-30,Banner+VERAS Pending,Y,,
V250645,V250645,,PROJECT-V250645,SPONSOR-GOOCOU4,UI-LEAD,Active,2025-10-01,2026-09-30,Banner+VERAS Pending,Y,,
V250646,V250646,,PROJECT-V250646,SPONSOR-JAPFOU,UI-LEAD,Active,2025-10-30,2025-12-30,Banner+VERAS Pending,Y,,
V250648,V250648,,PROJECT-V250648,SPONSOR-IDAHUM1,UI-LEAD,Active,2025-08-17,2026-05-22,Banner+VERAS Pending,Y,,
V250651,V250651,,PROJECT-V250651,SPONSOR-UARS5,UI-LEAD,Active,2024-07-01,2027-06-30,Banner+VERAS Pending,Y,,
V250660,V250660,,PROJECT-V250660,SPONSOR-OKLINC,UI-LEAD,Active,2025-11-03,2026-02-01,Banner+VERAS Pending,Y,,
V250668,V250668,,PROJECT-V250668,SPONSOR-UARS5,UI-LEAD,Active,2025-09-30,2026-09-29,Banner+VERAS Pending,Y,,
V250674,V250674,,PROJECT-V250674,SPONSOR-USFS,UI-LEAD,Active,2025-09-22,2028-12-31,Banner+VERAS Pending,Y,,
V250685,V250685,,PROJECT-V250685,SPONSOR-UTAUNI,UI-LEAD,Active,2025-11-04,2026-06-30,Banner+VERAS Pending,Y,,
V250706,V250706,,PROJECT-V250706,SPONSOR-UARS5,UI-LEAD,Active,2024-08-15,2028-08-14,Banner+VERAS Pending,Y,,
V250715,V250715,,PROJECT-V250715,SPONSOR-USAPHIS,UI-LEAD,Active,2025-09-01,2026-08-31,Banner+VERAS Pending,Y,,
V250717,V250717,,PROJECT-V250717,SPONSOR-UARS5,UI-LEAD,Active,2022-09-01,2026-10-01,Banner+VERAS Pending,Y,,
V250722,V250722,,PROJECT-V250722,SPONSOR-UARS5,UI-LEAD,Active,2025-09-01,2026-08-31,Banner+VERAS Pending,Y,,
V250727,V250727,,PROJECT-V250727,SPONSOR-WASOIL,UI-LEAD,Active,2025-07-01,2026-06-30,Banner+VERAS Pending,Y,,
V250729,V250729,,PROJECT-V250729,SPONSOR-WASOIL,UI-LEAD,Active,2025-07-01,2026-06-30,Banner+VERAS Pending,Y,,
V250737,V250737,,PROJECT-V250737,SPONSOR-NIFA,UI-LEAD,Active,2025-10-01,2030-09-30,Banner+VERAS Pending,Y,,
V250740,V250740,,PROJECT-V250740,SPONSOR-NIFA,UI-LEAD,Active,2025-10-01,2027-09-30,Banner+VERAS Pending,Y,,
V250758,V250758,,PROJECT-V250758,SPONSOR-IDABEE,UI-LEAD,Active,2025-12-01,2026-05-15,Banner+VERAS Pending,Y,,
V250764,V250764,,PROJECT-V250764,SPONSOR-ORETIL,UI-LEAD,Active,2025-10-01,2026-09-30,Banner+VERAS Pending,Y,,
V250770,V250770,,PROJECT-V250770,SPONSOR-ISDE1,UI-LEAD,Active,2025-10-28,2025-11-10,Banner+VERAS Pending,Y,,
V250805,V250805,,PROJECT-V250805,SPONSOR-NORMAN,UI-LEAD,Active,2025-11-01,2026-10-31,Banner+VERAS Pending,Y,,
V250806,V250806,,PROJECT-V250806,SPONSOR-NORDAK3,UI-LEAD,Active,2026-01-01,2026-12-31,Banner+VERAS Pending,Y,,
V250837,V250837,,PROJECT-V250837,SPONSOR-IDAPOW3,UI-LEAD,Active,2026-01-01,2026-12-31,Banner+VERAS Pending,Y,,
V250845,V250845,,PROJECT-V250845,SPONSOR-NATCAT,UI-LEAD,Active,2025-10-01,2026-06-30,Banner+VERAS Pending,Y,,
V250860,V250860,,PROJECT-V250860,SPONSOR-IDABOT,UI-LEAD,Active,2025-10-01,2026-10-01,Banner+VERAS Pending,Y,,
V250861,V250861,,PROJECT-V250861,SPONSOR-IDASTA8,UI-LEAD,Active,2022-09-01,2026-08-31,Banner+VERAS Pending,Y,,
V250864,V250864,,PROJECT-V250864,SPONSOR-IDAHUM1,UI-LEAD,Active,2026-02-01,2026-08-01,Banner+VERAS Pending,Y,,
V250865,V250865,,PROJECT-V250865,SPONSOR-NATCAT,UI-LEAD,Active,2026-01-01,2027-12-31,Banner+VERAS Pending,Y,,
V250867,V250867,,PROJECT-V250867,SPONSOR-UCAL2,UI-LEAD,Active,2025-09-01,2026-07-31,Banner+VERAS Pending,Y,,
V250868,V250868,,PROJECT-V250868,SPONSOR-IDADAI,UI-LEAD,Active,2026-01-01,2026-12-31,Banner+VERAS Pending,Y,,
V250875,V250875,,PROJECT-V250875,SPONSOR-ISDE1,UI-LEAD,Active,2025-10-28,2026-09-30,Banner+VERAS Pending,Y,,
V250907,V250907,,PROJECT-V250907,SPONSOR-IDWR,UI-LEAD,Active,2026-01-01,2027-06-30,Banner+VERAS Pending,Y,,
V250910,V250910,,PROJECT-V250910,SPONSOR-HENMJA,UI-LEAD,Active,2025-09-01,2026-08-31,Banner+VERAS Pending,Y,,
V250911,V250911,,PROJECT-V250911,SPONSOR-COVACO,UI-LEAD,Active,2025-07-28,2026-12-31,Banner+VERAS Pending,Y,,
V250915,V250915,,PROJECT-V250915,SPONSOR-NEZTRI,UI-LEAD,Active,2021-09-01,2026-08-31,Banner+VERAS Pending,Y,,
V250917,V250917,,PROJECT-V250917,SPONSOR-BATTELLE1,UI-LEAD,Active,2024-01-10,2026-09-30,Banner+VERAS Pending,Y,,
V250925,V250925,,PROJECT-V250925,SPONSOR-ANTINS,UI-LEAD,Active,2026-01-01,2026-12-31,Banner+VERAS Pending,Y,,
V250930,V250930,,PROJECT-V250930,SPONSOR-IDASTA8,UI-LEAD,Active,2025-12-31,2026-12-30,Banner+VERAS Pending,Y,,
V250932,V250932,,PROJECT-V250932,SPONSOR-AMEACA4,UI-LEAD,Active,2024-10-01,2026-09-30,Banner+VERAS Pending,Y,,
V250939,V250939,,PROJECT-V250939,SPONSOR-POTCOR,UI-LEAD,Active,2026-01-01,2026-12-31,Banner+VERAS Pending,Y,,
V250943,V250943,,PROJECT-V250943,SPONSOR-UARS5,UI-LEAD,Active,2025-09-01,2026-08-31,Banner+VERAS Pending,Y,,
V250944,V250944,,PROJECT-V250944,SPONSOR-ALADEP,UI-LEAD,Active,2022-03-07,2026-06-30,Banner+VERAS Pending,Y,,
V250946,V250946,,PROJECT-V250946,SPONSOR-VASOWA,UI-LEAD,Active,2026-01-05,2026-04-29,Banner+VERAS Pending,Y,,
V250985,V250985,,PROJECT-V250985,SPONSOR-SULAFO,UI-LEAD,Active,2026-03-01,2026-05-31,Banner+VERAS Pending,Y,,
V260025,V260025,,PROJECT-V260025,SPONSOR-BATTELLE1,UI-LEAD,Active,2024-04-18,2026-09-30,Banner+VERAS Pending,Y,,
V260027,V260027,,PROJECT-V260027,SPONSOR-ODFW3,UI-LEAD,Active,2023-07-01,2027-06-30,Banner+VERAS Pending,Y,,
V260028,V260028,,PROJECT-V260028,SPONSOR-IDAHUM1,UI-LEAD,Active,2026-01-01,2026-06-30,Banner+VERAS Pending,Y,,
V260029,V260029,,PROJECT-V260029,SPONSOR-EXTFOU,UI-LEAD,Active,2026-01-01,2026-06-30,Banner+VERAS Pending,Y,,
V260042,V260042,,PROJECT-V260042,SPONSOR-IDAWOR,UI-LEAD,Active,2025-07-06,2026-10-14,Banner+VERAS Pending,Y,,
V260169,V260169,,PROJECT-V260169,SPONSOR-BLMFOU,UI-LEAD,Active,2025-10-01,2027-09-30,Banner+VERAS Pending,Y,,
